id,actual,pred,prob_1
48923,1,1,0.899409080741816
70911,1,1,0.9582965663173194
80320,0,1,0.8524838913211028
99815,0,1,0.8793645666571782
60268,1,1,0.9770316529170479
47457,1,1,0.9685489544370923
55198,1,1,0.974047999109887
37695,1,1,0.9352372349464732
91755,1,1,0.9884124345162596
52070,1,1,0.7137584994063825
105555,1,1,0.8816812570052383
65547,1,1,0.985951354238124
12063,1,1,0.9705352324787154
106010,1,1,0.9622930223688548
40838,1,1,0.9846809858870514
107484,1,1,0.9808247633465446
23506,1,1,0.9732568680390384
62136,1,1,0.9718397661325492
77846,1,1,0.9858629096469761
38551,1,1,0.9428916569382573
42781,1,1,0.9507334574727964
8270,1,1,0.9665267197185228
18023,1,1,0.9200958298849287
43769,1,1,0.9390889692016935
23852,1,1,0.9455699010268404
97212,0,1,0.8493709761847393
19641,1,1,0.9496091539796019
112990,1,1,0.9789493305881793
95649,1,1,0.970800406640349
91036,1,1,0.9783090722036468
31564,1,1,0.9691230833977263
36385,1,1,0.9874255708924289
11914,1,1,0.9464636896091615
50408,1,1,0.9090659786662856
22101,1,1,0.9753588298592965
112191,1,1,0.9837445840458394
73257,1,1,0.9850371808763437
50039,1,1,0.981948013664984
26265,1,1,0.989503829117435
19656,1,1,0.9552269493778562
5708,1,1,0.900848342367622
90576,1,1,0.9649920404163487
72213,1,1,0.9646736953853636
29440,1,1,0.979283722742412
106982,1,1,0.9351841115697622
68159,1,1,0.9779200013450691
71383,1,1,0.953125311291174
72970,1,1,0.9911692544901815
16825,1,1,0.910362751740027
30265,1,1,0.9452947006184426
110552,1,1,0.9411322160944933
13276,0,1,0.8341634921675531
110619,1,1,0.9661340774516921
90774,1,1,0.9813171851386291
28119,1,1,0.9768627551674757
32239,1,1,0.969902005724742
105796,1,1,0.979691911903103
113726,0,1,0.6960498706449977
112291,1,1,0.9717517122238003
33034,1,1,0.973912927807089
89032,1,1,0.9604126883348757
55333,1,1,0.9732909878916736
38806,1,1,0.9850262030623403
94513,1,1,0.9837155563168195
102528,1,1,0.9876709697718593
1107,1,1,0.9821943480960321
10768,1,1,0.9822498533910983
108395,1,1,0.9674231115417471
55954,1,1,0.9395467565154951
18078,1,1,0.9827605178367389
81764,1,1,0.9863864777646181
33035,1,1,0.9734041503886002
51489,1,1,0.9541087874989802
50756,1,1,0.9817947041754521
113600,1,1,0.9617744834985692
30714,1,1,0.9764946209943459
53646,1,1,0.975926928369252
12141,1,1,0.9747144327264254
64140,1,1,0.9751261073505888
57478,1,1,0.9643438309715767
43982,1,1,0.9076125371810194
52000,1,1,0.9846776060995872
26154,1,1,0.9811442321147816
55079,1,1,0.9814099091087192
22809,1,1,0.9506033420767138
85206,1,1,0.9831444774600208
88596,1,1,0.9666019136790194
5078,1,1,0.8692469537562503
94173,0,1,0.9244931582950663
112953,1,1,0.9844349828534299
92891,1,1,0.9880981469842512
41874,1,1,0.9742410161282131
77607,0,1,0.8702773455073248
9127,1,1,0.8604889953673356
94563,1,1,0.9786753669165364
55941,1,1,0.9692877690110399
39107,1,1,0.9793755646126566
100541,1,1,0.9795657415507509
44223,1,1,0.9824569982415015
25892,1,1,0.9775795411112246
106873,1,1,0.919774636899057
75918,1,1,0.9788445530167283
16954,1,1,0.985559068698206
28354,1,1,0.9869406849514559
101136,1,1,0.9806787084683201
52831,1,1,0.9429207191382045
75248,1,1,0.9801517421557215
25389,1,1,0.8893007939330265
15007,1,1,0.9873210260118306
74882,0,1,0.9419885306449846
58331,1,1,0.9388007082386002
31169,1,1,0.9821322579760521
91662,1,1,0.932271618066513
57064,1,1,0.9850605233593611
83138,1,1,0.973679665325132
90775,1,1,0.9460041721159241
55748,1,1,0.9542632688869408
45885,1,1,0.9770879538725022
53083,1,1,0.9879471821090201
58352,0,1,0.9289016594676326
41061,1,1,0.9345714742626503
80918,1,1,0.9398546730338212
51974,1,1,0.8814156092363005
14019,1,1,0.9640212782152
72057,1,1,0.9074316616276871
17541,1,1,0.9209886105170308
52789,1,1,0.985935755434746
19487,0,1,0.8374014419753619
30901,1,1,0.9841141536213281
17057,1,1,0.984907591821947
3650,1,1,0.8957869584769419
89753,1,1,0.9864665167377826
35598,1,1,0.9813937251418499
4550,1,1,0.9771690371237078
27893,1,1,0.9454501780390098
98326,1,1,0.9517673409585782
21719,1,1,0.9549058001417783
10257,1,1,0.977180222014115
16977,1,1,0.9747560373682385
64807,1,1,0.9820384261711198
37589,1,1,0.9752914983617579
111919,1,1,0.9607905880791424
24185,1,1,0.9714317265973762
109023,1,1,0.978262134705436
93168,1,0,0.4630978556256618
85417,1,1,0.9573928522939108
197,1,1,0.9850829683406896
103383,1,1,0.9877155515367
13511,1,1,0.9499066970244154
79163,1,1,0.9831971892191951
55322,1,1,0.9848487347485948
27546,1,1,0.9891439067488695
100207,1,1,0.9719861782565894
69516,1,1,0.9462591012095235
80059,1,1,0.9681674250449416
698,1,1,0.9865243457043459
100015,1,1,0.9357288730792722
66261,1,1,0.9804408511465169
77260,1,1,0.9799219489492318
69809,1,1,0.9881871681550443
106238,0,1,0.5753936620330741
40992,1,1,0.9825269831755951
24519,1,1,0.9597908920648995
66732,1,1,0.9771615043696694
57518,1,1,0.9801694094049056
103352,0,1,0.6808322616059648
107205,1,1,0.9796901712996688
80165,1,1,0.9762454713788222
53845,1,1,0.9495133731432768
68796,1,1,0.984922953301774
32997,1,1,0.9869161512809492
100645,1,1,0.9672249517893413
30908,1,1,0.8819621606391023
7563,1,1,0.9148619541685727
84076,1,1,0.9611369085407518
58122,1,1,0.9497591286125351
53058,1,1,0.9819546625646605
113543,1,1,0.9719369641912846
29507,1,1,0.9791257458600435
113487,1,1,0.8835177686094975
97066,1,1,0.9833460232465374
33932,1,1,0.9740675999061272
20048,1,1,0.9855447212022846
99087,1,1,0.9774782263876405
23416,1,1,0.9865542804471567
80390,1,1,0.9673423326841116
69804,1,1,0.9294991480977028
44869,1,1,0.934169056574201
75387,1,1,0.950133933594523
108931,1,1,0.8987853244324724
13754,1,1,0.9180040189649894
27169,1,1,0.9813964782989828
77976,1,1,0.9289914169057184
66583,1,1,0.8613955337522403
63666,1,1,0.9163516048448485
101536,1,1,0.9735076380956634
113086,1,1,0.9832053184755976
62459,1,1,0.9804236299082616
71258,1,1,0.8906260147064917
48566,1,1,0.898013181170382
90688,1,1,0.9171604628603469
57242,1,1,0.9676843957654836
46976,1,1,0.9776037575259552
4115,1,1,0.9765259054155381
13351,1,1,0.8585380475143835
15840,1,1,0.9816507037244152
17675,1,1,0.9657622068865224
82067,1,1,0.9844332021421135
6633,1,1,0.9785614614746238
53882,0,1,0.8982659464782807
93753,1,1,0.9661468842838151
55455,1,1,0.9088466764883397
5341,1,1,0.9195701112316355
33555,1,1,0.8585057734119906
89627,1,1,0.9108468414738472
28577,1,1,0.9048425638970499
79922,1,1,0.9884344835002039
84098,1,1,0.9534248610583222
21569,1,1,0.8714950532095534
26571,1,1,0.9875850694950049
16227,1,1,0.9738303891510152
90663,1,1,0.9834509643409975
42111,1,1,0.973854401222405
57000,1,1,0.9858381573746458
18176,1,1,0.9400689533080832
29819,1,1,0.9277046831001236
102900,0,1,0.8733619516969572
109629,1,1,0.9715251601668292
39578,1,0,0.2843161668144243
54435,1,1,0.9787163106202301
65878,1,1,0.9565464354844844
70998,1,1,0.9860636871987014
1339,1,1,0.9836652099265961
73694,1,1,0.9851132228719314
89220,1,1,0.9827380527181907
65656,1,1,0.9242783627806775
45958,0,1,0.9580006071239561
84157,1,1,0.8164791129309913
1176,0,1,0.9257579057595999
6225,1,1,0.9794460037281154
63928,1,1,0.9668270053405408
4292,1,1,0.9745798689578298
72433,1,1,0.8730774623605785
9,1,1,0.9864928440340929
110466,1,1,0.9895493603528389
111946,1,1,0.972763382647494
27239,1,1,0.890992284911458
94303,1,1,0.9671181287708324
71447,1,1,0.9825183214968133
11010,1,1,0.8422432158317351
44338,1,1,0.9817948696390727
60543,1,1,0.8837916826672485
26025,1,1,0.9501840443567581
86711,0,1,0.925858469307408
74778,1,1,0.9832496117248614
12475,1,1,0.9551478488557126
13602,1,1,0.9766058609542969
84306,1,1,0.8975128832951085
72785,1,1,0.9794177141966538
62912,1,1,0.9833722579568246
53701,0,1,0.8441077241393344
91107,0,1,0.9471861868609174
13392,1,1,0.9767321516745266
64070,1,1,0.8749172631006764
66076,1,1,0.8408115641999302
109324,1,1,0.9816653087832001
102096,0,1,0.9684865055968671
28779,1,1,0.9797123499108417
83170,1,1,0.9828954678014852
24331,1,1,0.9006908615313463
40970,1,1,0.9614622932011525
33816,1,1,0.9722617278176471
67279,1,1,0.9749466304794063
77934,1,1,0.9794045867410853
21674,1,1,0.9787336142462956
33413,1,1,0.9718981391726783
30968,1,1,0.9049493728848315
96686,1,1,0.9345794233045802
97782,1,1,0.9277533635285946
96362,1,1,0.913286724861269
106996,1,1,0.9187471090052954
11714,1,1,0.9727415887931441
74905,1,1,0.8910239922387911
3562,1,1,0.9832659557678175
4314,1,1,0.9581538230768463
41314,1,1,0.9611465730933187
73722,1,1,0.981953597980978
106953,1,1,0.9764307778475292
23858,1,1,0.9678044840665708
37694,1,1,0.948036363417645
73001,1,1,0.9329430372671892
7558,1,1,0.9769568246448851
74145,1,1,0.9801768741998721
104484,1,1,0.9133462151926065
25387,1,1,0.9773906243422034
108544,0,1,0.953704426234965
43655,1,1,0.9743316027752947
26197,1,1,0.9175780676443234
49198,1,1,0.952095409574528
19508,1,1,0.9661622026446727
59938,1,1,0.9914579330553552
82081,1,1,0.9832141128291876
109467,1,1,0.9100565951426494
53272,1,1,0.9757236731343139
62789,1,1,0.977262637925291
15366,1,1,0.9791140310404948
13547,1,1,0.9817577570246876
106543,1,1,0.9559330185128243
72488,1,1,0.9705020855647477
106483,1,1,0.9774663132757542
45800,1,1,0.9757616861446485
67720,1,1,0.9861541880017418
79948,1,1,0.9882821996987465
4016,1,1,0.9331367823083724
54578,0,1,0.9596645780985356
98797,1,1,0.9736350137072161
1657,1,1,0.9715616393293334
99868,1,1,0.9471429523583218
88420,1,1,0.9474554674092384
56443,1,1,0.9717892828031516
48845,1,1,0.968108838369697
32402,1,1,0.929494888466027
3818,1,1,0.9757583673130614
92314,1,1,0.9094492807998396
98934,1,1,0.9797469510523017
51677,1,1,0.9324391384342389
69855,1,1,0.9837196553944036
107727,1,1,0.9867582540817409
106623,0,1,0.8496042739337462
48670,1,1,0.9764770061318442
70357,1,1,0.9806915073158213
37333,1,1,0.9867047024056309
110425,1,1,0.9188835581156758
67715,1,1,0.9564779869135558
39731,1,1,0.9716883246000788
37060,1,1,0.975712756749984
65490,1,1,0.9858408055546964
26620,1,1,0.9743064079915601
76255,1,1,0.9866979700087188
83794,1,1,0.9783621036473048
7677,1,1,0.9436752287960803
72329,1,1,0.9368616113752286
106558,1,1,0.9005750105696899
4144,1,1,0.9456293946691955
16266,1,1,0.9395332068844858
344,1,1,0.9095732454347751
29165,1,1,0.9782385879478801
452,1,1,0.9850673507660392
60847,1,1,0.9719403280434684
94852,1,1,0.9763657787665453
113588,1,1,0.9155795450723555
15649,1,1,0.9589887436565604
88345,0,1,0.7288061466699874
54409,1,1,0.9700798982019722
2985,1,1,0.9820313424629185
107311,1,1,0.7683080872561173
14218,1,1,0.9240087905956414
28346,1,1,0.9218629067836925
104578,1,1,0.9769437072235712
74232,0,1,0.9453705872309031
29710,1,1,0.9837297710320281
52278,1,1,0.980896778428272
75863,1,1,0.9777359891128672
62455,1,1,0.952242044946979
103505,1,1,0.9310195187160175
56991,1,1,0.9533238939295836
2766,1,1,0.9777820449740198
72955,1,1,0.9767267133874982
101163,1,1,0.9887309387873727
113109,1,1,0.977257635052519
74382,1,1,0.6001533668618186
49552,1,1,0.9385253322115996
74250,1,1,0.9866339718408564
18765,1,1,0.9154144181877351
70233,1,1,0.9372077957004562
19477,1,1,0.9672728071976415
55016,1,1,0.9457374331163887
98285,1,1,0.8428893968340275
81099,1,1,0.9865287023398791
65133,1,1,0.9731702027155161
12398,1,1,0.9735777868038888
5369,1,1,0.9573737855450036
94217,1,1,0.9820598662041871
103498,0,1,0.7916032847726048
109004,1,1,0.8462971472966995
4794,1,1,0.986784564629019
76436,1,1,0.9801728302439454
65911,1,1,0.9504595273279014
94610,1,1,0.9411590420440246
39708,1,1,0.9096070765638203
68904,1,1,0.9883103541401761
3939,1,1,0.944701993257724
56639,1,1,0.6880565728990456
13855,1,1,0.9801596074711678
113353,1,1,0.9687908362458626
92566,1,1,0.9812669931466013
83493,1,1,0.9713052794780193
41059,1,1,0.9836258384564839
41916,1,1,0.8831391236275282
33609,1,1,0.9522441898295689
105516,1,1,0.9580973302220414
43978,0,1,0.867292213795482
106542,1,1,0.9634693775670583
46030,1,1,0.9865903464893977
112322,1,1,0.9695455846028315
102349,1,1,0.9515909026579237
64521,1,1,0.9724936382828557
52931,1,1,0.9432214748661643
36912,1,1,0.9445000143902476
75947,1,1,0.7788068271308272
102840,1,1,0.7714193748927473
33398,1,1,0.97882071977937
6692,1,1,0.9677185982868162
55149,1,1,0.975307042770574
76797,1,1,0.9378110416065562
53809,1,1,0.8715081159443757
58632,1,1,0.9788153634319116
12178,1,1,0.9681106273245652
71514,1,1,0.9301414112089853
64748,1,1,0.955245430787928
96323,1,1,0.9467457602009576
81425,1,1,0.9729687229386509
66838,1,1,0.9563550279121829
75155,1,1,0.8874977485532907
82365,1,1,0.9735237594145518
3989,0,1,0.8988184937889087
98997,1,1,0.983994644409142
60290,1,1,0.9756585536695337
94245,1,1,0.9522422295573616
28112,1,1,0.9776348133866768
37087,1,1,0.7569844851585914
1268,1,1,0.89922784571993
26708,1,1,0.9771147133965014
99015,1,1,0.9632766769490217
36780,1,1,0.9647239129533898
18686,1,1,0.9671993719727263
30685,1,1,0.9228622974067573
11868,1,1,0.9264341267350197
27773,1,1,0.9734628710833433
34432,1,1,0.92203938587391
93811,1,1,0.9701160096068497
84456,1,1,0.985258901159612
89713,1,1,0.9496245306750704
28258,1,1,0.9737495497356354
110776,1,1,0.9715003825378017
47932,1,1,0.9770831755890431
101528,1,1,0.9744601637334033
5990,1,1,0.9553492117810184
40915,1,1,0.9708989720442945
97290,1,1,0.9747825725390598
49539,1,1,0.9748097535679433
75598,1,1,0.9626810512744512
45797,1,1,0.9842013425777857
35296,1,1,0.723519979275366
36134,1,1,0.9162398161772847
8009,1,1,0.9064615748994458
63499,1,1,0.9166634895804064
79661,1,1,0.9813777909840589
28062,1,1,0.9605378699899548
49316,1,1,0.9716129562397183
105052,1,1,0.9842764355889595
99743,1,1,0.9782740383700834
89551,1,1,0.9715846626947364
10689,1,1,0.8978929213773438
98337,1,1,0.9872499571789869
107620,1,1,0.8251865776895214
82029,1,1,0.9797267656634193
51800,1,1,0.8823174013165608
109587,1,1,0.9869816488360988
35096,1,1,0.9798618611234302
105984,0,1,0.8093510734688296
49597,1,1,0.9811749285741843
47796,1,1,0.9788114864639491
39942,1,1,0.971760230024914
16147,1,1,0.983744638143928
67870,1,1,0.7593234499285407
42203,1,1,0.9772679438026087
80749,1,1,0.9049735536465293
32478,1,1,0.9889446195923834
5272,1,1,0.9630893847550732
36229,1,1,0.9871983730992488
1305,1,1,0.981324455661495
94719,1,1,0.9029814509257446
59758,1,1,0.9567051465898958
65442,1,1,0.9876546270863941
26700,1,1,0.9767138734617953
37252,1,1,0.9791016091729384
6486,1,1,0.8647072037358102
40734,1,1,0.9716080463345985
58456,1,1,0.9755555107944734
20098,1,1,0.948668677467144
105290,1,1,0.9720411228829632
50804,1,1,0.8765266937971794
45619,1,1,0.9544198911586798
63663,1,1,0.902161398976162
18877,1,1,0.9864757618830682
29209,1,1,0.9809479669101934
21548,1,1,0.975611270498147
35029,1,1,0.9728538257323824
35967,1,1,0.9823453573826011
71913,1,1,0.9695655731796775
86137,1,1,0.9873000277242512
45753,1,1,0.9747217571828278
89031,0,1,0.9379680288465799
21007,1,1,0.8382559563688871
66833,1,1,0.9903099609045258
92544,1,1,0.9711773521227718
77390,1,1,0.9470677788410647
27159,1,1,0.9142815883537764
87885,1,1,0.9715224276579717
57593,1,1,0.9549367816314883
100650,1,1,0.978560104759093
69061,1,1,0.9569865679648625
89993,1,1,0.8821852908129425
96931,1,1,0.9836530239307824
17707,1,1,0.9045347855229103
108050,1,1,0.9910207949442305
104005,1,1,0.9894489767195749
38332,1,1,0.8918130921528514
113802,1,1,0.937998277153851
46838,1,1,0.7283869962868686
34742,1,1,0.957348588715395
17519,1,1,0.9858038198548059
110999,1,1,0.9851947781749955
57023,1,1,0.9766296377776896
81166,1,1,0.9810101338313287
37475,1,1,0.9661443253461028
10379,1,1,0.9754266449085477
4430,1,1,0.9838845045052149
82273,1,1,0.9708339143023373
48668,1,1,0.8947932800070716
59312,1,1,0.9471201261457727
69592,1,1,0.934797582374536
67212,1,1,0.9594196558658182
82317,1,1,0.8235871319266181
39732,1,1,0.9844719717904393
45194,1,1,0.9730353847622641
90472,1,1,0.982850345009766
25022,0,1,0.8552789872315301
35738,1,1,0.8327216913087727
34047,0,1,0.8834962862592799
83195,1,1,0.9766536997534723
39672,1,1,0.9179834434051252
313,1,1,0.9702181545233558
110221,1,1,0.8462301442774383
33694,1,1,0.9715289155836067
49353,1,1,0.9922787970222455
33359,1,1,0.9852979621424841
13747,1,1,0.9827736935485661
16815,1,1,0.9689974257470642
76054,1,1,0.964821041540565
58206,1,1,0.8988220384376102
57676,1,1,0.9118552170775857
73003,1,1,0.9754136156315241
104125,1,1,0.9330541119409678
74754,1,1,0.9776325581829916
30653,0,1,0.7422725311933871
35105,1,1,0.9606860951183585
46448,1,1,0.9778164422104424
85260,1,1,0.7792064986286685
39017,1,1,0.9371595976647938
83339,1,1,0.9252955401002874
36684,1,1,0.8821756275204503
46514,1,1,0.9785261832772268
88905,1,1,0.9839797721562394
62492,1,1,0.9562361562027106
18457,1,1,0.9814465065064879
41953,1,1,0.9584936112247601
32953,1,1,0.8960889887839948
75419,1,1,0.9787735575201653
49730,1,1,0.9869986642837221
93639,1,1,0.9082084331379101
101132,1,1,0.934264619102118
53023,1,1,0.8878141947263145
68029,1,1,0.9765189494834694
56158,1,1,0.951240867687478
81722,1,1,0.9857952166066443
11975,1,1,0.9840448175921596
95199,1,1,0.97296314872395
2705,1,1,0.9872894954464638
92295,1,1,0.9787745298407009
112265,1,1,0.9858885962276971
80591,1,1,0.9692695267286331
17639,1,1,0.9651016304448401
51117,1,1,0.9521666842377674
95431,1,1,0.973481392737704
16122,1,1,0.6201676166425937
88535,1,1,0.977456261396738
20626,1,1,0.9602048789895508
112088,1,1,0.9590024537628674
68580,1,1,0.9698360887775809
110071,1,1,0.9856958326548826
17163,1,1,0.9842071395120339
73186,1,1,0.9821794071816652
53862,1,1,0.9664829462413158
35685,1,1,0.9200097327951451
20040,1,1,0.9529663230985216
31269,1,1,0.9670279211241852
44032,1,1,0.9911023825577565
39220,1,1,0.9665973954127957
83338,1,1,0.8317877455367747
33607,1,1,0.961604576733558
99634,1,1,0.9399006724324986
44645,1,1,0.9759935807028866
57241,1,1,0.9097961477830909
31363,1,1,0.9851395322768435
69756,1,1,0.9659384285693585
98640,1,1,0.9269485279211188
69043,1,1,0.9885032461669986
10811,1,1,0.9295340871177789
86936,1,1,0.9788910653881748
67011,1,1,0.9769583684894037
45124,1,1,0.9802442704630638
75101,1,1,0.9813390082772828
111751,1,1,0.8414668620016533
93577,1,1,0.9799468918754652
48780,1,1,0.9742259212374678
76087,1,1,0.8840064686313688
53652,1,1,0.9501023935793023
29569,1,1,0.964399720071719
97294,1,1,0.8435643640027506
90858,1,1,0.9823754289558919
49496,1,1,0.9789323019068398
45203,1,1,0.9554228259565909
99029,1,1,0.9512320759287282
101943,1,1,0.9860547589047371
84805,1,1,0.9798147473612521
56569,1,1,0.9513822671658123
55896,1,1,0.965816355029278
50705,1,1,0.983437365770754
25176,1,1,0.9620705516967246
106914,1,1,0.9579066186933168
73407,1,1,0.9305981900364572
48884,1,1,0.9853727264897895
60293,1,1,0.9746033524216632
28470,0,1,0.9206235226695055
69449,1,1,0.9768800116876734
96895,1,1,0.9770157385854327
12155,1,1,0.9889332712463961
51476,1,1,0.8936898767331254
80614,1,1,0.9850916200361732
88478,1,1,0.9856259535931855
103399,1,1,0.8790812564303656
6051,1,1,0.9796836839363776
93972,1,1,0.9683606497417537
30084,1,1,0.972667417300585
14799,1,1,0.8706191186004311
51154,1,1,0.7725149556415393
76716,1,1,0.9669751053303673
52798,1,1,0.9819994353431334
76092,1,1,0.8354043533940795
101939,1,1,0.9775454465157325
50990,1,1,0.9889291658321233
106330,1,1,0.9720656973631048
108740,1,1,0.9500077860201261
68446,1,1,0.9690562101745711
102456,1,1,0.9796284953458918
170,1,1,0.970681047855813
22497,1,1,0.9778051850166073
748,0,1,0.8873281740372766
113955,1,1,0.8891942919589405
26351,1,1,0.9580473685159407
22090,1,1,0.9335714486282904
99772,1,1,0.9692816180250232
23009,1,1,0.9739506426200809
39446,1,1,0.9789588104927868
44457,1,1,0.9808145741738907
113460,1,1,0.9539835870407106
24438,1,1,0.9472491144892522
50820,1,1,0.8947660648184115
111984,1,1,0.9814767917883023
67605,1,1,0.9771138521812948
46406,1,1,0.9550628133442806
24186,1,1,0.9744118267495651
75830,1,1,0.9898401415982678
111744,1,1,0.9836168668015658
109955,1,1,0.9885518556074603
25619,1,1,0.9858387783838972
37304,1,1,0.984590371933641
84174,1,1,0.5226261883625579
63029,1,1,0.9112218092487366
40132,1,1,0.9727344765621573
89565,1,1,0.8827295662789292
68387,1,1,0.9866950277179873
108854,1,1,0.8669573309808489
88490,1,1,0.9771326907768109
105647,0,1,0.9391990799303107
47507,1,1,0.9397067607739757
106059,1,1,0.9647177325542678
101231,1,1,0.9682221389664732
36682,0,1,0.747944216929863
89689,1,1,0.9759897018116966
51522,1,1,0.9683044083091145
15517,1,1,0.9841194181320418
7271,1,1,0.9347444491664677
48489,1,1,0.9606274786500926
86420,1,1,0.9652659156981257
66498,1,1,0.9793084362659302
67505,1,1,0.981910350594731
20064,0,1,0.9555732038859952
72247,1,1,0.9718665896927916
12709,1,1,0.98257720146099
25745,1,1,0.9809700355347238
108485,1,1,0.9918073311826565
74032,1,1,0.9869479275221607
98763,1,1,0.9601805062486068
113382,1,1,0.9817132985906508
110395,1,1,0.9573596037590817
103305,1,1,0.9658717946702615
53326,1,1,0.8896000665234526
38773,1,1,0.8807014500134364
76227,1,1,0.908650986146056
48642,1,1,0.977005190240465
88399,1,1,0.741574065766402
62644,1,1,0.9706890341364001
3407,1,1,0.9902968264872437
6949,1,1,0.9638021706972663
68676,1,1,0.9791428380993953
7482,1,1,0.8514819248264522
55545,1,1,0.9807407654878834
97975,1,1,0.9757866917736635
7248,1,1,0.9936827636456845
55150,1,1,0.9793954907612183
24683,1,1,0.9628448027602715
56193,0,1,0.8893480754740507
7711,1,1,0.9736178201991641
64266,1,1,0.8952861119483457
13545,1,1,0.9828771675923892
3793,1,1,0.9873573952953426
88072,1,1,0.9434543409366074
75392,1,1,0.9659160640697019
101042,0,1,0.9431474639364112
82842,0,0,0.2575731264393834
86543,1,1,0.9892239357558907
5949,1,1,0.9863346664586443
35869,1,1,0.9709657234743873
65621,1,1,0.9752261525915448
8903,1,1,0.9881493662468402
3413,1,1,0.9817408736451951
107522,1,1,0.9802475983960174
113822,1,1,0.982672735343252
66470,1,1,0.9835827827863511
76902,1,1,0.9816649885457601
92447,1,1,0.9370034938491267
88210,0,1,0.9608795226901633
20017,1,1,0.9634325732777568
35187,1,1,0.9650668393016464
104256,1,1,0.9873930992129801
20998,1,1,0.9529214980076147
67422,1,1,0.9882045922984672
46456,1,1,0.9390686995015715
70711,1,1,0.9774530234834107
91099,1,1,0.9673914307926059
77533,1,1,0.9747386469165755
69258,1,1,0.9552500502365616
87722,1,1,0.9818136618104322
79068,1,1,0.9518697576289846
11872,1,1,0.9791301430858114
28087,1,1,0.9799438369636148
25903,1,1,0.9810950649295098
46028,1,1,0.922318257100919
111756,1,1,0.9850644706937798
75129,1,1,0.9803367888145772
67700,0,1,0.8726630622623861
4205,1,1,0.9651667391117172
77907,1,1,0.8362367868352063
43553,1,1,0.9798471382752357
88525,1,1,0.9685060886930611
10692,1,1,0.9881704183730848
78434,1,1,0.9712794220803175
25964,1,1,0.886479350172455
23485,1,1,0.9831702923628474
55908,1,1,0.9644733298937025
59240,1,1,0.9779779035355047
15533,1,1,0.9635456852570466
24060,1,1,0.9029677633350149
54138,1,1,0.9139273276737897
88766,1,1,0.977244229751961
17294,1,1,0.9400170506227349
69589,1,1,0.9454295443627063
80818,1,1,0.9338241873185497
84813,1,1,0.9838680691466445
22841,1,1,0.9868981819106302
97619,1,1,0.971185761392426
19859,1,1,0.9809241204898539
50348,1,1,0.9867328451524804
14462,1,1,0.9889164647096796
46704,1,1,0.9590460204299563
39544,1,1,0.9632855423846954
111761,1,1,0.963849666168265
8818,1,1,0.9230695355921553
50876,1,1,0.9768705193353278
83114,1,1,0.982341658669193
18231,1,1,0.9370232989034967
78500,1,1,0.9518129283499284
49147,1,1,0.9839056082002168
38714,1,1,0.9572074087638943
76473,1,1,0.9861872803086805
49372,0,1,0.8697366744030848
106592,1,1,0.9726124742753144
45171,1,1,0.9733878525084819
91144,1,1,0.9848263055684264
63524,0,1,0.8783477989978107
744,1,1,0.9864706528869465
67803,0,1,0.9427571521755544
4576,1,1,0.981503213308258
94786,1,1,0.9834187378507981
98269,1,1,0.8815039496958784
57456,1,1,0.9654619213066166
19440,1,1,0.9786827012228919
76936,1,1,0.9782913938099919
28491,1,1,0.9727163186694762
33613,1,1,0.9713627453310324
80025,1,1,0.8461960073925139
54595,1,1,0.9846848343556106
109512,1,1,0.9785862137400775
19390,1,1,0.9566338442170302
4339,1,1,0.9797926334137589
74870,1,1,0.9848209702471914
37882,1,1,0.6491263213712284
8804,1,1,0.9822204134348376
12845,1,1,0.9860836722584101
111836,1,1,0.9784618891458806
14463,1,0,0.47404034447091714
102431,1,1,0.9514986357494774
105284,1,1,0.9620546215450593
4826,1,1,0.9795122497883507
10359,1,1,0.9737123259753628
60066,1,1,0.9824564885066852
22759,1,1,0.9658610056941738
110637,1,1,0.9781919567882315
61957,1,1,0.9838909798497787
82945,1,1,0.8706270700756411
100431,1,1,0.9657135012901743
16651,1,1,0.9173229452548237
81914,1,1,0.9775084064503176
81277,1,1,0.9816654789669023
76019,1,1,0.9263202741297364
62630,1,1,0.9725201590437904
8993,0,1,0.9106954294533033
57528,1,1,0.9624204791380752
67414,1,1,0.965942542283114
3161,1,1,0.9534288279108333
90294,1,1,0.9755471534948287
36159,1,1,0.981648881104371
109710,1,1,0.9840230866759933
15286,1,1,0.9590182419058259
74817,1,1,0.9778384646572141
101394,1,1,0.978348107122387
45837,1,1,0.9786760231194286
104665,1,1,0.9851627694031106
107879,1,1,0.9792805536590721
74894,1,1,0.968563193082695
18610,1,1,0.9863628463289639
77279,1,1,0.9277451884759045
7431,1,1,0.985625106040385
9261,1,1,0.9386746214870634
82803,1,1,0.9852005913517263
49104,1,1,0.9221561760915529
35700,1,1,0.9453794273083193
6004,1,1,0.8772829578922219
102626,1,1,0.7816732662371222
84956,1,1,0.9458178830639827
35547,1,1,0.9838738821782639
71916,1,1,0.9774560806235829
14946,1,1,0.9831809062495211
29292,1,1,0.755455295742783
90059,1,1,0.9841546790071757
42762,1,1,0.9210194923090185
100099,1,1,0.9354838445754118
24817,1,1,0.9806386302991655
16397,1,1,0.9784467773233423
82332,1,0,0.21231347873766895
29489,1,1,0.9804930622998483
87131,1,1,0.984550969562081
72114,0,1,0.8666103457577649
105870,1,1,0.9823462096490602
111517,0,1,0.8046497139519229
2377,1,1,0.9719157192434884
67272,1,1,0.9759982554056365
25815,1,1,0.9242298477296599
24765,1,1,0.9338578132256463
87761,1,1,0.8876713600915144
15094,1,1,0.9808490170873714
55576,1,1,0.919003470243867
61326,1,1,0.8919227197094719
40196,1,1,0.9782422264374244
21866,1,1,0.9843591318396971
87252,1,1,0.9750832490010413
102689,1,1,0.9750525134119685
11312,1,1,0.9873024170398373
5488,1,1,0.9622305075021844
96807,1,1,0.9176604403599712
6162,1,1,0.983819459333537
108215,1,1,0.98524387318454
27666,1,1,0.9414969932992572
47899,1,1,0.9781309750882891
19931,1,1,0.9802569256416512
69277,1,1,0.9543456435923391
10713,1,1,0.9703753419075161
3050,1,1,0.9824306288926763
71170,1,1,0.9889319958469899
74021,1,1,0.9831173547653539
23394,1,1,0.9279164845514027
61103,1,1,0.9680289862307684
57669,1,1,0.9818957360888919
87976,1,1,0.9764263226947945
70460,0,0,0.38801880527954863
48754,1,1,0.985245565430608
465,1,1,0.9438030134728481
106721,1,1,0.9477622896916132
24483,1,1,0.9884545379527554
2062,1,1,0.963426680843261
30660,1,1,0.9846734492994474
97257,1,1,0.9832537030782583
111961,1,1,0.9490898894878359
62243,1,1,0.9898942609092402
112162,1,1,0.9556659568072743
90917,1,1,0.9186327143916846
113689,1,1,0.9563260750108674
87435,1,1,0.9593251541144708
45312,1,1,0.987399751449041
73603,1,1,0.9867456794764339
77467,1,1,0.9182360163358567
49332,1,1,0.9564522594225373
91947,0,1,0.8956690817885012
78318,1,1,0.977386012666823
105270,1,1,0.9656745904897099
99718,1,1,0.9663583760026585
43425,1,1,0.9815869379805121
60993,1,1,0.9479818829768474
17030,1,1,0.9851812191353182
67350,1,1,0.7765764553568776
1606,1,1,0.8652759892730679
11208,1,1,0.8813283734107996
58032,1,1,0.5347341253611961
20659,1,1,0.9811200909140523
79324,1,1,0.9647305027974005
46058,1,1,0.9537835271376803
104989,1,1,0.6696712016125047
46360,1,1,0.987422992880167
1856,1,1,0.9907970157499477
2508,1,1,0.9374603307410031
58210,1,1,0.8804105439884142
84270,1,1,0.9795812142197162
26427,1,1,0.9588728430499331
47467,1,1,0.9798488985674334
75467,1,1,0.9064709426854194
63571,1,1,0.9627599726296059
40932,1,1,0.9537216901685344
32206,1,1,0.9472922021301957
77503,1,1,0.9023272013062528
66920,1,1,0.9846266291841789
5107,0,1,0.9165642943043246
78928,1,1,0.96527963733
7484,1,1,0.8201619131242845
105285,1,1,0.9094919942207008
62107,1,1,0.966173719515811
11846,1,1,0.9877264737612097
93104,1,1,0.9819147383639613
35604,0,1,0.8967152634682083
23934,1,1,0.976533390940444
9419,1,1,0.9312299598270256
35551,1,1,0.9822842272656873
10342,1,1,0.9546523941099565
51172,1,1,0.9443986534788568
5723,1,1,0.9560979113598009
23797,1,1,0.9765176596672368
94135,1,1,0.9402858267597235
12925,1,1,0.9704510485002911
112141,1,1,0.949859323641435
93181,1,0,0.3219386402503729
80212,1,1,0.9827465018175323
89843,1,1,0.8100291483169746
30481,1,0,0.44937976699105786
34189,1,1,0.955028869745317
72441,0,1,0.8834934117950971
7450,1,1,0.986330985821904
155,1,1,0.9809579125207621
11379,1,1,0.8224340564013897
21774,1,1,0.957777782364686
29529,1,1,0.9779127435825993
37014,1,1,0.9703122125954631
72952,1,1,0.9450790214066594
34317,1,1,0.9098583013369757
83700,1,1,0.973618560212251
25184,0,1,0.8817293230476393
99180,1,1,0.9880039135205256
37434,1,1,0.9195994219202633
4244,1,1,0.9290713200818953
62475,1,1,0.820731478056087
61372,1,1,0.8817480013068638
96426,1,1,0.92577740555165
1447,1,0,0.3931563967616478
21741,1,1,0.9552677576491696
71439,1,1,0.9816119259580077
57245,1,1,0.984587186342462
17583,1,1,0.9705229155621664
84027,1,1,0.9798444947625703
37918,0,1,0.9291840834310294
6581,0,1,0.9758783725231582
90724,1,1,0.9878132308149589
68959,1,1,0.9698115426750945
103385,1,1,0.9101491333642351
70873,1,1,0.9598298384350704
91066,1,1,0.83073033279029
79072,1,1,0.9863510824842144
94342,0,0,0.48893235936513924
65744,1,1,0.9733741053398715
24989,1,1,0.9878355655422799
85467,1,1,0.6931148758078766
77617,1,1,0.7057143320742314
21596,1,1,0.9855138448086401
43371,0,1,0.9484551332400136
89012,1,1,0.9769092924804161
27039,1,1,0.936863837680555
15599,1,1,0.8673879502742192
21355,1,1,0.978836217838736
34452,1,1,0.9431858486359711
83480,1,1,0.9514592774035188
103019,1,1,0.8896891108975293
12266,1,1,0.9782333691260482
91665,1,1,0.9435237853257206
4702,1,1,0.9730914456662397
81267,1,1,0.9767711065460968
63387,1,1,0.9768892937473966
94986,1,1,0.9431462256893086
59420,1,1,0.9559875822119867
25702,1,1,0.9067339265725024
107087,0,1,0.9119508355318168
23799,1,1,0.7666319115517926
85411,1,1,0.9656557729772327
56876,1,1,0.9681511044300274
15080,1,1,0.9735221695728457
23304,1,1,0.9789820759778737
7476,1,1,0.9789635626263817
53112,1,1,0.92439110943879
111685,1,1,0.966509434006523
91699,1,1,0.9835568417425508
106787,1,1,0.9062842328310936
83337,1,1,0.9029569426086894
89035,1,1,0.8904350268228547
4308,1,1,0.9689138966519875
24032,1,1,0.9814810814756518
82229,1,1,0.9853290516772376
44815,1,1,0.9583197227332775
17712,1,1,0.9722222274498498
37591,1,1,0.929789376248098
36107,1,1,0.9708651613377156
61638,1,1,0.9876474503687678
84838,1,1,0.9792908914952289
31895,0,1,0.8004805579339295
65643,1,1,0.9673885810006786
102127,1,1,0.8859907705351707
2691,1,1,0.981739322670568
64901,1,1,0.9756829507386824
112571,1,1,0.9780394623404387
75339,0,1,0.8442414892729286
33584,1,1,0.8216010007171907
47416,1,1,0.9493333475887579
66462,1,1,0.9803659158109554
57645,1,1,0.9809090682287618
7719,1,1,0.8738311856459107
1760,1,1,0.9759794003747249
21221,1,1,0.9676861034715009
37760,1,1,0.9818957299232074
48284,1,1,0.9812167752078323
11211,1,1,0.8820805685678617
47002,0,1,0.8885871898360043
2762,1,1,0.9430347082552014
9633,1,1,0.9797375135419139
56812,1,1,0.9689834456712674
93424,1,1,0.9755406561621529
58109,1,1,0.9849329172278606
113465,1,1,0.9638235969997948
25223,1,1,0.9516679117210493
65505,0,0,0.4997604338644988
95188,1,1,0.9815436528919659
68573,1,1,0.957787077041148
37015,1,1,0.9724570819924173
7115,0,1,0.8854497321116391
90792,1,1,0.988007831979695
62645,1,1,0.9856575123352108
71762,1,1,0.9777782799410566
25086,1,1,0.9514744683667047
49789,1,1,0.9690472084192947
55529,1,1,0.9271489949037948
55789,1,1,0.961718500600851
1992,1,1,0.9866342040020247
20706,1,1,0.9222958708722423
3051,1,1,0.981412989662735
35969,1,1,0.9883583265171477
61419,1,1,0.9886248765971439
40964,1,1,0.9709469411948353
94461,1,1,0.9805919060846091
101583,1,1,0.9796660585611453
8886,1,1,0.9644515729576335
75543,1,1,0.9844430144169919
71928,1,1,0.888202008265561
36020,1,1,0.9274032119323735
105229,1,1,0.9869273624667584
74172,1,1,0.9222936009349347
83186,0,1,0.972011730330127
102917,1,1,0.6150350161765429
96693,1,1,0.9688657466574779
77440,1,1,0.9863843446676338
113754,1,1,0.9349519743093495
40871,0,1,0.9544868673724402
55969,1,1,0.9788981706913625
27640,1,1,0.9820901821094398
70157,1,1,0.9830482562915176
103499,1,1,0.9834028009936915
51128,1,1,0.9801484790996267
11671,1,1,0.9322311945278773
40794,1,1,0.9799949642338103
40074,1,1,0.934010372476264
108008,1,1,0.9901266628008925
61963,1,1,0.9873310492785282
50687,1,1,0.9768733663756015
9809,1,1,0.9091043283099538
16990,0,1,0.9810321906501552
48938,1,1,0.9561524751689011
87644,1,1,0.9616133241080308
5074,1,1,0.9825821387080553
4865,1,1,0.8563284268934848
5389,1,1,0.8752663341645377
74494,1,1,0.9843287516644791
26745,1,1,0.940473917428261
97438,1,1,0.8038193612254511
34873,0,1,0.7230813006693932
12303,1,1,0.9869020474935074
83426,1,1,0.9843919429077722
33209,1,1,0.9899479935127204
101255,0,0,0.4290815751089387
86627,1,1,0.909225661903883
15291,1,1,0.926110287374535
112390,1,1,0.9747105697429834
104608,1,1,0.9755642765219865
72807,1,1,0.9815755049130224
96922,1,1,0.9850098810966239
2418,1,1,0.9829164473398192
3145,0,1,0.7865398709816591
57105,1,1,0.9878293692846549
110122,1,1,0.9616427190823409
77422,1,1,0.95848554868811
46833,1,1,0.9861760336717956
41506,0,1,0.844413186648876
64781,1,1,0.8283249114105887
14805,1,1,0.9851231718003204
26463,1,1,0.988618418426113
96101,1,1,0.9791238570861888
105436,1,1,0.8891822429453932
44798,1,1,0.979281978601466
109077,1,1,0.9498480469916382
9037,1,1,0.9750771342438846
69365,1,1,0.9808081219522041
60055,1,1,0.9411367832337345
35482,1,1,0.8754759079902938
112491,1,1,0.9835350287069904
101689,0,0,0.4568006960915391
1012,1,1,0.9629448634467997
40088,1,1,0.9780367152347549
89046,1,1,0.7877864179161425
81546,1,1,0.9779999570795034
100634,1,1,0.9765828378500281
35314,1,1,0.9565758229336893
108428,1,1,0.9763674563380605
108835,1,1,0.790489158344438
53080,1,1,0.9348267328895387
53687,1,1,0.9572110629724909
16859,1,1,0.9870354885950049
88804,1,1,0.9794922185167719
56521,1,1,0.972757948556654
57373,1,1,0.945536666301327
12107,1,1,0.7250848459140755
28153,1,1,0.9855535320219403
26268,1,1,0.9881341578717754
56664,1,1,0.9748838287429064
82191,1,1,0.990752415561648
71888,1,1,0.9639554005200331
34485,1,1,0.9914173841339192
37580,1,1,0.981983847808477
113550,1,1,0.976049886714823
49681,1,1,0.9709301190722046
33315,1,1,0.911804803335209
96705,1,1,0.9682453548532576
17183,1,1,0.9786014837789729
109009,1,1,0.9823132981349222
87696,1,1,0.8759961606689378
109099,1,1,0.5698219480007042
52066,1,1,0.9848120889672858
20929,1,1,0.9263843537189023
42483,1,1,0.854297892103484
110586,1,1,0.981864948908256
12110,1,1,0.9737873509391252
45387,1,1,0.9430013658644099
69254,1,1,0.9284216056798921
35988,1,1,0.9847062675629
32344,1,1,0.8711896190936836
90908,1,1,0.9781639108553575
93768,1,1,0.5439271487928519
8088,1,1,0.9693425105175317
94822,0,1,0.9097080708131295
73846,1,1,0.9563930870409827
79274,1,1,0.9696303660171692
107767,1,1,0.9870778453599726
86292,1,1,0.9775317806658729
62658,1,1,0.9809900693412924
28701,1,1,0.9133079477971968
18379,1,1,0.981693099578481
85231,1,1,0.9386317762241824
83311,1,1,0.9855274033114666
85968,1,1,0.9849480618169746
78088,1,1,0.9737451194858552
4052,1,1,0.9489690253118206
84745,1,1,0.985366462742788
99014,1,1,0.9151201420576526
2865,1,1,0.9567457202979265
53008,1,1,0.9301530318039373
77813,1,1,0.9733416435260609
100280,1,1,0.9633980485088776
11554,1,1,0.9587655804505654
81478,1,1,0.9112284359988957
60926,1,1,0.9464931326088396
78238,1,1,0.9689858977044881
35616,1,1,0.8656945080266035
12078,1,1,0.9828793508348126
92202,1,1,0.9203905424665426
18388,1,1,0.8786553914832207
57088,1,1,0.9735193580928964
28896,1,1,0.9850029616870094
65949,1,1,0.9709522115888459
14656,1,1,0.9834095707864599
82069,1,1,0.9701948814779195
105938,1,1,0.9532298814008188
30427,1,1,0.9913566150166646
94013,1,1,0.9860819838050197
85084,1,1,0.92524924608401
55834,0,1,0.9913698321390284
80912,1,1,0.9594163531788775
48197,1,1,0.9847905060768009
112646,1,1,0.9888664160647361
13419,1,1,0.9823719210707533
84049,1,1,0.9661339530556895
50179,1,1,0.9894527455590567
94424,1,1,0.9262207111964819
68557,1,1,0.9745945342686145
5335,1,1,0.987361537025721
1120,1,1,0.986580354599862
62119,1,1,0.9320817656016556
75055,1,1,0.9354784013492171
100536,1,1,0.9708304532720273
63405,1,1,0.9761268918296457
90088,1,1,0.8915966614709422
106060,1,1,0.9226225208131545
44306,1,1,0.940440429253687
99276,1,1,0.9822066444578129
15528,1,1,0.9788938657262629
9575,1,0,0.4631412805081533
16869,1,1,0.9805649721652698
75724,1,1,0.9100493309697862
69109,1,1,0.9779455554997943
23670,0,1,0.5001129909762555
82553,1,1,0.9586652079965552
107607,1,1,0.938111757554578
64510,1,1,0.8771282744824034
15179,1,1,0.9905597719711927
109749,1,1,0.9840577790068495
45394,1,1,0.9874767781809333
93806,1,1,0.9502046920830641
17171,1,1,0.9355511009570816
43340,1,1,0.9660275417432486
11718,1,1,0.9607628409445788
62428,1,1,0.8943953145434693
97809,1,1,0.9775888886216272
63035,1,1,0.9798892437718519
76396,1,1,0.9661277654939683
11461,1,1,0.9900072417084363
43782,1,1,0.9801500032321528
8297,1,1,0.920228905106865
1773,1,1,0.9830285620647116
86456,1,0,0.40617652467726495
2544,1,1,0.979970142369852
90249,1,1,0.9736479180457952
95811,1,1,0.9825502732440256
43923,1,1,0.8657568589456157
104954,1,1,0.8900135115928457
107402,0,0,0.24054075378495254
17514,1,1,0.8509273853684369
102034,1,1,0.8738928680677184
67748,1,1,0.9750979044767791
26261,1,1,0.9711537071375707
54044,1,1,0.9382080992650144
20229,0,1,0.9220956347265723
34187,0,1,0.8937436623278754
92570,1,1,0.9771620955322643
9651,1,1,0.9840300364708908
5298,1,1,0.9583949076282144
68655,1,1,0.9685357168925881
76278,1,1,0.945020990250308
39177,1,1,0.9791327860258354
75641,1,1,0.982814365349947
9275,1,1,0.9611939051060084
71854,1,1,0.9435857037429504
26095,1,1,0.9753855581950555
18991,0,1,0.9763938230386047
72254,1,1,0.9881191679658624
77394,1,1,0.9791135839487078
104564,1,1,0.9850149133782864
56336,1,1,0.9755387383206154
94102,1,1,0.9621966482153543
47605,1,1,0.7650210506116654
29491,1,1,0.9848728991399776
52779,1,1,0.9812432774200176
107171,1,1,0.8786904678312446
73004,1,1,0.9836531388170343
18889,1,1,0.8881893766143579
93456,1,1,0.9333316815336533
47764,1,1,0.9835127757092521
3297,1,1,0.987618398851122
17818,1,1,0.9688215868287026
57856,1,1,0.9621520360694468
43530,1,1,0.9737579955637332
71159,1,1,0.9501904424176341
69608,1,1,0.9426239070523866
36435,1,1,0.9875894023461043
38958,1,1,0.9637632774940926
74374,1,1,0.9583002226815012
17750,1,1,0.9891933688721403
27663,1,1,0.8983683400629617
107898,1,1,0.9791513872949901
36902,1,1,0.9200633232450913
101474,1,1,0.8366414032087924
51276,1,1,0.9197576256048876
17527,0,1,0.9798610944680556
45087,1,1,0.976631913007237
64373,1,1,0.9858455266276619
83742,1,1,0.9841286263554883
81635,1,1,0.9552850237953848
56866,1,1,0.9682273442523922
93155,1,1,0.9825990113458501
91724,1,1,0.8904042971943589
76390,1,1,0.7706667338208726
28943,1,1,0.9706313333364693
43736,1,1,0.8480109471422428
92576,1,1,0.9590004418986432
37240,1,1,0.9676704465341652
47335,1,1,0.9801803212653034
88005,1,1,0.9749207159285408
62019,1,1,0.9851366055321534
52256,1,1,0.9844855942231828
26169,1,1,0.9769778246648223
14223,1,1,0.9844143817098263
71809,1,1,0.8634928148225935
76604,1,1,0.9814649077809835
16403,1,1,0.9723403938346399
73252,0,1,0.5135425768052625
75439,0,0,0.08912042675706222
68122,1,1,0.9572848920008871
18044,1,1,0.9558179407509765
21040,1,1,0.9668376469029965
56165,1,1,0.9210602607702946
103037,1,1,0.9841897914905576
12007,1,1,0.9694199689605332
104787,1,1,0.8508294536436358
70121,1,1,0.9756122705069391
88710,1,1,0.9682416851175829
107056,0,1,0.8533532023192526
76507,1,1,0.946383035723596
1571,1,1,0.9810689890678537
13763,1,1,0.9833355004222959
88805,1,1,0.9704447091674543
92848,0,1,0.8832020878294783
37820,1,1,0.9678475048850312
3370,0,1,0.9591230450615198
84313,1,1,0.9721896264928174
92207,1,1,0.9762881307868903
7338,1,1,0.9788013867951131
69989,1,1,0.9693012112825156
90345,1,1,0.8982793249741218
97011,1,1,0.9775085374101167
110786,0,1,0.5947360644085053
110140,1,1,0.9160200796071903
76127,1,1,0.90439221441023
112719,1,1,0.9269177455317724
50700,0,1,0.905672587594688
33792,1,1,0.6756519280821334
23297,1,1,0.9755631381581299
92984,1,1,0.9737201293472096
76016,1,0,0.27039506515654127
20880,1,1,0.9059662389828731
36875,1,1,0.9796673964467837
37519,1,1,0.896216307440927
49518,1,1,0.988158468629768
97612,1,1,0.9830378462766263
87256,1,1,0.9827266822654199
11501,1,1,0.8802507133770736
53633,1,1,0.9628447264325026
65821,1,1,0.9641248729352936
44339,1,1,0.9806660244357653
21968,1,1,0.9855444553431837
101537,1,1,0.9403652071676464
89826,1,1,0.8788514603577473
83856,1,1,0.9912351907781884
48990,1,1,0.9851688950588212
51534,1,1,0.973997207504573
45762,1,1,0.9458553053827882
50946,1,1,0.9788829329467883
75058,1,1,0.9902703358679339
13178,1,1,0.9673311259583881
112249,1,1,0.9824011361677244
52741,1,1,0.9845079552414514
71898,1,1,0.9812589768772467
104707,1,1,0.9802857399328724
53578,1,1,0.9648142381537095
43709,1,1,0.9449026214527628
95622,1,1,0.9806190917712209
4199,1,1,0.9838161803142791
83841,1,1,0.9433515325291407
45423,1,1,0.9812925502336642
33285,1,1,0.9618902190260437
39923,1,1,0.9827490656691604
25928,1,1,0.9282434071720895
87335,1,1,0.9616944307779008
29457,1,1,0.9756511934739515
38761,0,1,0.8552344745838643
106267,1,1,0.957630139375419
17665,1,1,0.9841165642861198
17819,1,1,0.9777198803946459
1677,1,1,0.9703712235253185
26479,1,1,0.9501818752435094
35865,1,1,0.9866404615553367
41648,1,1,0.9701579497678078
90330,0,0,0.09306743309935529
4474,1,1,0.9725774478177788
74933,1,1,0.9841111018454396
19849,1,1,0.9721305660366252
5850,1,1,0.9279844660367705
94470,1,1,0.9893985928097596
105631,1,1,0.9689765636863867
96813,1,1,0.8864850859619688
82825,1,1,0.9385132011875355
43779,1,1,0.9788806035282837
107787,1,1,0.9596143876849302
82005,1,1,0.9844640528198039
38520,0,1,0.9206842114777853
67320,1,1,0.9577208319663425
83671,0,1,0.9516526553788545
90130,1,1,0.954560480930091
7907,1,1,0.9653166477125579
79484,1,1,0.9767652317625997
15893,1,1,0.9745488265022577
55115,1,1,0.7641678112232306
22417,1,1,0.9808056020863197
55064,1,1,0.9688117374939453
105158,1,1,0.903568486316695
71192,0,1,0.9114877776697472
10715,1,1,0.9866351380630675
27886,1,1,0.972890948139364
98651,1,1,0.9114912332462201
27471,0,1,0.9344785679313857
82737,1,1,0.9688400929246737
61032,1,1,0.9862634329483204
54827,1,1,0.9805271790294616
101083,1,1,0.9708102829319769
101054,1,1,0.6011139538253992
82568,1,1,0.9655722508463701
101150,0,1,0.8146025469775251
71597,1,1,0.970967955617341
7762,1,1,0.9668033043639055
57439,1,1,0.9130645364314204
94575,1,1,0.9261408036421122
46011,1,1,0.8845750140151294
109694,1,1,0.9614512202482681
102964,1,1,0.886131317343812
103115,1,1,0.946267548795819
71984,1,1,0.9408556953214304
20377,1,1,0.9815577837963447
33188,1,1,0.9849911864764656
52101,1,1,0.9897455789297523
43755,1,1,0.9776438430377797
19181,1,1,0.9027091301647533
10956,1,1,0.9704088642851707
39846,1,1,0.9790808314263367
113318,1,1,0.9773915445882562
32383,1,1,0.9716985483965239
70263,1,1,0.9733967946747581
39861,1,1,0.9777057628013855
25018,1,1,0.984849871212517
7114,1,1,0.9486060337459562
102912,1,1,0.9643940024734927
27641,1,1,0.9797864213537611
8730,1,1,0.9824527603581988
61074,1,1,0.8004407949534985
19461,1,1,0.9823534760288177
29822,1,1,0.9860194640124035
11854,1,1,0.9830779170734547
14816,1,1,0.967562765296029
24149,0,1,0.6019403792458775
52216,1,1,0.9170598875373641
10753,1,1,0.9740463532653966
110057,0,1,0.8648390708876311
75668,0,1,0.7920937077167532
30005,1,1,0.8698230132801443
71858,1,1,0.9832484492550542
108205,1,1,0.9755096561496851
77293,1,1,0.9139972028806965
80626,1,1,0.9709712032454555
4167,1,1,0.9676409516918313
85375,1,1,0.9578846439167036
6176,1,1,0.8589105678858961
51527,1,1,0.964964613256031
112600,1,1,0.8823646057518841
95764,1,1,0.7219096295121196
1764,1,1,0.9806719522345345
20572,1,1,0.794974024368541
61893,1,1,0.9405464870323617
68491,1,1,0.9634625190132877
107708,1,1,0.8630009541436117
89430,1,1,0.893999283258171
108184,1,1,0.985242504976363
52148,1,1,0.9895649389929763
86207,1,1,0.9754582154813624
108243,1,1,0.9257915247054169
109389,1,1,0.8761676008505465
64411,1,1,0.9384421472205333
67193,1,1,0.9810057191978951
5136,1,1,0.9668278110318157
1167,1,1,0.9753496014130362
37294,1,1,0.9852096698760502
79588,1,1,0.9627693345344371
60494,1,1,0.9833075493833648
39561,0,1,0.8133921606453978
18627,1,1,0.9510750136520877
96197,1,1,0.9769035246738154
25667,1,1,0.9588538604098308
37471,1,1,0.9750869971090897
7790,1,1,0.9836588183943524
50552,0,1,0.9326909351028967
122,1,1,0.9613032824663056
37716,1,1,0.9766131549443692
29663,1,1,0.986854408711406
83304,1,1,0.9878444262117327
24618,1,1,0.9408387463040813
4345,1,1,0.9829977383690972
22582,1,1,0.9740716592795408
31419,1,1,0.978416568893517
52912,1,1,0.9760228355264644
24004,1,1,0.9138096581314356
56363,0,1,0.9390383598332539
90037,1,1,0.9565999574278465
91418,1,1,0.9779410603529105
78598,1,1,0.9750256297007227
64051,1,1,0.9859951682762448
15233,1,1,0.9850235762957318
15934,1,1,0.9161411884778902
63951,1,1,0.87909663802759
54156,1,1,0.8434263484627619
111333,1,1,0.9531548176619179
30559,1,1,0.9544963095266997
12365,1,1,0.9414624687930025
83050,1,1,0.9765706630068482
112035,1,1,0.9822073314903953
50628,1,1,0.9431377088865874
40605,0,1,0.8710837271665952
36142,1,1,0.9140921339028393
67913,1,1,0.9626074527546705
39066,1,1,0.9832200656870687
112227,1,1,0.9795922464317157
98822,1,1,0.986681788739723
98497,1,1,0.9477217218331915
41792,1,1,0.8073650195378809
28663,1,1,0.9873522067005092
28675,1,1,0.939780603349684
52098,1,1,0.8649206522269938
53309,1,1,0.990061136736572
64393,0,1,0.9093025818979075
38692,1,1,0.9518759579623589
109630,1,1,0.9815728991511864
79872,1,1,0.9465561716482728
3278,1,1,0.9734672206433796
55646,1,1,0.9770958528785099
11001,1,1,0.9843102110861685
214,1,1,0.920619940129913
58443,1,1,0.968567742317039
23983,1,1,0.9619035453110346
22464,1,1,0.8610040504024923
67478,1,1,0.925267397868592
59779,1,1,0.9696290368892273
89271,1,1,0.9802111437387787
82099,1,1,0.9763552278217347
103380,0,1,0.8999192312306278
60623,1,1,0.981483252088618
51387,1,1,0.9786490129792921
61115,1,1,0.752585553763754
21445,1,1,0.9827847302374256
18706,1,1,0.9861607124948621
80432,1,1,0.9470398807377701
49006,1,1,0.9716293172107265
7549,1,1,0.961630717953551
75295,1,1,0.98886005753044
12861,1,1,0.964544047516576
35331,1,1,0.9759486833646427
93333,1,1,0.9707380748255113
36630,1,1,0.9694172104491489
78851,1,1,0.9416542304694013
15445,1,1,0.9767997979129855
26923,1,1,0.9809112600496431
12357,1,1,0.8621632710838909
14711,1,1,0.9830968748298404
94914,1,1,0.9716722525426781
99780,1,1,0.9727950877749812
60814,1,1,0.9421500616522113
44537,1,1,0.9740805827216326
78217,0,1,0.9824821660085369
106745,1,1,0.9817122560802269
74764,1,1,0.9070283517178807
25571,1,1,0.9819783565998944
50748,1,1,0.9801158223806079
14133,1,1,0.9876141928255796
45715,1,1,0.965575269434092
59834,1,1,0.9880251251531684
37188,1,1,0.9581978036279087
5609,1,1,0.9855551672761225
24399,1,1,0.9486180401497188
20966,1,1,0.9872756668813979
91082,1,1,0.9000488261343905
3135,1,1,0.9858243349293419
29806,1,1,0.6445673135464827
54104,1,1,0.9736956246705034
91457,1,1,0.9769456790507779
101877,1,1,0.9619536437375009
97245,1,1,0.9697076884872485
49444,1,1,0.9823527500377173
32088,1,1,0.9879453786294133
111581,1,1,0.9599105822603813
29842,1,1,0.968263407670143
93801,1,1,0.9667197523130301
72451,1,1,0.9668595526115722
82087,1,1,0.9476345654241118
58075,1,1,0.9728935875180993
72632,1,1,0.879664341654124
54235,1,1,0.9697149412770766
82393,1,1,0.9749195831805446
30202,1,1,0.9854515601600057
69921,1,1,0.9900772450708244
13247,1,1,0.9185784945411799
92317,1,1,0.9827123840882848
2527,1,1,0.9434491467136482
106681,1,1,0.934423100144206
73991,1,1,0.9626612210014783
83430,1,1,0.9112847964994467
84190,1,1,0.6529276213391424
22860,1,1,0.9554794273678092
111385,1,1,0.9482530255257646
102567,1,1,0.941095111807073
82318,1,1,0.8059936150744464
57959,1,1,0.9757120995854655
92049,1,1,0.9226126060413079
73364,1,1,0.8777190842042356
38888,1,1,0.8773557267462295
81000,1,1,0.9738911748273894
40966,1,1,0.959655237225993
59074,1,1,0.9750637242420347
109562,1,1,0.6008762334115012
60750,1,1,0.9346438709381906
80339,1,1,0.6453882714139121
15116,1,1,0.9443056592558012
38054,1,1,0.9422335051125089
955,1,1,0.9851515615034835
48356,1,1,0.9855593403779501
31338,1,1,0.9790930540028009
47891,1,1,0.9890146512050237
6605,1,1,0.9879431405469005
114043,1,1,0.9865669939781222
74771,1,1,0.9724436379839836
82508,1,1,0.973502356697594
86362,1,1,0.9646081829213132
28962,1,1,0.989285827349021
45032,1,1,0.8923706314778954
36434,1,1,0.978052998739066
95882,1,1,0.8882585662433452
110256,1,1,0.9879966721954073
2098,0,1,0.7749262868123993
29716,1,1,0.9539018749313709
90068,1,1,0.968223175513195
81675,1,1,0.9378376618281388
48311,1,1,0.8476756120109542
73709,1,1,0.9916282242514405
1388,1,1,0.9788686829078389
59789,0,1,0.942329946731003
74221,1,1,0.9723305568983314
30561,1,1,0.9770357832213711
69035,1,1,0.7286675065515101
54176,1,1,0.9800145015242708
82482,1,1,0.8524512903456597
66192,1,1,0.9878678388569541
67754,1,1,0.9537757111768066
96747,1,1,0.9823834346724274
4789,1,1,0.9826007634202402
13212,1,1,0.9566116403595737
81765,1,1,0.8962167462494962
34589,1,1,0.9903430741225556
64884,1,1,0.9484821556027822
107983,1,1,0.9653721900322417
25443,1,1,0.979775287657716
19533,1,1,0.8830001517157603
37546,1,1,0.9874055493713121
41494,1,1,0.9776546276960151
111864,1,1,0.9855783227941195
95266,1,1,0.9453841599409368
3462,1,1,0.971886875284412
63596,1,1,0.9662637671712969
38122,1,1,0.9298837600881136
75008,1,1,0.9592858891043545
36175,1,1,0.9698512198957098
48939,0,1,0.9440717083003604
11455,1,1,0.986363777670348
111087,1,1,0.9726263055026813
27179,1,1,0.9374153933080142
51048,1,1,0.979805428841171
60067,1,1,0.9790050430507666
102275,1,1,0.9489698705550751
29211,1,1,0.8923959878698308
34530,1,1,0.9572092147265173
65424,1,1,0.9855663791445267
98068,1,1,0.9614181852054114
6291,1,1,0.9916425561411323
22196,1,1,0.9853056569511365
51331,1,1,0.9558413393794124
73126,1,1,0.953524491614052
90285,1,1,0.9877139775010343
55446,1,1,0.9068065592948473
82523,1,1,0.9262521193659166
102414,1,1,0.9855268933930088
38336,1,1,0.9516309329337134
14837,1,1,0.9659319154749736
71223,1,1,0.9741110451035049
26676,1,1,0.9753646759528894
58209,1,1,0.9840671855132801
59566,1,1,0.8807146161920091
97625,1,1,0.9495455567697079
49523,1,1,0.9765400267904498
46051,1,1,0.9136593385870189
63904,1,1,0.8846448117725088
60617,1,1,0.9402417304063135
96516,1,1,0.9632553446168347
50553,1,1,0.8149685164709026
13952,1,1,0.9778422077951164
48661,1,1,0.9500490546598703
64174,1,1,0.9650449724447046
3512,1,1,0.9477217082431281
26961,1,1,0.9846671573274448
84488,0,1,0.8928215799526356
77728,1,1,0.9724576951722876
91065,1,1,0.9774349036859515
91128,1,1,0.9380394283075518
76297,1,1,0.8833986876859362
76586,1,1,0.9849904231257373
97306,1,1,0.8926537966215237
77965,1,1,0.9818852240826337
90152,1,1,0.9822990189387029
94635,1,1,0.9866291620302139
20075,1,1,0.9728403961770508
25422,1,1,0.9777562995809754
71925,1,1,0.9802364958848202
45267,1,1,0.9822951102607939
15759,1,1,0.9707066098614273
28221,1,1,0.938923678893307
94858,1,1,0.9743181220517607
12557,1,1,0.9310268088924856
7750,1,1,0.9843963486651353
97778,1,1,0.9816839257766349
74660,1,1,0.9633309267379352
71268,1,1,0.6619016001104411
86483,1,1,0.9798504213630216
97511,1,1,0.9147116437143258
104035,1,1,0.9425687557931984
27427,1,1,0.9857518238863019
68769,1,1,0.9677833369261141
17517,1,1,0.9690624488515468
73648,1,1,0.9924083446658759
28838,1,1,0.9753179940643645
113405,1,1,0.9823509883278542
103937,1,1,0.8903737977757976
110748,1,1,0.9843194357133228
20993,1,1,0.9869932739357546
89942,1,1,0.7638380923309861
4203,1,1,0.8971837513176153
108570,1,1,0.9859683338798567
98755,1,1,0.9765170134961457
49253,1,1,0.7107635924412393
20036,1,1,0.967233420563106
6932,1,1,0.9409880160840572
938,1,1,0.9778703309136723
30498,0,1,0.7563215494215566
57691,1,1,0.9839930177555003
11306,1,1,0.9807172436495976
2087,1,1,0.9878820220499965
62816,1,1,0.9711108194964897
13318,1,1,0.9698812310014098
77853,1,1,0.9807343208517405
109690,1,1,0.9523249194775532
19932,1,1,0.9780828740170006
58552,1,1,0.981963611487718
55565,1,1,0.9436878457456087
94818,1,1,0.9695508158826054
7702,1,1,0.9236172116417285
78074,1,1,0.9880913651804201
48088,1,1,0.9749618440209822
10375,1,1,0.9480035003025252
81168,1,1,0.974386738092645
45953,1,1,0.9810234032180439
45420,1,1,0.8081930033634914
70890,1,1,0.9794692674347889
31622,1,1,0.9741928231227883
99961,1,1,0.9575943880776525
100166,1,1,0.9806998372501068
54940,1,1,0.9869058654465488
90337,1,1,0.9098182814524693
55466,1,1,0.9663024563243133
23014,1,1,0.98289476252254
71817,1,1,0.9349520493828315
32638,1,1,0.9802742548773418
96742,1,1,0.9343583039982761
92242,1,1,0.977623585290321
21249,1,1,0.9824260492975739
35281,1,1,0.8545807004956759
108116,1,1,0.987485941445794
14065,0,0,0.3486671773338887
76072,1,1,0.9714767159012277
31222,1,1,0.9556649789159797
107694,1,1,0.9680353061653494
36610,0,1,0.91229171618173
24240,1,1,0.9632942500811714
30579,1,1,0.9733720907073402
35279,1,1,0.8991605493170194
22303,1,1,0.9832908867849004
86350,1,1,0.9447857439471148
32877,1,1,0.9882448699644514
25320,1,1,0.9607386100005955
89492,0,1,0.833403758836328
23345,0,1,0.967924666823415
40485,1,1,0.9759973754207592
31339,0,0,0.3202088534787122
45119,1,1,0.9556416355482409
90738,1,1,0.8749658026320254
4926,1,1,0.9806793541832506
55191,1,1,0.852701269835742
71892,1,1,0.9859060907363415
42591,1,1,0.9737581081278922
20964,1,1,0.9652010058538459
75674,1,1,0.9707326574667275
88888,1,1,0.9763183472488444
92840,1,1,0.9676426435589569
48469,1,1,0.9212779252192421
10819,1,1,0.9886233360770749
18271,1,1,0.7039625891312852
2336,1,1,0.9798546015138723
37037,0,1,0.6547916988981989
74819,1,1,0.986981614495309
15636,1,1,0.8750292153397747
52265,1,1,0.9655339833772667
104374,1,1,0.985749925306735
39712,1,1,0.9462803607348766
97767,1,1,0.805789073328198
110818,1,1,0.980739197967487
37016,1,1,0.9306922830477242
101902,1,1,0.9763192966631118
39839,1,1,0.9744731167568254
106559,1,1,0.9788858679098597
79463,1,1,0.9745158570131881
71179,1,1,0.9447911321878228
27100,1,1,0.9769651809458622
106499,1,1,0.8472105115525359
55355,1,1,0.9854055733802273
109697,1,1,0.9733210063397133
53872,1,1,0.979901040450495
89183,1,1,0.987495572624939
95974,1,1,0.9224739139122431
92453,1,1,0.9745455149170713
109623,1,1,0.8816587056045997
68849,1,1,0.9737090608429585
108431,1,1,0.8598982764321325
88716,1,1,0.8302440013933119
79704,1,1,0.9248872565576619
41598,1,1,0.9157890702166248
32935,0,1,0.9650956066513109
105328,1,1,0.9628738121843105
41053,1,1,0.9977630940450725
12149,1,1,0.8903470085654525
14004,1,1,0.9609877356593083
22546,1,1,0.9639981781899577
66008,1,1,0.9770718418694843
104820,1,1,0.5650241901399738
79877,1,1,0.9888161206329164
79236,1,1,0.9778676529953321
86335,1,1,0.9814379729152363
83531,0,1,0.8271983076890372
61048,1,1,0.9807747008800061
102785,1,1,0.9814040917445639
61132,1,1,0.9328686885282914
66218,1,1,0.9604305261974357
82612,1,1,0.9816934268719204
94109,1,1,0.9332750830113797
33160,1,1,0.6516301341665068
103447,1,1,0.9830203069339416
61243,1,1,0.9697659216659241
91863,1,1,0.9798409109633932
26813,1,1,0.9800538983043642
104902,1,1,0.8954479511468781
53579,1,1,0.942976215124241
22521,1,1,0.9828010146843223
64793,1,1,0.9778861841528756
84896,0,1,0.6319021376776685
67330,1,1,0.8833872541476622
52676,1,1,0.903082580211874
84351,1,1,0.8913126916675101
18216,1,1,0.815488026895319
11051,1,1,0.9529633639937616
80987,1,1,0.9685971949323815
74111,1,1,0.980919383709085
60787,1,1,0.9786494206101504
33781,1,1,0.8967940187963341
91094,1,1,0.9865983232491979
71255,1,1,0.9462759518833301
108936,1,1,0.9033788257831469
70276,1,1,0.9703326485032759
96332,1,1,0.970195931075922
973,1,1,0.9739746469820103
24636,1,1,0.8883372619855731
87742,1,1,0.982171311344138
88458,1,1,0.9793085572126689
7506,1,1,0.9795999841486193
103356,1,1,0.9795001826235666
91230,0,1,0.881806098343932
108869,1,1,0.9763171766478442
110007,1,1,0.9611615393209046
7611,1,1,0.9611702854708309
70995,1,1,0.9744352439565868
13771,1,1,0.9551225803492234
11853,1,1,0.9835944064054206
689,1,1,0.989251200508988
109931,1,1,0.9816983383263695
82685,1,1,0.9532663415590704
48029,1,1,0.9709741397584593
24499,1,1,0.9623506676509452
38847,1,1,0.9753616219499374
103120,1,1,0.9859291001858915
95195,1,1,0.9836888985923935
35170,1,1,0.9885024823809117
83614,0,1,0.9523970896058899
78025,1,1,0.970455895274272
38116,1,1,0.9779050434551514
111299,1,1,0.9797256974270905
33245,1,1,0.9667016662903115
64858,1,1,0.9891524247657336
83102,1,1,0.9772935723875835
9631,1,1,0.9827158424113908
55579,1,1,0.9860306750767102
46319,1,1,0.9375125696830636
62095,1,1,0.9728696970764384
13196,1,1,0.9423775884313369
75148,1,1,0.9880563492841717
40667,1,1,0.9715761012563482
90366,1,1,0.964563824142789
33330,1,1,0.8334169874471876
43088,1,1,0.9804242593035056
104765,0,1,0.9072071980152161
101893,0,1,0.6653493370192857
100301,1,1,0.978739216468195
51547,1,1,0.9854992835827858
29350,1,1,0.95157064650354
72786,1,1,0.9600945392390713
40958,1,1,0.9250612886259977
110035,1,1,0.9679382736895951
76150,1,1,0.9812763537180954
102436,1,1,0.9853888369795436
1255,1,1,0.6772502766110851
84579,1,1,0.813510680368561
43048,1,1,0.9845710131492907
42329,1,1,0.9788534658900134
64331,0,1,0.9440069818846892
50529,1,1,0.9627164650660286
74517,1,1,0.8938960444523085
97668,1,1,0.9693897948615013
18438,1,1,0.937317437156476
39637,1,1,0.9424777794668475
62267,1,1,0.975739415169229
100066,1,1,0.9828338240709789
54819,1,1,0.9848494430345401
20911,1,1,0.9805600574394664
61045,1,1,0.960930324405871
75726,1,1,0.9685100850915704
54698,1,1,0.9504729739693731
95979,0,0,0.28674182826828115
103413,1,1,0.8691755904327335
27035,1,1,0.8955167521466465
90977,1,1,0.9781671411905754
60179,1,1,0.9815776959600175
77730,0,1,0.7889716365472625
106314,1,1,0.9631258370894498
109365,1,1,0.9704129972177787
2750,1,1,0.9733699792831777
79188,1,1,0.9863506431503527
108539,1,1,0.9853725889085498
20563,1,1,0.9720010727433096
109170,1,1,0.9541710634359654
74810,1,1,0.961696292648578
22980,1,1,0.9726807013756006
25853,1,1,0.9844945247171316
101746,1,1,0.8940897395553955
90886,1,1,0.7792234099644781
74003,1,1,0.9891423473356922
3926,1,0,0.27630550128961934
2685,0,1,0.9704258644470034
2869,1,1,0.9720986183784207
35639,1,1,0.9483308452069201
94747,1,1,0.9899586846304146
14414,1,1,0.9811114024624789
37058,1,1,0.9640575038296952
102524,1,1,0.9455412634837909
34538,1,1,0.937514299866119
50335,1,1,0.9870768716617341
25125,1,1,0.9812494200904052
82277,1,1,0.9810831296156451
14441,1,1,0.8501633109341704
60826,1,1,0.9811925556700257
108049,1,1,0.9335022990668592
62176,1,1,0.9689582010003055
31997,1,1,0.9555443849969478
84401,1,1,0.9657253439607243
56647,1,1,0.9822527350504185
37556,1,1,0.9194832499743903
74757,1,1,0.9545370139367457
49217,0,1,0.9699732726364972
41365,1,1,0.934968723127575
73354,1,1,0.9808757090556035
12016,1,1,0.9850998619082338
57008,1,1,0.9609172789628732
44853,1,1,0.9794476107815572
91028,1,0,0.44985804361642984
87105,1,1,0.8603556041225146
100178,1,1,0.9759566042504066
34719,1,1,0.9761900537425527
28929,1,1,0.7581746346174765
17825,1,1,0.9713594024326176
102773,1,1,0.9209873697731038
67630,1,1,0.9660885402684484
102902,1,1,0.9501264022620906
57845,1,1,0.9756789451441785
6367,1,1,0.9837293335790318
2171,1,1,0.9576389124913319
11648,1,1,0.9760123850353677
60824,1,1,0.9499343364002891
10447,1,1,0.9777422953828605
107676,1,1,0.9868702756762194
88842,1,1,0.9100777272699233
111356,1,1,0.9782128672021004
41801,1,1,0.9605752411495929
107736,1,1,0.9003684229578868
30205,1,1,0.8776091414464212
56606,1,1,0.9721849834633695
70363,1,1,0.9242349443553326
16578,1,1,0.9901103434356676
112911,1,1,0.98492734716686
79057,1,1,0.9777699317647254
3826,1,1,0.9139238644431429
50416,1,1,0.963262383623497
66934,1,1,0.9754971909289688
87090,1,1,0.97646743783979
85865,1,1,0.9778439686164184
36021,1,1,0.9841717367412022
100939,1,1,0.9951408691287528
72025,1,1,0.9020120122920946
79373,1,1,0.9344860388859241
31341,1,1,0.8439024301702953
30749,1,0,0.46681797539860925
52178,1,0,0.39031994267436704
116,1,1,0.9791161070225654
75626,1,1,0.9824275908829576
90947,1,1,0.9882223444642501
11290,1,1,0.9918325004267613
76425,1,1,0.9818724672865707
48339,1,1,0.9099736979199076
111189,1,1,0.9501329694293419
83806,1,1,0.9751854924671818
85581,1,1,0.9827610899456124
63277,1,1,0.9287036082893462
49140,1,1,0.9457694818058461
86313,1,1,0.9039865733369774
29871,1,1,0.9527248882369121
112701,1,1,0.9792333666107237
95205,0,1,0.7083174288669984
54541,1,1,0.9677082147798297
54671,1,1,0.9094412180279495
87812,1,1,0.9196342451057196
23140,1,1,0.9566985240412924
98230,1,1,0.9051514668217225
113583,1,1,0.9766800753493126
1084,1,1,0.914772107195479
29098,1,1,0.9372557175175544
100471,1,1,0.9555468099861704
4769,1,1,0.9808080371692991
27582,1,1,0.9776933658575234
36722,1,1,0.9764338694036934
88688,1,1,0.9473725917700799
73116,1,1,0.9629637568136986
13124,1,1,0.8632193946679201
76533,1,1,0.9854832414578905
53085,1,1,0.9722315712964114
82781,1,1,0.9766010632508613
85598,1,1,0.9784453023569233
18635,1,1,0.9898264639122621
11388,1,1,0.9688986144004506
10485,1,1,0.988851493608301
74676,1,1,0.9791644885703669
111317,1,1,0.9530255512972245
43957,1,1,0.9880329918030705
14818,1,1,0.9871931888731836
35888,0,1,0.7023426987420167
36031,1,1,0.9795122529149382
44386,1,1,0.9419279622584534
110770,1,1,0.9817296293913337
40642,1,1,0.9536465052191712
100440,1,1,0.9763199882603429
11062,1,1,0.9794541256353602
111999,1,1,0.9747466941932847
38107,1,1,0.9327446210688465
3764,1,1,0.9632504644028438
88488,0,1,0.6111322668682145
56852,1,1,0.9477394400338054
103453,1,1,0.9868255708546548
7262,0,1,0.9498467039844246
59727,1,1,0.9875797278982392
86691,1,1,0.9614069370093832
16441,1,1,0.9709565734673758
12442,1,1,0.934130311153031
65178,1,1,0.9900474976746739
37389,1,1,0.9752413175974761
64641,1,1,0.9660939958314426
107923,1,1,0.977887536089086
104205,1,1,0.963845616286479
45169,1,1,0.974470267790723
46955,1,1,0.9857059264981622
38669,1,1,0.905144754878477
62461,1,1,0.9842958024959261
93182,1,1,0.9210025680010002
90192,1,1,0.9764493667247096
13730,1,1,0.9845901616362562
97765,1,1,0.9335044284700004
76231,1,1,0.9721705441329637
77468,1,1,0.9554561268459812
113144,1,1,0.9849088818772547
41400,1,1,0.9342891231057219
35334,1,1,0.8764256410001866
43958,0,1,0.9765606716773658
108088,1,1,0.9860390599039011
104104,1,1,0.9902175920685367
14200,1,1,0.9750677100974932
102830,1,1,0.9823719079915721
42549,1,1,0.9741625259326554
101836,1,1,0.6406771858283093
84379,1,1,0.8982775776617545
25463,1,1,0.9829314570968355
40481,1,1,0.984558692930607
77588,1,1,0.9505707795045185
59720,1,1,0.9568021550647325
95702,1,1,0.9677192084585822
14585,1,1,0.9537654088468295
62655,1,1,0.9822105693453759
7605,1,1,0.8940749979363103
47606,1,1,0.9871867782370071
81549,1,1,0.9863283986136641
13258,1,1,0.9723664451309704
59427,1,1,0.967189298235984
44672,1,1,0.8931644868923901
102857,1,1,0.979376660533588
55247,1,1,0.9899257783631193
68378,1,1,0.9870296665331088
79478,1,1,0.9613094373424905
61526,1,1,0.8387247763684355
56231,1,1,0.9469313599906203
31693,1,1,0.9879491431797011
90425,1,1,0.9772653561906399
14669,1,1,0.8851953525700595
33401,1,1,0.9740798596631154
40406,1,1,0.934595878768068
88054,1,1,0.9836598509657679
55078,1,1,0.9599707310673494
101059,1,1,0.9844798079277887
79865,1,1,0.9650683169416934
4166,1,1,0.9869199379149551
85587,1,1,0.9798714472983764
68962,0,1,0.8680155175288986
107139,1,1,0.9804576571514195
37018,1,1,0.9797791652606789
36552,1,1,0.9813560401252799
15964,1,1,0.9688409495765156
81328,1,1,0.9712286052169972
51573,1,1,0.9771898208908806
113145,0,0,0.4790052948718756
42273,1,1,0.9748471750333977
21651,1,1,0.9755255714608037
14077,1,1,0.983598572173312
78302,1,1,0.9846040746038489
5047,1,1,0.929651864300338
91377,1,1,0.8158133164751564
66857,1,1,0.9532203979352745
52958,1,1,0.9784136045430532
44860,1,1,0.9761710408435336
66622,1,1,0.9437685857071321
31066,1,1,0.9860000761455174
100983,1,1,0.9686677681208188
9591,1,1,0.8929582433613948
22147,1,1,0.9692224777155526
58221,1,1,0.9572443577706807
49852,1,1,0.9146201605404092
97510,1,1,0.7888638381410806
113855,1,1,0.9741795982999694
87640,1,1,0.979915104899679
1037,1,1,0.9755962884136998
26143,0,1,0.9199679613745607
73917,1,1,0.9243604222555513
57750,1,1,0.9684000458405372
93000,1,1,0.9851139284986475
98275,1,1,0.9294073304791283
17093,0,0,0.0944951094681441
81694,1,1,0.9463011620742339
113069,1,1,0.9265630501588049
12972,0,1,0.8415051936161407
50908,1,1,0.9731794478922673
63189,1,1,0.9796019661245345
105462,1,1,0.8309019723006683
75430,1,1,0.909291726622635
108986,1,1,0.9681543007749089
50958,1,1,0.9786950870977684
20556,0,1,0.9748216933899665
95962,1,1,0.9854166282333516
20704,1,1,0.9124041071819466
98406,1,1,0.9832025099997517
61347,1,1,0.9787505152443642
68614,1,1,0.8867076941316325
100445,1,1,0.9870597912278221
29669,1,1,0.9355676822137643
21356,1,1,0.988509100217831
37973,1,1,0.9885272383922621
78046,1,1,0.9852898631331041
99565,1,1,0.9772997637769208
62390,1,1,0.9819504580858963
8053,1,1,0.9236415641218622
72926,1,1,0.9876909164859009
34007,1,1,0.9417689545872885
84856,1,1,0.9805104373033594
67462,1,1,0.9819300420982865
113261,1,1,0.9866358040269865
13541,1,1,0.9783351783612445
78978,1,1,0.9233400327134532
106862,0,0,0.3410755020058665
52202,1,0,0.3169665773977763
88712,1,1,0.964309449812957
39558,1,1,0.9824563376472697
50504,1,1,0.9257018844482225
97634,1,1,0.9820310215000794
54331,1,1,0.9721264836084333
32960,1,1,0.977985987370355
98439,0,1,0.9409473689270016
23664,1,1,0.8275855153672751
4444,1,1,0.9375254747733757
104607,1,1,0.9785085279705596
31662,1,1,0.9878944854798323
15748,1,1,0.785954632259676
16565,1,1,0.9751969859489946
66025,1,1,0.9542267826927174
8496,1,1,0.9851143771708213
76865,1,1,0.960627853874768
48623,1,1,0.9062925588919377
67494,1,1,0.9492158983899747
6029,1,1,0.967179279307645
53118,1,1,0.9734624835970165
89643,1,1,0.9842534715856858
24951,1,1,0.9684873659877193
99930,1,1,0.9789462144913361
1978,1,1,0.9813368089093241
42856,1,1,0.9525813155803214
95551,1,1,0.9809032003347661
21443,0,1,0.9103711123186873
109724,1,1,0.9833430621999257
49718,1,1,0.9553298387961383
42809,1,1,0.9833399035009333
9209,1,1,0.9505968594415595
47338,1,1,0.972683427502978
42958,0,1,0.8516364124410222
46927,1,1,0.921386070509346
64591,1,1,0.9777192422933161
63221,1,1,0.979626911623774
7825,1,1,0.9434479065512217
37195,1,1,0.8562977257898612
72728,1,1,0.9194984761756908
65117,1,1,0.9783399149608646
33983,1,1,0.9832340430572793
107756,1,1,0.9795630789879021
16670,1,1,0.9894221069068526
95374,1,1,0.9804830499925343
61767,1,1,0.9853225728458673
96910,1,1,0.9410802394760118
92286,1,1,0.959244739757115
70897,1,1,0.9738705050320657
50670,1,1,0.9825752179810757
52110,1,1,0.9582301257091033
110721,1,1,0.9813584711545283
101984,1,1,0.8873407699169922
27955,1,1,0.9711330145701754
45095,0,1,0.9498426914318137
94064,1,1,0.9706334016418317
36108,1,1,0.9340731422758541
67638,1,1,0.9730652109786417
7496,1,1,0.9690257949169369
68820,1,1,0.9790697723505951
113498,1,1,0.9780895851977037
58782,1,1,0.9665016356983988
7808,1,1,0.9800491649723085
77871,1,1,0.9846520755134094
90393,1,1,0.9765658121756631
72945,1,1,0.9089511872618137
35732,1,1,0.9622822879151832
64564,0,1,0.9215150374419584
37510,0,1,0.7842977982621867
17778,1,1,0.9447937341390118
112507,0,1,0.8754861750032087
23472,1,1,0.9714379970472965
108340,1,1,0.977352888141445
76988,1,1,0.8781629304498915
93792,0,1,0.9053154062920808
106764,1,1,0.9830549090275875
55510,1,1,0.9763151092653315
35111,1,1,0.8182396141282223
41203,1,1,0.9298208168839026
20456,1,1,0.9147716429878696
13718,1,1,0.9886618786524252
40635,1,1,0.9857488278752462
62549,1,1,0.9485001923528984
55019,1,1,0.9785360424205776
81566,1,1,0.8990042189340435
42063,1,1,0.9640724442496569
98898,0,1,0.9867701911519904
92629,0,1,0.9430297017281897
101194,1,1,0.967023876274816
29320,1,1,0.9135055197022838
103688,1,1,0.9791040970139495
54396,1,1,0.9495193871774893
77581,1,1,0.9681515205399012
14238,1,1,0.9478933988871923
24231,1,1,0.9867933470926604
29731,1,1,0.9850391475471008
37513,1,1,0.9353179098900307
87230,1,1,0.8675669779152738
49793,1,1,0.9801501235507553
35144,1,1,0.9736063114941506
32745,1,1,0.9729148627609856
58880,1,1,0.9886037652005576
91608,1,1,0.9846123513402167
106448,1,1,0.9175282758498192
56348,0,1,0.5196787954703289
99890,1,1,0.9328621819902614
70204,1,1,0.9291248761825536
88764,1,1,0.925273275320359
81594,1,1,0.9671942512538867
48893,1,1,0.9433259747019598
96762,1,1,0.8868395094499398
14111,1,1,0.9605620359418511
33997,1,1,0.9867763459883008
23610,1,1,0.9881741938964528
16515,1,1,0.9876129385720211
42334,1,1,0.9817000966653411
25994,1,1,0.9758485074415018
33558,1,1,0.963683718637836
31024,1,1,0.9773623225471464
56314,1,1,0.9875770521347375
4932,1,1,0.8581310335234521
47225,1,1,0.9800400792588618
102540,1,1,0.9878755547412242
92289,1,1,0.9758090854800515
91913,1,1,0.9477691086844335
60413,1,1,0.9806701800925973
42753,1,1,0.9692793356395776
35770,0,1,0.898415205863644
19615,1,1,0.9853270895134626
104373,1,1,0.9779141816599575
6939,1,1,0.9307890304984507
12147,1,1,0.9844564155803243
92589,1,1,0.9871729542558537
32719,1,1,0.9250399145394017
15799,1,1,0.9845370248000188
7626,1,1,0.9819029152273915
16617,1,1,0.9709118196403613
106628,1,1,0.9747047426271254
93685,1,1,0.9778719949412661
30497,1,1,0.9721999214530652
48042,1,1,0.9226045643367533
30238,1,1,0.9755430690373853
101915,1,1,0.9325262430440984
33758,1,1,0.9770058379983203
103384,1,1,0.9193593075294296
87399,1,1,0.9719095905591428
78879,1,1,0.9722917608150644
86030,1,1,0.9740801114030305
26733,1,1,0.9725822898897049
58386,1,1,0.9873137187942652
9969,1,1,0.9861545984838948
40758,1,1,0.9686342686677719
51190,1,1,0.9361792260672469
31833,1,1,0.9259343142519211
37715,1,1,0.9802604369475075
45101,1,1,0.875596826371431
13856,0,1,0.7237894544702822
15223,1,1,0.9733530649863484
83920,1,1,0.9622828139675945
24819,1,1,0.9557700248006205
61206,1,1,0.9120906210103107
76486,1,1,0.9609061887568656
46923,1,1,0.9878701738292596
65542,1,1,0.9609063276739024
86718,1,1,0.9836131424158386
7078,1,1,0.9182233687949657
50973,1,1,0.9753425239228021
103575,1,1,0.9823897763147728
63362,1,1,0.9793880345619635
62415,1,1,0.936787244104695
35751,1,1,0.9606736142269171
14586,1,1,0.9799402244416628
46304,1,1,0.9661515346091967
82992,1,1,0.9428088185234538
44531,1,1,0.9560378947504389
73409,1,1,0.9634848932562046
59017,1,1,0.8083699215823333
102346,1,1,0.9490113524283446
52413,1,1,0.9722439884715042
92750,1,1,0.9695261555449937
4814,1,1,0.885875319226955
102845,1,1,0.9751297128374464
1219,1,1,0.9745495332577013
10732,1,1,0.9679696335604935
83270,1,1,0.9750938560565898
47331,1,1,0.9851328243022475
38747,1,1,0.9810590216296451
24724,1,1,0.9821706310263945
92100,1,1,0.9693872905253832
58313,0,1,0.9386300939829595
54748,1,1,0.9470583096952317
22077,1,1,0.9827828120305753
16115,1,1,0.9824808013663392
54866,1,1,0.6420812861374189
87267,1,1,0.9851856161057351
110028,1,1,0.8995405943889951
50975,1,1,0.9809853779557383
110276,1,1,0.9850302339924752
71119,1,1,0.9419623974138459
14397,1,1,0.9237519272240469
11656,1,1,0.8954933112761442
63652,1,1,0.9695918742038723
101691,1,0,0.4189570482992128
1008,1,1,0.9809729191364183
58396,1,1,0.9721271385708008
31777,1,1,0.8637653658528481
8954,1,1,0.944146474449097
58937,1,1,0.9802481293400158
54862,1,1,0.8749743596192046
43306,1,1,0.9769323040651123
56657,1,1,0.96283951631123
109227,0,1,0.8855156498694023
7593,1,1,0.9792547991771168
32902,1,1,0.9803455226424209
83040,1,1,0.9771249671920175
58287,1,1,0.9851121469962665
2013,1,1,0.9856863426165581
54330,1,1,0.9870707733672759
100318,1,1,0.8837867516778648
50269,1,1,0.9649819605534108
108419,1,1,0.9778349685907921
110163,1,1,0.9859370546784133
37753,1,1,0.9391621730487765
99568,1,1,0.9867354878907758
24510,1,1,0.9220546604313917
8974,1,1,0.9707885798653063
111250,1,1,0.9769752253989358
86804,1,1,0.9795914189325976
38585,1,1,0.9311177566829953
35046,1,1,0.954500645560128
5779,1,1,0.9833227597759202
43038,0,0,0.23249649104470926
52051,1,1,0.8039115473405263
99480,1,1,0.8037109820011611
101503,1,1,0.986513245126759
101477,1,1,0.9880788546138835
110905,0,1,0.7312650564917286
81975,1,1,0.9603727816137915
33090,1,1,0.9175957296176012
64172,1,1,0.9381027258115238
10857,1,1,0.9786541294079315
50406,1,1,0.9874853415085072
42521,1,1,0.9735285307992128
90133,1,1,0.9701096625138116
22571,1,1,0.9372856021811352
70517,0,1,0.9652754848288374
38935,1,1,0.9266889626735922
19519,1,1,0.9463445201711119
34446,1,1,0.9849079332403577
72179,1,1,0.9120043155695263
103719,1,1,0.921480740557266
43091,0,1,0.7817998593523047
89040,1,1,0.9837103903069817
54514,1,1,0.9608221905715014
9413,0,1,0.9802800228503044
42131,1,1,0.931479129714976
45781,1,1,0.8992587091558014
88943,0,1,0.6024723698451377
69817,1,1,0.7499218177019304
49498,1,1,0.9241073609017467
40463,1,1,0.9613756039109274
74291,1,1,0.9809395605784091
91053,1,1,0.9846004839510464
105361,1,1,0.9166809443525304
99130,1,1,0.9877920693146064
101613,1,1,0.9327285141802449
97581,1,1,0.9844548381917051
106220,1,1,0.9634599539619442
1132,1,1,0.9544710409268239
52652,1,1,0.9334058561153208
64191,1,1,0.9739491235628921
93401,1,1,0.9355487849450556
35431,1,1,0.9702362064780771
50207,1,1,0.9788909205377315
35015,1,1,0.9300842603281697
17972,1,1,0.9689971031215752
55134,1,1,0.9120055714512363
47713,1,1,0.9357703528452035
47280,1,1,0.9228941808549646
81131,1,1,0.9718885614028111
26543,1,1,0.985199826426563
71426,1,1,0.9833594277875726
111474,1,1,0.9235374077897005
20947,1,1,0.9597510996693376
103067,1,1,0.8183567602424748
74082,1,0,0.054685962143133565
38736,1,1,0.7827609859726029
18726,1,1,0.9648439245761319
33078,1,1,0.9830865695624172
24208,1,1,0.8317531405236024
24922,1,1,0.9354949828377956
46122,1,1,0.9807199199563237
73006,1,1,0.988397479401774
90628,1,1,0.9199540128386886
93862,1,1,0.9823863755327329
78310,1,1,0.9643891722976831
6233,1,1,0.9042144367565325
75178,1,1,0.9415194991557747
2519,1,1,0.9681928736223289
94052,1,1,0.9693030194039896
33260,1,1,0.9821015900339151
88413,1,1,0.9815074763137209
12457,1,1,0.7583296427693876
5577,1,1,0.9014314947177432
1967,1,1,0.9681528538557715
100168,1,1,0.9537690407608735
18095,1,1,0.9780874677955552
2689,1,1,0.9806532882699169
93296,1,1,0.9679499369530509
29149,1,1,0.9738748693183468
83216,1,1,0.9756988340456496
35184,1,1,0.6712088694853129
20647,1,1,0.9828265944477628
35538,1,1,0.9218611683424303
905,1,1,0.9762600798588559
99258,1,1,0.9679506363511323
22934,1,1,0.9189296427110822
68563,1,1,0.9848758413506994
97655,1,1,0.9688577325793275
29459,1,1,0.9744157596499413
92232,1,1,0.9906994116871078
68146,1,1,0.9863575789654713
95473,1,1,0.9894758626027316
13342,1,1,0.9703363680773969
62090,1,1,0.9841826595969971
60886,1,0,0.26100708098589526
59643,1,1,0.9831878135599794
96626,1,1,0.9754006797036976
77433,1,1,0.9768664394066017
88658,1,1,0.9876926364824582
20925,1,1,0.9822716632228905
20747,1,1,0.9733176196286425
66567,1,1,0.9809386441159373
45426,1,1,0.9848680110952568
90141,1,1,0.8768930823713972
98935,1,1,0.9734603942020652
54901,1,1,0.9839387225160092
11184,1,1,0.9830390488708679
51382,1,1,0.9648712517172906
37484,1,1,0.9786337649649288
45278,1,1,0.9407587608985176
80175,1,1,0.9699055694094479
62486,1,1,0.9851417762593025
100461,1,1,0.9168015974964773
19380,1,1,0.9863378630265307
8399,0,1,0.8854720615369986
41700,1,1,0.9745078907852339
13134,0,1,0.962166138022308
101458,1,1,0.986862411387871
31198,1,1,0.9836935849083117
64178,1,1,0.9546294656380835
31790,1,1,0.9744338509624699
35244,1,1,0.9114769856786158
28528,1,1,0.9726116835775841
84737,1,1,0.9833891417548191
61020,1,1,0.9380143409352502
26771,1,1,0.9673652583639112
98665,1,1,0.9887796352124782
43484,0,0,0.4711488033493544
106551,1,1,0.8887027303264388
55775,1,1,0.973124790211124
85229,1,1,0.9835415759177765
1431,1,1,0.7339740384172615
19485,1,1,0.9788592556029501
57601,0,0,0.43063181493151914
45556,0,1,0.9119018916471188
15724,1,1,0.8220314234285037
81739,1,1,0.922707190393619
84167,1,1,0.7852040607478817
77441,1,1,0.9728522996201188
36445,1,1,0.9275982523599934
51473,1,1,0.9821401613594657
11225,1,1,0.9276397733725391
61162,1,1,0.9861374797056326
6337,1,1,0.9799428395671028
94337,1,1,0.9643361589180108
11681,1,1,0.9243429920072611
91356,0,1,0.8861600802401383
40341,1,1,0.9268338437992669
93353,1,1,0.9662836582117037
77205,1,1,0.9700650045553796
13280,1,1,0.9677373589302763
69841,1,1,0.8943907537071027
37341,1,1,0.9780666266713648
51137,1,1,0.9794087092884616
93024,1,1,0.987874276934544
86743,1,1,0.9784518613918296
59537,1,1,0.9827587813766029
86769,0,1,0.9567779535950728
18789,1,1,0.9864793263810033
86916,1,1,0.9769503553409578
83815,1,1,0.9762126842008081
62490,1,1,0.9777170980818184
45538,0,1,0.8906143701261212
11865,1,1,0.9660601300507842
89529,1,1,0.9717249038059067
20249,0,0,0.342012915033969
51914,1,1,0.975503364852921
67277,1,1,0.9855711560662386
111498,1,1,0.986807205963775
7856,1,1,0.9821936379166049
94333,1,1,0.9740798338259777
34563,1,1,0.9733454728885987
31455,1,1,0.8390146563524647
54201,1,1,0.9847880055483583
84452,1,1,0.8416007817953225
29939,1,1,0.9743077364393116
19601,1,1,0.9551660525551298
87602,1,1,0.9902942964314211
45844,1,1,0.9886959227976783
45155,1,1,0.9821553646484599
48111,1,1,0.951505252098961
22333,1,1,0.9516912235563251
78898,1,1,0.9344383298725863
110801,1,1,0.9844732273524239
46113,1,1,0.9675635528464122
68043,1,1,0.9847881998340992
80479,1,1,0.982709967961766
38013,1,1,0.8453761027966652
101532,1,1,0.9697047711763794
38775,1,1,0.9290393348391824
7420,1,1,0.9559655374195684
49317,1,1,0.9835819922302121
59573,1,1,0.9827600036553645
30543,1,1,0.9744930204060667
28586,1,1,0.9582458410406459
38577,1,1,0.9862223223253448
32676,1,1,0.9815482354141376
63758,1,1,0.9516857948095362
38981,1,1,0.9858535294743176
13180,1,1,0.8669513169452396
93718,1,1,0.9786467942909747
9403,1,1,0.9667426670147755
22663,1,1,0.952882930461616
49459,1,1,0.9454618380572687
12946,1,1,0.9753890449438762
111668,1,1,0.9871980841554541
34192,1,1,0.9462748886827298
34056,1,1,0.9693127274030147
66496,1,1,0.9867094152278781
73614,1,1,0.9772898882859313
105536,1,1,0.989873677315751
17536,1,1,0.9656001268292519
105930,1,1,0.876337492478507
22133,1,1,0.9767083039501502
37551,1,1,0.9380693470864835
77000,1,1,0.9761668931189206
88156,1,1,0.9811008701416749
75776,1,1,0.9733989321178169
82539,1,1,0.8787156230450182
48347,1,1,0.9745826333426262
52996,1,1,0.9852653516287766
73122,1,1,0.9027767846752799
84457,1,1,0.9775570523452171
81436,1,1,0.9612654340539396
96558,1,1,0.9576130271792062
67706,1,1,0.9784393722060533
99671,1,1,0.9728435110944893
78012,1,1,0.9782244049374895
35393,1,1,0.9617641611332617
43916,1,1,0.9871985739435363
42047,1,1,0.9776132431864054
66861,1,1,0.8085752367073034
35767,1,1,0.9006399015994442
40944,1,1,0.9721385742974312
113895,1,1,0.9826627049444173
18913,0,1,0.9851100924859606
8016,1,1,0.8773475958493122
19250,0,1,0.92641024272406
74920,1,1,0.9855645510075471
39831,1,1,0.9481680968561393
61617,1,1,0.9819810651488562
59542,1,1,0.9785421732771019
25813,1,1,0.987999290507128
49042,1,1,0.982555995084394
3628,1,1,0.9822623065621463
13645,1,1,0.9830446564571951
113018,1,1,0.9842699688819192
22327,1,1,0.9862394518637585
58388,1,1,0.6558184475649067
84099,1,1,0.7920255282301564
64747,1,1,0.9537441579021544
13171,1,1,0.9823402236770042
101667,1,1,0.9710699938379367
33,1,1,0.9685239048928523
7837,1,1,0.9572127619263573
63998,1,1,0.9744428920897181
111371,1,1,0.9816505889404658
51478,0,1,0.8997523723460483
95191,1,1,0.9488039595753328
29309,1,1,0.9834486420258878
15710,1,1,0.8928598219091408
41876,1,1,0.9439411903516076
70766,1,1,0.9753976950942538
111156,1,1,0.9807716497292325
61090,1,1,0.9014022518420718
41312,1,1,0.9045646885509842
87248,1,1,0.980257660134634
74505,1,1,0.9586219634803907
51347,1,1,0.9873269287746279
62135,1,1,0.982333741837858
108007,1,1,0.9806126048420669
4690,1,1,0.8619954150250752
71428,1,1,0.9881239433322532
98605,0,1,0.8456205601255032
19425,1,1,0.9460865779456383
94059,1,1,0.9715070040643895
43750,1,1,0.9248810934837259
19370,1,1,0.955614854320792
84085,1,1,0.9847515737920186
62207,1,1,0.9573649330210733
57550,1,1,0.9571733500518647
43726,1,1,0.9717398440035783
96663,1,1,0.9177509566430229
13236,0,1,0.6737383883005573
53195,1,1,0.9815062568566139
57490,1,1,0.9877731495563447
83091,1,1,0.9717249532571344
65213,0,0,0.4056052650736769
36892,0,1,0.9664065540363945
105253,1,1,0.9821255218148228
109252,1,1,0.8974790245602976
48700,1,1,0.9773858587718254
109146,1,1,0.9776360976092111
97798,1,1,0.9765957287667397
38422,1,1,0.978020748395821
26945,1,1,0.7836942258263926
60763,1,1,0.9063902535604134
54230,1,1,0.9807962961311427
84630,1,1,0.9756272012887016
67977,1,1,0.9761573783685714
83895,1,1,0.8385455637055478
16193,1,1,0.9881474478954941
23147,1,1,0.9591531643569614
45245,1,1,0.9477459647715519
84118,1,1,0.9826375727669872
23872,1,1,0.9739803892255939
91836,1,1,0.9862322481816277
78244,1,1,0.8907854432751613
41600,1,1,0.9623294602120351
32070,1,1,0.9454779703678616
9175,1,1,0.9779722091853565
95404,1,1,0.983375032899371
54149,1,1,0.9464149124267113
102621,1,1,0.9806072074449661
24497,1,1,0.9874245750018724
66835,1,1,0.9764219939353879
26176,1,1,0.9372612600559093
103693,1,1,0.9918031460620946
46298,0,1,0.8510236266494694
15280,1,1,0.9625100501000113
65625,1,1,0.9595325380998438
102697,1,1,0.9895437412780297
68968,1,1,0.9198050761122696
47997,1,1,0.9777256243658251
103208,1,1,0.9909849151918098
58932,1,1,0.9788659463484498
3182,0,1,0.9015080190503889
96472,1,1,0.9754901244253914
46356,1,1,0.9648931017951138
17774,1,1,0.9844053019280469
21927,1,1,0.9846781336641729
62923,1,1,0.8101783563499686
77255,0,1,0.9112381939007373
40176,1,1,0.9867827951399623
111807,1,1,0.9057910017569428
114065,1,1,0.9896972748710067
35934,1,1,0.7567791841616353
23320,1,1,0.836673518027639
110638,1,1,0.9548727583769303
11986,1,1,0.9830200351091665
99228,0,1,0.8128549014072577
110237,1,1,0.9814446287292381
48717,1,1,0.9715740388078314
3027,1,1,0.984873692179335
67919,1,1,0.9799204218038632
11830,1,1,0.8957789572454293
2362,1,1,0.9781385783213882
87239,1,1,0.9880524691954669
37600,1,1,0.883904749773259
54358,1,1,0.9835725401579692
89072,1,1,0.9654783396172545
94673,1,1,0.9043903245780615
60893,1,1,0.9839033923579144
25327,1,1,0.9756552759851289
48016,1,1,0.9601895951954144
113488,1,1,0.8154795289663268
46462,1,1,0.978343448745401
85635,1,1,0.9728037746988015
100212,0,1,0.9281238042283552
50175,0,1,0.6072571431819673
2420,1,1,0.9851176382077402
29040,1,1,0.9592730554055169
28447,1,1,0.9816178070842227
47717,1,1,0.9562769469231661
94899,1,1,0.9289808411739549
40594,1,1,0.971743561867705
86312,1,1,0.9805780374594346
111943,1,1,0.9813326195677348
565,1,1,0.9681829037041977
112619,1,1,0.9703970413924803
74311,1,1,0.9036341965875723
83500,1,1,0.9816134617647357
24597,1,1,0.9581822210426214
38373,1,1,0.7505728403627122
89598,1,1,0.9857452594099354
57171,1,1,0.9828466654786876
107734,1,1,0.9848289208623551
71729,1,1,0.9896022385417221
15654,1,1,0.9468268643529948
82161,1,1,0.9841315127316602
102358,1,0,0.39704186022854815
101813,1,1,0.967210891464675
80778,1,1,0.9732129605771389
62994,1,1,0.9682469080844912
99530,1,1,0.9698383197047283
75170,1,1,0.9864921191009828
91824,1,1,0.9223587574735078
56376,1,1,0.9769666968215621
39851,0,1,0.9684071742808043
18320,1,1,0.9613439049724937
30331,1,1,0.9726541023319671
30915,1,1,0.987388021402548
96258,1,1,0.9195636568385112
10280,1,1,0.9823508483094825
100590,1,1,0.9789113359051583
99270,1,1,0.815262751978328
110726,1,1,0.9873620914631536
72211,1,1,0.7771907779558929
68111,1,1,0.9865454964533489
51433,1,1,0.9550164130442808
874,1,1,0.9782725613184811
62685,1,1,0.8938395741625168
35612,1,1,0.9806664367812031
43440,1,1,0.9730705343168174
63046,1,1,0.9090751108640868
72782,1,1,0.9389544476039954
19229,1,1,0.986448603954788
99612,1,1,0.9835047221734753
112786,1,1,0.9664660224165932
59742,1,1,0.9646090177109551
846,1,1,0.9237695230721239
71953,1,1,0.9828805064685998
38896,1,1,0.9893351893141321
89597,1,1,0.9827271449069396
44892,1,1,0.986183255177394
24008,1,1,0.9762797149121616
81326,1,1,0.977419385158048
110192,1,1,0.9638124482884045
42046,1,1,0.968332294723254
71045,1,1,0.8891571032602584
55226,1,1,0.9825943979339501
25081,1,1,0.9891700831383712
9379,1,1,0.9446121816907925
68871,1,1,0.9843636608225627
58818,1,1,0.9834701951148398
28749,1,1,0.9869270649569808
94630,1,1,0.9796346735933908
96164,1,1,0.9897469963216675
97325,1,1,0.9841156618919367
80379,1,1,0.9747625234438058
71861,1,1,0.9812136934053453
37417,1,1,0.9740565989876928
19622,1,1,0.9849160220371047
49532,1,1,0.9702034279962959
42013,1,1,0.9737257258049609
19813,1,1,0.9767434299008164
19071,1,1,0.9733906572140697
13399,1,1,0.9260902547564887
86597,1,1,0.9845148031442056
93951,1,1,0.9888704342326661
34140,1,1,0.9825123665994757
34997,0,1,0.9650004842237329
28964,1,1,0.9477780751073704
37202,1,1,0.9711051525483001
74148,1,1,0.9845274123199034
34712,1,1,0.9868651087963428
17492,1,1,0.9666962055751835
62740,1,1,0.9685413594357092
71204,1,1,0.9854790544781232
25740,1,1,0.7642118963754813
14014,1,1,0.9728064846361237
41010,1,1,0.9424806550721968
46563,1,1,0.9887335804029385
101384,1,1,0.9494427955520003
25931,1,1,0.9559600472975746
101598,1,1,0.9519737847606479
96937,1,1,0.9538139936035132
26418,1,1,0.8809789524844945
53229,1,1,0.8742855859734687
94251,0,1,0.959475825247056
37071,1,1,0.919914007229747
27877,1,1,0.8771653325821696
90099,1,1,0.7966086615833229
80909,0,1,0.8610802394329348
56388,1,1,0.9761801217920738
76685,1,1,0.9491762236680961
52090,1,1,0.8227729369000604
5647,1,1,0.9816945092853941
18509,0,1,0.9008588236259284
91518,1,1,0.9879865176932378
81363,1,1,0.9728453860075365
86128,0,1,0.9701447284865091
85446,1,1,0.9821931417093328
55108,1,1,0.9285174138879572
100728,1,1,0.9325805675554638
107816,1,1,0.985083569782096
45526,1,1,0.9763887652197697
92716,1,1,0.9806543394605955
101238,1,1,0.9866661778925954
65653,1,1,0.9660202501513866
22192,1,1,0.9662571272022689
71264,1,1,0.9397766941235869
105001,1,1,0.8402298833441447
52377,1,1,0.9865641366932043
107901,1,1,0.8826669290241074
7637,1,1,0.9848309628228956
98987,1,1,0.9270143145400913
6517,1,1,0.9729090842977454
112096,1,1,0.9624666733487103
7195,1,1,0.9869896974124012
61036,1,1,0.9775514392446796
57014,1,1,0.8857691623240336
19086,1,1,0.9349775668285094
54645,0,1,0.8558121153716289
29218,1,1,0.9786038049968122
32753,1,1,0.9632150366553159
111545,1,1,0.9801187818634411
83954,1,1,0.9752419115094675
1050,1,1,0.9719708836182054
93562,1,1,0.986863380318576
2599,1,1,0.958813351189248
62150,1,1,0.9466414196555746
86655,1,1,0.8921796221680768
63471,1,1,0.9671635452492234
70554,1,1,0.8463575831552157
51608,1,1,0.9909032537258482
94767,1,1,0.9784412848358908
63971,1,1,0.89144989731381
93073,1,1,0.9439223694945479
106708,1,1,0.9802266013258304
100429,1,1,0.9879724740979631
74929,1,1,0.9519804834807208
109265,1,1,0.9108226137327953
71824,1,1,0.9798266263562223
66766,1,1,0.9273148766791374
21502,1,1,0.9658443569468549
33486,1,1,0.9844023009840969
65273,1,1,0.9839654654138739
111763,1,1,0.9134556133210161
10865,1,1,0.9884655177275296
94855,0,1,0.9477089056101852
92620,1,1,0.8020070776205401
24500,0,1,0.934134665155298
29010,1,1,0.9711486668813049
54289,0,1,0.9736352213080831
107962,1,1,0.9697562714491711
18000,0,1,0.7408111488638697
98563,1,1,0.9845570384535377
81439,1,1,0.9356591903770999
8246,1,1,0.9070825209536681
35512,1,1,0.9634590080157829
100818,1,1,0.9823135711686747
96615,1,1,0.9853161923812145
13474,1,1,0.974987873584504
83495,1,1,0.9715403441461903
47260,1,1,0.7569134324223743
89191,1,1,0.9841375613903544
71836,1,1,0.9756315152728964
5347,1,1,0.9625883529226739
77788,1,1,0.9663661852727279
35817,1,1,0.9745789973654367
7068,1,1,0.9382796240795632
57172,1,1,0.9818877155076444
2053,1,1,0.9519339346328223
92990,1,1,0.9321178712300229
54150,1,1,0.9778808190686014
95778,1,1,0.7264833907043554
18339,1,1,0.9519107049207572
98856,1,1,0.9824361635231963
101015,1,1,0.9788042444998662
14121,0,1,0.9488006380399603
8726,1,1,0.9788410963389731
38939,1,1,0.9900372502793828
21694,1,1,0.9888136910487962
64388,1,1,0.782887833758046
70005,1,1,0.9848353620791978
46702,1,1,0.9844653194432788
110996,1,1,0.9701075202177671
21496,1,1,0.9381953658971892
20478,1,1,0.97375325961683
94364,1,1,0.9504457840396099
95392,1,1,0.930249871094994
11140,1,1,0.9810901484750127
77710,1,1,0.9559238602452104
33449,1,1,0.9828269920220396
49818,1,1,0.9843355972884837
83901,1,1,0.8062660675509596
104466,1,1,0.9733933617758839
78103,1,1,0.9050832923849401
48445,1,1,0.9724958984148491
40765,1,1,0.908523000976303
85135,1,1,0.9698079482950683
16183,1,1,0.9687903684979251
28886,1,1,0.9506408132940001
111631,1,1,0.9737196745453933
83398,1,1,0.9866212536726782
3438,1,1,0.9649195627033407
79301,1,1,0.9663633007373686
89881,1,1,0.9606681999135512
50859,1,1,0.9473679279227769
14899,1,1,0.9409262318874694
45512,1,1,0.9454253547177067
88897,1,1,0.9788064320844639
95475,1,1,0.9738073005474582
71923,1,1,0.9544814536562541
28035,1,1,0.9412950218284404
38357,1,1,0.9792572385366236
90352,1,1,0.9181994151857065
835,1,1,0.9420688549830293
20074,1,1,0.9647478741683514
56327,1,1,0.9901039945380333
471,1,1,0.9460807377796258
44197,1,1,0.9823449718337832
55391,1,1,0.9762533109340212
102249,1,1,0.9838892913407796
67580,1,1,0.9782358828464117
73849,1,1,0.9635826413770191
108281,1,1,0.9670751067251585
20092,1,1,0.8916929820344456
19203,1,1,0.9537503092055519
56083,1,1,0.9742557402705768
67725,1,1,0.9772633876699229
18958,1,1,0.9872184413988232
36735,1,1,0.9781543898087725
96047,0,1,0.8712988571944285
10878,1,1,0.9372463045586426
18059,1,1,0.9345630568524045
5946,0,0,0.4145506396453842
68967,1,1,0.8472042505159945
81062,1,1,0.9749541743767125
80463,1,1,0.8442939491871574
63256,1,1,0.9749504290951294
4920,1,1,0.8741583405508062
51055,1,1,0.9901072917523418
95798,1,1,0.9802300373186821
77262,1,1,0.9683437089752969
108171,1,1,0.8886898913775981
112461,0,1,0.9794912925653376
54233,1,1,0.9741260978534195
73008,1,1,0.9475578984477485
51983,1,1,0.9645338492942762
33473,1,1,0.973243308178496
21002,1,1,0.9821933856090034
19494,1,1,0.895256014266472
30706,1,1,0.9075048126604399
7827,1,1,0.9716143774157622
41297,1,1,0.9781842564269858
24131,1,1,0.8677729206824509
38376,1,1,0.9822188344967623
81275,1,1,0.9759727603059294
49959,1,1,0.9909177695915763
101323,1,1,0.9141223780936648
5878,1,1,0.5913188533689708
111040,1,1,0.9789954847343618
41839,1,1,0.9879452677573438
111221,1,1,0.9730184864813396
3888,1,1,0.8597558612280152
97076,1,1,0.9863288956664793
71669,1,1,0.9883672223094382
31392,1,1,0.9811685125586675
27059,1,1,0.9782118169890189
2266,1,1,0.9768632710100029
72234,1,1,0.8468728286650824
19900,1,1,0.9163304100093357
37453,1,1,0.9835262381184194
87001,0,1,0.5958621076183915
57614,1,1,0.9817665739070354
49837,1,1,0.9815673766714362
106428,1,1,0.9365557513437807
81410,1,1,0.9763995548409911
80023,1,1,0.9771987438394291
72700,1,1,0.9865648753616896
31282,1,1,0.9767544472846775
52427,1,1,0.9514866101147652
5919,1,1,0.9763164384706728
21312,1,1,0.9768003602630455
44110,1,1,0.8764719146704217
7472,1,1,0.9883838859654032
94020,1,1,0.9670937505899537
78959,1,1,0.9817472646009776
80900,1,1,0.9384584428989206
80586,0,1,0.9073179466803571
65350,1,1,0.9840943665601359
57761,1,1,0.9371578238468096
27732,1,1,0.9260950938385559
18682,1,1,0.9855822327581794
10897,1,1,0.9012413727049637
4340,1,1,0.9583219260890575
53830,1,1,0.9723592423811448
33540,1,1,0.9646448133269947
71701,1,1,0.9851364118177283
57769,1,1,0.9649725263558113
107060,1,1,0.9648667706678831
110781,1,1,0.9553844635117551
50770,1,1,0.9727212243737124
40185,1,1,0.9848812885876483
74043,1,1,0.8695186741775864
104883,1,1,0.9771383023209494
106219,1,1,0.9719443386069161
83741,1,1,0.9861341501517362
67175,1,1,0.9520554837992458
106358,1,1,0.9785678136999398
30236,1,1,0.977873493312352
41581,1,1,0.8442738333268053
79631,1,1,0.9891448358610683
77090,1,1,0.9741388322509964
4982,1,1,0.9444019502306427
100584,1,1,0.9132812143197989
35485,1,1,0.9432948102519195
61924,1,1,0.9363319548325074
14786,1,1,0.986586111813021
7061,1,1,0.9016059338919811
1231,1,1,0.6382312155922503
26071,0,1,0.9514358995482711
11080,1,1,0.9870113694195939
56396,1,1,0.952028940383887
88098,1,1,0.9809048925334523
32981,1,1,0.9724107197810419
24994,1,1,0.9101372256503963
65516,1,1,0.9748136874488097
110647,1,1,0.974032328389208
76702,1,1,0.946075383452272
83463,1,1,0.96012586244054
27300,1,1,0.9798424639504104
96915,1,1,0.9328173593003155
48771,1,1,0.980158019856115
50102,1,1,0.9773616180358069
103031,1,1,0.9668775645493588
105413,1,1,0.9852639267577833
35099,1,1,0.9651512350737205
33649,1,1,0.943841719101205
88195,1,1,0.9876482697778954
69322,1,1,0.9737775653225856
89967,0,1,0.883032038567769
55389,0,1,0.878379036335509
53682,1,1,0.9759811478936963
50304,0,1,0.895811817124206
110697,1,1,0.9787338691749673
13782,1,1,0.969412721415095
23952,1,1,0.9009974810784585
40712,1,1,0.9816935586515835
98123,1,1,0.8868133663396718
70253,1,1,0.9784928281118226
44329,1,1,0.9820447559315282
92540,1,1,0.9456474424131386
6738,1,1,0.9719583416837968
74568,1,1,0.8784301308079462
9008,1,1,0.9745118148575879
1777,1,1,0.9792663204290497
25609,1,1,0.8940171634846954
110649,1,1,0.9806459223342548
21075,1,1,0.986789247055303
8517,1,1,0.9586778660646805
49907,1,1,0.9717902255128716
20313,1,1,0.9135748578966297
64026,1,1,0.9807455868678533
56215,1,1,0.9778265713423271
38256,1,1,0.9750412248837266
86337,1,1,0.974033041846054
84641,1,1,0.9505972529477725
102234,1,1,0.9567486897035864
96681,1,1,0.9747649616285858
24712,1,1,0.9615855632210049
38944,1,1,0.9869782627123008
2184,1,1,0.9814064912281671
34557,1,1,0.8793297602468856
101774,1,1,0.9450416710833348
40540,1,1,0.9797772088278202
7066,0,1,0.84216501621402
36831,1,1,0.9624741753817386
83999,1,1,0.8989505174196951
29961,1,1,0.9577109203156009
4252,1,1,0.9747905394048004
9138,1,1,0.9841128001431183
3920,1,1,0.9782180186371854
48689,1,1,0.9822340099483585
41768,1,1,0.977715496816065
77966,1,1,0.811437127311355
13943,1,1,0.969870490170212
87255,1,1,0.922617232161247
85075,1,1,0.9599211168402709
75512,1,1,0.963781439572535
27308,1,1,0.9829777982222493
45806,1,1,0.9861051701640334
23195,1,1,0.9444637993083945
99526,1,1,0.952447661058575
25674,1,1,0.9327781666289944
18785,1,0,0.4109484730477272
36533,1,1,0.9663351222158297
15175,1,1,0.988728727269798
29774,1,1,0.9835008471969401
109138,0,1,0.9691529108339936
57239,1,1,0.9863864701489455
24573,1,1,0.9645933647966297
97728,1,1,0.8932368772622588
70255,1,1,0.7689132658665694
61537,1,1,0.9607111471905415
10089,1,1,0.9631108933828174
21117,1,1,0.979438948200828
24318,1,1,0.9834107043789642
77590,1,1,0.9700646138018403
112400,1,1,0.9758988778088892
65262,1,1,0.9182979037928437
61905,1,1,0.9883228078682543
9282,1,1,0.9811920977681383
65829,0,1,0.7782115611960871
49967,1,1,0.7786055461211248
65401,1,1,0.927261899291866
24576,1,1,0.8657531465263666
91734,1,1,0.8812729914093971
78818,1,1,0.9822266808075425
35014,1,1,0.9683069324188105
95053,1,1,0.9798720873773752
25884,0,1,0.8897255490707625
87306,1,1,0.9630445722121045
15107,1,1,0.9110146992530307
90063,1,1,0.9531082227154589
97990,1,1,0.9825884806198006
80139,0,1,0.9249794563037547
15246,1,1,0.9787776799697621
62992,1,1,0.9899160057260157
93416,1,1,0.945211408280443
38392,1,1,0.9733962933855173
71250,0,1,0.9251933057913401
42502,1,1,0.9442692515832013
54009,1,1,0.9623679491257261
35755,1,1,0.9720664106027137
59659,1,1,0.9426342012116501
24228,1,1,0.9876759489215307
107383,1,1,0.9771082555604994
33663,1,1,0.9788524635879525
95198,1,1,0.9777746186499027
18241,1,1,0.9876677122746943
6534,1,1,0.9813159310044204
17611,1,1,0.9691257561066787
53858,1,1,0.9542472514013081
22946,1,1,0.97841167550109
11744,0,1,0.9660500386629224
103492,1,1,0.9878380563669228
44028,1,1,0.9796806860874138
50638,1,1,0.9374340679093665
107656,1,1,0.9702164845053213
52649,1,1,0.8697640843202824
89736,1,1,0.9678628517605957
49689,1,1,0.9779429619093036
21901,1,1,0.9885131417897113
27483,1,1,0.9519889829442477
96608,1,1,0.9590869864955625
85485,1,1,0.9625486105872496
74575,1,1,0.934242202702809
76288,0,1,0.7273068551266634
29674,1,1,0.9045713343842731
54825,1,1,0.9763110552492446
88025,1,1,0.9824195867148795
8034,1,1,0.8225164564906646
67661,1,1,0.8650032315847909
9069,1,1,0.9809993549043049
108494,1,0,0.36104768431589773
27883,1,1,0.9767031443461635
3443,1,1,0.9479470760057831
7570,1,1,0.9882151301193794
99248,1,1,0.9819210047082555
77462,1,1,0.9741324133664591
100604,1,1,0.9881314497176803
24958,1,1,0.9817431081892839
92438,1,1,0.979987412867769
84596,1,1,0.9669587046855584
16390,1,1,0.9869325418408765
76746,1,1,0.9583889008856873
91645,1,1,0.9042495046954974
4602,1,1,0.9363094282262255
20744,1,1,0.9309648668569556
89125,1,1,0.9702973904185346
112555,1,1,0.9798805170655207
30526,1,1,0.9865719081073634
72694,1,1,0.9762398607793542
23970,1,1,0.9706098072007052
69032,1,1,0.6262054431388161
94244,1,1,0.9620851711749145
22151,1,1,0.9895386693991925
93898,1,1,0.9785891698088479
103517,1,1,0.9838490621921295
49881,1,1,0.9808736345806994
42067,1,1,0.9617303481416815
2720,1,1,0.9832892954572783
36869,1,1,0.981412736995661
5294,1,1,0.9716806600065937
34937,1,1,0.9034140958676189
65794,0,1,0.5682064300051158
7777,0,1,0.7514820747124138
110239,1,1,0.9562085392279892
47818,1,1,0.9382677036363337
25588,1,1,0.9154280757186011
707,1,1,0.9799993677756482
97986,1,1,0.9300832947185922
59840,1,1,0.9531454734259082
92888,1,1,0.9897679128803523
52267,1,1,0.9393089190913181
84214,1,1,0.9781993924238197
100142,1,1,0.9457244034342047
80488,1,1,0.950675765936682
72279,1,1,0.9663549516190915
112041,1,1,0.9477583756653363
50836,1,1,0.9906957513048638
61679,1,1,0.9849453260084318
12530,1,1,0.9503963284401553
106857,1,1,0.9779597429186587
63531,1,1,0.9700552570837051
104786,1,1,0.9901235905179999
17525,1,1,0.9820950724429501
20521,1,1,0.9619865376272753
1674,1,1,0.972978378647056
102871,1,1,0.9377825987829942
33422,1,1,0.8808696827650726
8761,1,1,0.9600546017773062
47828,1,1,0.966690715044669
8366,1,1,0.9783730953643063
62028,1,1,0.9691652140684983
2629,0,1,0.9199632626352551
37938,1,1,0.9715088312857828
20396,1,1,0.9832568704167827
85643,1,1,0.9768088477291811
5884,1,1,0.9820313042480052
89550,0,1,0.9398831579197373
112637,1,1,0.9663303832253116
14602,1,1,0.9820103211567807
69882,1,1,0.9835785322182735
489,1,1,0.8111433139347268
30699,1,1,0.9160069035240357
59041,0,1,0.9576840515733234
59649,1,1,0.9792966541232989
10326,1,1,0.9845906391186623
102806,1,1,0.980854951780958
7876,1,1,0.9831476998298376
31337,1,1,0.9110237281708078
64274,1,1,0.9878267257145584
55929,1,1,0.9701091182956951
63990,1,1,0.9743105498789653
101924,1,1,0.9812311834999401
109238,1,1,0.9321525325891361
98823,1,1,0.9496433545395565
65757,1,1,0.9729812952600253
25444,1,1,0.9711102133412542
26863,1,1,0.9700464188226029
69122,1,1,0.662153635182551
38703,1,1,0.9306276156823441
52049,1,1,0.9657764117009685
55503,1,1,0.9893475045714525
91394,1,1,0.9775318105099243
44019,1,1,0.9199898130317119
101228,1,1,0.9772144545390382
33262,1,1,0.9747463577805766
99777,1,1,0.9779895070660566
5543,1,1,0.9855786781063116
98956,1,1,0.9412359170003409
97277,1,1,0.9830997939584465
78561,1,1,0.9810503262579975
44975,1,1,0.9537957850070152
52678,1,1,0.9646051253812881
77571,1,1,0.953730573423928
65729,1,1,0.976413849700426
36178,1,1,0.9216674840796002
105125,1,1,0.9858657772590267
46275,0,1,0.8628139222288039
113140,1,1,0.9780726471414032
1199,1,1,0.9670129830685732
44142,1,1,0.9851877409196454
113775,1,1,0.9766730514270863
34810,1,1,0.9820903964467258
7403,1,1,0.8315972088117689
26631,1,1,0.9808490915196314
31221,1,1,0.9729337257847663
59200,1,1,0.957985742664054
36461,1,1,0.9751455680783786
107174,1,1,0.9774981555411972
104001,1,1,0.9841639850609305
106696,1,1,0.9818849487698577
97460,1,1,0.9723451147637683
96708,1,1,0.9681599949051727
79255,1,1,0.9270178048109733
81564,1,1,0.9065914071997315
72205,1,1,0.962422582330894
2819,1,1,0.9551309264426471
61826,1,1,0.9574118724929244
113433,1,1,0.885994103703387
25699,1,1,0.9752615085806723
70256,1,1,0.9793111163109733
55200,1,1,0.9343374696465875
13316,1,1,0.9765874492569745
38738,0,1,0.7606827958712572
110098,1,1,0.9102338823047927
79605,1,1,0.9262583580321296
43408,1,1,0.8913560879228842
32990,1,1,0.9783788094002946
61148,1,1,0.9836911650042949
99352,1,1,0.9345777221824961
39957,1,1,0.9169660402190108
14967,1,1,0.9798430078272997
22574,1,1,0.9906041617166043
20552,1,1,0.9814391382572509
51169,1,1,0.980645587081612
93254,1,1,0.9396177792214042
108367,1,1,0.8737849317465143
12235,1,1,0.9771851825393976
2867,1,1,0.8011066567379564
61150,1,1,0.9892451424557279
103704,1,1,0.9643873290052426
101761,1,1,0.9880371074719504
12111,1,1,0.9698969612225924
38751,1,1,0.9858721452013223
37790,1,1,0.5308454697569918
83690,1,1,0.989198907366867
48167,1,1,0.9636962248986466
31499,1,0,0.49620202358566257
56624,1,1,0.9894141905342811
112896,0,1,0.8161097958149678
73560,1,1,0.9838331912869978
108398,1,1,0.5567842293003447
94397,1,1,0.987775972336577
112459,1,1,0.9780048127612345
19910,1,1,0.9511071057425067
32879,1,1,0.9341230288605525
55755,1,1,0.9613103376644192
18280,1,1,0.9549021499294932
41399,1,1,0.6833587896123303
105492,1,1,0.9768671755969225
54881,1,1,0.9729787091848332
70589,1,1,0.9754708118198728
7360,0,1,0.9603859351905542
22203,1,1,0.9286414883237575
98834,1,1,0.9348759673505127
37051,1,1,0.9815662752967883
40105,1,1,0.946156975063313
85437,1,1,0.9335062572411312
205,1,1,0.9313517118509571
97818,1,1,0.9865521928063726
34692,1,1,0.7553563336244771
46990,1,1,0.978535749031942
16980,1,1,0.879935509829805
88695,1,1,0.9808118999868767
7113,1,1,0.9802805048153821
59042,0,1,0.966896796894056
76139,1,1,0.9424349046680908
4963,1,1,0.986017990616489
70414,1,1,0.9560086182295006
62829,1,1,0.9879200858265919
68526,1,1,0.9830978330568084
85896,1,1,0.8893732063648947
112735,1,1,0.9629586403858585
99242,1,1,0.9856422684637952
28362,1,1,0.9827870791289961
7405,1,1,0.9739436045556829
46787,1,1,0.987051356701093
17097,1,1,0.9764815339732212
85886,1,1,0.9751941831234208
63739,1,1,0.984291968526221
34794,1,1,0.8861966168189781
54222,1,1,0.9830495671926611
12965,1,1,0.9362153236511441
50125,1,1,0.9857185869085591
6637,1,1,0.5901893828512379
53462,1,1,0.979107992525229
2627,1,1,0.9446272151363095
85956,0,1,0.9006629328228871
40242,1,1,0.965295468980375
37660,1,1,0.9817234668639124
55334,1,1,0.9863738552285372
65053,1,1,0.9732191377787088
64712,1,1,0.9713037984010914
80459,1,1,0.9883616895177043
18594,1,1,0.9813015100320409
89814,1,1,0.9179047713241367
42308,1,1,0.9707509734633417
20544,1,1,0.9636956909750931
27438,0,1,0.9772263772693253
75400,1,1,0.9732268043614378
105416,1,1,0.9764127550239812
52038,1,1,0.9700141413866231
31427,1,1,0.9884158134386244
82616,1,1,0.975967076637067
92907,1,1,0.9874173966135849
98791,1,1,0.9486667586725042
101427,1,1,0.9712267538618791
55994,1,1,0.9769269198743168
55903,1,1,0.9902202155545015
61426,1,1,0.9883006900067933
78264,1,1,0.9750268783047867
112588,1,1,0.9801786027601357
75183,1,1,0.9183943761631331
99528,1,1,0.9309717348948962
14875,1,1,0.9848445415493565
23597,1,1,0.978276708171079
110700,1,1,0.942247411124581
41853,0,1,0.948435409495551
19766,1,1,0.9638268841678816
4728,1,1,0.9842985274927004
50260,1,1,0.9732634878020225
108953,1,1,0.9662365481705683
2043,1,1,0.9029230424163124
106413,1,1,0.9786628766185812
49998,1,1,0.9808528805018372
90195,1,1,0.9609073589180881
70953,1,1,0.9806603457170844
61536,0,1,0.6640931417063984
23830,1,1,0.8169321346016133
72406,1,1,0.9872311261638115
93540,1,1,0.9724576664110973
105150,1,1,0.9701012563622744
20509,1,1,0.9719459050075591
18949,1,1,0.9865856596204368
79864,1,1,0.877528333695274
76463,0,1,0.6418166689592517
74553,1,1,0.8987655752024749
56501,1,1,0.9769631870280538
69431,1,1,0.9655853103816768
65759,1,1,0.9851276032106797
91540,1,1,0.9664665490435239
51551,1,1,0.9764064118589225
83618,0,1,0.9636855551062087
60959,1,1,0.9759543063329367
34793,1,1,0.9402533264032471
46196,1,1,0.9745334328451294
73516,1,1,0.9537293423954268
27022,1,1,0.9738222335719624
98448,1,1,0.9028317702449098
68139,1,1,0.9889146570128239
3853,1,1,0.9774813612098726
52239,1,1,0.9825580319955888
72512,0,1,0.9231043139992211
104863,1,1,0.9646829244779023
62039,1,1,0.8780523466795893
30129,1,1,0.9336961431100633
38676,1,1,0.9839891616657015
44772,1,1,0.683038819140964
33286,1,1,0.9702447885498396
89442,1,1,0.9029968643841249
7218,1,1,0.9821569649602047
89106,1,1,0.9550664367925507
8045,1,1,0.9741926476755908
86347,1,1,0.9859520364678473
7200,1,1,0.9849598598729484
90552,1,1,0.9721085965188598
45923,1,1,0.976750285556773
52566,1,1,0.9769646226598399
87439,1,1,0.97905160565474
76481,1,1,0.9429757156107914
53641,1,1,0.986823553396384
103463,1,1,0.617722688081811
39081,1,1,0.9748068728603211
24034,1,1,0.7895961668149354
42656,1,1,0.9678665795873787
38219,1,1,0.9793592413573413
50118,1,1,0.9776272235995972
71896,0,1,0.9842074229507295
51934,1,1,0.961181459606846
26183,1,1,0.9869208197125084
32349,1,1,0.9850542257968289
46802,1,1,0.9842526909076598
93352,0,1,0.715958935133988
35470,1,1,0.94158598909226
83064,0,1,0.6551473684661099
73947,1,1,0.9861638665281102
89250,1,1,0.9744317719540855
87864,1,1,0.9880936005062255
65000,0,1,0.9379490997266964
104258,1,1,0.9836524198482557
53529,1,1,0.9589424171540029
25996,1,1,0.9394724465725
97954,1,1,0.940473093510431
46629,1,1,0.9777111889313349
21942,1,1,0.9459444953811713
68083,1,1,0.9711964753528667
50255,1,1,0.8853338417156956
7048,1,1,0.9836862192207646
74806,1,1,0.9327259882011752
24251,1,1,0.9793734257753491
95839,1,1,0.9767320791435465
47916,1,1,0.9702098074558729
53772,1,1,0.9798755427915421
95728,1,1,0.9822968471855817
30459,1,1,0.7592891129346944
62599,0,1,0.8605736258980659
79117,0,1,0.9858801147197045
14754,1,1,0.9849622353555086
99357,1,1,0.8845793505964223
97043,1,1,0.9790716463288414
23954,1,1,0.9884571373614378
59491,1,1,0.9875328825124792
94539,1,1,0.9619336456876157
20623,1,1,0.8654526223201299
40435,1,1,0.9726923545408872
61075,1,1,0.9208090390175926
61407,1,1,0.9664392966341622
48261,1,1,0.9875995931841828
95655,1,1,0.9789349302059042
49636,1,1,0.9786527521940793
108699,1,1,0.691481466298592
70715,1,1,0.9226903867598147
82270,1,1,0.9801279867497389
38083,1,1,0.9775396310172559
4471,1,1,0.9681385045716261
90501,1,1,0.937471068045984
49626,1,1,0.9850776839496939
20826,0,0,0.12692129289910348
53871,0,1,0.9477983827256916
57921,1,1,0.8712843896205155
101647,1,1,0.9556206467170173
46329,1,1,0.9666308307940557
92674,1,1,0.9845211372802686
39250,1,1,0.9749522854098058
109414,1,1,0.9796964775233632
5883,1,1,0.9838441013345682
6449,1,1,0.970738246449968
68045,1,1,0.9675697782646415
102327,1,1,0.961553500956255
46872,1,0,0.4319289180383111
17955,1,1,0.9847985383989929
56334,1,1,0.940468826638904
13082,1,1,0.9511036542855517
26264,1,1,0.846028700563406
47259,1,1,0.971916384903358
113974,1,1,0.9634022926439626
37338,1,1,0.9794415525835998
64102,1,1,0.9684776473409382
48732,1,1,0.9783651862705024
44952,1,1,0.9855283860356842
69085,1,1,0.829114688788216
54647,1,1,0.9822670036512078
90241,1,1,0.9800361008034628
4700,1,1,0.9574684145563171
82124,1,1,0.9851968601552694
109006,1,1,0.9707636270014843
74100,1,1,0.9774208258291417
24913,1,1,0.9805858417984483
48747,0,1,0.9068125534401829
30557,1,1,0.9861581647129922
18068,1,1,0.9823473016758805
28535,1,1,0.9755867508783166
40407,1,1,0.9874365742687093
30122,1,1,0.9894688749245322
67583,1,1,0.977000306311296
62987,1,1,0.9849324970255422
52946,1,1,0.933627642534959
88444,1,1,0.9744876598296608
16660,1,1,0.9537817361356938
2574,1,1,0.9846170867044867
84948,1,1,0.9277660304532263
108247,1,1,0.9498427420457367
81110,1,1,0.9575964353210881
103488,1,1,0.906865371412776
37509,1,1,0.9918028611404412
110104,1,1,0.984166581621912
24732,1,1,0.951648994272834
85916,1,1,0.9173872682761222
17924,1,1,0.9799570440164072
65631,1,1,0.9737057883359022
103673,1,1,0.9809489114310989
62381,1,1,0.9789196380374691
4117,1,1,0.966239811176283
44506,1,1,0.956655232230935
36555,1,1,0.953045218646631
21256,1,1,0.9192628855679333
91117,1,1,0.8766284641055624
100640,1,1,0.9805123471462347
19535,1,1,0.9360251862566542
13708,1,1,0.9840099952130542
78418,1,1,0.9173012742599017
90715,1,1,0.9770686482349722
91700,0,1,0.8099632565421168
105553,1,1,0.8984707307605059
59083,1,1,0.9813169399249946
42019,1,1,0.8562602104759812
37796,1,1,0.9798567177469575
103802,1,1,0.9725681838019727
16046,1,1,0.968453303285083
40133,1,1,0.9818893590225158
90743,1,1,0.898951740752354
92828,0,1,0.8689213258053115
16808,1,1,0.9836842490578916
33312,1,1,0.9869732395214431
37505,1,1,0.9756609661828076
109666,1,1,0.9225287900952518
17866,1,1,0.970405290707149
83404,1,1,0.9321003156824408
8701,1,1,0.9014052085217413
59447,1,1,0.9821521109156941
89823,1,1,0.9784302153698077
54453,1,1,0.9773267060745022
45230,1,1,0.9796218208774373
49931,1,1,0.8284496859026699
78274,1,1,0.9825774925981275
6647,1,1,0.96673407244435
69372,1,1,0.9014494662182309
41055,1,1,0.9883437874738529
93144,1,1,0.8376900157753823
49975,1,1,0.9916913125468959
89490,1,1,0.9179093592606685
6173,1,1,0.9847427594631474
76976,1,1,0.9683253203345841
100843,1,1,0.9321093812099571
98817,1,1,0.9742033436022741
3074,1,1,0.9769633030819969
64855,1,1,0.9769640113019903
59341,1,1,0.9781051648264967
27530,1,1,0.9633215414752156
113311,1,1,0.929950525933297
53569,1,1,0.9669693494403279
20649,1,1,0.9849312181378796
43069,1,1,0.9906339452802143
32021,1,1,0.9784100945608923
27559,0,1,0.9717067304525764
21794,1,1,0.9747649273870289
89939,1,1,0.9803752109449961
51762,1,1,0.9842086953294565
11682,1,1,0.8709073847407047
63517,1,1,0.9594954510722153
41284,1,1,0.9663316679622702
110025,0,1,0.9032794063439852
62054,1,1,0.8863742136146264
111711,1,1,0.9231417871901205
73247,1,1,0.9683307738645965
18703,1,1,0.8549357180412243
51191,1,1,0.9860871284392378
105540,1,1,0.9858403250446943
49443,1,1,0.9731911268417431
86242,1,1,0.866530066467147
43972,1,1,0.9811328187452532
62838,1,1,0.9782193594915224
82960,1,1,0.946321001007329
21493,1,1,0.907534707006583
85065,1,1,0.9657303082994086
105929,1,1,0.9690135044142606
47578,1,1,0.852856865254472
87600,1,1,0.8602586644707626
8644,1,0,0.3518121177812301
106474,1,1,0.9798582836811137
30751,1,1,0.9843961703526529
21984,1,1,0.8855657108518102
48654,1,1,0.8926773123004826
40687,1,1,0.8864492459183003
54478,1,1,0.9816817911183925
16198,1,1,0.984493683837552
6422,1,1,0.9346916639829179
41200,1,1,0.9176847692611231
18346,1,1,0.8946168968420851
26491,1,1,0.9735778516099252
104248,1,1,0.9759143732495554
99694,1,1,0.981673755601573
57880,1,1,0.9330185024652038
75870,1,1,0.9630806566285143
100817,0,1,0.8070691515710782
64885,1,1,0.9267536830924241
102117,1,1,0.9628646036266483
64823,1,1,0.8544862136666407
47282,1,1,0.9826100987276506
91157,1,1,0.9758118679867842
74535,1,1,0.9838994545293676
24739,1,1,0.9440142380847211
25305,1,1,0.9656017751813194
88466,1,1,0.9658184905593286
73764,1,1,0.8005419939175095
17303,1,1,0.9795507205099039
39407,1,1,0.9706022733438268
74612,1,1,0.7679858631652533
46693,1,1,0.9630371520135987
56604,1,1,0.9818707817657949
54976,1,1,0.9857464996494578
85802,1,1,0.9402548669511289
31861,1,1,0.9210044145509261
64127,1,1,0.9894158866367977
49593,0,1,0.7871067705455187
56047,1,1,0.9869959725786881
73872,1,1,0.9087332325926141
45911,1,1,0.9419155376550156
16725,1,1,0.9387852978863361
47511,1,1,0.9695058533381116
86904,1,1,0.7904790041149012
53288,1,1,0.9703967525776027
27246,1,1,0.9180553871296651
49829,1,1,0.9883353804878007
109349,1,1,0.9091776917150838
94920,1,1,0.9896304053504555
31290,1,1,0.9885394865799099
6614,1,1,0.9803121516536901
21928,1,1,0.9819611918162205
29395,1,1,0.9839613679637549
89870,1,1,0.9885814487980946
94521,1,1,0.9808996549409715
44043,1,1,0.9569857930944574
51252,1,1,0.98087621832199
110080,1,1,0.9843610169631984
66819,1,1,0.9661845146309185
75484,1,1,0.9850531920392329
5968,1,1,0.9833590299924209
96455,1,1,0.8955300832617625
67081,1,1,0.964106772923058
93717,0,1,0.8768025985358429
85329,1,1,0.9847627602217132
36198,1,1,0.9774838005462068
97238,1,1,0.9865687991584053
19284,1,1,0.9071101843842359
109865,1,1,0.9785791887328601
75903,1,1,0.9636615981568198
82024,1,1,0.987504771339011
62708,1,1,0.9855771937822714
90630,1,1,0.9778398245250622
49447,1,1,0.9782152580153853
35637,1,1,0.9645349840546326
5251,1,1,0.9731019005428664
77878,1,1,0.971528270332589
74577,1,1,0.9786397355224037
101959,1,1,0.9766387269407414
21299,1,1,0.9134466013840468
29656,1,1,0.7770462624268308
13393,1,1,0.9814702354019152
87802,1,1,0.8971464020048833
8928,1,1,0.9869457477105658
75689,1,1,0.9123642947176835
29781,1,1,0.9394553649210621
9565,1,1,0.9387309907186533
53037,1,1,0.9217412328681999
100855,0,1,0.984569874878086
51082,1,1,0.9736992837388776
85095,1,1,0.9838744338218968
112425,1,1,0.9811357872147204
3581,1,1,0.9828124280458871
64100,1,1,0.9773322202783941
89778,1,1,0.9076217475938263
8604,1,1,0.9814373417199307
41045,1,1,0.9737216165153875
8942,1,1,0.977008192914385
100165,0,1,0.8901130979135569
96177,1,1,0.9703363547434282
65690,1,1,0.985479015724648
83442,1,1,0.987673390528733
23569,1,1,0.975311824822056
5499,1,1,0.9855311952531508
49302,1,1,0.982555552351518
47329,1,1,0.9882418072611557
64314,0,1,0.8925847772412846
76734,1,1,0.9795474428548537
88260,0,1,0.9121121269735886
67343,1,1,0.8131593896772574
75504,1,1,0.9457668567952926
85155,1,1,0.9407701534563908
86050,1,1,0.9777801577230679
44974,1,1,0.9821953462249564
102826,1,1,0.963499328082971
76550,1,1,0.9888957379424549
88687,1,1,0.9740215208383074
26699,1,1,0.9788184418624629
22258,1,1,0.978658577861522
102354,1,1,0.9894351162121057
86798,1,1,0.9621854563645059
65418,1,1,0.89701026845374
47170,1,1,0.9826426386375791
62821,1,0,0.45300713024240585
39130,1,1,0.9451843722717316
108730,1,1,0.9869853452206648
90610,1,1,0.8603495394244869
35564,1,1,0.985274768072373
53174,1,1,0.9589837232931817
20455,1,1,0.7655244009280108
107999,1,1,0.9773133731629307
25261,1,1,0.9666012153657776
100779,1,1,0.986621549168111
66359,1,1,0.9553158900409022
2390,1,1,0.976007896859367
106533,1,1,0.9831021108791094
76612,1,1,0.98519935372513
50894,1,1,0.8856766116778924
23038,0,0,0.42465770639339534
7775,1,1,0.9837765347351712
94229,1,1,0.9798020145966568
96279,1,1,0.9654575853842413
61062,1,1,0.975050259946744
46864,1,1,0.981582082753187
68040,1,1,0.989522204305045
411,1,1,0.941831852797754
75281,1,1,0.9691307240558893
4108,1,1,0.9734876350345716
78411,1,1,0.9832565099174942
73687,1,1,0.9151153310769006
11113,1,1,0.8524313961491541
62609,1,1,0.9469837457056777
60768,1,1,0.9878943091125909
59390,1,1,0.984486561080272
56939,1,1,0.9681305222203963
100542,1,1,0.9545614790307164
113491,1,1,0.97754144425031
48403,1,1,0.7372396055847187
92521,1,1,0.9822657964688297
46798,1,1,0.9708794214543482
88283,0,1,0.978522057414024
67399,1,1,0.9580491607748166
31847,1,1,0.9801665453108336
40036,1,1,0.9692049108833134
100559,1,1,0.9818658078378093
103482,1,1,0.9815854144042816
66527,1,1,0.9891399309083042
59806,1,1,0.9691000239569434
110969,1,1,0.9173824153134877
44218,1,1,0.8799393923824784
29059,1,1,0.835741971203602
15633,1,1,0.9857891288826857
22429,1,1,0.9879666203569057
27076,1,1,0.9652547590579127
27026,1,1,0.9868873945601421
40996,1,1,0.9687629676117074
111473,1,1,0.9741776750026987
3598,1,1,0.8654098587508581
76609,1,1,0.9835843830166384
50827,1,1,0.8689700852781699
53137,1,1,0.9819471541056091
101610,1,1,0.9801890433580455
105266,1,1,0.9883162915562173
39134,0,1,0.9217973273225679
99259,1,1,0.9670687924601551
46291,1,1,0.9632441812577366
63727,1,1,0.9777632369337306
34624,1,1,0.9815616620732559
6023,1,1,0.9120527915425712
4095,1,1,0.9772369361724059
83808,1,1,0.9753953814925852
93877,1,1,0.9651491431271142
11783,1,1,0.9812636639546398
53696,1,1,0.9822322903402445
50508,1,1,0.9814276221174473
103275,1,1,0.980306086684822
34528,1,1,0.9856535975905668
62798,1,1,0.9820445400091108
36710,1,1,0.9845629429088039
22026,1,1,0.9206039565734379
84608,1,1,0.8261929985529586
15488,1,1,0.9716137165135679
24925,1,1,0.8757848246911367
113816,0,0,0.3818650710460404
4527,1,1,0.9498449892622011
38778,1,1,0.9776703208648548
113821,1,1,0.9789234721510123
12092,1,1,0.9740748880562304
83238,1,1,0.976535106422254
71293,1,1,0.9770656781419524
90072,1,1,0.945240991775678
70095,1,1,0.9743048415212248
43044,1,1,0.9850452574363814
103760,1,1,0.9718526697218969
11439,1,1,0.9728545720045026
68681,1,1,0.9797561302009724
103882,1,1,0.9670093806882518
104008,1,1,0.961099929855761
49422,1,1,0.9873748243087531
41754,1,1,0.985335269457135
98931,1,1,0.9740019346155164
56197,1,1,0.9664317842479877
67893,1,1,0.9811786853101636
17367,1,1,0.9090473347826971
48825,1,1,0.9252428209898537
88863,1,1,0.9696311865596339
81989,1,1,0.9903969900526695
113102,1,1,0.9862922741326369
109810,1,1,0.9846161364651916
52015,1,1,0.9223110184415902
34789,1,1,0.9690081408470854
3912,1,1,0.9746230257598936
37435,1,1,0.9246255742461161
59539,1,1,0.9853443529067122
100970,0,1,0.8164783495105983
4260,1,1,0.9728530995442891
57081,1,1,0.9548324446329938
89221,1,1,0.9770843872477893
102653,1,1,0.9828828138927796
106299,1,1,0.9105206465345413
37836,1,1,0.985206246481016
97885,1,1,0.9329799236185404
93116,1,1,0.9680417872642526
96201,1,1,0.9849685247589667
112813,1,1,0.9744454655389316
56958,1,1,0.9546308848571167
109637,1,1,0.9524774091692016
40676,1,1,0.972141239126216
54924,1,1,0.9642205169968556
48806,1,1,0.9245798324341669
112703,1,1,0.9482988519819341
71267,1,1,0.9412320761196816
104295,1,1,0.9721186509598443
88749,1,1,0.8270955729142543
9374,1,1,0.9467597419496172
36329,1,1,0.9198709583575867
10063,1,1,0.9740949458358458
112427,1,1,0.9160547459390085
49696,1,1,0.9648071420351999
71107,1,1,0.9358394201873116
98276,1,1,0.9414451757076718
102612,1,1,0.9796623291926888
45392,1,1,0.9797335060979788
15672,1,1,0.9736173098493042
15138,0,0,0.43163841373805
31989,1,1,0.9809019459691027
58266,1,1,0.8635582230743655
111125,1,1,0.9475821873306632
28725,0,1,0.8468245327457773
52519,1,1,0.911893793931061
81426,1,1,0.943307746509188
7833,0,1,0.9495395276079632
56762,1,1,0.980851879929027
95390,1,1,0.8792593361024023
97565,1,1,0.8825950077734465
12361,1,1,0.9822888154603395
90757,1,1,0.8820327795514423
92503,1,1,0.8423844670125277
97553,0,1,0.760420226686337
17552,1,1,0.9715301127079533
62878,1,1,0.9763707613435776
51047,1,1,0.9567770866883641
40035,1,1,0.9833482429270284
62048,1,1,0.9768847426878738
70281,1,1,0.9455455016633778
33089,1,1,0.9690723697886776
77103,1,1,0.9720293043617465
44299,1,1,0.9478954941587857
27251,1,1,0.9463520765910365
76116,1,1,0.9785252871983927
44226,1,1,0.9757816298499749
76938,0,1,0.9021450223410757
32060,1,1,0.9847821270712864
91658,1,0,0.42051165791196005
68298,1,1,0.9668381642881415
79035,1,1,0.9878012880596844
79645,1,1,0.9172081934064721
51776,1,1,0.891815465856077
19980,1,1,0.9699165481101871
104142,1,1,0.933193883776063
66106,1,1,0.9797870592677264
50306,1,1,0.9821983413281618
43575,1,1,0.9764043684204441
54594,1,1,0.963453746342766
72682,1,1,0.9786905581964223
94830,1,1,0.9873180436893678
73685,1,1,0.9670564533359169
99954,1,1,0.9766187111313973
61394,1,1,0.9772565210504499
89126,1,1,0.9844288551784786
85359,1,1,0.9710684928377533
11965,1,1,0.9211300477640538
10631,1,1,0.9358691837542774
17961,1,1,0.9502067855764649
29558,1,1,0.9720084125308365
61612,1,1,0.975140307840187
40795,1,1,0.9835751461803951
41822,1,1,0.9340912063338815
39755,1,1,0.9825752244987169
21880,1,1,0.8269469911655153
32875,1,1,0.9769938460765079
56403,1,1,0.9799064866621671
36236,1,1,0.9543689933919272
53681,1,1,0.9938060329982574
72194,1,1,0.962608006700804
77521,1,1,0.965974361389113
9285,0,1,0.8307878185547795
113506,1,1,0.9737853982335347
55770,1,1,0.9897470928349188
74327,1,1,0.9268046273556653
85072,1,1,0.9721643883354039
67266,1,1,0.6706240554376128
32890,1,1,0.9382780983454899
42383,1,1,0.9762025200143617
12208,1,1,0.9882271459212532
665,1,1,0.9854178076872456
25997,1,1,0.9832797879443245
75197,1,1,0.9732469909468531
4656,1,1,0.9428661497823322
77016,0,1,0.9331961586140749
3030,1,1,0.984653258027795
109922,1,1,0.9837946013246804
28642,1,1,0.943695424857941
2460,1,1,0.9769076514525972
59489,1,1,0.9791069898274598
5412,1,1,0.9654507290794039
35557,1,1,0.9674819868270799
44748,1,1,0.988283674610657
42883,1,1,0.9863032433427794
29685,1,1,0.9670477768300787
93667,1,1,0.9833350708134283
81497,1,1,0.8736000556878162
33541,1,1,0.9423542682334249
82389,1,1,0.9832989556063181
106578,1,1,0.9400027746497543
48345,1,1,0.9531107721518992
51032,1,1,0.9580077797450203
38803,1,1,0.9597468020193874
74571,0,0,0.4999287838154807
41459,1,1,0.9800007904273117
94219,1,1,0.9816893536451163
33831,1,1,0.9519418383317888
98424,1,1,0.9653948423521632
93902,1,1,0.9899482422790437
89859,1,1,0.9725949451077599
30066,1,1,0.9792807090822613
109464,1,1,0.9833739152538503
57865,1,1,0.9271229907264943
48539,1,1,0.957210088859289
96382,1,1,0.9803204654335614
103034,1,1,0.9706730558499606
3827,1,1,0.9628333660879833
101654,1,1,0.972577306038714
108037,1,1,0.9822188201006364
36669,1,1,0.9823793168031068
13211,1,1,0.9289627077242362
63004,1,1,0.9751941379701611
86902,1,1,0.9741257775253429
37725,1,1,0.8679208477565717
23245,1,1,0.9883016066071091
38840,1,1,0.9849616116372351
104282,1,1,0.8767726920906481
6140,1,1,0.9709744568917053
41744,1,1,0.9856883835328741
100852,1,1,0.8902167449355581
67974,1,1,0.9751306236568993
101765,1,1,0.9600234751679635
33334,1,1,0.980690291167301
69547,1,1,0.9749570211788582
29365,1,1,0.9423775149582059
49181,1,1,0.9573016320577786
7853,1,1,0.973428210090796
28139,0,1,0.7998030375834058
94903,1,1,0.9714846268829506
11998,1,1,0.9627934350019041
89086,1,1,0.9669728652795849
51743,1,1,0.9639505281586115
94655,1,1,0.9767206402595605
34315,1,1,0.9669023202248922
34339,0,1,0.7701350399684798
98814,0,1,0.8965052273918994
4548,1,1,0.9738635576508167
110575,1,1,0.989663403800944
84555,1,1,0.9276500670621479
80149,0,0,0.4823089077306713
22282,1,1,0.9672195520396522
13468,1,1,0.9799790193360375
21051,1,1,0.9683915529147087
36413,1,1,0.9630735312365625
6265,1,1,0.7778987611117182
85500,1,1,0.9729366751167123
64916,1,1,0.9708213623742309
10217,1,1,0.9772263393498409
24561,1,1,0.986740780331338
71616,1,1,0.9716027258593664
40290,1,1,0.9808970912105781
8774,1,1,0.9743815941007298
57464,1,1,0.9819405008310954
49103,1,1,0.8838429567793036
113531,1,1,0.9900303262603343
82957,1,1,0.9760378217735601
45229,1,1,0.9802073176867262
87558,1,1,0.9397583404701082
28323,1,1,0.9153358814984928
71248,1,1,0.9785976066654039
74853,1,1,0.9720130732975831
35916,1,1,0.9900327937005293
27449,1,1,0.9893072978082035
97488,1,1,0.98118933881037
41124,1,1,0.9755494877712237
13821,1,1,0.9741247354187226
86587,1,1,0.965070251705379
46561,1,1,0.9502218407582547
66153,1,1,0.9756160779941893
35390,1,1,0.9841062339098277
15232,1,1,0.9742624101213652
95105,1,1,0.9787962401928665
103410,1,1,0.9526374665887393
22237,1,1,0.9724577496908948
25415,1,1,0.9816898799103446
113054,1,1,0.9817610593930324
47366,1,1,0.9031763480994149
68624,1,1,0.9168951901548898
84162,1,1,0.9756602543380187
67556,1,1,0.9192598452702079
24734,0,1,0.9139129338945595
56954,1,1,0.9888609408624547
38330,1,1,0.9842485585571097
105722,1,1,0.8659861591097047
51725,1,1,0.8564965830857241
16248,1,1,0.9084990027183301
45545,1,1,0.9713134105848298
69073,1,1,0.9750301561437968
100014,1,1,0.9872919007100358
26349,1,1,0.8630917717221296
111078,1,1,0.9642720551612345
79041,1,1,0.9616413946049441
102984,1,1,0.937796851475915
95045,1,1,0.9057095629614627
113034,1,1,0.9790344798772641
24309,0,1,0.9314699328726913
27323,1,1,0.96526171162453
105943,1,1,0.9558174327841344
100483,1,1,0.897882275654938
72100,1,1,0.9765972427464621
15878,1,1,0.6470050897741536
50044,1,1,0.9524165662798638
20447,1,1,0.978112011600652
57726,1,1,0.9895653981825464
67548,1,1,0.9805983040800484
90911,1,1,0.9632220444009542
101760,1,1,0.982699930822637
60200,1,1,0.9607055244237466
48025,1,1,0.9858389769138488
110907,1,1,0.6746372552143828
20916,1,1,0.8650526540280752
90672,1,1,0.983453698277646
74752,1,1,0.980063985105942
93851,1,1,0.9434833225513558
45886,1,1,0.9587208406988768
54468,1,1,0.9805039879414628
20760,1,1,0.8595668670179474
57874,1,1,0.9816647798672328
103748,1,1,0.9731753465024984
105494,1,1,0.940611651412452
113386,1,1,0.979993495649295
23690,1,1,0.9450867041473514
7303,1,1,0.978506516383432
105466,1,1,0.9798889629850255
15594,1,1,0.9317431680516378
40535,1,1,0.9782717707543835
98972,1,1,0.9792300673080147
27655,0,0,0.44210408999060063
89422,1,1,0.9907506057551626
88697,0,1,0.9536804122837325
18772,1,1,0.9755140681679728
65451,1,1,0.9619345879041055
87556,1,1,0.9782316141706467
58934,1,1,0.977082825697318
103763,1,1,0.9707036321363456
12343,1,1,0.9644524036189269
39483,1,1,0.9620775841158518
50277,1,1,0.9855776183594706
51351,1,1,0.9897054363295187
54830,1,1,0.964774302799812
10420,1,1,0.9856806113251723
53492,1,1,0.5495413795185519
28364,1,1,0.973397605600531
73866,1,1,0.9670498284769026
9785,1,1,0.9091964236458259
67981,1,1,0.6402207707750566
97074,1,1,0.9876513739729955
86696,1,1,0.9739988488801571
78662,1,1,0.9618403343939723
113219,1,1,0.9912027065391026
20139,1,1,0.9890867627691047
70872,1,1,0.9312096906060918
78020,1,1,0.9317407489688371
51880,1,1,0.9518353045149976
79218,0,1,0.9858653880301212
73812,1,1,0.9405715188607853
97430,1,1,0.8995812877220866
60512,1,1,0.9723305149325316
112996,0,1,0.8231073356942648
72524,1,1,0.9800092820119263
88181,1,1,0.8512845554590127
108418,1,1,0.9775761441380375
79316,1,1,0.9835957400613773
3325,1,1,0.9760447546343817
90971,0,1,0.821569584755432
55818,1,1,0.9765768455739439
58382,1,1,0.9730448164136125
111643,1,1,0.9792042849244621
24921,1,1,0.9827435836083033
101435,1,1,0.9852875101388798
30538,1,1,0.9800634483168194
32289,1,1,0.9811668180789922
5822,1,1,0.9781354240240168
35768,1,1,0.9813781695739856
34985,1,1,0.9714166374287742
100854,1,1,0.9760637826033765
72380,1,1,0.9892291508558069
83028,1,1,0.9802037026491439
101487,1,1,0.9645723005747282
18305,1,1,0.9428890866375241
89414,1,1,0.8899888220430171
82061,1,1,0.975445774871825
113291,1,1,0.9883717276069356
31859,1,1,0.959554817034517
8634,1,1,0.9556282262036117
35803,1,1,0.9746266221554002
40645,1,1,0.9184458305923252
70828,1,1,0.9047938491081368
56032,1,1,0.9664025651769341
30155,1,1,0.9726789479211122
17638,1,1,0.812186955013478
8308,1,1,0.8446267133768097
56292,1,1,0.958522254265105
5431,1,1,0.9731034179133847
67363,1,1,0.9775528474947115
6953,1,1,0.9584760646024479
101556,1,1,0.6634331060368676
85616,1,1,0.9732505033625015
88932,1,0,0.26506990763388466
42413,1,1,0.9759986577518457
6906,1,1,0.9881433413493041
6603,1,1,0.9796662476046668
26257,1,1,0.8870414617247631
19031,1,1,0.9719040192340991
10222,1,1,0.9212507845070332
47851,1,1,0.9650989120075903
66890,1,1,0.9679261728648538
36474,1,1,0.9876670416439359
111507,1,1,0.9476245011021156
90333,1,1,0.9512342422076338
43851,1,1,0.9793476186667942
71757,1,1,0.978500592062684
29425,1,1,0.9584341149671739
23735,1,1,0.8769755157270394
98087,1,1,0.9790558174997452
11071,0,1,0.9165462519641657
57570,1,1,0.9089267424345703
110459,1,1,0.9899891964649176
45822,1,1,0.9831042074049575
102554,1,1,0.9877451862436195
79742,1,1,0.9189974121061033
108554,1,1,0.9893095717297818
88802,1,1,0.9208127540959498
97094,0,1,0.7316505984812188
17870,1,1,0.9790978834991257
72990,1,1,0.9786871675415734
26210,1,1,0.9499196839734839
12219,1,1,0.9762696127996222
111933,1,1,0.974355562694518
34260,1,1,0.9861740530497753
103159,1,1,0.9805464488654048
77887,1,1,0.9663017807118278
12900,1,1,0.933382171562942
83167,1,1,0.9733461109397887
64221,1,1,0.9420073816625437
8533,1,1,0.9717681737498168
75731,1,1,0.9610944147620649
59601,1,1,0.9866528032536084
95842,1,1,0.9850009406318897
71552,1,1,0.9667992147533349
52213,1,1,0.9808244490330453
28560,0,1,0.9755532486686396
20110,1,1,0.9680474690021117
59750,1,1,0.813865464432694
35951,1,1,0.9062107500456362
12212,1,1,0.9678711603248323
85034,1,1,0.9804350911249655
14797,1,1,0.9765026117096459
21284,1,1,0.9875406869884229
72461,1,1,0.9851463983938329
84143,1,1,0.9524063021380487
35240,1,1,0.9779901580524367
2878,1,1,0.935334108137038
3130,1,1,0.9757761815795611
106648,1,1,0.9867824824588565
41372,1,1,0.9729211778125152
28405,1,1,0.8045880493543089
24814,1,1,0.9816269797243123
106166,1,1,0.9901919959542647
95926,1,1,0.9881707608806952
49116,1,1,0.9773114060946637
67908,1,1,0.9839948088290664
3040,1,1,0.980039587619287
100785,1,1,0.8516603603012389
37940,0,1,0.9154059707132781
33855,1,1,0.9348042587388458
44605,1,1,0.9801501986461616
51239,0,1,0.9011800457891969
29290,1,1,0.9828977384304638
16837,1,1,0.9672295138021494
23496,1,1,0.9640913226552713
13592,1,1,0.9425532468898095
10254,1,1,0.9498409752723269
14303,1,1,0.9670658988130871
94896,1,1,0.9834516050059721
79105,1,1,0.9383580793155066
112263,1,1,0.9583058444029331
4695,0,1,0.6921453389016177
10351,1,1,0.9718647615441708
61199,1,1,0.9804445136009159
16705,1,1,0.9879815011007975
47364,1,1,0.9636984398094535
76448,1,1,0.9698375943691324
91057,1,1,0.9829229618506377
109794,1,1,0.9680001319534434
85703,1,1,0.9647770140271664
76118,1,1,0.9792816287811448
42175,1,1,0.9564503747586404
37499,1,1,0.9693819506732354
104926,1,1,0.9853471432290476
26447,1,1,0.9656122430896649
13014,1,1,0.9564751039831625
86368,0,0,0.22077538354208082
37291,1,1,0.8923846019889596
45835,1,1,0.9146751397930271
65630,1,1,0.9879890075764766
28397,1,1,0.9728261681733393
113443,1,1,0.8725847919904278
94477,1,1,0.9923032315965282
63551,1,1,0.9670659624464302
96684,1,1,0.9746815285332974
60128,1,1,0.9783793520608894
95214,1,1,0.9786972349746016
10140,1,1,0.9177513440794051
76466,1,1,0.9865102854762593
44612,1,1,0.9642167043218628
106481,1,1,0.8024539250072282
14136,1,1,0.9812967269179655
42889,1,1,0.9595071753548909
82269,1,1,0.9771024540304016
78021,1,1,0.9466587950962947
110442,1,1,0.9698385927348548
60570,1,1,0.9794652800409465
13376,1,1,0.9878912912288549
58078,1,1,0.7264859470698974
75534,1,0,0.11586867248278475
14664,1,1,0.9799900224495601
57727,0,0,0.33211588311410767
111426,1,1,0.9538275345730515
107613,1,1,0.9733594520779904
9983,1,1,0.9771786241535118
66750,1,1,0.9695751186014264
80637,1,1,0.9879706656634641
39614,1,1,0.9101326677773199
60056,1,1,0.9876551880373727
24578,1,1,0.9696857547688382
10421,1,1,0.9874685606092873
84804,0,1,0.8103009875943255
45887,1,1,0.9644977796491047
52837,1,1,0.9773972288559513
85812,1,1,0.9884300928825984
84093,1,1,0.9351647431359712
44234,1,1,0.9888005156733973
11144,1,1,0.9499505713313976
65942,1,1,0.8636872618086242
113514,1,1,0.9836627025731192
59251,1,1,0.9810584088794779
27374,1,1,0.9830867696163964
17943,1,1,0.9801611464897416
89836,1,1,0.9131171031574041
176,1,1,0.9838501132286344
1234,1,1,0.9738976189580989
54627,1,1,0.9806712112751064
41815,0,1,0.8264877762507471
74816,1,1,0.946829503675743
62312,1,1,0.5664541078905482
97227,1,1,0.9757415948813919
70939,1,1,0.9784842976077225
68973,1,1,0.9268937165458954
113184,1,1,0.9755172190418951
18775,1,1,0.9769347731542511
96674,1,1,0.9274546453708651
62091,1,1,0.9204498145939737
107073,1,1,0.9824656708955615
3489,1,1,0.9646408063677501
78323,1,1,0.9786821970473008
97045,1,1,0.9686945854754729
85207,1,1,0.9855938022343035
120,1,1,0.9629947076601357
16378,1,1,0.9288069398358071
58935,1,1,0.9740681419260636
30903,1,1,0.9758535932836475
16107,1,1,0.9594711181064912
13689,1,1,0.9742573447197239
72019,1,1,0.9871701533486843
82822,1,1,0.9843551546193708
113871,1,1,0.8731902446388586
45152,1,1,0.8725866893548724
87615,0,1,0.983146420414453
57417,1,1,0.9691045147297276
6042,1,1,0.9872912785041463
86118,1,1,0.9767115711759642
110577,1,1,0.980772631328139
46543,1,1,0.9202654739383644
100545,0,1,0.5885900498114274
70384,1,1,0.9639479807385182
28067,1,1,0.9777881888286364
65380,1,1,0.958942831023202
81865,1,1,0.9571603996344814
54135,1,1,0.9352051080134081
110026,1,1,0.9816070026255074
13640,1,1,0.9212092924611693
91043,1,1,0.9415102027600081
39219,1,1,0.8557292499417279
75244,1,1,0.5696938112762795
43571,1,1,0.9774284147351745
82635,1,1,0.9788054698803037
83072,1,1,0.977670302846093
60035,1,1,0.6022372462850074
27930,1,1,0.7835848995327142
55424,1,1,0.9906819151716093
418,1,1,0.9818101066086045
108429,1,1,0.9810956481433423
23587,0,1,0.764139232500661
36510,1,1,0.9739704788686594
60625,1,1,0.9797475458155163
91435,1,1,0.9548699445868737
45244,1,1,0.9874711243464638
79780,1,1,0.951484433545169
55113,1,1,0.9675476197717532
70673,1,1,0.9774247854931502
91287,1,1,0.9765409183958415
65112,1,1,0.9191673451433297
87886,1,1,0.9773951492929123
20931,1,1,0.681611956781629
58133,1,1,0.956651460991788
82370,1,1,0.9807734644119835
40376,1,1,0.9554655250183434
85239,1,1,0.9379139396408053
25281,1,1,0.93953483613561
7280,1,1,0.9698257724600571
45462,1,1,0.978212490349444
56622,1,1,0.9800897345867098
39741,1,1,0.5271896923608088
62481,1,1,0.9775753764512559
36156,1,1,0.9172951045076694
73307,1,0,0.49324906239491306
68899,1,1,0.8683094573658531
51616,0,1,0.96900101498228
18698,1,1,0.9204219623179138
45381,1,1,0.9823031954219502
61177,1,1,0.927248161834117
63955,1,1,0.9842422503916574
41011,1,1,0.9711693442639902
94118,1,1,0.978475079448612
84294,1,1,0.9730349933699732
80020,1,1,0.9689309615340661
41832,1,1,0.9741029454651821
46819,1,1,0.9749684578962727
36560,1,1,0.5514830290226675
94860,1,1,0.9607922316784441
101780,0,1,0.9162541090336358
59455,1,1,0.9618512920637701
37719,1,1,0.925912099568482
103273,1,1,0.8743474456540872
93039,1,1,0.9349096749404788
79238,1,1,0.9882574303625783
41604,1,1,0.9717348338950039
19458,1,1,0.9520774343898334
34161,0,0,0.14736581430559623
44656,1,1,0.9633409680861261
51791,1,1,0.9694826532791786
70489,1,1,0.7615151283349985
38532,1,1,0.9565366339763822
45005,1,1,0.9808083156322115
94164,1,1,0.9694184122560442
105829,1,1,0.938962824311884
16497,1,1,0.8990259956437638
48012,0,1,0.8343968802287381
44404,1,1,0.9627207838194369
104059,1,1,0.9286733895712568
38654,1,1,0.9275902216828384
15134,1,1,0.9515394212442668
39643,1,1,0.9408853582514317
15965,1,1,0.9867617282990986
110393,1,1,0.9762475219389981
29610,1,1,0.9770314429274919
99895,1,1,0.980597410924044
105854,1,1,0.9510732539073743
41373,1,1,0.9460116733098989
34288,1,1,0.9827539306570661
85741,1,1,0.9735622925885281
107572,1,1,0.9656826523486554
80397,1,1,0.976072173882328
41693,1,1,0.8858479851539242
55330,1,1,0.9207291591433395
30168,1,1,0.9458207459061412
21655,1,1,0.9839624978851608
77545,1,1,0.94525629751414
82536,1,1,0.987145166494396
98941,1,1,0.9817481732958959
89048,1,1,0.9305503921686609
4818,1,1,0.9821789872177311
95771,1,1,0.9723206338410237
25521,1,1,0.9625054992843444
30252,1,1,0.9276354596710565
98742,1,1,0.9746029406891358
53204,0,1,0.8875105864439866
39984,1,1,0.9828277246136446
86386,1,1,0.8725974819870295
57214,1,1,0.945049392658803
16653,1,1,0.9748603660925885
64404,1,1,0.9057859264771878
76332,1,1,0.956809901612627
73527,1,1,0.9196367510094601
8073,1,1,0.9889410685154336
63340,1,1,0.9795288258739179
72650,1,1,0.9606671466104516
94373,1,1,0.9747202890435207
33500,0,1,0.8197783346871627
111304,1,1,0.963930353980207
41736,1,1,0.9529216233526266
30325,1,0,0.3538217011678195
96806,1,1,0.985950269016098
82909,1,1,0.9755886861532819
16490,1,1,0.968805349728678
37438,1,1,0.9536027479569443
32497,1,1,0.9855365768854991
19331,1,1,0.9673833184927088
97717,1,1,0.974996097682161
49469,1,1,0.9061540966999011
100208,1,1,0.9878419732919942
93003,1,1,0.9819725965782373
58333,1,1,0.9863050745699363
103450,1,1,0.9892592184318355
41591,1,1,0.9750736009996565
84958,1,1,0.9612779338851095
3099,1,1,0.9707993159691617
55399,1,1,0.9859361988559207
49229,1,1,0.9759865691844243
71101,1,1,0.9387798830353038
36862,1,1,0.9842809145110749
6920,1,1,0.9867329265965973
61026,1,1,0.9869379286900221
8161,1,1,0.9849917499661054
82201,1,1,0.8963270343614275
86963,1,1,0.5996083307139682
36212,1,1,0.9780778874379579
4523,1,1,0.9785837028830664
18710,1,1,0.977311692405195
39183,1,1,0.899063012696095
25312,1,1,0.5680360784943349
110046,1,1,0.9170782998944936
24081,1,1,0.5620754251723247
46709,1,1,0.9345340986878165
56740,1,1,0.9883119257777558
21828,1,1,0.9836146001226498
93645,1,1,0.9776561043809875
11776,0,1,0.9800215442901957
28554,1,1,0.9807615563312981
36984,1,1,0.9829008106801173
110970,1,1,0.9679810678376101
102619,1,1,0.9585710526002098
8501,1,1,0.9454528597744052
46954,1,1,0.9476031606196791
75420,1,1,0.9318104213242558
55956,1,1,0.9693025172632705
84742,1,1,0.9838563558017908
3052,1,1,0.9846033128349795
28213,1,1,0.98713881017235
5995,1,1,0.9788378297942577
58361,1,1,0.9860259295292911
67102,1,1,0.9700295148646181
112454,0,1,0.6324286649276935
101805,1,1,0.9582781701248354
13410,1,1,0.9632133245640772
5418,1,1,0.9712131433685891
16999,1,1,0.95656117804069
42892,1,1,0.9781862537056022
106652,1,1,0.9737631183354516
70809,1,1,0.9773347829945803
50757,1,1,0.9839646730295784
57735,1,1,0.9714572768014119
73882,1,1,0.9538212340508978
89588,1,1,0.8726581891699846
107089,1,1,0.9439108618234826
22650,1,1,0.9735861927826781
61624,1,1,0.9850855624288892
77154,1,1,0.9304576099326178
8449,1,1,0.9491984403161335
38242,1,1,0.9858769335637011
27842,1,1,0.9788644739229793
67545,1,1,0.97942102226228
42707,1,1,0.9494790165902897
42427,1,1,0.9889980326289277
37374,1,1,0.9789016072321706
101426,1,1,0.9739773636331843
81462,1,1,0.9728513308162644
3377,1,1,0.9859347250835644
112900,1,1,0.9798373714790383
43324,1,1,0.7509519814485226
43300,1,1,0.9818885586624012
93023,1,1,0.982071296095771
46229,0,1,0.8760876046537155
65756,1,1,0.9827488471633765
54556,1,1,0.9672382572779681
44354,1,1,0.9799330247782503
77816,1,1,0.9862803612485449
32322,0,1,0.9641278362437057
16023,1,1,0.9907287711906925
19995,1,1,0.9462582608488788
14545,1,1,0.9804562869903056
20141,1,1,0.902273891651198
24386,1,1,0.9784537783523102
61651,1,1,0.9828088071139706
3619,1,1,0.9694689571787201
15727,1,1,0.9820936717693203
85060,1,1,0.958324118633855
49013,1,1,0.9714723409189022
103525,1,1,0.9804255986148789
49423,1,1,0.9815030147338059
3570,1,1,0.962423813374565
106074,1,1,0.8889852987119566
93737,1,1,0.9858676520069186
5026,1,1,0.9794928027248442
50426,1,1,0.9764682509789238
41127,1,1,0.9689216876158461
105456,1,1,0.9806609804860636
36576,1,1,0.9834840486048513
23851,1,1,0.9684521143040581
19408,1,1,0.8775850273929032
18699,0,1,0.9133340951547604
1315,1,1,0.9835202595992144
38629,1,1,0.8725204427424058
80328,1,1,0.9781588251931765
5420,1,1,0.974946122442915
33538,1,1,0.9851641055714889
63492,1,1,0.9536631584871822
6968,1,1,0.8304776512589241
12617,1,1,0.9601328782323114
49189,1,1,0.9744733748689434
35966,1,1,0.9163578713375689
20266,1,1,0.9263973894819423
87777,1,1,0.9890102188638834
63687,1,1,0.9839750982648712
10266,1,1,0.9033644896146552
37249,1,1,0.9328578807585638
111026,1,1,0.983364666913227
106089,1,1,0.9863350383430679
9607,1,1,0.9881613270499477
87798,1,1,0.9575213161228147
60737,1,1,0.9591122880875786
12927,1,1,0.977723616922706
89610,1,1,0.9823391364448036
59983,1,1,0.8736653800247447
68163,1,1,0.9804277205043413
10324,1,1,0.9858471581293289
40094,1,1,0.9786536768746638
36911,1,1,0.9772349823272597
89676,1,1,0.9535891888917724
8512,1,1,0.9417037928673656
73625,1,1,0.9702655661004312
67271,1,1,0.9814042629388054
72994,1,1,0.9690002587894038
110618,1,1,0.9771110680192215
105652,1,1,0.908120333106301
23984,1,1,0.9777603955912608
67493,1,1,0.9825345754756494
78936,1,1,0.9781517640740113
43579,1,1,0.9143922101101707
50223,1,1,0.9029114153685744
71670,1,1,0.9795681520042345
49934,1,1,0.9814347165685109
100418,1,1,0.9358875025402685
59435,1,1,0.9809305416127622
101413,1,1,0.9040623474932329
82190,1,1,0.9728021515212962
113662,1,1,0.974530514097349
53120,1,1,0.8822155281091915
27463,1,1,0.9770458929004531
72106,1,1,0.9610455617241545
78156,1,1,0.9790496477252183
81968,1,1,0.9442624006655929
66556,1,1,0.9895596108012397
62939,1,1,0.9781206319871784
63770,1,1,0.9343373980343515
112989,1,1,0.8737682741891136
981,1,1,0.9852216114923933
63823,1,1,0.9649691738615472
113877,1,1,0.9605883608642131
77680,1,1,0.9489628646612648
41324,1,1,0.7167457185026976
89602,1,1,0.9329177396465016
68133,1,1,0.9585978237006296
39194,1,1,0.9853800754119174
78029,1,1,0.9027690085507228
73346,1,1,0.9882400300878801
47333,1,1,0.9860472726895032
103668,1,1,0.9793299297198542
102980,1,1,0.8785010228913777
79243,1,1,0.7764105826278437
85130,1,0,0.29762780026090957
100868,1,1,0.9660502214849992
45127,1,1,0.9697195091941474
55650,1,1,0.9798418782491616
65813,1,1,0.9919947166434956
19304,1,1,0.7375826472878035
95289,1,1,0.9751031265209207
72165,1,1,0.9798784531751886
33915,1,1,0.9825916576297069
13426,1,1,0.9793741572728218
54659,1,1,0.944306625575561
112220,1,1,0.9749625498710024
49429,1,1,0.9502809001580238
110931,1,1,0.9800007855607077
76100,1,1,0.9803233567034539
17204,1,1,0.8354342375642447
86177,1,1,0.9822560054893967
33670,1,1,0.9620970066384047
39452,1,1,0.9794700910106735
29032,1,1,0.9855717966404378
95956,1,1,0.9859267795163891
41151,1,1,0.9817543279704987
80950,1,1,0.9686607607294686
109508,0,1,0.8180511257769045
32208,1,1,0.9467447004054353
92400,1,1,0.9843328568764509
15382,1,1,0.9800526042739294
111353,1,1,0.9627233511534058
44499,1,1,0.8827519910885946
62728,1,1,0.974079668023288
3930,1,1,0.9768354055213501
58380,1,1,0.9844288995560716
23034,1,1,0.9798151785046005
65013,1,1,0.9130563847614119
5887,1,1,0.9643411365229074
42686,1,1,0.9559190674646211
92749,1,1,0.9677576513337804
84926,1,1,0.9232548245966085
8814,1,1,0.9789802598558933
16331,0,1,0.8570757276037474
30916,1,1,0.9567059343723212
71947,1,1,0.8809681778095444
83650,1,1,0.9814812292074963
103217,1,1,0.905836635504829
88546,1,1,0.952620486661323
111472,1,1,0.9895064411366169
103263,1,1,0.982477872509159
22525,1,1,0.9124493880496736
36759,1,1,0.8447545387724398
69673,1,1,0.9868042981386232
93125,1,1,0.9621685411244367
84665,1,1,0.9740755390112317
84031,1,1,0.9409375850549064
16903,1,1,0.8972940051769781
96350,1,1,0.9661776139288044
78491,1,1,0.9897145866643385
94357,1,1,0.9325894605434035
99897,1,1,0.8496324057538156
13671,1,1,0.970040455433128
79417,1,1,0.9680549115260063
57947,0,1,0.9811383108562632
36931,1,1,0.9839642617216877
92502,1,1,0.9874230127827689
44925,1,1,0.9510730927518948
101127,1,1,0.9807657698983956
15105,1,1,0.6532782488115174
91162,1,1,0.9550070922090064
76629,1,1,0.9750824634495634
94392,1,1,0.9856862235024263
106067,1,1,0.9808955632773712
73553,1,1,0.9856978156434254
59837,0,1,0.8350293945479254
2246,1,1,0.9594633088222089
22181,1,1,0.9016772771495088
7352,0,1,0.7182575630764633
74690,0,1,0.8182022735648733
72328,1,1,0.9827507067030717
79894,1,1,0.9714927643100436
50955,1,1,0.9459239581933672
74458,1,1,0.8925354510461144
93996,1,1,0.847869808835458
22179,1,1,0.985411452020054
79141,1,1,0.9316472709761427
32823,1,1,0.9670746931205203
64291,1,1,0.9752507806337919
53601,1,1,0.9877376898692356
10718,1,1,0.9667783702789645
106874,1,1,0.9830495105100505
33104,1,1,0.9698888407607443
54905,1,1,0.9674898628321669
99990,1,1,0.9741506405580086
81298,1,1,0.9838623893009087
69115,1,1,0.9778997781657374
6995,1,1,0.9394306361458783
79563,1,1,0.9258701225827071
51065,1,1,0.9868713719317972
97376,1,1,0.9584698693277104
48632,1,1,0.9739172268774337
45488,1,1,0.9727154410452635
57745,1,1,0.9649072607468823
74260,1,1,0.9645825569024437
66464,1,1,0.9809909830007156
48450,1,1,0.9916043702773705
63176,1,1,0.7590064010526794
97202,1,1,0.9454128629549358
16754,1,1,0.9778800592076173
43722,1,1,0.9810738113295107
55305,1,1,0.9777359975097211
20133,1,1,0.9690469131347601
49630,1,1,0.9842242731198061
37290,1,1,0.9651433376889421
63110,1,1,0.9781788209522935
95168,1,1,0.9736425720627221
46538,1,1,0.9841532889207673
46975,1,1,0.9911428977746067
25685,1,1,0.9777321667583264
54031,1,1,0.9149924363434773
51403,1,1,0.9741533580423013
71505,1,1,0.9220714399124945
61065,1,1,0.9829628116991691
49454,1,1,0.9324646915592614
3537,1,1,0.9884194410412974
113176,0,1,0.5221443315724619
34497,1,1,0.9819027995753915
67146,0,1,0.8658941269932046
94329,1,1,0.9007217452390592
30994,1,1,0.9446339071294716
28306,1,1,0.9877128740252149
80713,1,1,0.9615524263871831
5398,1,1,0.9771448881344622
110602,1,1,0.9557668489979936
44466,1,1,0.9768720386873918
91889,1,1,0.9587696946753892
83528,1,1,0.986166733424974
1814,1,1,0.9643781518606519
72292,0,1,0.7515343106968599
79866,1,1,0.9597202953294162
6251,1,1,0.9706091687136332
44464,1,1,0.8823162376578849
268,1,1,0.9825434524370842
49251,1,1,0.9606622642012899
32309,1,1,0.9807322678175072
55933,1,1,0.9467876752257747
51341,1,1,0.9088313024602196
6022,1,1,0.8789408202045377
35220,1,1,0.9345752665614357
33212,1,1,0.9132011153746354
98218,1,1,0.982999590512692
101003,1,1,0.989153931356769
41361,1,1,0.9457065318911625
21586,1,1,0.9876042429457024
53664,1,1,0.9828364224871652
72071,1,1,0.6872879154603114
65048,1,1,0.637556850361415
58024,1,1,0.9752668807711121
35537,1,1,0.9144033232655138
105701,1,1,0.8848320465718118
24789,1,1,0.882851224291348
58490,1,1,0.9368482633664743
87789,1,1,0.9719604008520997
59220,1,1,0.9780153129900876
67185,1,1,0.9583457620323941
2934,1,1,0.955411905618606
77008,1,1,0.7937929172582133
39832,1,1,0.9805394732521825
45237,1,1,0.9820558750122974
14483,1,1,0.9760786599970986
6157,1,1,0.9339513958680702
58120,1,1,0.9899267891039971
55041,1,1,0.9810475165261162
91313,1,1,0.9553018585443102
101340,1,1,0.9431150726817791
6086,1,1,0.9812685054698719
41546,1,1,0.9080308839054134
84719,1,1,0.875094606354562
37085,1,1,0.9844331612035676
14292,1,1,0.7789779943960263
60665,1,1,0.9874183827218949
11404,1,1,0.986538750412106
9422,1,1,0.969388794257914
82504,1,1,0.9737871076426238
85974,1,1,0.9731093131223264
100863,1,1,0.9724328455499842
92994,1,1,0.9898279369816794
78004,1,1,0.9762030929674247
96617,1,1,0.9896908373678005
102762,1,1,0.9854645945270053
25654,1,1,0.9728216027421626
16274,1,1,0.9893157256889649
18196,1,1,0.9719621154672483
70596,1,1,0.9706908589773837
6776,1,1,0.9134129512809268
69376,1,1,0.9850467617588305
84675,1,1,0.9830717843229843
111614,1,1,0.9817208734697351
8321,1,1,0.9292171623401708
42852,1,1,0.887701167723013
107589,1,1,0.9884737798870653
111342,1,1,0.964124118093056
25949,1,1,0.9822701662762872
78658,1,1,0.6548755161540604
95325,1,1,0.9864409355653024
94954,1,1,0.9352991157918422
91545,1,1,0.8599661703732834
109851,1,1,0.9907585839729696
48925,1,1,0.9826168924955826
97822,1,1,0.9109142308123496
98143,1,1,0.9757921228215369
36620,1,1,0.9773077837256626
113456,1,1,0.9869353631632596
49108,1,1,0.9782973607178789
23172,1,1,0.9846259201747412
57113,0,0,0.36936692702851043
71521,1,1,0.5370785238523602
80021,1,1,0.9536668103234978
32944,1,1,0.9619942329577212
7756,1,1,0.9684510292774343
53480,1,1,0.9859710881905451
70153,1,1,0.911703291968803
54433,1,1,0.9872469633928616
54299,1,1,0.9842429732686236
9835,1,1,0.9350053480684742
68088,1,1,0.9802220120964316
10643,1,1,0.8788283430918425
51796,1,1,0.9578805055205231
51867,1,1,0.9798005827321967
52942,1,1,0.9604655231217724
63559,1,1,0.9679411963149492
13892,0,1,0.9194259284214877
8263,1,1,0.9863275116948892
62596,1,1,0.9658496125984481
69979,1,1,0.9739548278266745
100826,1,1,0.9607446401902154
109887,1,1,0.9865812243014215
43909,1,1,0.9882949093462122
837,1,1,0.9778737340934626
41985,1,1,0.9663960925316033
5648,1,1,0.919847269551925
54087,1,1,0.9093561454393194
762,1,1,0.9810039080723254
4562,0,1,0.8795616066060892
86005,1,1,0.9808477159867464
77098,1,1,0.9843129272438185
26894,1,1,0.7718696319134586
89161,1,1,0.974126318214584
56466,1,1,0.9374881367364143
78410,1,1,0.9309127616178569
98465,1,1,0.9742457116985176
6998,1,1,0.9603908413419944
71802,1,1,0.9156821314250403
50214,1,1,0.9549614410453251
30471,1,1,0.9849469041403055
74739,1,1,0.9894383597487987
12732,1,1,0.9807675589760817
41807,1,1,0.9557917126563124
15572,1,1,0.9751223600749738
84145,1,1,0.9610745851657749
106999,1,1,0.9763002253170656
50134,1,1,0.9761674967181262
6018,1,1,0.9696067115633077
28467,0,0,0.10012222808665383
90780,1,1,0.9452224187352015
39123,1,1,0.9754797808793382
108309,1,1,0.7878810342457723
27423,1,1,0.9543128686061966
71027,1,1,0.9651739681591825
84463,1,1,0.9551103130351706
57657,1,1,0.9734898775553161
12856,1,1,0.9837043075745844
62572,1,1,0.8218759290808471
3868,1,1,0.9869413050773275
19760,1,1,0.9874318625826761
90678,1,1,0.9702684270659412
72283,0,1,0.9578790858834333
27544,1,1,0.860874075128684
40952,0,1,0.8732362262473504
58065,0,0,0.2027022871494479
26142,1,1,0.9860915421298376
80191,1,1,0.9442304383715053
65204,1,1,0.9800126846149195
16533,1,1,0.9190417433341376
51259,1,1,0.9546012230971358
36691,1,1,0.8761540632631402
21485,1,1,0.9614363122993703
51674,1,1,0.9704180362639242
65875,1,0,0.2838246890930975
81124,1,1,0.9697801700144713
593,1,1,0.9906095587566649
90465,1,1,0.9639755631069343
26320,1,1,0.9815730869347427
54311,1,1,0.9733485800787515
52061,1,1,0.9651109669107278
39479,1,1,0.9639837503912542
71799,1,1,0.9768452405584311
104834,1,1,0.8943013267570197
84799,0,1,0.9716151549421779
78283,1,1,0.9816280444756128
17548,1,1,0.9811068962643157
106673,1,1,0.9871533694851222
31688,1,1,0.8882670704954326
65525,1,1,0.982129245888281
9780,1,1,0.9586762000558323
57211,1,1,0.9862126974501896
12429,1,1,0.9892320354206905
91818,1,1,0.9766959118341819
106749,1,1,0.9723918150043671
113429,1,1,0.9267284149104893
15214,1,1,0.9369402773401576
88919,0,1,0.5642892628736663
70325,1,1,0.9842075102187386
100845,1,1,0.9774557887250443
10770,1,1,0.9855617551394222
55608,1,1,0.939620031555136
76830,1,1,0.9729319016066457
20362,1,1,0.9772716776705346
43101,1,1,0.9651625307174845
37896,0,1,0.9047848765579983
96669,1,1,0.8190558000071766
109209,1,1,0.9845977589736246
107256,1,1,0.9644391079439848
84868,1,1,0.9554548941764283
108327,1,1,0.9363130939032084
32290,1,1,0.9181411475730176
24825,1,1,0.9582441289984734
3037,1,1,0.9799110511496204
8963,1,1,0.987088554640314
35782,1,1,0.9033965630962623
13298,1,1,0.9641322420478515
49200,1,1,0.9851146418765752
33981,1,1,0.969043233029805
72531,1,1,0.9401735968897608
13872,1,1,0.9818341267237357
82071,1,1,0.9817314258394368
3777,1,1,0.973500624102818
45305,1,1,0.9770126909849357
94097,1,1,0.985763543755064
39661,1,1,0.9695924688501059
70205,1,1,0.963956077845354
7479,1,1,0.9888647147382364
39315,1,1,0.9782190108742873
84320,1,1,0.9113065301194059
81331,1,1,0.9827146899391459
21573,1,1,0.9658026910840928
45856,1,1,0.7902823299395478
94188,1,1,0.9773925930731424
21160,1,1,0.9655737157753564
52238,1,1,0.9583638383766079
97854,1,1,0.9874814262009427
68548,1,1,0.9532558417783195
108376,1,1,0.9894198533079032
36058,0,1,0.8992654185945398
30679,1,1,0.9721307417379492
67181,1,1,0.9317927795091346
46026,1,1,0.9767949658928727
46288,1,1,0.9741435896062629
107523,1,1,0.9568819772777586
20838,1,1,0.9253604742555172
80210,1,1,0.9786485215900443
9444,1,1,0.9655160602716766
104777,1,1,0.9273130470707469
71080,1,1,0.983757817335762
49050,1,1,0.9865949677784975
95894,1,1,0.9842183708964963
100671,0,1,0.8824904340439222
67027,1,1,0.9742815545155121
60473,1,1,0.9671028105845165
106134,1,1,0.9757297971727305
57963,1,1,0.984888408288554
11130,1,1,0.9883253502258894
13425,1,1,0.9691222922677402
109976,1,1,0.9772226101854921
10792,1,1,0.9732621714037059
43226,1,1,0.973670175366903
58113,1,1,0.9459728715293386
68934,1,1,0.9378827535994286
72646,1,1,0.9779184659566144
82613,1,1,0.9793393419306835
95624,1,1,0.9709961477362864
77537,1,1,0.9658759036965444
44518,1,1,0.9867710749114185
41725,1,1,0.9530005237586819
69769,0,1,0.7504037637829035
46612,1,1,0.980144143573991
56244,1,1,0.968655788938408
31988,1,1,0.9857310509291204
44575,1,1,0.9877316417941895
81261,1,1,0.9663283453234497
53155,1,1,0.927532396074594
21385,1,1,0.9348349298921838
63268,1,1,0.9697840586998322
10940,1,1,0.9056145777996979
28276,1,1,0.9669124671778064
16812,1,1,0.9421649313287527
42796,1,1,0.9869337981822178
56369,1,1,0.9702479527935489
29572,1,1,0.9040494206639339
15447,1,1,0.9836781831739088
1146,1,1,0.881129520217129
103255,1,1,0.9866806387454423
83499,1,1,0.9834826398315581
47885,1,1,0.980733589829154
32282,1,1,0.9756493828646228
58337,1,1,0.9212059865925605
98057,1,1,0.9790728290222719
100917,1,1,0.9848729546281618
47724,1,1,0.984354524995908
80832,1,1,0.9813207534754148
16443,1,1,0.9694291274175857
73582,1,1,0.9812824424275298
52532,1,1,0.9606734055892597
25771,1,1,0.9698207123737719
14486,1,1,0.9765947546663936
65977,1,1,0.9689786443196806
23242,1,1,0.9521869260956779
72565,1,1,0.9807544638038094
32651,1,1,0.9891069425180066
86089,1,1,0.9774520712964629
112273,1,1,0.9329214454304983
18245,1,1,0.9705791244687423
73657,1,1,0.9123999707587801
110427,1,1,0.9741558551923368
20383,1,1,0.9688941955260832
32965,1,1,0.9496464421969897
69810,1,1,0.9804555149391471
49485,1,1,0.9297094723579462
17603,1,1,0.9342306804956657
13243,1,1,0.9782177859535564
109042,1,1,0.9912986069218235
22685,1,1,0.9229465533626402
23518,1,1,0.9711695317658446
57999,1,1,0.986284029425623
45413,1,1,0.9765448525150549
6355,0,0,0.35200052451988095
43669,1,1,0.7338733721411402
104395,1,1,0.9847687693281925
19253,1,1,0.977619199352429
81948,1,1,0.9876006524551434
14758,1,1,0.8964668826934025
41221,1,1,0.9823609904038696
55600,1,1,0.9884986425577932
100159,1,1,0.9840342544833272
9812,1,1,0.9871067139642565
47375,1,1,0.9843001362878007
108349,1,1,0.9894656404630833
39854,1,1,0.9679477648272197
68532,1,1,0.8779808172468645
64142,1,1,0.9776331575712859
50875,1,1,0.9754096094645344
12636,1,1,0.9710449258011516
95960,1,1,0.8874146121851029
6745,1,1,0.9831426888851276
25239,1,1,0.9825430884521751
107669,1,1,0.9652261514896754
12132,1,1,0.9864710628640849
63373,1,1,0.9743705769762375
12254,1,1,0.9870406346092572
51105,1,1,0.938107356785822
47263,1,1,0.9269982992919279
99847,1,1,0.9232808563781458
89153,1,1,0.9883611638515114
55341,1,1,0.9748654981235827
22459,1,1,0.9838497619980221
16328,0,1,0.5685449389144496
80994,1,1,0.9798746856210251
64711,1,1,0.7704385888580905
34882,1,1,0.9884852082600643
31110,1,1,0.9800296429392871
48177,1,1,0.9854896631206002
1361,1,1,0.9839901533660512
46574,1,1,0.9594092175621888
108484,1,1,0.9823262145992211
33924,1,1,0.9876119154932735
11106,1,1,0.9535898023275946
54034,0,0,0.2996597139271491
61057,1,1,0.9803559648786528
68536,1,1,0.9655698474140554
109963,1,1,0.9752953263607888
8013,1,1,0.9818312252742845
71059,1,1,0.9748193992176803
67281,1,1,0.9669831090784281
102066,1,1,0.9804236992372714
4542,1,1,0.9702580635261496
33878,1,1,0.8914462646928384
20216,1,1,0.973158982275662
61384,1,1,0.9619172365864895
63625,1,0,0.46076605923640923
91484,1,1,0.972935904371727
10743,0,1,0.7276923880287196
105086,1,1,0.955085496344975
41726,1,1,0.9112575074059404
9556,1,1,0.9778752423615527
39307,1,1,0.9747609998449722
7753,1,1,0.8956282083597075
69525,1,1,0.9820238510051121
87956,1,1,0.9463154745525502
26111,1,1,0.9458436911777576
112241,1,1,0.973386901762729
104590,1,1,0.8870240890416552
53324,1,1,0.9746740374053741
101609,1,1,0.9825067743861733
16996,1,1,0.9618976495368844
27024,1,1,0.9224970498465005
28689,1,1,0.9747878817464954
91831,1,1,0.9861278030440074
94672,1,1,0.9813789254984991
84879,1,1,0.9770258804105166
36742,1,1,0.9115415583016093
83093,0,1,0.982129566733364
78529,1,1,0.7485686534544922
95568,1,1,0.9823759727496802
29503,1,1,0.9782849612817647
33194,1,1,0.9829497375672239
48945,1,1,0.9800499787422077
22691,1,1,0.8601755532523153
8001,1,1,0.9548949190445264
52470,1,1,0.9891826659539963
47641,1,1,0.9733888279853243
99652,0,1,0.8682622573390804
98517,1,1,0.9762900391337218
29335,1,1,0.9475247275232892
71839,1,1,0.8708861785804132
85315,1,1,0.8978834143513653
62384,1,1,0.9431497343615063
60991,1,1,0.8875937729924458
57625,1,1,0.973642172111333
53586,1,1,0.9626544599478012
107834,0,1,0.7729122958613688
88044,0,1,0.9019107418435872
51847,1,1,0.9826568743483245
32815,1,1,0.9124371995051839
28286,1,1,0.6665686125948187
82966,1,1,0.9751949444046937
3184,1,1,0.930208501545079
23661,1,1,0.9812951775533121
75012,1,1,0.9775366153584483
26347,1,1,0.9851158934965755
47303,1,1,0.9822327532458769
62889,1,1,0.9777176201731802
82627,1,1,0.9795365649982537
3338,1,1,0.973904021286715
94062,0,1,0.8150712640167286
40551,1,1,0.9097146154629565
9107,1,1,0.9835007666045308
58943,1,1,0.9852393521285431
5140,1,1,0.9850766113204317
67285,1,1,0.975329566555037
36448,1,1,0.9701133476966478
7580,1,1,0.9021986547125542
63335,1,1,0.9736218686658387
104889,1,1,0.918610846913327
62631,1,1,0.989668898573639
97408,1,1,0.9905431395792099
48848,1,1,0.9166149456030575
20932,1,1,0.9820254593879961
62717,1,1,0.9154453035445617
3737,1,1,0.9396858670608911
17326,1,1,0.9772815335188977
53156,1,1,0.9815193849029079
17546,1,1,0.9776097550758365
80347,1,1,0.8206812264410551
37068,1,1,0.9675536686859207
79741,1,1,0.8569804425070169
105704,1,1,0.9649162970377696
82715,1,1,0.9845285545487641
90966,1,1,0.9559833552156216
39997,1,1,0.9868390735205167
58258,0,0,0.3768616752659437
27296,0,1,0.9623913885957104
70222,1,1,0.9794966404906045
66980,1,1,0.959834690219249
23788,1,1,0.9753308873386565
109809,1,1,0.9744475124896609
78991,1,1,0.9646066175527028
73790,1,1,0.9661778529860217
55766,1,1,0.9521361228591618
102050,1,1,0.9785283120348026
15256,1,1,0.9732681032004845
99615,1,1,0.9543626734813484
2453,1,1,0.9817574426209534
92043,1,1,0.9866985218108943
108276,1,1,0.9890183301709263
4861,1,1,0.9585813970967781
112794,1,1,0.9537984112233261
27494,1,1,0.9840748022224809
47879,1,1,0.9813337977522497
72659,1,1,0.9634125891075723
78638,1,1,0.924572054373444
69357,1,1,0.9605573472729735
50625,1,1,0.8490162808341221
5352,1,1,0.9745845534584975
84489,1,1,0.9888809415793789
89354,1,1,0.9844290533115702
81102,1,1,0.9840121320714157
109523,0,1,0.920989161136059
44104,1,1,0.9810010897695439
111262,1,1,0.9801483906884018
78970,1,1,0.9005573945129065
73703,1,1,0.9655806599610958
113026,1,1,0.752845465574721
51042,1,1,0.9870586633129532
103420,1,1,0.8872138349162815
14249,0,1,0.9793249101144048
5709,1,1,0.9884374209799507
19382,0,1,0.8812944253257616
16644,1,1,0.8349188108637221
60120,1,1,0.9632124281269308
72429,0,1,0.7543638674054562
78894,1,1,0.9508608919131624
45974,1,1,0.9709919710414284
68901,1,1,0.9838156657197169
16373,1,1,0.9848561808870193
10970,1,1,0.9877476231068858
95231,1,1,0.9805636066192349
27412,1,1,0.9459921466069142
70422,1,1,0.9916931893307476
4749,1,1,0.8815038677976518
106008,1,1,0.9769152684285594
9764,1,1,0.8143746795553519
25799,0,1,0.9632292138012933
71306,1,1,0.943002090747584
92777,1,1,0.97311574126883
57092,1,1,0.9863686089701846
84514,1,1,0.9733876235327884
59679,1,1,0.9802431787155632
8271,1,1,0.9503651479719555
6578,1,1,0.9836251937964825
35382,1,1,0.9298149836738298
94615,1,1,0.9733301660860217
34613,1,1,0.9530918120727317
10912,1,1,0.83795971703377
8770,1,1,0.7694467270755914
46948,1,1,0.970873852172121
2690,1,1,0.8431810019649258
65432,1,1,0.9755579140027733
90276,1,1,0.9224247696021148
101870,0,1,0.9291763261156547
73007,1,1,0.9023897088173706
20054,1,1,0.9709725638338547
36066,0,1,0.9593559992187365
45725,1,1,0.937987016473298
59379,1,1,0.9864913513579262
5555,1,1,0.9199380639104057
27016,1,1,0.9476218369029188
66637,1,1,0.8773434541139146
12010,0,1,0.9037081317808104
76557,0,1,0.9071875211850262
73144,1,1,0.9849036878051842
37070,1,1,0.8280420563926173
45563,1,1,0.8518633271070386
72324,1,1,0.9415026464330718
13475,1,1,0.9449816585472616
61185,0,1,0.7406671227447745
57412,1,1,0.9390436647006644
96174,1,1,0.8841796179758493
112506,1,1,0.967434050285276
56887,1,1,0.8588799127042236
38484,1,1,0.9688047994253248
39824,1,1,0.9687181755814444
57125,1,1,0.969984510117354
8979,1,1,0.9767292871846656
21409,1,1,0.9823254687299091
2803,1,1,0.969954023529414
21872,1,1,0.9691808684476456
106909,1,1,0.967444348295561
64348,1,1,0.8322769491452551
96093,1,1,0.9574859129143904
70800,1,1,0.9788813706810681
85080,1,1,0.9661780379757109
69991,1,1,0.9853855365151611
31165,1,1,0.9830366849652914
88273,1,1,0.9678770731619466
17070,1,1,0.8936809925079899
57288,1,1,0.9842278744419901
35466,1,1,0.9773523050127748
6544,1,1,0.9768906737509176
5397,1,1,0.9863863331538983
110108,1,1,0.9740329732626752
66825,1,1,0.9746831555310645
69489,1,1,0.9515827944425806
94306,1,1,0.9549658887265777
10566,0,1,0.8598440075806638
54091,1,1,0.9696979538250778
30316,1,1,0.9539568065714696
31317,1,1,0.973669997522923
21300,1,1,0.9496965272561017
437,1,1,0.9797955349017987
2991,0,1,0.9403534247014048
63924,1,1,0.9749170150185197
71438,0,0,0.48962695504777715
20259,1,1,0.985430600628073
111045,1,1,0.9735420418748045
35851,1,1,0.9812933564618859
96632,1,1,0.8743211398111085
30166,1,1,0.9798954676506509
49575,1,1,0.9893874073841246
101710,1,1,0.9840318383282434
27134,1,1,0.9904739350696388
39994,1,1,0.8960953694192121
37713,1,1,0.9443534379808117
38510,1,1,0.9366554874251716
90550,1,1,0.9883578517756003
21846,0,1,0.8682172630624663
34273,1,1,0.9832545616986126
16549,1,1,0.9888779902991611
94878,1,1,0.9818830786627462
49263,1,1,0.9840378520192473
739,1,1,0.9363221199960573
51031,1,1,0.9304248711351397
107000,1,1,0.9792696274980557
10109,1,1,0.9810967729878131
96271,1,1,0.9619194817205722
107969,1,1,0.9749931580906559
76927,1,1,0.9115633378293191
58022,1,1,0.974788863425244
37260,1,1,0.9789711164484882
28646,1,1,0.9713111993374265
51029,1,1,0.8879977330533821
103365,1,1,0.9772184890543689
107393,1,1,0.9790764331588271
37869,1,1,0.9405009615644633
99422,1,1,0.9783713647164517
70727,1,1,0.9673870796819382
70016,1,1,0.9493529709537571
97676,1,1,0.9172625640555518
86466,1,1,0.9894088610921046
81595,1,1,0.9772066925049131
45082,1,1,0.9611262660876202
107691,1,1,0.8821260080885202
89977,1,1,0.9602185876501742
23571,1,1,0.9513665204815571
41501,1,1,0.5448844390775235
77721,1,1,0.983757051287144
57359,1,1,0.9237397320519589
84240,1,1,0.964736692152477
100027,1,1,0.9868528123618712
3118,1,1,0.9892890842525087
102666,1,1,0.9896399140280084
8182,1,1,0.9253184035533325
39548,1,1,0.9780644850075556
93971,1,1,0.9816943086874357
89433,1,1,0.8314385508554504
58808,1,1,0.9871210617807352
21306,1,1,0.9502569925245599
5355,1,1,0.9814486530005357
90883,1,1,0.928270393682231
37902,1,1,0.9667915223702951
27894,0,1,0.7541921979257996
81287,1,1,0.9811387170400169
40508,1,1,0.9359735645650299
17760,1,1,0.977428934032835
8507,1,1,0.9396516708634978
101733,1,1,0.9176325556308599
57578,1,1,0.9843297300543744
45828,1,1,0.9757183684233852
56275,1,1,0.9830690040456679
55032,1,1,0.9825346366786301
671,1,1,0.9351681895247411
99562,1,1,0.9813984233618899
6127,1,1,0.9882056411531833
7190,1,1,0.9840734106448316
100224,1,1,0.9883571908190878
96816,1,1,0.8728588130533421
36146,1,1,0.9760006228498607
45577,1,1,0.9803376374548833
52673,1,1,0.9847880745580889
6970,1,1,0.9757486690463727
83389,1,1,0.9383227121140134
42559,1,1,0.9797751546558983
9117,1,1,0.9920862892874749
90437,1,1,0.9816787847140396
30537,1,1,0.8629869512492344
35165,1,1,0.9843930558449475
23621,1,1,0.8762708616850403
60072,1,1,0.9824055684332466
83374,1,1,0.8948626444729312
5485,1,1,0.9559150641361959
70960,1,1,0.8694258978994579
111410,1,1,0.9809168029457774
50903,1,1,0.9740126288852149
92268,1,1,0.9868475989471523
9680,1,1,0.9627744007491755
58592,1,1,0.9684430358316302
95414,1,1,0.9896485028448413
16105,1,1,0.9642468267849484
31382,1,1,0.8886124622936957
73684,1,1,0.9818201634504787
42862,1,1,0.9766635814702785
43960,1,1,0.9601851456090649
84883,0,1,0.9132981377390931
28874,1,1,0.9813697099087917
94138,1,1,0.9450167899898223
38914,1,1,0.9855424108125349
12680,1,1,0.9877287719233899
8933,1,1,0.944356181329674
6028,1,1,0.9516275325807544
64724,1,1,0.9791858204832073
113340,1,1,0.9153599583955633
14140,0,1,0.9473373072325627
28721,0,0,0.2383596778688592
54653,1,1,0.9844770111837366
84315,1,1,0.8962623426902115
102602,1,1,0.9313396920627145
49308,1,1,0.950381151874133
26464,1,1,0.9689418138726578
9237,1,1,0.8851297262789506
100924,1,1,0.9865948278087742
57866,1,1,0.935491546191232
79289,1,1,0.9557137220905352
17067,1,1,0.922961047095075
25973,1,1,0.9645946999432077
37737,1,1,0.9867935685757191
91804,1,1,0.9542288914748163
82697,1,1,0.9218737793821442
101897,1,1,0.9828718482093586
36642,1,1,0.9810568509265093
112338,1,1,0.9731040484507532
103141,1,1,0.9688827608728068
72475,1,1,0.8121279229619117
96740,1,1,0.9535584496633893
6188,1,1,0.9495777426771557
36184,1,1,0.9530017302827783
23260,1,1,0.9756854018858949
55210,1,1,0.9810462740113942
98223,1,1,0.9508585896922161
27482,0,1,0.9803631134630435
83545,1,1,0.9742467110449308
57801,1,1,0.9706753773273943
44969,1,1,0.9752153043292916
25409,1,1,0.9841234588055539
62501,1,1,0.9833390595801054
38126,1,1,0.9812586985250444
17979,0,1,0.9059986467879937
42636,0,1,0.9511489278390957
2208,1,1,0.8078261206780123
95993,1,1,0.877840760339946
29295,1,1,0.9723573148750756
61271,1,1,0.9796617283194293
9595,1,1,0.8855067657011123
33812,1,1,0.933957258105333
3304,0,1,0.9219204263817649
112378,1,1,0.9831181253887009
103730,1,1,0.8926351862676573
78408,1,1,0.9740587639101489
8287,1,1,0.9902752016369524
60269,1,1,0.964972915351205
61782,1,1,0.9825835667801298
92123,1,1,0.9666740612381021
107625,1,1,0.7668653572403615
12038,1,1,0.9811923177681339
25094,1,1,0.9846722753241637
26986,1,1,0.8879464330881182
108302,1,1,0.9766820975302554
3854,1,1,0.9811766075833933
34284,1,1,0.9829224061271098
74373,1,1,0.9845902070604069
13893,1,1,0.9449457768633167
75999,1,1,0.9803511204045976
67561,1,1,0.8970260571347397
79964,1,1,0.9808355580884669
15454,1,1,0.9783742232122967
87726,1,1,0.9571501068472755
48528,1,1,0.9284553157353375
52205,0,0,0.4305088453258171
68586,1,1,0.9760970636677807
30580,1,1,0.9842252060091341
110473,1,1,0.9600716198048561
3151,1,1,0.8949622863502292
25015,0,1,0.6382910447435943
89452,1,1,0.8990897912121478
78763,1,1,0.9344072291218322
98975,1,1,0.8810041767416702
84113,1,0,0.34699464064148783
40154,1,0,0.00024370910114499878
56141,1,1,0.9368728899746028
111584,1,1,0.976983388121621
67890,1,1,0.9873366708272447
38415,1,1,0.9056496935240881
46911,1,1,0.9269316020804947
18624,1,1,0.984424883377789
72543,0,1,0.5117642054315164
306,1,1,0.9426611576261487
54809,1,1,0.7230284800837262
112850,1,1,0.8162763630263803
89000,0,1,0.9164221506109533
82415,1,1,0.9756392329648094
81151,1,1,0.8087431220419222
9198,1,1,0.9853214513496198
1931,1,1,0.9802548811011204
64627,1,1,0.9813166380966788
94576,1,1,0.9841974200250964
47756,1,1,0.9826828997933084
113505,1,1,0.9855383451296535
104886,1,1,0.965949841444099
37427,1,1,0.9701538151817055
37957,1,1,0.9736459726299231
112950,1,1,0.9609256289473543
96916,1,1,0.9607657211439871
44297,1,1,0.9167376611695308
103033,1,1,0.977237786222513
21871,1,1,0.9832819331438716
33277,0,1,0.9538013795250244
70027,0,1,0.8816430534920503
5377,1,1,0.9873153778212989
77578,1,1,0.9546910403718564
20115,1,1,0.9442176577768148
77637,1,1,0.8961878555592792
68746,1,1,0.8844184405001441
38118,1,1,0.9884398375789994
23894,1,1,0.9866884088709602
47307,1,1,0.9892092315405834
107293,1,1,0.9732457690837257
39849,1,1,0.9883316166717209
106372,1,1,0.9842152782841372
15856,1,1,0.9134465373347579
55087,0,1,0.9217947301525649
15026,0,1,0.9854088961058415
45346,0,1,0.917606263257303
45786,1,1,0.7796204168596499
25611,1,1,0.9810850023880996
89558,1,1,0.9912635394201956
49483,1,1,0.9751980512132429
75940,1,1,0.9695114321919426
39131,0,1,0.8108010709453436
2813,1,1,0.9863792262778333
53284,1,1,0.9852915392005186
102122,1,1,0.6901458299609575
106014,1,1,0.9717974434058211
95294,0,1,0.8381497569088028
2214,1,0,0.375924419355402
49884,1,1,0.9609391510027278
23507,1,1,0.9839660165166093
69553,1,1,0.9208813562202307
102041,1,1,0.9305604655044213
78998,1,1,0.9342648839233294
1116,1,1,0.9050398562441547
2735,1,1,0.9769178382649963
26972,1,1,0.9809600790877098
25905,1,1,0.9861835821764332
42576,1,1,0.9731722881000568
29033,1,1,0.9303627728491609
73250,1,1,0.9680035256954712
47773,1,1,0.9800347337847632
68069,1,1,0.985677135053925
59052,1,1,0.979842247095546
9304,1,1,0.9614671403237138
76177,1,1,0.9359862823228684
70976,1,1,0.9514333156115595
45614,1,1,0.9921195619824443
26867,1,1,0.9754947163719815
15514,1,1,0.9822045583677558
19177,1,1,0.9526434127548018
79005,1,1,0.9808041601513624
12194,1,1,0.9796358148788674
84336,1,1,0.9009203906834469
96564,1,1,0.9880084655165321
84043,1,1,0.9675776803982733
71429,1,1,0.9822509679686148
67674,1,1,0.979780295769793
37225,1,1,0.6908205367359473
66367,1,1,0.9781310585733223
78799,1,1,0.9785633648389436
104462,1,1,0.9865502123115448
25634,1,1,0.9132001245373447
50893,1,1,0.9758268784245596
106251,1,1,0.9831600759152492
23747,1,1,0.9881786673435683
111597,1,1,0.9804215528829529
9366,1,1,0.9877541236899515
28532,1,1,0.9755839248954313
103541,1,1,0.9605573770393019
72195,1,1,0.9720180284805554
109916,1,1,0.9097048079026081
85175,1,1,0.940214088158614
632,0,0,0.20742856684486471
92885,0,1,0.9524672558585799
72457,1,1,0.9613882800055068
107588,1,1,0.9815353609594732
76014,1,1,0.9469772397894385
36279,1,1,0.9861689719879662
41163,1,1,0.9866574678996876
22312,1,1,0.9538014495320651
58811,1,1,0.9695685295341143
49359,1,1,0.8637113637699595
106427,1,1,0.9088065398115502
2681,1,1,0.9319964677990623
21639,1,1,0.9496530352741518
81205,1,1,0.9754875936653727
94663,1,1,0.9778018132055286
44639,1,1,0.9390124307369359
67056,1,1,0.9872024261344378
30571,1,0,0.35402049169646344
30987,1,1,0.9471359602232801
84590,1,1,0.9773644013530693
45293,0,1,0.810804281927185
82459,1,1,0.9902311878070363
53740,1,1,0.9793505643707042
71557,1,1,0.9835715216162912
15601,1,1,0.6549455290654755
74329,1,1,0.9794950339884126
57482,1,1,0.9690088514740003
53518,1,1,0.9431886575754999
1888,1,1,0.9808011381015632
105417,1,1,0.9865390919620598
4030,1,1,0.9789023959316374
77373,1,1,0.9773480229006277
105191,1,1,0.9744799659770084
3418,1,1,0.9779722846809238
101102,1,1,0.9720405567461895
20198,1,1,0.9890553997549063
56019,1,1,0.9714373586140607
76983,1,1,0.9817719257584266
85325,1,1,0.9817825367531312
31791,1,1,0.9847574534754483
13195,1,1,0.9515829662341164
19993,1,1,0.9787996289981126
34978,1,1,0.9687011595780081
69275,1,1,0.9418911386611885
26510,1,1,0.9815455666405698
89513,1,1,0.9849343718107008
54126,0,1,0.7228532789498163
82906,1,1,0.9850194791610586
52835,1,1,0.9720767755431424
10588,1,1,0.9847827244098327
15418,1,1,0.9668424046878709
12345,1,1,0.9863030920238651
74663,1,1,0.9041232338462099
30275,1,1,0.9826039417673065
16714,1,1,0.948412481559545
32940,1,1,0.9243418941866646
86126,0,1,0.9800023008090316
46306,1,1,0.9804729265344596
11653,1,1,0.9444232147954993
92395,1,1,0.9857933034073015
24275,1,1,0.9829750878769486
63322,1,1,0.9677463196388532
80360,1,1,0.9718504168199107
76151,1,1,0.9659840289361574
5141,1,1,0.9721589484841158
108408,1,1,0.8039870022953131
28029,1,1,0.988325595059707
83705,1,1,0.9877788408047133
76306,1,1,0.8189620574949237
75523,1,1,0.9235865821262809
96395,1,1,0.9808365360195131
105530,1,1,0.9159332014192497
89451,1,1,0.9622743340513038
26115,1,1,0.9741833280751429
38142,1,1,0.967569678123334
57327,1,1,0.9750177795753567
37197,1,1,0.9558884622295561
89476,1,1,0.961837092631756
37965,1,1,0.9264241320045522
81471,1,1,0.9856936830374599
95718,1,1,0.9512851656193415
90295,1,1,0.9903879833212093
79399,1,1,0.9006598253264841
24584,1,1,0.6944203855498947
20952,0,1,0.9198905458368857
91551,1,1,0.987584756842708
49449,1,1,0.9669610892702782
57933,1,1,0.9756184904057343
7600,1,1,0.9854652735762155
66124,1,1,0.9703958907400083
81937,1,1,0.9798638386106252
1166,1,1,0.9731669965268154
29313,1,1,0.9472138977005969
36648,0,1,0.7829229176463265
92458,1,1,0.8818554977865881
100322,1,1,0.9458851659386364
35920,0,1,0.8938934704335424
59999,0,1,0.9667991169184187
66269,1,1,0.9779005387761083
47349,1,1,0.9648998954101276
37020,1,1,0.9747164470240509
103104,1,1,0.9799816721322785
26435,1,1,0.9856914459927498
100205,1,1,0.9760837209493871
74412,1,1,0.9666145443922115
98923,1,0,0.3894968536724824
112455,1,1,0.959288444547246
8422,1,1,0.9474697345692745
98951,1,1,0.8174201711182154
107788,1,1,0.9733167198690389
85253,1,1,0.9913137919558995
109620,1,1,0.980094306399778
71036,1,1,0.925132251099775
22527,1,1,0.9043050005582085
85606,1,1,0.9747255700832637
25824,1,1,0.9053543419813583
77502,1,1,0.9816325362546863
6905,1,1,0.9658695537815875
61970,1,1,0.975003071772646
79788,1,1,0.9705131853161402
65099,1,1,0.9384479093831126
31726,1,1,0.9795045454093667
12730,1,1,0.9222499991817298
58046,1,1,0.9898203723504578
46910,1,1,0.9843506198988018
100844,1,1,0.9563599100632625
103085,1,1,0.9368588486295621
84982,1,1,0.9827702254578035
109321,1,1,0.9652921172241531
111081,1,1,0.9914674869595197
2026,1,1,0.9553734781953581
77969,1,1,0.9775397747753066
10495,1,1,0.9685623208961965
17087,1,1,0.9785716493885429
105727,1,1,0.954446942054363
60881,1,1,0.9726813591026778
111402,1,1,0.9889268708528803
41346,1,1,0.9669318700134238
75612,1,1,0.8239845285525687
71890,1,1,0.9562881343252481
75024,1,1,0.9688599640688422
95078,1,1,0.9419152508862865
26041,1,1,0.9855149303661607
109646,1,1,0.9706598574574447
2880,1,1,0.881258657230037
11021,1,1,0.975145928581376
73467,1,1,0.797053679517905
40122,1,1,0.9737798396827966
62768,1,1,0.9603936505444696
65921,1,1,0.9512931274649008
74659,1,1,0.8729119593391906
70645,1,1,0.9788080034904072
56417,1,1,0.9869183183117698
74015,1,1,0.9732986921282262
66574,1,1,0.9823930423815784
36167,1,1,0.9893489340796209
26600,1,1,0.9738884402129124
95254,1,1,0.9216976282856841
101929,1,1,0.9535747018580802
64715,1,1,0.9839730870042535
68242,1,1,0.9528814993575171
25655,1,1,0.9886916560204052
42523,1,1,0.9752994999561739
49068,1,1,0.9761550421687819
113216,1,1,0.9370382803638456
4071,1,1,0.9691035381605215
13350,1,1,0.9822537886506176
113629,1,1,0.9828897864782128
5775,1,1,0.9811018353017157
96972,1,1,0.9394729580171376
92652,1,1,0.9684063088948973
652,1,1,0.9438259552744416
41835,1,1,0.9693677837819917
81960,1,1,0.9716199403935544
91208,1,1,0.9217419722710348
72581,1,1,0.9309377855371372
45656,1,1,0.9055347183855568
87143,1,1,0.9819016895670527
72437,1,1,0.976835153481566
60456,1,1,0.9795874068742139
17605,1,1,0.9382696664711221
109878,1,1,0.8929303781654407
63461,1,1,0.9267374856874508
85927,1,1,0.9486759800092618
50650,0,0,0.48638565183202825
38016,1,1,0.9681056024455396
19732,1,1,0.9509778018978337
12618,1,1,0.966204322599551
97324,1,1,0.9669100943837616
105366,1,1,0.9854717626925166
9089,1,1,0.9767929208959014
88709,1,1,0.9664820569338161
101614,1,1,0.9664034439900614
5241,1,1,0.9735849409502364
78057,1,1,0.9435504892442708
1043,1,1,0.8676003487072803
99552,1,1,0.9690519830552151
18919,1,1,0.9824776490683554
32404,1,1,0.9817202781075113
32274,1,1,0.9629606116054426
105400,1,1,0.9224766265589903
22194,1,1,0.966423902096775
44514,1,1,0.9886501176906268
81231,1,1,0.9837424016344739
34524,1,1,0.9272862285369531
32198,1,1,0.9781106916978587
40559,1,1,0.9564413027232233
36194,1,1,0.9647282785541966
42658,1,1,0.687833769038891
75413,1,1,0.9709118776489949
6132,1,1,0.974247673417887
27049,1,1,0.9864607688651402
43486,1,1,0.9858283859986727
66050,1,1,0.9819496684029504
47209,1,1,0.8565265523273148
63550,1,1,0.9673696671606876
109668,1,1,0.9796116026302109
53770,1,1,0.9814034178885152
30539,0,0,0.4423628238357403
11860,1,1,0.9767554598881781
102246,1,1,0.9492626540684248
40516,1,1,0.9104119885730318
68201,1,1,0.8854968326177679
18114,1,1,0.9849931674135507
7023,1,1,0.983882181186298
97999,1,1,0.9362247261753374
96567,1,1,0.9880077182425844
80911,1,1,0.9757019051517813
49064,1,1,0.9755247354471803
9453,0,1,0.964036478600166
108746,1,1,0.9501856730527478
17247,1,1,0.8954373397189291
58034,1,1,0.9430085907347157
100268,1,1,0.9257212649365919
13885,1,1,0.9686943287710954
15181,1,1,0.96600705967853
96451,0,1,0.9464372422540914
32987,1,1,0.796301664850943
27510,1,1,0.9833103546041545
51638,1,1,0.9888590850406137
60331,1,1,0.9281644652420419
82829,1,1,0.9717294117457387
15632,1,1,0.985273157540892
21453,1,1,0.9713803969920176
33324,1,1,0.9795869722872234
84032,1,1,0.9503507306151716
12352,1,1,0.9659448013831927
74102,1,1,0.9779911360625348
64758,1,1,0.9522064195422347
35531,1,1,0.9765096494823691
18096,0,1,0.8468767529288399
6721,1,1,0.9765645682566952
96491,1,1,0.9198415256464701
70610,1,1,0.9764345221529143
17089,1,1,0.9803536511928622
104090,1,1,0.9437660272815873
82503,1,1,0.9728155203418928
86227,1,1,0.9472426616588026
66947,1,1,0.9912398949776229
93648,1,1,0.9687124994113233
88196,1,1,0.9487289149199305
61805,1,1,0.9804626332336597
94014,1,1,0.8681269950011072
73174,1,1,0.9522445460115065
17456,1,1,0.9778533573048647
59530,1,1,0.9778489148190412
38687,1,1,0.9041745383439725
77570,1,1,0.9743203256294599
111793,1,1,0.9831782741294621
84527,1,1,0.9740478763288574
70078,1,1,0.9889073416135679
5690,1,1,0.9493787407745826
44819,1,1,0.9605520288599784
108885,1,1,0.9859241678385361
53481,1,1,0.9825204743524079
16073,1,1,0.9811057423641659
106207,1,1,0.9562354416048908
102827,1,1,0.9859426973681777
15097,1,1,0.9858135210191552
76978,1,1,0.9799659603628346
93573,1,1,0.9637830389478041
76036,1,1,0.9045088554674275
64972,1,1,0.9682814073054113
26515,1,1,0.9520201334182781
55170,1,1,0.9560542078617595
82620,1,1,0.9252929692498054
12455,1,1,0.9812875826675603
92643,1,1,0.9503270013796518
55793,0,1,0.8949279586273875
88918,1,1,0.9531904252177247
98869,1,1,0.9838880850182763
85674,1,1,0.9055994658277275
4524,1,1,0.9554964186125721
60525,1,1,0.9060504863136993
70698,1,1,0.9734329776264671
79965,1,1,0.9722150308506197
81847,1,1,0.8050073619160482
84994,1,1,0.9688534206066642
57033,1,1,0.8767850195850438
10621,1,1,0.8342846995223151
76495,1,1,0.9861235955405029
74748,1,1,0.9516216643465378
44789,1,1,0.9087858998887876
101463,1,1,0.9796156577211715
87276,0,1,0.8996716736746564
14811,1,1,0.9797118317291217
93570,1,1,0.9831601509534079
96281,0,0,0.4361808113924348
80465,1,1,0.9835085877942283
86623,1,1,0.969749171641147
112638,1,1,0.985604410222701
53449,1,1,0.9826278094455821
68238,1,1,0.9863981020978794
49011,1,1,0.917124745563379
90984,1,1,0.9860954694806355
74635,1,1,0.9811383914751383
86574,1,1,0.9098910474591736
46558,1,1,0.9896515931230566
85761,1,1,0.9358507252940742
52861,1,1,0.980067714959359
23371,1,1,0.8998348741381353
70559,1,1,0.9805496469017435
24688,1,1,0.9801912096085633
113736,1,1,0.9825194114221477
32726,1,1,0.985364439535383
106524,1,1,0.9806920386219654
28521,1,1,0.9879442781891887
33482,1,1,0.9382800584020572
70023,1,1,0.9603539222565454
52717,1,1,0.984373921198964
62281,0,1,0.9663586156434363
67841,1,1,0.9847358433803096
13957,1,1,0.8749959447392687
85335,1,1,0.9771910655776137
49424,1,1,0.9803849959162626
60471,1,1,0.9868181995202918
47203,1,1,0.8925356171092189
715,1,1,0.7983778696572978
87245,1,1,0.992776866608842
34547,0,1,0.8918932367544233
98072,1,1,0.9785532756220044
36885,1,1,0.9817870997087936
104855,1,1,0.9701971379181824
97780,1,1,0.9748366130148737
39109,1,1,0.9824798302557436
98492,1,1,0.9824255413014187
62402,1,1,0.9797052584210829
80866,1,1,0.9862706855065037
78136,1,1,0.9025487253625253
28803,1,1,0.9824757965065196
97757,1,1,0.9774817207104602
68430,0,1,0.9324858960925306
94750,1,1,0.9796388849279579
92684,1,1,0.9810844081906136
88061,1,1,0.964779962284942
34520,1,1,0.966351106022957
70132,1,1,0.9840319592668682
37735,1,1,0.9921614831516187
78497,1,1,0.9762192475771239
12655,1,1,0.9811465153828005
82141,1,1,0.9544815162090431
20418,1,1,0.9786289151777137
84161,1,1,0.9845082317602001
8118,1,1,0.9784268061526099
77127,1,1,0.9850196349878891
76419,1,1,0.9238491374864162
20611,0,1,0.9398656118328202
22831,1,1,0.9671045557026003
107405,0,1,0.8537144406206553
99783,1,1,0.9880900416145361
12243,1,1,0.9697990516426975
99991,1,1,0.97708268308411
82582,1,1,0.9806984711972002
53186,1,1,0.9297317789622521
60639,1,1,0.9867080357049065
44538,1,1,0.9721652800617808
96398,1,1,0.9765212866190873
9653,1,1,0.9885076902859293
25005,1,1,0.9689277658315301
35427,1,1,0.9765956859932059
103233,1,1,0.9782925746383013
23728,1,1,0.979055648672034
85631,1,1,0.987315964530439
267,1,1,0.9557936180499512
46191,1,1,0.8318846589452699
78371,1,1,0.9726100855914592
85220,1,1,0.9857182020319715
95423,1,1,0.9832799474187228
70134,1,1,0.9682110001712039
14203,1,1,0.9852876478957484
23570,1,1,0.9194822288332362
39229,1,1,0.9673014039006156
76059,0,1,0.9545101287277483
61722,1,1,0.9720144629688111
72450,0,1,0.9873609295074006
11954,1,1,0.9813312679336241
54754,1,1,0.9815957160570281
17884,1,1,0.9784501691927934
32055,1,1,0.9819842740457063
95085,1,1,0.9847281664800392
51176,1,1,0.9533677048349957
70500,1,1,0.8793189913892255
98989,1,1,0.9624693137345048
49243,1,1,0.9800174754859088
109535,1,1,0.949960772314007
55851,1,1,0.9591942441467887
97427,1,1,0.9655705360613628
56512,1,1,0.9833605027241002
73068,0,1,0.8453873840727605
62628,1,1,0.8749797346098507
5040,1,1,0.9821305216646187
12000,1,1,0.9869718329996607
59436,1,1,0.9836578308623312
1227,1,1,0.7252798653619306
45946,1,1,0.966098268573319
103994,1,1,0.9215104653418129
92001,1,1,0.9794200750732477
49567,1,1,0.939499504819286
59168,1,1,0.9870862794640826
52994,1,1,0.9860493910074568
37271,1,1,0.9893734456717443
3355,1,1,0.9779697381586068
28002,1,1,0.9735438493275346
36903,1,1,0.9702480126725807
67502,1,1,0.9653145688271116
37053,1,1,0.882628614522473
27795,1,1,0.9863222065071654
87514,1,1,0.8881168704009127
15977,0,1,0.9440698954526621
84073,1,1,0.8788480074709768
91301,1,1,0.969021689062229
111423,1,1,0.943696367350834
112002,1,1,0.9239776410486404
55665,1,1,0.9797154884254957
64422,1,1,0.9584627454351167
110049,1,1,0.9778737925447102
99348,1,1,0.958476038932872
19758,1,1,0.9623637618589578
49043,1,1,0.9836928524680304
47489,1,1,0.9843140982722162
100726,1,1,0.9880554655250446
96818,1,1,0.9527725056810614
80344,1,1,0.8186843817661833
28513,0,1,0.749504511241629
90763,1,1,0.9531942880242598
98870,1,1,0.9851669400742601
65843,1,1,0.6831805719593155
61878,1,1,0.9146950738685409
38809,1,1,0.9842266201375311
33691,1,1,0.9854066420912853
65914,1,1,0.952929368387139
83786,1,1,0.9853640156110918
31827,1,1,0.9865629688484098
44425,1,1,0.9763551646181536
100871,1,1,0.9548322210531809
29857,1,1,0.9660583567161872
105194,1,1,0.9855582242111045
42806,1,1,0.9481583333737832
11349,1,1,0.9743069806580564
82867,1,1,0.9852203593293739
50080,1,1,0.9843517025619339
86880,1,1,0.9541852373837258
32734,1,1,0.9888545247370851
54544,1,1,0.9756583031895978
75596,1,1,0.9807348158272061
80022,0,1,0.8642129723374152
55452,1,1,0.9310844128356529
76265,1,1,0.913643428643381
53167,1,1,0.9069200699795174
93884,1,1,0.9548946025371146
108498,1,1,0.9770037688783624
46035,1,1,0.9710292983774121
44543,1,1,0.9428046771378578
6739,1,1,0.9787409079239593
101554,1,1,0.9858534989826964
29910,1,1,0.9488432047566586
22285,1,1,0.9886344362290422
24033,1,1,0.9409280869083362
96975,1,1,0.9739605584457384
107305,1,1,0.9453904194468178
76183,1,1,0.989485340797895
18540,1,1,0.9851411334304593
34661,1,1,0.8857756277898045
99294,1,1,0.9824872721360194
105524,0,1,0.8247757237343595
75224,1,1,0.9844906588265864
102966,1,1,0.9813247878800295
102860,1,1,0.9349319911896264
77694,1,1,0.980454044593685
13030,0,0,0.3603095317111452
90541,1,1,0.9787975480762892
104858,1,1,0.9471840280637808
64906,1,1,0.9857548472429516
97974,1,1,0.987309915985512
73287,1,1,0.9740122690594157
51098,1,1,0.8868224914840669
41622,1,1,0.9787772998437798
17941,1,1,0.9390391329512827
28948,1,1,0.9903234536937124
4738,1,1,0.9518331672972392
28019,1,1,0.9844368191099729
29087,1,1,0.9506037914084433
29538,1,1,0.9827973003006997
39361,1,1,0.9398827720100439
112724,1,1,0.9622928483155839
70082,1,1,0.9696392225506383
19867,1,1,0.9840197051822249
9545,1,1,0.9895542132714393
22198,1,1,0.9597028843677311
82349,1,1,0.9705382711772039
102257,1,1,0.9824946990260375
26370,1,1,0.9791158818267591
109624,1,1,0.9707326143206146
68747,1,1,0.9866507791796872
111247,1,1,0.9666591247374956
59265,1,1,0.7039510453063401
73832,1,1,0.908799551758512
40053,0,1,0.6968784520985166
55811,1,1,0.9758049670692963
20389,1,1,0.9413083748574865
16026,1,1,0.9350660126793122
520,1,1,0.8968697025612494
19065,1,1,0.8876435570303632
94372,1,1,0.9873225329242553
38901,1,1,0.9861452307859624
34889,1,1,0.9852908288936176
105946,1,1,0.977042385165816
12292,1,1,0.9723187097413177
23369,1,1,0.9121979813982098
16540,1,1,0.9782698516011259
73977,1,1,0.9795891522999851
102130,1,1,0.9172602374652414
76554,1,1,0.9640865775252673
35991,1,1,0.9793312033042982
113418,1,1,0.9759339963660693
75126,1,1,0.9653364824018315
88250,1,1,0.986801196422195
69578,1,1,0.9851337803679877
95501,1,1,0.9857595948513321
70655,1,1,0.9306291461410742
107582,1,1,0.9574944203439858
113188,0,1,0.9692692880284103
97945,1,1,0.9842338850353143
104641,1,1,0.9543633230405196
91557,1,1,0.9909714203314071
96403,1,1,0.9488367786899815
113749,1,1,0.9430883430694138
64204,1,1,0.9873992722863637
13961,1,1,0.9738467617414097
28365,1,1,0.9816400792439056
91702,1,1,0.9671890848370347
26156,1,1,0.9585829012715913
5685,0,1,0.8774130776052569
63292,1,1,0.9850545554538831
66178,1,1,0.9730081669432424
15077,1,1,0.9396079630881928
100452,1,1,0.9823794607312818
45099,1,1,0.9819177034059635
86542,1,1,0.7616102243314999
51884,1,1,0.8897863101420077
31879,1,1,0.9462525305706314
79517,1,1,0.9523287377044861
99929,1,1,0.7066958080186487
99272,1,1,0.9690785715910908
55951,1,1,0.9039697069858792
4553,1,1,0.9783816317065309
72376,1,1,0.8422563978163075
45994,1,1,0.9910668371109719
78380,1,1,0.9566318594228274
57050,1,1,0.9570121475564428
88912,1,1,0.9812007160470764
75299,1,1,0.9671231169016987
85785,1,1,0.9637290226430606
73999,1,1,0.9842180424998107
100834,1,1,0.9234522426322056
85502,1,1,0.986624469064466
68022,1,1,0.9873431245803792
2703,1,1,0.9887701985356652
42260,1,1,0.9214356240512226
17004,1,1,0.9485838378351382
66237,1,1,0.9638694456092366
36718,1,1,0.9790096772864613
9300,1,1,0.9873419522175872
105780,1,1,0.9791786727558565
54897,0,1,0.9750414065011711
64675,1,1,0.9181939600478766
95282,1,1,0.974190795448432
405,1,1,0.9875250001108978
75501,1,1,0.9306835474586489
111331,1,1,0.9763080856245628
4771,1,1,0.9841211954615927
53251,1,1,0.9753722588034122
8224,1,1,0.9659962211219103
74240,1,1,0.882382583046608
5289,1,1,0.9841125306340005
79868,1,1,0.9882936649689296
83717,1,1,0.9155148424477969
33018,1,1,0.9365531123247159
75528,0,1,0.8518379203814437
90879,1,1,0.9877196821361729
44770,1,1,0.9832866017520488
96285,1,1,0.9868012208039019
106670,1,1,0.9823280295299832
30114,1,1,0.9663893366240783
75952,1,1,0.9783821835649406
58146,1,1,0.9520827675166695
80497,1,1,0.9782630886427508
84318,0,1,0.9368276242677768
28348,1,1,0.965365851821912
109741,1,1,0.9816357678256737
110584,1,1,0.9797225313535296
37574,1,0,0.21587673500247057
52567,1,1,0.9148339311128079
53078,1,1,0.9159780474816559
13906,1,1,0.9684093499978345
36398,1,1,0.9854703374559013
3123,1,1,0.9610957468263577
57474,0,1,0.77698184443673
17735,1,1,0.5653911272481055
67836,1,1,0.8242141628836689
51049,1,1,0.9337334276993732
88683,1,1,0.9722581519078505
101649,1,1,0.9810051823944214
24899,1,1,0.9810054733899608
68326,1,1,0.9670154695101986
109733,1,1,0.9768480687437611
74219,1,1,0.7531106017160231
110456,1,1,0.9613315434511072
66891,1,1,0.9701987302520866
98526,1,1,0.9700182223044267
70793,1,1,0.9586146758541554
22540,1,1,0.991475677720571
27236,1,1,0.9319534650833214
70012,0,1,0.9068108485166788
89861,1,1,0.9376355283681999
75833,1,1,0.9914930679899707
45143,1,1,0.9880015089509677
20576,1,1,0.9275881018186196
48015,1,1,0.9668576943078665
15115,1,1,0.9840988621239698
42913,1,1,0.9384444706680221
65605,1,1,0.9832834081345275
65294,1,1,0.9371602305967234
48742,1,1,0.9853571752690862
6519,1,1,0.9779982243404441
60466,1,1,0.9682389789431196
102866,1,1,0.9718308022624657
92977,1,1,0.8753763758015954
25869,1,1,0.9230354189585397
35853,0,1,0.8117162451746297
83261,1,1,0.9879349421072814
112232,1,1,0.9503469785530808
110558,1,1,0.8626840589857004
81117,1,1,0.9753983602436382
21699,1,1,0.9542236039912546
21563,1,1,0.9241103052810435
51910,1,1,0.9803663148282405
49535,1,1,0.9247121021608612
36712,1,1,0.9569883076957172
16595,1,1,0.9186920168800904
38249,1,1,0.9885226847605687
15694,1,1,0.9730460177325224
111566,1,1,0.9725916932582038
58568,1,1,0.9743033732308671
89025,1,1,0.9767851250441044
60431,0,1,0.7982908050930013
105787,1,1,0.9727888846406393
24966,1,1,0.9527186443977466
73738,1,1,0.8223857466812728
4351,1,1,0.9867005046761861
56420,1,1,0.9325162806894581
108062,0,1,0.8734597565196047
17561,1,1,0.9097512748174524
87030,1,1,0.9879155573503393
65743,1,1,0.972195101272374
63791,1,1,0.9393055727321088
21684,1,1,0.9790531341886649
12597,1,1,0.9843074826479861
21102,1,1,0.9822645976600907
72804,1,1,0.9103257941699263
47715,1,1,0.9671972732498899
32410,1,1,0.9794986402803963
16748,1,1,0.9698943335086897
4943,1,1,0.9529744841167215
30696,1,1,0.9812989738537566
60571,1,1,0.9833471635627173
54907,1,1,0.984081152084924
91509,1,1,0.9863089572765762
71021,1,1,0.963384407960999
61709,1,1,0.987897034840392
63519,1,1,0.9684453161169575
88605,1,1,0.9147074896128778
53006,0,1,0.9112943334606951
67251,1,1,0.9686224784374823
14416,1,1,0.9755057091797343
53900,1,1,0.9789777875240996
55172,0,1,0.9422242243065502
73745,1,1,0.8726968180281856
71934,1,1,0.94196791346796
107187,1,1,0.910420550826442
46663,1,1,0.9808754953964615
8104,0,1,0.8753495954355371
99174,1,1,0.8910119731364878
85655,1,1,0.9560856068928059
69206,1,1,0.9821609886245234
92185,1,1,0.9308236148816871
80515,1,1,0.9656649165807343
35965,1,1,0.947141414061741
74682,1,1,0.9809433588433666
7624,1,1,0.9795427015595939
2276,1,1,0.9282332601551098
76429,1,1,0.9301985927460606
106329,1,1,0.9234421162224418
23980,1,1,0.9835975432444639
88758,1,1,0.9363684710505854
65120,1,1,0.9537628036389993
36992,1,1,0.8488809126716265
60017,1,1,0.9747859429880869
62953,0,1,0.9677694405756994
108941,1,1,0.9696140937847318
12277,1,1,0.9750721613720164
22790,1,1,0.9649164158904475
69378,1,1,0.944062585780658
112663,1,1,0.9264198798938428
76908,1,1,0.9787074221759515
55122,1,1,0.978498887137997
105036,1,1,0.9700750673711211
33434,0,0,0.35623280596190615
18255,1,1,0.9512250461659267
72851,1,1,0.8465266047034173
43183,1,1,0.9486160177074717
60539,1,1,0.9635295541178194
43228,1,1,0.9705280082328417
25044,1,1,0.9643743773487924
12743,1,1,0.8835768600772723
107141,1,1,0.9890987969062877
76142,1,1,0.9548020449456358
113253,1,1,0.980861187840166
17139,1,1,0.9712143369169867
82977,1,1,0.978386834666293
15831,1,1,0.9866692250691295
75511,1,1,0.9617202419509545
47660,1,1,0.7572979203512347
113422,1,1,0.8860447980495753
66520,1,1,0.982125162858605
96303,1,1,0.9855906341933934
31787,1,1,0.9475881570240156
107149,0,1,0.9535948357537303
24237,1,1,0.9330842882168137
92892,1,1,0.9852718272513549
19406,1,1,0.9110363825359616
9281,1,1,0.9118274353878496
4827,1,1,0.7759442224551767
25057,1,1,0.9249165181586628
68098,1,1,0.8043540272977022
56898,1,1,0.9852128467395528
110680,1,1,0.9780258492479103
18628,1,1,0.9829439845398225
36298,1,1,0.971772054894678
100836,1,1,0.9757966300044199
24396,1,1,0.9774916946186605
39292,0,1,0.9822682785086558
66929,1,1,0.9734094370920001
6747,1,1,0.9804104382920894
2776,1,1,0.9508379731594051
55618,1,1,0.9853865645693313
16625,1,1,0.976645728271923
40495,1,1,0.9484431895308748
83358,1,1,0.9801422695603718
38286,1,1,0.9610264906358009
102820,1,1,0.9897605159966985
25800,1,1,0.9721918248818633
57536,1,1,0.982747676573274
29094,1,1,0.9584953455015572
42680,1,1,0.9744549594181802
3224,1,1,0.9692955095125018
45341,1,1,0.9666803560777706
34747,1,1,0.9628042906561219
19343,1,1,0.9700795075178837
91044,1,1,0.9870456525477742
44222,1,1,0.9633344205816549
91417,1,1,0.9145373762830171
88993,1,1,0.9791331226745781
45739,1,1,0.97788111628665
33455,1,1,0.9577544951889636
76024,0,1,0.8801795429923832
37201,1,1,0.9788644976806918
92543,1,1,0.8969996012943687
32237,1,1,0.981437889568677
54112,1,1,0.9826227553657572
11834,1,1,0.9021781472450598
53379,1,1,0.8800696930028428
58163,1,1,0.9827195861678056
69535,1,1,0.9264436276350607
99478,1,1,0.9709717002694566
83736,1,1,0.9736720718881281
52945,1,1,0.911302974687256
35367,1,1,0.9837524646266065
39888,1,1,0.9839922785547525
69948,1,1,0.9268788809374716
102187,1,1,0.973102770146872
46152,1,1,0.9840668024785343
66010,1,1,0.9891499219075189
17485,1,1,0.9811778476846491
61257,0,1,0.8714819082950895
106216,1,1,0.9399215075987373
107878,1,1,0.9541881652527786
5295,1,1,0.9837142818623892
97269,1,1,0.9546670479312727
26586,0,1,0.7876427005985783
37090,1,1,0.9782833980129649
62874,1,1,0.9723103801016821
107456,1,1,0.9889779341090408
14196,1,1,0.985756075215798
92755,1,1,0.9694914933118381
95173,1,1,0.9364304692091351
103251,1,1,0.9453900370405253
94447,0,0,0.4759229053675647
98342,1,1,0.9678283590462124
19482,1,1,0.9745764693765849
105842,1,1,0.9556147781724983
110446,1,1,0.9792824903322256
94564,1,1,0.9401286166124201
105174,1,1,0.9795575384899107
110947,0,1,0.6271899682133025
2115,1,1,0.9006115626902012
88854,1,1,0.954150623380662
87872,1,1,0.9864384952979263
101789,1,1,0.9716177259999588
74850,1,1,0.9577105027280459
63253,1,1,0.9787392558253338
13503,1,1,0.9860569373487854
37099,1,1,0.8772018000028259
106202,1,1,0.9702016070916297
18514,1,1,0.9873555524370297
34751,0,1,0.9321854546230803
54408,1,1,0.8835503764713301
25977,1,1,0.9268094253188747
92384,1,1,0.9582648362912428
57121,1,1,0.9770967906080785
12758,1,1,0.9098859983184896
98212,1,1,0.9523184860719384
73443,1,1,0.9794721757892485
88497,1,1,0.9762824070286134
77640,1,1,0.9651061462564997
109731,1,1,0.9785814331274015
60509,1,1,0.9839956904298965
62836,1,1,0.9333384261377159
68311,1,1,0.7764098683004153
107659,1,1,0.9802969057327612
28480,1,1,0.9728913042249061
101328,1,1,0.9301800971920405
81857,1,1,0.9719582739313369
9996,1,1,0.9859029023716117
65201,1,1,0.9764039462450007
27425,1,0,0.2590894127324346
67927,1,1,0.931039008691284
84790,1,1,0.9832985504510604
86802,1,1,0.9789610630811092
56572,1,1,0.9278880859218893
60620,1,1,0.9642714814696021
56484,1,1,0.9826063758703626
2280,1,1,0.9858586213852202
27172,1,1,0.9023694103418988
86608,1,1,0.8894556031562493
66434,1,1,0.9785506336332482
51309,1,1,0.9103530036514559
26344,1,1,0.9724970212026606
59772,1,1,0.97991948838447
72552,1,1,0.9860559198341259
86140,1,1,0.9867192004619099
60591,1,1,0.9772244175445005
73204,1,1,0.9025994959348469
95762,1,1,0.8953875010466593
28898,1,1,0.9343185179062679
77751,0,1,0.6851583372520206
107602,1,1,0.9859255855671617
101538,1,1,0.9876912678708187
80311,1,1,0.9822742886424316
58854,1,1,0.9813720481792896
105299,1,1,0.9889299767873936
19469,1,1,0.966428429121015
50518,1,1,0.9704227371579828
94678,1,1,0.9244178020277763
36689,1,1,0.9824469953482197
30788,1,1,0.9870076177224045
12081,1,0,0.24249085724554273
78659,1,1,0.979716651650388
23032,1,1,0.9838246901776376
88340,1,1,0.9717964282342738
48625,1,1,0.984636300221442
95283,1,1,0.8183746964730426
92601,1,1,0.9746164764852835
66709,1,1,0.9875472127304291
26076,1,1,0.9756178280925557
41759,1,1,0.9848291923848158
104254,1,1,0.9817916237403748
76212,1,1,0.9894315250571292
15041,1,1,0.9972120569040644
4422,1,1,0.9650375675617985
60595,1,1,0.9885447495520112
47800,1,1,0.9807185711213691
56667,1,1,0.9768135862115871
92884,1,1,0.9842240995515236
39045,1,1,0.8762127797277455
93818,1,1,0.9446934775758075
5700,1,1,0.9698645212937366
65988,1,1,0.9719782146805073
82387,1,1,0.9855376676371727
79299,1,1,0.9607607000087992
74225,1,1,0.986236551087099
108095,1,1,0.9875136894035521
64764,1,1,0.990022642164997
18464,1,1,0.9401672322927128
98966,1,1,0.989630626188904
7813,1,1,0.9694838707159329
21664,1,1,0.8577979756900528
71990,1,1,0.9805992371658301
4269,1,1,0.9810380493271658
62553,0,1,0.8602237017967548
75056,1,1,0.880499235284791
76743,1,1,0.8997931799964348
96470,1,1,0.9779076874225034
21285,1,1,0.8699358266822353
65607,1,1,0.9798886761736572
10225,1,1,0.9830935128451544
5093,1,1,0.9796897122459757
112014,1,1,0.9835611067534294
101847,1,1,0.9785879456113036
22041,1,1,0.953593039627035
87728,1,1,0.9804868895428412
87482,1,1,0.9776509437914865
114051,1,1,0.9845805896299233
110990,1,1,0.9720319644174353
24801,1,1,0.9590492289681801
56845,1,1,0.9707077092064645
101261,1,1,0.9689684322592181
94159,1,1,0.9011450562633796
108188,0,1,0.9685295964349958
69857,1,1,0.9159118911408264
82574,1,1,0.9602589553803453
89609,1,1,0.969660589610983
22639,1,1,0.9822282485602731
32725,1,1,0.9760757823285701
53752,1,1,0.9763386779730607
17567,1,1,0.9816762116932279
48091,1,1,0.9801726829749501
45322,1,1,0.9714563766538111
93867,1,1,0.9426134113542093
16627,1,1,0.9673507512494556
36815,1,1,0.9784810301428105
88670,1,1,0.9749007625457243
53007,0,0,0.37646920088178193
83181,1,1,0.9807403649216393
19927,1,1,0.9659806138596769
38850,1,1,0.9279207499706276
45743,1,1,0.9811661269550087
11958,1,1,0.8361925863046901
79903,1,1,0.9689672185912745
100336,1,1,0.9591982472183449
1912,1,1,0.9869533495636225
17281,1,1,0.9691742218079963
110669,1,1,0.9833428710370123
57304,1,1,0.9716653069635965
43195,1,1,0.9824647722736746
52424,1,1,0.9775602998724472
73438,1,1,0.9775568211118534
9936,0,1,0.9581221670528486
88312,1,0,0.4352609366563292
79257,1,1,0.954815871838111
47727,1,1,0.9808706818204714
109788,1,1,0.9743730385698217
110585,1,1,0.9137964914219721
38555,1,1,0.9823703071235373
19274,1,1,0.9892057938660096
107903,1,1,0.8966129464011278
60207,1,1,0.9317889838724861
14439,1,1,0.9896234652129129
89294,1,1,0.9861878247215472
31096,0,1,0.9268024220763129
18591,1,1,0.9634497734765408
24904,1,1,0.9276882815538536
5376,0,1,0.9673197329362025
37746,1,1,0.9016732980241582
34414,1,1,0.9871682530984709
89733,1,1,0.78009732498875
112230,1,1,0.9623013542395917
65849,1,1,0.6969626948001285
47385,1,1,0.9714254857152255
94451,1,1,0.9550314619854797
39356,1,1,0.985325807721169
70693,1,0,0.46951755931092093
32791,1,1,0.9824249984755998
67223,1,1,0.9757146493297573
91232,1,1,0.9797539696239607
24398,1,1,0.881782657558147
24355,1,1,0.9846801510108025
80154,1,1,0.9783060197815422
67897,1,1,0.9545539417948501
79047,1,1,0.927456629010266
26640,1,1,0.9796307980913594
67944,1,1,0.9822845275984635
31237,1,1,0.9863644601356083
111585,0,1,0.9462371505590227
43333,1,1,0.8999971576984782
107479,1,1,0.8966573958748669
12555,1,1,0.9483843096465718
81184,1,1,0.974559030600536
27856,1,1,0.924653750090126
107707,1,1,0.932791286922591
64545,1,1,0.958125621047015
98274,1,1,0.9623135692354247
94121,1,1,0.9804298731951937
52372,1,1,0.9002181369305248
39761,1,1,0.9873919451074402
104726,1,1,0.9478245198904484
55878,1,1,0.9823293982929914
107718,1,1,0.9755124248266152
81900,1,1,0.8756141565500932
436,1,1,0.9860476371478882
45997,1,1,0.9562759941494774
100453,1,1,0.9705351695607748
93926,1,1,0.9729484519335684
17447,1,1,0.9764682493250842
38364,1,1,0.976901886400426
20276,1,1,0.9267506356300602
71609,1,1,0.920007485005693
29917,1,1,0.9646683039234382
92217,1,1,0.9716051241621535
28287,0,1,0.9288680424385484
80703,1,1,0.9728833777303697
61711,1,1,0.9816902893283627
87472,1,1,0.9839571875036183
70946,1,1,0.9644679720112367
109920,1,1,0.9874821011266587
10170,1,1,0.9759074230128426
46734,1,1,0.9885572531918282
8588,1,1,0.5456060284543425
68988,1,1,0.9880356698279588
1297,1,1,0.9722517572748597
51504,1,1,0.9866803651798933
72442,1,1,0.9595122576915184
90349,1,1,0.9767278953523395
39334,1,1,0.987645004659539
40708,1,1,0.7657062870463703
11664,1,1,0.8252049871466478
36283,1,1,0.9666948653155272
4777,1,1,0.9762780983039325
98498,1,1,0.970400468069907
89633,1,1,0.6932982258771111
42424,1,1,0.8848313134347933
39394,1,1,0.9788594138032253
101065,1,1,0.9646567313244707
33204,1,1,0.9707955205222659
33828,1,1,0.8141180182557808
50088,1,1,0.9765524329531646
34147,1,1,0.9732553532857369
10275,1,1,0.9817016483879545
32229,1,1,0.9548008743316719
72712,1,1,0.9815079424358835
95628,1,1,0.904613674598096
16975,1,1,0.8672835747402925
7870,0,1,0.922681281359233
92475,1,1,0.977146050858013
107218,1,1,0.9866281993453595
60521,1,1,0.9636601429829924
52851,1,1,0.9818989061115537
33039,1,1,0.9908709959365931
18917,1,1,0.9619911738060518
72208,1,0,0.44363869416663326
63064,1,1,0.9743592054507609
85363,1,1,0.926185552581101
4916,1,1,0.8903093862300501
60225,1,1,0.9572091436799105
22633,1,1,0.8178078923721007
89503,1,1,0.9781157394403863
85867,1,1,0.8497249144440775
91926,1,1,0.983962902669662
94589,1,1,0.9809764108290444
71384,1,1,0.9845821128395248
112597,1,1,0.9842927778722604
35872,1,1,0.975815506133396
26329,1,1,0.9735034637354822
36787,1,1,0.9748607276813155
95019,1,1,0.9832783279823634
27688,1,1,0.7633719487866327
78878,1,1,0.9761663660201138
75510,1,1,0.9730139955984017
97960,1,1,0.9850920859393959
34754,1,1,0.9664575564455155
34508,1,1,0.9822644133298911
29863,1,1,0.9743213574776449
2919,1,1,0.9710157046856324
4641,1,1,0.976920670442763
112678,1,1,0.982060400430169
56001,1,1,0.9252439355612824
104247,1,1,0.970323944059737
66224,1,1,0.9786679780575767
83289,1,1,0.9839172005015377
84534,1,1,0.9738159022392908
5846,1,1,0.9726660195308973
8206,1,1,0.979972580846667
11451,1,1,0.896133280444248
106782,1,1,0.9732456726888385
101403,1,1,0.9305684569550307
21021,1,1,0.9833138066726539
10439,1,1,0.99084477597766
70165,1,1,0.9852404659961607
98896,1,1,0.8237282935469242
25115,1,1,0.9690683178439429
8744,1,1,0.9738220290914765
47244,1,1,0.965429927524218
5207,1,1,0.9845764655898886
12570,1,1,0.9714286419613606
108416,1,1,0.8848261223496178
3580,1,1,0.9156841229586271
37038,1,1,0.8917226105359255
23837,1,1,0.9708913991936096
37281,1,1,0.9573022188862325
80588,1,1,0.9889258116750286
10972,1,1,0.9887447419280936
32175,1,1,0.8265150793309666
76344,1,1,0.9648518682508217
5728,1,1,0.8432296289400398
70179,1,1,0.9673334396284977
32024,1,1,0.9539465209125318
47708,1,1,0.83162606368292
63879,1,1,0.9263436901203475
58944,1,1,0.9876840896034826
81662,1,1,0.9707995681831284
93172,1,1,0.9862592119586229
72280,1,1,0.9626625931959847
34496,1,1,0.831400114437689
105707,1,1,0.9259097904621983
67599,1,1,0.9705169370320678
28655,1,1,0.957321344214439
38879,1,1,0.980170831744869
105475,1,1,0.9852271443606055
99239,1,0,0.25027696224023455
95301,1,1,0.9808929214963603
5888,1,1,0.9706410776100278
91016,1,1,0.9829346556307454
7892,1,1,0.86126025484669
34731,1,1,0.975866346527549
51104,1,1,0.9593368074028208
39760,1,1,0.9098810807463505
19773,1,1,0.9852889312043303
50909,0,1,0.6093704284826831
67727,1,1,0.9856116047427788
112021,1,1,0.930850459630226
9094,1,1,0.9388522162955087
100491,1,1,0.978331892165019
53103,0,1,0.6573733835924813
1948,1,1,0.9847803380829273
43557,1,1,0.9674553266702725
54415,1,1,0.9885639414453783
100669,1,1,0.9714163206384694
10889,1,1,0.9578610963272741
45680,0,1,0.9750998207719727
18715,1,1,0.9720709440563892
80802,1,1,0.9889088904047859
88788,0,1,0.7721544443940932
58804,1,1,0.9392289837721521
25297,1,1,0.9843855910089137
97633,1,1,0.9737998665266003
5342,1,1,0.9852240350215004
37758,0,1,0.896845308792074
36382,1,1,0.9670947921577611
19152,1,1,0.9547062329611645
56016,1,1,0.968356139978138
13922,1,1,0.9284938921266171
18225,1,1,0.8564724359703944
10793,1,1,0.9782965518799717
27725,1,1,0.9755432423605966
96614,1,1,0.9490384776846408
54369,1,1,0.9802444597435324
23881,1,1,0.9693735612100091
23368,1,1,0.9701930113090186
107062,1,1,0.9878686426431856
79260,1,1,0.9525863571115754
5748,1,1,0.968397444418031
77451,0,1,0.9648663135760362
2523,1,1,0.9767207758940639
51845,1,1,0.8995805184941623
58841,1,1,0.9713969281763661
40187,1,1,0.9883857097596641
40589,1,1,0.9776727531763977
97013,0,0,0.3145953906133308
18326,0,1,0.8654374696662605
103320,1,1,0.9506727906809118
18396,1,1,0.9581881819807156
7334,1,1,0.9597465667995554
92470,1,1,0.9442445585608196
14532,1,1,0.9251046984918598
3480,1,1,0.9811206880812617
114010,1,1,0.9516268402950727
10244,1,1,0.8990871360946218
106009,1,1,0.9601665144981741
79600,1,1,0.9768183495387187
61961,0,1,0.9707953407797126
477,1,1,0.9545400302456511
109760,0,1,0.9734217368899554
49879,1,1,0.9662632020630075
67047,1,1,0.9514173367109577
25131,1,1,0.930842931839723
106151,1,1,0.9576551145098502
7955,1,1,0.7979449690306845
11119,1,1,0.9187270796940424
111965,1,1,0.9491365834742144
78578,1,1,0.9922266006507222
38159,1,1,0.9878117309891334
50293,1,1,0.9379842835475698
98600,1,1,0.9845528938721425
43895,0,1,0.7270942760591906
29050,1,1,0.9764360839804593
28201,1,1,0.9793903746723606
91897,1,1,0.9507275691140625
78138,0,0,0.13146032557953563
69962,1,1,0.9544375829151078
70421,1,1,0.9761366091754696
49655,1,1,0.9872615419464172
22637,1,1,0.989170948827069
44311,1,1,0.9280646162268229
78426,1,1,0.7866101690930989
77806,1,1,0.9395201409853603
41963,1,1,0.975364622339169
98195,1,1,0.9789542103877926
108728,1,1,0.9128214089269012
66918,1,1,0.8733000940488956
20009,1,1,0.8880251058502787
95765,1,1,0.9840750767207098
95816,1,1,0.9875944270875983
108668,1,1,0.9803214570953672
109140,1,1,0.9482004372805428
33575,1,1,0.8991754717831101
25554,1,1,0.9872258012684956
28027,1,1,0.9784477882137801
61763,1,1,0.9781135174512855
1625,1,1,0.9881006879608302
3803,1,1,0.985974186214178
54832,1,1,0.9836356248785505
22454,1,1,0.9880214289575281
19664,1,1,0.9769515411186499
106327,1,1,0.872104403269126
79046,1,1,0.9837606483730366
12245,1,1,0.96624043006752
38371,1,1,0.9851822394846211
107095,1,1,0.9810740134174505
22001,1,1,0.8789352897068018
38668,1,1,0.9844653004964633
40985,1,1,0.9135021012722108
56868,1,1,0.9519359540992689
84939,1,1,0.9714038179993895
23925,1,1,0.9797484950952956
105367,1,1,0.8963946684183643
102718,1,1,0.98656160786959
25142,1,1,0.885412260896443
32467,1,1,0.9834512530819775
87298,1,1,0.9856984639105274
15172,1,1,0.9825519456548649
108721,1,1,0.9833161357301122
103264,0,1,0.772441077920994
8668,1,1,0.9804671398514478
10839,1,1,0.950292503652614
73081,1,1,0.9842616148882014
6990,1,1,0.9734320183134706
61239,1,1,0.9148681519725423
41075,1,1,0.9485768661516234
87480,0,1,0.9570334523584053
108706,1,1,0.8947368366150312
42144,0,0,0.4154602343275407
14442,1,1,0.9731236082660382
58633,1,1,0.9702996593627011
20864,1,1,0.9435403296797071
26949,1,1,0.8687062198970734
81368,1,1,0.8532066466639852
49846,1,1,0.9021087403958199
47670,1,1,0.9836356264897848
67299,1,1,0.9059151952134735
27003,1,1,0.9507377170857524
10151,1,1,0.9725200480441208
49110,1,1,0.8260041969179869
58173,1,1,0.9598171622775119
57991,1,1,0.983609743560461
70630,1,1,0.976120535634783
1586,1,1,0.8041473340606692
52399,1,1,0.9798106337757411
84636,1,1,0.9755705645824323
9957,1,1,0.9705088557356383
60988,0,1,0.9682685627791565
101183,1,1,0.9870964455593361
107863,1,1,0.9695210204143112
3196,1,1,0.9532849234473524
47070,1,1,0.950963586024254
91319,1,1,0.9842783572714522
5348,1,1,0.9226347967399086
72311,1,1,0.9723589459840525
38076,1,1,0.9663041540121229
112698,1,1,0.639187929102952
38041,1,1,0.9660583136355935
65075,1,1,0.9849154314213607
80104,1,1,0.9126090587081299
113823,0,1,0.9056338836549089
52984,1,1,0.9593043645691447
47172,1,1,0.9858790444545886
113391,0,1,0.506730198872155
38458,1,1,0.6052284472555937
85304,1,1,0.9810949933453182
58127,1,1,0.9903874491924484
47813,1,1,0.967897697297931
3718,1,1,0.9815865125642995
36884,1,1,0.9719562990810817
13368,1,1,0.9578162890931156
112144,0,1,0.7493446695279308
79614,1,1,0.9808722237960363
78919,1,1,0.9491770714474531
52442,1,1,0.9765715145051547
57305,1,1,0.9742823648229225
101585,1,1,0.9777601301619868
22628,1,1,0.9569810919224663
6595,1,1,0.8732810262949595
88419,1,1,0.9342236813474146
37355,1,1,0.9729865982748404
81301,1,1,0.9138498942173244
36430,1,1,0.9045534106861864
36210,1,1,0.9861202029907088
104438,1,1,0.98590400555502
70341,1,1,0.9581787323891223
102611,1,1,0.9661905374694454
74127,1,1,0.9278028646438836
81158,1,1,0.9518356983114262
33957,1,1,0.9732511648186792
1381,1,1,0.9707208403017615
25912,1,1,0.9400231287053014
92216,1,1,0.9807207014817543
70493,1,1,0.980208581144356
97775,1,1,0.7935204592229393
26549,1,1,0.9108875780285135
37094,0,1,0.9219373105466367
41228,0,1,0.9654644833221183
91596,1,1,0.9875717284226327
52389,1,1,0.9115836369855868
87303,1,1,0.8811382565741873
5062,1,1,0.9753451677572985
99790,1,1,0.9658698178616911
78144,1,1,0.9780645304481316
54582,1,1,0.9822869772154872
7741,1,1,0.9412491415648385
63667,1,1,0.981654854016116
14392,1,1,0.9848900862110067
62315,0,1,0.8699443657817626
29855,1,1,0.9122686034194011
84007,1,1,0.9621919249554708
48125,1,1,0.9138249693515164
110324,1,1,0.8306868094879929
78129,1,1,0.9714459359660443
84491,1,1,0.9881216859635944
18803,1,1,0.5150697862582155
11430,1,1,0.9344518231982996
111399,1,1,0.9807494377502085
67068,1,0,0.49087629436767316
96021,1,1,0.9861980645371352
15009,1,1,0.9760418886087114
69003,1,1,0.9414340374175953
60614,0,1,0.9155202116279048
88898,1,1,0.9506310597093405
94182,1,1,0.9576585045113485
16992,0,1,0.98677160202085
101089,1,1,0.9847369875126115
5751,1,1,0.9622062747589025
75232,1,1,0.9707716467538545
29321,1,1,0.9881095934818127
79660,1,1,0.9814724989932285
59644,1,1,0.7149621939321074
87699,1,1,0.9479778184965103
15909,1,1,0.8248438091353315
67411,1,1,0.9680827185887915
110250,0,0,0.07782409763383266
60489,1,1,0.8979017290836159
88521,1,0,0.47632679089485397
73822,1,1,0.871016377121449
64356,1,1,0.880322052120003
30830,1,1,0.9611387329989446
46301,1,1,0.9728012003800667
15165,1,1,0.8949599608467388
105447,1,1,0.9244322763152967
10228,1,1,0.9879389974525202
99006,1,1,0.9820883026078536
4494,1,1,0.9794012422671784
47384,0,1,0.935422717774171
42147,1,1,0.9896780855098056
93225,1,1,0.9786756309916371
87151,1,1,0.887132784786452
57998,1,1,0.9898397476851857
87527,1,1,0.9866381031197818
93323,1,1,0.9707741194679897
3375,1,1,0.9758490196809456
67686,1,1,0.9411423669331166
50453,1,1,0.9735476701358328
93739,1,1,0.9721941713069002
41007,1,1,0.9651262883107519
74753,1,1,0.9850003326325903
23033,1,1,0.9828525719593364
109573,1,1,0.966282745355063
3283,1,1,0.9675503680798054
4418,1,1,0.9872352555825583
10597,1,1,0.8027329876299186
29446,1,1,0.9828364397163865
96250,1,1,0.9804676140067473
52451,1,1,0.971621023895568
57692,1,1,0.879507511399903
7510,1,1,0.9735412961330399
42499,0,1,0.8827348204373433
87115,1,1,0.9871025760236489
81356,1,1,0.9836975924958333
93901,1,1,0.9764489040067283
30725,1,1,0.9846883755964412
44078,1,1,0.9738079788514727
86080,0,1,0.9493797387297698
62713,1,1,0.9522388289809129
18366,1,1,0.9810974092066127
60729,1,1,0.9750698179145818
22724,1,1,0.9751955681322593
64678,1,1,0.9626383452125455
92055,0,1,0.8437652327026451
95343,1,1,0.977318516123281
16545,1,1,0.9629897617137861
46473,1,1,0.9818813869342813
57613,1,1,0.955177552955318
1768,1,1,0.9722651946742286
23501,1,1,0.9898771875720717
102342,1,1,0.9690773211819248
85102,0,1,0.9295168889914164
7968,1,1,0.9591341984306516
64883,1,1,0.9663193976053415
32219,1,1,0.8285812291687186
96231,1,1,0.9763928725832216
102533,1,1,0.9627716660801784
53310,1,1,0.9703597464256373
55220,0,1,0.9233741019308676
89233,0,1,0.9673528876160362
60089,1,1,0.9664754715888065
41954,0,1,0.8758122980825566
64254,1,1,0.9833398286001571
82903,1,1,0.9586618036187483
21362,1,1,0.981455415873779
28016,1,1,0.9536513977697323
70294,1,1,0.7917799306364234
74361,1,1,0.9882943676210365
88642,1,1,0.9708638003865876
26933,1,1,0.977017943667645
76217,1,1,0.8265463203347764
84298,1,1,0.9580633907840251
60138,1,1,0.8936028281514343
108623,1,1,0.9011594085930551
32622,1,1,0.9759015579833209
18953,0,1,0.8331723050708536
63813,0,1,0.9089827806547947
90616,1,1,0.9333585137823198
33294,0,1,0.9442137875331437
83810,1,1,0.9828480878323085
725,1,1,0.944731929782081
43071,0,0,0.31560190865858484
87392,1,1,0.9741807964998117
87419,1,1,0.9631962310328979
42185,1,1,0.9653931545702547
54264,1,1,0.9809946217982615
3616,1,1,0.9427436271771682
11466,1,1,0.885379534882495
71943,1,1,0.9849635635585836
104998,1,1,0.9816736379464666
70257,1,1,0.9215081041222963
59648,1,1,0.9619198901472844
35109,1,1,0.9664698880229466
64703,1,1,0.6929401881338918
72338,1,1,0.980938718210087
71887,1,1,0.9788935506058375
22984,1,1,0.9656050143779867
74106,1,1,0.9508551827282978
5103,1,1,0.9790895833152349
99031,1,1,0.9720062230579849
74018,1,1,0.9743851114865948
15154,1,1,0.9374393760347735
71378,1,1,0.9595525689724477
56079,1,1,0.6927728249207498
59192,1,1,0.7319223965322634
32825,1,1,0.9544649474219118
33387,1,1,0.9615462193519424
58799,1,1,0.9593146846868288
95204,0,1,0.9669220086579549
103509,1,1,0.8594336303317558
104993,1,1,0.9716925480787173
10967,1,1,0.981863954029476
105820,0,1,0.9135772800387633
53368,0,1,0.9469499838690489
76699,1,1,0.9806074382904741
53743,1,1,0.976813079757981
85004,1,1,0.7777814792946889
101699,1,1,0.9116298456980818
56808,1,1,0.9601748376687707
52630,1,1,0.9804940688061448
82802,1,1,0.9847529587316838
2333,1,1,0.9836964354964115
81177,1,1,0.9183344853181934
33038,1,1,0.960597545858559
96249,1,1,0.9701821411894621
55771,1,1,0.9680665077735725
28335,1,1,0.9028934614805029
81664,1,1,0.9822991212630737
25709,1,1,0.965329717442698
23722,1,1,0.9860731488292356
47108,1,1,0.9788589701485738
108144,1,1,0.897019139372859
17780,1,1,0.9870601384990028
76060,1,1,0.9826164441424244
3235,1,1,0.8898128937188249
81132,1,1,0.9695750599192189
90168,1,1,0.9890690257511027
14668,1,1,0.9877137161467864
35442,1,1,0.9801127099453422
72082,0,1,0.9522944737946678
20004,1,1,0.9400964884442109
69679,1,1,0.9775320757842368
75630,1,1,0.9640703764676789
79917,1,1,0.9700449784940987
24346,0,1,0.8795032665813012
42254,1,1,0.8323282651147509
21305,0,1,0.7446980836039332
91401,1,1,0.9734307207689294
51376,0,0,0.4876642508137519
65165,1,1,0.9909861971754633
44079,1,1,0.9863822561632214
92122,1,1,0.9390823517767182
98886,1,1,0.9848007183176457
3907,1,1,0.8797335953586685
93459,1,1,0.9103885767038545
87702,1,1,0.9607592078795705
112837,1,1,0.9745492057404426
107422,1,1,0.9812798549623454
52987,1,1,0.9826953469956632
80064,1,1,0.9773332171874213
89095,1,1,0.9761256626944734
17222,1,1,0.9837744347589248
11578,1,1,0.980083783740642
95009,1,1,0.9834669765629412
55502,1,1,0.9814803556214443
10368,1,1,0.9863153087478372
16735,1,1,0.9883185060916679
108848,1,1,0.9764551770721323
7924,1,1,0.9880196350088969
70440,0,1,0.9817699810211141
55641,1,1,0.9812520769945173
106024,1,1,0.9703339230411242
43730,1,1,0.9159713530943027
53671,1,1,0.9762674447761318
79172,1,1,0.9787656190199525
31889,0,1,0.9000536083944742
34833,1,1,0.9791284286042721
34766,1,1,0.9838294882599135
79570,1,1,0.9440856670523533
41941,1,1,0.9791853293028954
22941,1,1,0.984008314609051
80752,1,1,0.9877374224141541
17488,1,1,0.8819561034407549
104666,1,1,0.980055360145302
99688,0,0,0.36462839294041416
44744,0,1,0.9896389187214125
79109,1,1,0.9730516425963112
110499,0,1,0.8878985514954254
94811,1,1,0.9393191219252331
67889,1,1,0.9653182477617903
3076,1,1,0.9835935006308759
73201,1,1,0.9778575595199208
56463,1,1,0.9760985740415289
88239,1,1,0.9568409302371977
71490,0,1,0.8461050474265371
33156,1,1,0.9655030780982794
69985,1,1,0.8202523241106969
80986,1,1,0.9817694486472671
22776,1,1,0.981181944180479
72334,1,1,0.9847720005420726
13675,1,1,0.6239369804398245
9759,1,1,0.9568469211935331
80593,1,1,0.9888487741273891
36978,1,1,0.9834893356528502
49342,1,1,0.869801479144813
9848,1,1,0.9865338427925859
56790,1,1,0.9793216199477651
7488,0,1,0.9486622905452223
10242,1,1,0.9524228661327994
23487,1,1,0.9814415388301571
37699,1,1,0.953847953390707
101738,1,1,0.978772621219566
81126,1,1,0.9786718856862097
99030,0,1,0.9883287690074704
33149,1,1,0.8685627935769101
48500,1,1,0.9802868087118013
1971,1,1,0.8263998492419306
32102,1,1,0.7995636276755016
76136,1,1,0.6079749494996924
92467,1,1,0.9925092281611118
55507,1,1,0.9740216399019378
5196,1,1,0.9503278052270938
96294,1,1,0.9765693589295297
27075,1,1,0.9863263738249193
5910,1,1,0.9608480328876712
13113,1,1,0.9689559814115795
53952,0,1,0.9804143984816112
7667,1,1,0.8957613606455359
113998,1,1,0.8750544467872667
79195,1,1,0.9519171882891285
23100,1,1,0.9844638236442007
69013,1,1,0.983461851468629
87274,1,1,0.9735778409589902
96464,1,1,0.9821129368863842
48988,1,1,0.989127561774042
106354,1,1,0.9706763521056868
80466,1,1,0.8799558818234365
11775,1,1,0.9870689773613942
15119,1,1,0.9803586310443786
101590,1,1,0.9633608941307987
4774,1,1,0.9715470909610102
41309,1,1,0.8756822103978397
39557,1,0,0.4018232854002204
103784,1,1,0.9103388026875933
96330,1,1,0.9322237392807287
35895,1,1,0.9732095578493585
75588,1,1,0.7636794741067301
98133,1,1,0.9618018427856139
32103,1,1,0.9799879258485572
73466,1,1,0.9844713851478607
11915,1,1,0.9789685311715444
60349,1,1,0.9871428104281827
93892,1,1,0.9459058025622141
58047,1,1,0.9827582504029855
111345,1,1,0.6594127364547304
113673,1,1,0.9601125036635442
19310,1,1,0.988285831261894
29952,1,1,0.9211642391405047
22538,1,1,0.9705222452227391
89727,1,1,0.9753776411238643
3903,1,1,0.8979045399742552
64744,1,1,0.9648872502082096
24001,1,1,0.9794241352759945
101126,1,1,0.9805490686790895
26291,1,1,0.966895683382781
26233,1,1,0.9882063000205231
10191,1,1,0.9723143519320722
42227,1,1,0.9534944759503082
25034,1,1,0.9156357871753795
73861,1,1,0.9095714731702799
102703,1,1,0.9624072685122965
87216,1,1,0.9767171565318192
105702,1,1,0.982665848634494
27250,1,1,0.9647641180589933
85899,1,1,0.982036920299463
74525,1,1,0.8970420828355442
26819,1,1,0.9568972702957801
25930,1,1,0.9095169780421344
25888,1,1,0.9754505262967454
29245,1,1,0.8206979352810292
18335,1,1,0.9349543160191319
73686,1,1,0.960599498038089
35761,1,1,0.9734063632034259
95901,1,1,0.9404150245799332
13614,1,1,0.977586144176835
384,1,1,0.9906856163621821
71291,1,1,0.9706852652465104
39351,1,1,0.9861055596013224
83818,1,1,0.9687601413560345
95727,1,1,0.9625656447839335
67616,1,1,0.9728290205299998
60177,1,1,0.9809796550566965
28262,1,1,0.9669155201306472
34674,1,1,0.9877208517305147
979,1,1,0.9757122722902698
58031,1,1,0.8871796660349464
40767,1,1,0.9365593532538324
4800,1,1,0.8355138685215777
76672,1,1,0.9669202130683978
12362,1,1,0.929858108849068
101940,1,1,0.9519718951180087
82093,1,1,0.977683367916883
69914,1,1,0.8829802450906276
14154,1,1,0.9513193796701882
106921,1,1,0.9542164061349615
35899,1,1,0.9777316093264233
111931,1,1,0.9705595587445803
42314,1,1,0.9556094978858496
99043,1,1,0.9545355573237282
59283,1,1,0.9640742272565564
97142,1,1,0.8268533999247138
20414,1,1,0.9817539096626444
59438,1,1,0.9721392510305679
6792,1,1,0.949844701426143
15253,1,1,0.9876926880963806
106144,1,1,0.9357913625980313
96030,1,1,0.931192654595437
14755,1,1,0.9751308721109659
38757,1,1,0.966932169152798
42246,1,1,0.9741794939177272
102517,1,1,0.9848492299269374
13811,1,1,0.9413527549196774
86134,1,1,0.9856732986400218
19643,1,1,0.9372310105404791
90385,1,1,0.9778203555795818
75717,1,1,0.9592952951386056
6477,1,1,0.964099460016262
82422,0,1,0.9638357346049223
47625,1,1,0.9655083451495028
34602,1,1,0.5947957516700431
93976,1,1,0.9252092968922931
88803,1,1,0.990344185959259
16542,1,1,0.8795728918818206
64455,1,1,0.9763397167346255
57839,1,1,0.9771529211163499
83586,1,1,0.9766103538690861
67629,1,1,0.9821493067154942
110871,1,1,0.9095384824625303
19119,1,1,0.9715309279793167
82341,1,1,0.9810177382671011
16855,1,1,0.9017300815602473
98954,1,1,0.9758312193288088
100557,1,1,0.9488883555111531
64488,1,1,0.9793704622342565
37756,1,1,0.9632841565668518
87312,1,1,0.57239484761113
103122,1,1,0.9514467558485248
15847,1,1,0.9431747585400293
98008,1,1,0.9169751184392427
39327,1,1,0.9848241833004543
43546,1,1,0.985776562239309
10300,1,1,0.8793367354753585
70622,1,1,0.9774972905458422
70666,1,1,0.9746480150176924
50252,1,1,0.9897282083675822
76726,1,1,0.9847511620900997
21227,1,1,0.9720116952091319
68320,1,1,0.9625396831735881
43275,0,1,0.855692594274361
39242,1,1,0.9257230686093932
37132,1,1,0.9785020557704989
85731,1,1,0.9763027217048059
40051,1,1,0.9310442273501109
51892,1,1,0.9858989331772527
81797,1,1,0.9855983083701084
15635,1,1,0.873661356137557
58897,1,1,0.9725392903206019
19798,1,1,0.9345918988071045
19138,1,1,0.9849968374028042
22216,1,1,0.9222831270924191
94267,1,1,0.9366399066723843
65940,1,1,0.965411522583677
94194,1,1,0.9899471669966207
100331,1,1,0.9827946237001098
70912,1,1,0.9591943154271035
60041,1,1,0.8368466878672773
44288,1,1,0.8860479123227307
58087,1,1,0.9839966148056642
37506,1,1,0.9843306871782996
63094,1,1,0.9783704670958617
94395,1,1,0.9626428654647735
63523,1,1,0.8916278579558021
83565,1,1,0.8773947438705292
80850,1,1,0.9756905592239157
19986,1,1,0.95634538943414
20050,0,1,0.9092232913194302
7747,1,1,0.9704606789292668
45369,1,1,0.9757980614517782
99672,1,1,0.9129869887376284
12795,1,1,0.9851034476221215
64192,1,1,0.9821047524607712
24175,1,1,0.9903811881643801
46784,1,1,0.9822447803247712
62756,1,1,0.970294081353233
59943,1,1,0.9702003981777676
21123,1,1,0.9556353692839038
28197,1,1,0.9309765127588562
77514,1,1,0.9796263306947939
48201,1,1,0.9060880277502869
50939,1,1,0.9795663268980305
49703,1,1,0.9881408299374345
80779,1,1,0.9247801403569642
94156,0,1,0.8603143474603469
28910,1,1,0.9845536782422972
65481,1,1,0.9713692859091674
108316,1,1,0.9771879563893658
43107,1,1,0.9077741459350914
92673,1,1,0.9660101635729846
37555,1,1,0.9820254727091795
82855,1,1,0.9232733962567151
61242,1,1,0.9789609872898255
7047,1,1,0.9605301099848812
7177,1,1,0.9449529720572425
9225,1,1,0.8986622602395641
48998,1,1,0.9736832699326124
88586,1,1,0.9043942839340926
3657,1,1,0.956494645659896
20454,1,1,0.9720934583231371
70834,1,1,0.9864461343079682
77758,0,1,0.880420294218274
73681,1,1,0.977105885991485
33633,1,1,0.9821014770447486
37655,1,1,0.9749397106766932
114040,1,1,0.9556858730103429
45412,1,1,0.9575060297389614
21946,1,1,0.9901059210024082
4176,1,1,0.9483480442184934
111265,1,1,0.9432706338935721
44911,1,1,0.9169739126867544
108071,1,1,0.9715630597749098
100074,1,1,0.9702283902722662
8733,1,1,0.9806376342608369
91098,0,1,0.9159678181345563
100967,1,1,0.9803412251233693
38178,1,1,0.8904138721447293
83603,1,1,0.9859579044892719
8352,1,1,0.9682532072034914
43393,1,1,0.8686726635281592
69265,1,1,0.9844995492601721
113355,1,1,0.9792270948027376
2524,1,1,0.9781078747103374
86489,1,1,0.9241916847645644
61903,1,1,0.9485672637980624
69538,1,1,0.985071754714377
47515,1,1,0.890836785412825
30448,1,1,0.9601418916561086
47238,1,1,0.978537458550948
99533,1,1,0.9587817040493306
62881,1,1,0.9694400207154172
23898,1,1,0.9493128974243918
17394,1,1,0.9853221472902688
113195,1,1,0.9826801458892266
35727,1,1,0.9564576869418833
90127,1,1,0.9873129382681617
20019,1,1,0.9567137446552355
113383,1,1,0.9711035073734278
44159,1,1,0.9845050617994009
27845,1,1,0.9196260581447392
84689,1,1,0.9542674524777781
37530,1,1,0.9812621965215405
76930,1,0,0.49116200247309955
89690,1,1,0.9902585539810801
50106,0,1,0.9475532231364491
98747,1,1,0.987279560889861
25266,1,1,0.8966967868124814
46441,1,1,0.9911685558723712
65361,1,1,0.5656038876049989
84016,1,1,0.9724108818933083
96637,1,1,0.9737771558631412
14672,0,1,0.7230363681388522
99735,1,1,0.960148328932379
31191,1,1,0.9863031052630079
64083,1,1,0.9704412959962597
71076,1,1,0.6437315364055127
18584,1,1,0.9832831756320141
47344,1,1,0.9744290391048592
36534,1,1,0.9808034218412035
15670,1,1,0.9753964037498708
86455,1,1,0.9821856162103424
77408,1,1,0.8740798586044077
49608,1,1,0.9876428737382679
81944,1,1,0.9724721564106306
18639,1,1,0.8559689791495796
59122,1,1,0.5312509589930555
113126,1,1,0.9829670455017189
109588,1,1,0.696290649402728
24955,1,1,0.8938725436824507
18244,0,1,0.8537064651566978
53836,1,1,0.9750763287523948
106733,1,1,0.9634977363199714
46922,1,1,0.976195748960687
29420,1,1,0.8477016787847039
60754,1,1,0.9872642840142717
18102,1,1,0.9458797735038319
5661,1,1,0.9660709724674573
72362,1,1,0.9712912313602375
66400,1,1,0.9633792444333928
32906,1,1,0.8995021426126244
20737,1,1,0.9606877684957348
58449,1,1,0.9781812427994216
113390,1,1,0.9770942997786612
8340,1,1,0.97871111931737
35842,1,1,0.9762737132460657
14940,1,1,0.9499768243507847
46916,1,1,0.987499923044505
45411,1,1,0.9835277289525419
85087,1,1,0.9581603587341201
42007,1,1,0.9872914582082639
13778,1,1,0.9743931892137824
71388,1,1,0.9847655277864255
66590,1,1,0.9730236351014176
67062,1,1,0.9675979303027287
89054,0,1,0.9254686354710799
69408,1,1,0.9610623781419217
61696,1,1,0.9812414249021288
49647,1,1,0.9834069039470211
76389,1,1,0.9801745456098367
91273,1,1,0.9835300885948334
13494,1,1,0.9776402039774061
66455,1,1,0.9041701915039576
55930,1,1,0.9796020056272962
82500,0,1,0.9791330829021259
52661,1,1,0.9888805335686304
66578,1,1,0.9766041427201395
52487,1,1,0.9731250136091348
14119,1,1,0.9761790461899766
911,1,1,0.9835982034270421
80680,0,1,0.8123865975730046
90673,1,1,0.9772032346392814
68728,1,1,0.9832134780618843
49370,1,1,0.8215760190527672
44474,1,1,0.8882321257741255
59096,1,1,0.9666158035780057
98206,0,1,0.9800931001870246
109156,1,1,0.9766201594131593
42470,1,1,0.9045257447463491
91217,1,1,0.9875392797845048
12353,1,1,0.9794147602719652
97084,1,1,0.9744885909568718
12581,1,1,0.9768515598456066
105560,1,1,0.9727445267208981
8813,1,1,0.9771017582959063
63175,1,1,0.9659526925549995
91452,1,1,0.9781665039528539
25762,1,1,0.8987134935666662
59822,1,1,0.9567143354944256
43731,1,1,0.9811891173630342
65936,1,1,0.9663903535844878
57287,1,1,0.8661429644867364
64524,1,1,0.8960719965009563
7276,1,1,0.9769845089152185
100661,1,1,0.8931153191736528
81115,1,1,0.6663806876236299
74116,1,1,0.9478214364810986
110238,1,1,0.9857086903124447
75968,1,1,0.9861451762286304
2049,1,1,0.9819448813166021
99978,1,1,0.9444766127695399
49363,1,1,0.9846892935589902
5616,0,1,0.8923324520154903
83634,1,1,0.989241116218381
5961,1,1,0.983332292837382
106949,1,1,0.9841320070396883
9023,1,1,0.9719102088247764
90036,1,1,0.9194753493288261
102518,1,1,0.9755134348643131
96211,1,1,0.9798620651505463
103549,1,1,0.9775052061733951
55553,1,1,0.9710456427081394
22620,1,1,0.9022244584467132
106269,1,1,0.9819079182529963
42301,1,1,0.9334760391764281
37608,1,1,0.987020950430687
92393,1,1,0.967002216426548
106340,1,1,0.9662033923668333
63818,1,1,0.974801912622411
78354,1,1,0.9687861080011541
80326,1,1,0.9785092412701355
77268,1,1,0.9506862372170052
76887,1,1,0.9587706724420033
70360,1,1,0.9856254206295278
111842,1,1,0.9727588099070249
79082,1,1,0.9337073150273494
37585,1,1,0.9801383455028508
82832,1,1,0.9440961960638082
101434,1,1,0.9802736395110728
101871,0,0,0.2749631578456906
18079,1,1,0.9752843367495334
27191,1,1,0.970567318249169
44687,1,1,0.9768205965410922
78235,1,1,0.907344627172001
22699,1,1,0.9864594932218914
37641,1,1,0.9421386358180633
71357,1,1,0.9638122095336539
78073,1,1,0.9341364548539315
16830,1,1,0.9676546656157571
50793,1,1,0.9618850853623873
49486,1,1,0.9804701832805002
85791,1,1,0.9800138900583105
75037,1,1,0.958912599125459
15614,1,1,0.9670370292497897
88139,1,1,0.9607715751665876
35629,1,1,0.93665215438129
106172,1,1,0.9576624516031469
1383,1,1,0.8488132405229347
94068,0,1,0.8128391226550632
14363,1,1,0.9669809686888132
111376,1,1,0.9856180766278942
47057,1,1,0.9760621631161357
27123,1,1,0.9734230606275763
7696,1,1,0.9735366752855195
27993,1,1,0.9515480955689372
65206,1,1,0.8446340611794544
80938,1,1,0.9666197921890421
66122,1,1,0.8480350729351507
95664,1,1,0.8951869493924967
31872,1,1,0.9247853410594373
113721,1,1,0.9701241133778445
19171,1,1,0.9716153778348641
70155,1,1,0.9749534287216126
71690,1,1,0.861673550188457
80942,1,1,0.9596297115281649
74123,1,1,0.975302184021061
63624,1,1,0.9483384129152062
14735,1,1,0.9688301401878127
61423,1,1,0.8409315684051057
47081,1,1,0.9777775480996816
97221,1,1,0.9806306870897051
52338,1,1,0.9010843006613446
85776,1,1,0.9512410264828215
39986,1,1,0.9830288879321945
36308,1,1,0.982219139165028
154,1,1,0.9799455988467817
5640,1,1,0.8673768802827344
16117,1,1,0.8694073952074042
82790,1,1,0.9478922477464791
16880,1,1,0.9757970946099985
20207,1,1,0.9815337545800391
22702,1,1,0.975961123412043
20290,1,1,0.9888593714252311
18567,1,1,0.9729539488699503
96506,1,1,0.9805711841854134
109248,1,1,0.9700885259516856
86309,1,1,0.9751993290857884
73136,1,1,0.979616017794013
77405,1,1,0.9743472399992237
102774,1,1,0.9819563208829316
102425,1,1,0.9239571157479943
73368,1,1,0.9881891789835562
88484,1,1,0.9184478798598937
94947,1,1,0.9058614081098169
113734,1,1,0.9758670109061206
62833,1,1,0.8996481325110236
76147,1,1,0.9772191639841402
73320,1,1,0.9762535776791116
39617,1,1,0.7515827872133953
52151,1,1,0.9761643821562245
804,1,1,0.9881540545417578
35703,1,1,0.9187211816615884
30063,1,1,0.9829586881503832
67863,1,1,0.983798407601631
54246,1,1,0.9482609988097881
89731,1,1,0.9806695317798735
113400,1,1,0.9690812114984015
102769,1,1,0.9771424377242746
52186,1,1,0.8509826970892435
78455,1,1,0.979165813006137
101247,1,1,0.5540487991810643
106103,1,1,0.9875021457546752
101741,1,1,0.9650537375017296
62261,1,1,0.9823478860864996
37284,1,1,0.9737589408305011
57059,1,1,0.9561781433654796
68661,1,1,0.9588824774612904
58833,1,1,0.975902276579201
57293,1,1,0.9136786989705982
51124,0,1,0.8694045789040475
58591,1,1,0.9840010330120844
64071,1,1,0.990566153399051
89739,1,1,0.9713156459975997
82836,1,1,0.9598554879268696
12673,1,1,0.9677026071296277
36247,1,1,0.9891095743658793
30106,1,1,0.9858045138878863
30486,1,1,0.983648400296471
92324,1,1,0.9814346822571111
59600,1,1,0.9531073163843676
77745,1,1,0.9282690121802175
64504,0,1,0.8875404571257228
17775,1,0,0.06024230355455641
25052,1,1,0.9736804868947628
38904,1,1,0.9524793592041491
18462,1,1,0.9789623004054605
35584,1,1,0.9667960968320287
40091,1,1,0.9787103787451922
49620,1,1,0.933074171977665
96801,1,1,0.9573598993391488
54533,1,1,0.9720313365447015
63327,1,1,0.9900238654702935
61810,0,1,0.957395195226505
37364,1,1,0.9663737798874628
30922,1,1,0.9655200101439566
66185,1,1,0.9471996158680319
17556,1,1,0.986606511844726
63359,1,1,0.9891047652754478
98772,1,1,0.9879245929304545
32158,1,1,0.9722781818607986
91041,1,1,0.9370702497772285
17643,1,1,0.971582282553793
68007,1,1,0.9898101855220072
108839,1,1,0.934942699653517
42872,1,1,0.9565542004782321
31685,1,1,0.9807732595103864
12267,1,1,0.8808275409045645
84925,1,1,0.9721777307110038
3055,1,1,0.6423690245346513
40619,1,1,0.9600111929776333
44152,1,1,0.8579997994745493
51511,1,1,0.9796865423770326
86117,1,1,0.9681176602153584
85788,1,1,0.9864498153157477
68383,1,1,0.9882785062586495
18565,1,1,0.9023892224781912
6406,1,1,0.9430326154432651
19415,1,1,0.9810323843668216
10074,1,1,0.9797071046949678
83226,1,1,0.9715269909477141
100696,1,1,0.9876184042179544
102560,1,1,0.8542855196606641
44844,1,1,0.975759312380237
16701,1,1,0.9814674963394605
75525,1,1,0.9836807149059549
61605,1,1,0.9885558622057273
63993,1,1,0.9410263895341385
105364,1,1,0.8833757722155418
43164,1,1,0.8456964688044358
36397,1,1,0.9768661183713813
24426,1,1,0.967445041046813
91408,1,1,0.9771839497795879
79560,1,1,0.9803840567078113
72345,0,0,0.38796996580194815
43005,1,1,0.9840859565196061
62502,1,1,0.9749799312728141
50760,1,1,0.8794460046033772
100151,1,1,0.9882381832522653
89249,1,1,0.9739810051770698
48219,1,1,0.9756671649673835
16210,1,1,0.9849693846071078
45590,1,1,0.9517671771530521
69604,1,1,0.9775239393312161
17859,1,1,0.9812304549325949
61209,1,1,0.9485432944965644
43483,1,1,0.9735492583565999
104426,1,1,0.9531157290593455
19384,1,1,0.9792716992769265
40427,1,1,0.9784362341437193
89943,1,1,0.8942961197277475
39781,1,1,0.9050053287656888
13890,1,1,0.9635091840262913
53182,1,1,0.92378244737602
96982,0,1,0.7184222890771638
5638,1,1,0.9678189032660057
17533,1,1,0.9412600355041986
61699,1,1,0.9201129259042897
18193,1,1,0.9282598363075101
106275,1,1,0.7652914469251132
58684,1,1,0.9856374777134852
60842,1,1,0.9781887062924631
79602,1,1,0.9692846839416068
13404,1,1,0.9790452013655965
14382,1,1,0.8825625573102533
70029,1,1,0.9833611632287158
77215,1,1,0.9853941062780585
113524,1,1,0.9787756571951406
26407,1,1,0.9826815119977859
52903,1,1,0.9832608517171249
103880,1,1,0.9568070280351072
32224,1,1,0.9682315394771871
100310,1,1,0.9663642176705111
111210,1,1,0.9409823370141851
25803,1,1,0.959077129302189
11851,1,1,0.9652142391295762
96104,1,1,0.9766411162934682
101510,1,1,0.9727391114841168
107417,1,1,0.9794293507575856
21578,1,1,0.9282702409575594
12784,1,1,0.8414680733882318
94165,1,1,0.9829635789482862
76921,1,1,0.9893480369397444
33378,1,1,0.9921333828058251
69406,1,1,0.9860171516104318
20323,1,1,0.9858672873280596
4977,1,1,0.9733322156941
37961,1,1,0.9022853840171167
19140,1,0,0.04601409896236887
101068,0,0,0.09495116499434621
97629,1,1,0.9672325488396659
15561,1,1,0.9818264433463224
23364,1,1,0.9630010683276785
34146,1,1,0.9850442987210937
102020,1,1,0.9356904190547722
89560,0,0,0.42238817493120223
45627,1,1,0.9861943359403664
87074,1,1,0.9818272854381027
60480,1,1,0.9509746931551718
110884,1,1,0.8248505218405121
68524,1,1,0.9524968468093693
24312,1,1,0.9767937452716269
77988,1,1,0.9657807545847719
51168,1,1,0.9803558456565192
25264,1,1,0.9812845125998931
72948,1,1,0.9775897538610958
76634,1,1,0.9660245877072356
16439,1,1,0.9710550065463605
49938,1,1,0.9884422615511647
18185,1,1,0.9846332039532747
16976,1,1,0.9842101802070251
48476,1,1,0.8992021883098725
63649,1,1,0.8930429020164311
5864,1,1,0.9148852808866765
44403,1,1,0.98409677028028
3152,1,1,0.9815114354673734
65290,1,1,0.8791387747316595
6241,0,1,0.9336771194358203
42537,1,1,0.986271813952404
104691,1,1,0.931791867219602
695,1,1,0.8966473012471626
94869,1,1,0.9854303463748373
78489,1,1,0.9450178820430774
13307,1,1,0.9702170399500681
53612,1,1,0.9771154124459397
95699,0,1,0.9329179411359726
14858,1,1,0.9627293236782501
24829,1,1,0.9704860295858938
63432,1,1,0.9813659024082028
37140,1,1,0.9826692030910326
52242,1,1,0.987826423475856
112972,1,1,0.977628284627877
4192,1,1,0.870293589751431
105916,1,1,0.9771929895024443
52551,1,1,0.950878861843153
48431,1,1,0.908548740475209
44482,1,1,0.9869614799987183
72831,1,1,0.9535710371131908
37554,1,1,0.9741430737887754
13523,1,1,0.9646004561020987
64054,1,1,0.9670146421933518
48186,1,1,0.9900674797559053
4783,1,1,0.6075393157937282
72239,1,1,0.9614240051098764
81013,1,1,0.9510707356305527
41877,1,1,0.6867888983071778
38565,1,1,0.905985244009722
63594,1,1,0.9562948844245802
14866,1,1,0.9764626904043148
109771,1,1,0.8772523781926316
32014,1,1,0.975973708730094
18744,1,1,0.9722170851718667
51793,1,1,0.879222126319981
81923,1,1,0.9125286412424515
112558,1,1,0.5937923035284454
70701,1,1,0.9273863638494451
42788,1,1,0.9712668123391467
51933,1,1,0.9821541513261094
57461,1,1,0.981986979218636
71629,1,1,0.9769428321019322
2563,1,1,0.9890734431489742
30051,1,1,0.9677857839607364
83342,1,1,0.8779860424472523
85471,1,1,0.9656556134855175
110817,1,1,0.9412764942979609
87055,0,1,0.9018394111418959
85902,1,1,0.9704780336001346
35414,1,1,0.9854377851897138
23486,1,1,0.9292514852038999
92754,1,1,0.8890177972361573
3605,1,1,0.6662894215444867
16690,1,1,0.9101898197047676
19762,1,1,0.9661572660836737
106176,1,1,0.9674342079936635
78555,1,1,0.9883494304730004
114014,1,1,0.9705595841156273
90619,1,1,0.9428202634392504
71988,1,1,0.9620796230191818
49421,1,1,0.9419494644013164
111092,1,1,0.958873237946417
53703,1,1,0.9819007794403128
109747,1,1,0.9627131100511099
56529,1,1,0.98003499406254
81387,1,1,0.9719611412548295
37492,1,1,0.9317589527193684
5816,1,1,0.9920796167569589
23217,1,1,0.921069924044457
80092,1,1,0.6807138159747534
18073,1,1,0.9825969831885897
92455,1,1,0.8762749840953206
1310,1,1,0.9544152838747786
13024,1,1,0.972094784485369
67491,1,1,0.9641998758843581
258,1,1,0.9850503919163495
5980,1,1,0.9711983366676407
12030,1,1,0.8178065616597445
36226,1,1,0.9793560720159009
31479,0,1,0.6672656300682642
104241,1,1,0.975733275359114
109563,1,1,0.7192696379849356
32362,1,1,0.9347196450947348
8825,1,1,0.9865228568468702
90482,1,1,0.931793296003505
113367,1,1,0.9339786380103331
39881,1,1,0.9729281077819394
69224,1,1,0.9655399601186767
95218,1,1,0.9211848464135143
101431,1,1,0.9811139433431751
112880,1,1,0.985320106848845
110593,1,1,0.9870773484611093
1458,1,1,0.9792237349555887
61804,1,1,0.9173160441276709
75225,1,1,0.9822771614608204
53210,0,1,0.9522164063898836
113376,1,1,0.98582948867737
56993,1,1,0.9677469414163427
37119,1,1,0.9815253206473286
99199,1,1,0.9892802891175226
73971,1,1,0.9507057147890664
10190,1,1,0.9786097748180544
86449,1,1,0.9412238485235783
50898,1,1,0.9867149003723101
113268,1,1,0.9086323896432279
81871,1,1,0.9680796197816413
68576,1,1,0.9737030043200419
76969,1,1,0.9884193343924215
14301,1,1,0.9121225528262353
62016,0,1,0.9047060958643912
45342,1,1,0.9830915537404632
14728,1,1,0.9872000846592637
80159,1,1,0.8841931767323907
10268,1,1,0.9225676906058815
84434,1,1,0.9928512839609868
86268,1,1,0.9817216933226741
32486,1,1,0.9611948002010334
86015,1,1,0.93752311554704
110449,1,1,0.9834938159117966
32542,1,1,0.9862672689677862
34523,1,1,0.9117265704964113
26390,1,1,0.8610293725130288
52920,1,1,0.8989261704947488
111715,1,1,0.9869940602466125
35932,1,1,0.9709108941460365
55160,1,1,0.9790007951085504
95784,1,1,0.9798883943339486
63015,1,1,0.9301339526696993
20778,1,1,0.8734802723955497
86948,1,0,0.1320685535758998
94583,1,1,0.8158477384492898
78334,1,1,0.9618492560819744
63946,1,1,0.9822402727305449
107530,1,1,0.9802708679737002
24481,1,1,0.9847155234671587
70471,1,1,0.9603620184018872
99605,1,1,0.9707811796890633
71269,1,1,0.9795526975691577
71611,1,1,0.9717036150936431
108465,1,1,0.9668251883524963
83,1,1,0.9354485097475193
106668,1,1,0.9117445076363581
38356,1,1,0.8167630920066142
24488,0,1,0.9795319056077988
95688,1,1,0.9549224633972456
75803,1,1,0.9653097083740164
40811,1,1,0.9710429045450502
11622,1,1,0.9833932242811512
62422,1,1,0.9852578886356568
85415,1,1,0.9835582735789034
47018,1,1,0.9901955334366315
27085,1,1,0.9107757897071178
7565,1,1,0.8785835360803869
108939,1,1,0.9825038167430735
27776,1,1,0.8880811519736538
43147,1,1,0.9326975743156578
13445,1,1,0.9762137981643509
110540,1,1,0.9746879006812573
80424,1,1,0.9408370083912343
79502,1,1,0.8343668556415771
28131,1,1,0.9602243897962508
39503,1,1,0.937030068372587
71212,1,1,0.9820587272895084
42461,1,1,0.9870110421241945
64069,1,1,0.9775035098849458
104648,1,1,0.9837405446393851
64216,1,1,0.9684509211562484
109259,1,1,0.9835388783440194
103318,1,1,0.9904504018282531
14638,1,1,0.967395342495638
84495,1,1,0.9765761411141036
60680,1,1,0.9900684618634772
46866,1,1,0.9860002136775688
57744,1,1,0.9673547053045518
21024,1,1,0.977959882708348
106026,1,1,0.9083070750047789
34846,1,1,0.8710186061038919
41580,1,1,0.9376183402885687
553,1,1,0.9786006464012652
113701,1,1,0.5613523132088579
4407,1,1,0.9429607815338795
111236,1,1,0.972117307594434
84776,1,1,0.9916537986524445
105010,1,1,0.9578117148168391
48017,1,1,0.9586830999979796
61896,1,1,0.9857334877530809
86744,1,1,0.9687996226602144
13230,1,1,0.8513406279640782
99511,1,1,0.9777217800021947
80620,1,1,0.9745050748121242
22450,1,0,0.4245100827624483
57737,1,1,0.9721115056016997
21642,1,1,0.9849835027770446
107763,1,1,0.963779089979073
53164,1,1,0.9647792844388994
67010,1,1,0.9584131721504503
29795,1,1,0.9390920773382926
85033,1,1,0.8978487612591819
89055,0,1,0.9660281940179736
99505,1,1,0.9828120327574678
78540,1,1,0.8985734983870054
20352,1,1,0.9072286686426322
83849,0,1,0.9037290465973912
45006,1,1,0.9732309415664379
104928,1,1,0.9894204809100089
108102,1,1,0.9781589880488859
95486,1,0,0.44456966087825084
63721,0,1,0.973528371817912
45894,1,1,0.9683404300728767
67033,1,1,0.9888628865582366
15612,1,1,0.9776722404253965
46095,1,1,0.982250402078045
94580,1,1,0.9802039107184313
18075,0,1,0.9497498878518088
112575,1,1,0.9909077052092553
16376,1,1,0.9907816028274009
77845,1,1,0.9485550530013654
76733,0,1,0.9841518016475369
112824,1,1,0.9756224941633798
49328,1,1,0.9675193229179044
8326,1,1,0.9642449498494241
113909,1,1,0.9727378749461494
36158,1,1,0.9588361097643098
62022,1,1,0.9838325235045557
103024,1,1,0.9737021414335741
79246,1,1,0.9873857809626001
19895,1,1,0.5135668417109653
95018,1,1,0.9833867672410683
58534,0,1,0.9707308102559363
30293,1,1,0.9784491286313838
10649,1,1,0.9644296196248732
54465,1,1,0.9844950014664712
62866,1,1,0.985674064380454
86232,1,1,0.9676976347483334
34765,0,1,0.598996051816013
103207,1,1,0.9191192783079007
23079,1,1,0.9873078434121206
60564,1,1,0.9807745633856931
76308,1,1,0.9595207005169497
85588,1,1,0.9735853710887609
100520,1,1,0.9830469887133347
7653,1,1,0.9741035780839867
84882,1,1,0.9900244929714463
19855,1,1,0.9761791763629577
111969,1,1,0.9850655353676526
110411,1,1,0.9593840734703091
50706,1,1,0.9783356538630223
102063,1,1,0.9141787771733416
2050,1,1,0.8389732176688941
78374,1,1,0.9537737617070295
66789,0,1,0.9312164293441412
106426,1,1,0.9831451670385398
50503,1,1,0.9869665432713819
111893,1,1,0.9418629856499682
88933,1,1,0.9699964397536054
33250,1,1,0.8805954066571113
25913,1,1,0.9838705917485816
57798,1,1,0.9888444771323425
77192,1,1,0.9350138301952724
50236,1,1,0.9872188465783173
87642,1,1,0.9460620109715826
13697,1,1,0.961190301355296
45881,1,1,0.9764076351566061
12068,1,1,0.9782879642492224
14127,1,1,0.9546005162730922
60412,1,1,0.9865395518050483
35673,1,1,0.9746207915155529
60628,1,1,0.9715027820096486
17118,1,1,0.9832305609210832
27177,1,1,0.8789776697019024
73530,1,1,0.9845896256241208
25082,0,1,0.914367956271403
4346,1,1,0.9644726379556383
88069,1,1,0.9829638391449684
34688,1,1,0.9353228761450704
104995,1,1,0.8876901165363335
37078,1,1,0.9701376438966725
99277,1,1,0.9853913689061586
100672,1,1,0.9794980366662909
83689,1,1,0.9780747060280063
77902,1,1,0.9746671483487729
94508,1,1,0.9699187253975019
92326,1,1,0.9791670745805937
71235,1,1,0.981399693541743
10789,1,1,0.8190176778650728
14321,1,1,0.9723234085373901
65203,1,1,0.9428007107840156
13411,1,1,0.8771658510019777
46420,1,1,0.973398844408986
89148,0,1,0.9122343781294613
58168,0,1,0.8266980203584618
112682,1,1,0.9784254547684288
68145,1,1,0.9809989226709357
44444,1,1,0.9903000649333047
51898,0,1,0.8640552730974255
12739,1,1,0.9891330608944527
83432,1,1,0.9806592056091346
94409,1,1,0.975826621614231
38649,1,1,0.9793568287827283
4195,1,1,0.9873735989113752
83122,0,1,0.878679089671683
4036,1,1,0.9812674844519699
113611,1,1,0.983388728179355
40579,1,1,0.9829956817468599
42011,0,1,0.8580469970181971
59249,1,1,0.9823273821984045
4428,1,1,0.961803845366178
78018,1,1,0.9888135709584691
108283,1,1,0.953006767027119
79882,1,1,0.9622851138459986
97307,1,1,0.9857885453245586
21133,1,1,0.507118250117333
48473,1,1,0.975520744993193
31773,1,1,0.9823878648099136
86903,1,1,0.972164722730547
59350,1,1,0.984735728559009
12699,1,1,0.9758115054064729
25737,1,1,0.9897108582776083
15807,1,1,0.9329013061718607
110710,1,1,0.8698959112932424
52390,1,1,0.9743100231763494
81023,1,1,0.7882139482400846
20291,0,1,0.9830749805182168
50890,1,1,0.956975203172754
33479,1,1,0.8936231349722504
112274,1,1,0.9865656325673616
66015,1,1,0.9482163426665806
10918,1,1,0.5897082047933417
85482,1,1,0.8237927388414648
78255,1,1,0.9767602702374594
48877,1,1,0.8709253320803467
76637,1,1,0.9737169477467995
129,1,1,0.9699235895871686
67207,1,1,0.9210303436325002
39168,1,1,0.9725698209718453
42630,1,1,0.9780134035346911
103457,0,1,0.985979645452921
18672,1,1,0.9775299834244751
104413,1,1,0.5567412150220971
20570,1,1,0.9751875155228238
31311,1,1,0.8926774622484722
21245,1,1,0.9806233809449572
12548,1,0,0.14875639913487068
31045,1,1,0.9704105549255262
37,1,1,0.9863105917838871
60121,1,1,0.9493242777847513
27388,1,1,0.9808838927298545
106011,1,1,0.9719973148452304
48292,1,1,0.9834479713680486
99955,1,1,0.9639891871344943
103322,1,1,0.9533154131445815
89591,1,1,0.9550980313503317
61989,1,1,0.9739807397305482
100907,1,1,0.9838812556181713
18337,1,1,0.9507526080051987
9577,1,1,0.9819720089344174
60875,1,1,0.9801517909680355
32345,1,1,0.9600873579674369
20779,1,1,0.980820967115332
30418,1,1,0.9053321415295351
10968,1,1,0.9832613927867848
46017,1,1,0.9772126879072044
30341,1,1,0.935489680242787
37467,1,1,0.9548134528700616
104155,1,1,0.8791505894584639
28722,1,1,0.9185864047038778
61039,1,1,0.9898469643493774
19064,1,1,0.94558477741539
56437,1,1,0.9871023177924626
71808,1,1,0.9498369986113937
69407,1,1,0.9753213949389807
29495,1,1,0.9568826627934839
25582,1,1,0.9641131974216072
92953,1,1,0.5418725584892672
36515,0,1,0.6164322632907898
26755,1,1,0.8718728520228264
7933,1,1,0.982819612113057
19049,1,1,0.9556943522343793
28790,1,1,0.9604929411009929
43396,1,1,0.9001905483515106
56946,1,1,0.8077362168147793
83980,1,1,0.9624492386440753
91314,1,1,0.984088972282481
75893,1,1,0.8873042381019923
62374,1,1,0.9778914974158517
5132,1,1,0.9850617231368358
7039,1,1,0.8798080583571608
64467,1,1,0.9634192084852694
91010,1,1,0.9557520790893657
109991,1,1,0.9830880005401234
101602,1,1,0.9874963322531869
113067,1,1,0.978500240113361
2186,1,1,0.8862123148229258
94254,1,1,0.9519383492289268
63181,1,1,0.9281784753159782
61145,1,1,0.9415380967226333
85342,1,1,0.9242415250142373
109412,1,1,0.883919605312744
92426,1,1,0.9768110473151027
64366,0,1,0.9645345802492452
29251,1,1,0.9799396854298221
104869,1,1,0.9830872583703028
101579,1,1,0.9910375416586726
48324,0,1,0.9552068554889722
58673,1,1,0.9088047868625968
100960,1,1,0.7264702759967977
31761,1,1,0.9790202034442029
14721,1,1,0.9686007998170952
103118,1,1,0.9844295620875027
61288,1,1,0.9878128899786545
71056,1,1,0.9834008014403178
51156,1,1,0.9849343568462073
66736,1,1,0.9729947959644701
28018,1,1,0.9576476655255105
63909,1,1,0.9396279697180522
102686,1,1,0.9396351839837749
54667,1,1,0.867603189608213
92050,1,1,0.9321478199710341
63169,1,1,0.9761836694996168
42567,1,1,0.9455172978435494
41640,1,1,0.9857701744727925
18409,1,1,0.9407717880656286
71353,1,1,0.9851889853582699
54606,0,1,0.597364651495879
74844,1,1,0.954841069104997
82797,1,1,0.9167491286720678
84223,1,1,0.975932597334671
98652,1,1,0.9812646064679449
32660,1,1,0.9806609401748033
42402,1,1,0.9873040051450557
85167,1,1,0.9756553552539697
26325,1,1,0.8322492702392703
49231,1,1,0.9580292357711566
27882,1,1,0.9842542991765242
28879,1,1,0.9833281058424036
88429,1,1,0.9862502297409111
73930,1,1,0.9790568608976886
81574,1,1,0.9708257601110112
66313,1,1,0.9770441995249509
58381,1,1,0.9868793275936563
93310,1,1,0.9787419186479471
23629,1,1,0.9860954596350516
32428,1,1,0.9804114798727056
110176,1,1,0.9779664178440403
29017,1,1,0.9586572992013112
2291,1,1,0.974059074202227
103726,0,1,0.9580451119246306
105069,1,1,0.9443786331723023
7283,1,1,0.7899465394382406
64516,1,1,0.9433991969343689
50784,1,1,0.9363209290522456
56081,1,1,0.980327467507507
91278,1,1,0.990498875500528
108129,1,1,0.9585149616907425
62950,1,1,0.9801039420545299
65772,1,1,0.9175130564775944
55269,1,1,0.9842060129515022
47446,1,1,0.8145776106216497
76164,1,1,0.9473230981125357
19808,1,1,0.9847777088111381
78352,1,1,0.976324607043329
20776,1,1,0.9826474496144528
45847,1,1,0.9880286987376947
83134,1,1,0.9794977227189896
29962,1,1,0.9665175521603517
81161,0,1,0.9064426869403551
58128,1,1,0.7471130299818969
76925,1,1,0.9552306289745516
35987,1,1,0.9059229414051132
37908,1,1,0.9817072164127868
108038,1,1,0.9790750879319535
10595,0,1,0.5938611286859905
52686,1,1,0.9079125873803675
64205,1,1,0.980682369793949
54797,1,1,0.9796497260750596
77029,1,1,0.983258717590901
89351,1,1,0.9851296145075819
35045,1,1,0.9853669769153584
24660,1,1,0.9799090626236726
1150,1,1,0.9855142108153274
85499,1,1,0.9720531409125728
72319,1,1,0.9777593744000341
84611,1,1,0.8761179158142343
28594,1,1,0.9282267636910478
35789,1,1,0.9801629271819993
78514,1,1,0.9735533906700333
88617,1,1,0.9856703212971676
50101,1,1,0.9716712917736428
21126,1,1,0.9025459132326873
86704,1,1,0.8964254980728247
29929,1,1,0.9399343199611604
75233,1,1,0.9290518071145069
41498,1,1,0.9828547540559802
85041,1,1,0.9337873242209584
109354,1,1,0.9701025841862224
26790,1,1,0.9862507658726462
30156,1,1,0.9846052574907546
12325,1,1,0.9423265161325839
103672,1,1,0.9737931608239621
52671,1,1,0.9598936675124865
87389,1,1,0.9469088546976894
29545,1,1,0.9769491998419307
58118,1,1,0.8490867066760263
112728,1,1,0.9311103729669036
95377,1,1,0.9489848284033042
110404,1,1,0.9215987358921435
41004,0,1,0.842141623336006
97808,1,1,0.9421814770159619
62050,1,1,0.9814601028480848
83681,1,1,0.6919249853252736
75446,1,1,0.9246166805635954
5954,1,1,0.9588869066920782
17636,1,1,0.9817717810747103
50050,1,1,0.9759353952175226
96023,1,1,0.9687957950952629
86031,1,1,0.9840345324599756
83678,1,1,0.9674033098345692
51201,1,1,0.9791969215363591
29394,1,1,0.9814360863879088
46811,1,1,0.9047183526524641
94996,1,1,0.8984461191665073
1235,1,1,0.9656783066688311
97527,1,1,0.9740119926117694
65154,0,0,0.4066672909408652
63310,1,1,0.976649234178372
16259,1,1,0.9749232084670308
102097,1,1,0.896718785592724
69012,1,1,0.9817640771868139
52982,1,1,0.9784325837461153
108691,1,1,0.9793449931733784
46623,1,1,0.9862000067494785
42758,1,1,0.9871591079557859
52902,1,1,0.9708382225980347
93214,1,1,0.9709856953152992
28517,1,1,0.974808353651274
81933,1,1,0.9361709563001084
55937,1,1,0.9890038514527819
10357,1,1,0.9649375278843214
36426,1,1,0.9830613611550533
6245,1,1,0.9542147725996962
60712,1,1,0.9828170948703314
47143,1,1,0.9873031460426258
73431,1,1,0.973276200056752
110458,1,1,0.9888721888895339
11758,1,1,0.9780581471674461
13413,1,1,0.9710887175749767
64979,1,1,0.9608650114375911
40799,1,1,0.9785188700343906
77263,1,1,0.9394912553835039
57894,1,1,0.9841523636096463
2175,1,1,0.7323540085543602
76821,1,1,0.9825110731898562
64290,1,1,0.9495419585842505
113949,1,1,0.974554515830417
49943,1,1,0.9849598277109649
8841,0,1,0.9728136834284227
39002,1,1,0.9767437103558069
90325,1,1,0.9731336144177475
88916,1,1,0.9073991026487447
96482,1,1,0.9903328337244091
21043,1,1,0.9324337279556765
113530,1,1,0.9890055959563836
18650,1,1,0.8907922849416753
22119,1,1,0.9487555719643561
31696,1,1,0.9761544039993134
75636,1,1,0.986029898762943
113982,1,1,0.9022895859269485
113820,1,1,0.9892345055155337
64535,1,1,0.9826000884434009
91151,1,1,0.9870784548272831
100040,1,1,0.9668315185690207
17599,1,1,0.8578550018015305
14215,1,1,0.9465051360856814
8989,1,1,0.9171807768522487
93715,1,1,0.9323615327140163
74285,1,1,0.9811342136946768
107856,1,1,0.9441182370106125
102793,1,1,0.9777301234114283
76834,1,1,0.9824354539311995
110739,1,1,0.9622302363903283
84673,1,1,0.9900835609489413
18142,1,1,0.9010508226210319
108867,1,1,0.8700238545249834
7175,1,1,0.9595375253763878
24485,0,1,0.9220446157472265
63589,1,1,0.9630051593569613
6394,1,1,0.955793746438268
27575,0,1,0.8927090501603405
20877,1,1,0.9700077786376972
30079,1,1,0.9706475546312026
95444,1,1,0.9683049481837028
6980,1,1,0.9741796606495235
35162,1,1,0.9782226151118002
3842,1,1,0.9201878259897316
89599,1,1,0.965714241362272
72961,0,1,0.8147703469944318
39763,1,1,0.9689843530295829
70018,1,1,0.8663640035093583
40050,0,1,0.6038735882317563
51362,1,1,0.968900912033353
84409,1,1,0.9042880380007949
50561,1,1,0.9813224869551681
44027,1,1,0.9882759886945006
2802,0,1,0.9707473358405584
99325,1,1,0.9857141181079865
18943,1,1,0.9794330899207875
25432,1,1,0.9716057807349804
62128,1,1,0.9764852647402277
37185,1,1,0.9869001357409936
79020,1,1,0.9665146887238596
40303,1,1,0.9734423138925209
2780,1,1,0.9840075544087579
73179,1,1,0.9483421609107889
63239,1,1,0.9834262809164401
105925,1,1,0.7532738158742937
99059,0,1,0.85284915307031
106939,1,1,0.953527584341753
56413,1,1,0.98317460869317
37584,1,1,0.9466373559776341
11363,1,1,0.9655443336954337
72862,1,1,0.9588781123064208
32448,1,1,0.9868693445404954
40489,1,1,0.919406659475688
19302,1,1,0.9596960631976802
86556,1,1,0.9787245462983982
91464,1,1,0.9771461220972323
71215,1,1,0.9719994857122547
113162,1,1,0.9426087224630462
110306,1,1,0.9664813016290947
2604,1,1,0.9877977448269012
72735,1,1,0.9885374203354645
54609,0,1,0.9070654377664165
98183,1,1,0.7734893299858964
56878,1,1,0.9832233396720446
13465,1,1,0.986520139382201
21276,1,1,0.9756399100740863
70587,1,1,0.9807338393278932
20979,1,1,0.9744391925016112
63399,1,1,0.9363004475198085
110461,1,1,0.9349295480677814
107742,1,1,0.6798892914977255
67642,1,1,0.9847163376591733
44670,1,1,0.9590055489855539
93201,1,1,0.9744893401926877
74689,1,1,0.9578147504181945
89703,1,1,0.8919267643882541
74074,1,1,0.9763564996642969
11261,1,1,0.9414673805199337
52041,1,1,0.963436438890141
23659,1,1,0.9548033936098916
66659,1,1,0.9851044847079049
32436,1,1,0.9233432933912735
44643,0,1,0.9685611224391956
14500,1,1,0.97001224781084
79485,1,1,0.9691653825171702
71340,1,1,0.8631516117186707
66714,0,1,0.9405306566338825
23558,1,1,0.9860390712283007
42068,1,1,0.9588366691750927
58622,0,1,0.9210332015630839
5067,1,1,0.9743634571083358
106425,1,1,0.9487712158152272
34048,1,1,0.9562004232053268
93350,1,1,0.975746078532109
60559,0,1,0.9381135241070314
94092,1,1,0.9785345708736564
26862,1,1,0.9866101284460459
13783,1,1,0.8297601703098008
100649,1,1,0.9866805458038133
97499,1,1,0.9513912816917193
46374,1,1,0.9736145385713939
89742,1,1,0.9607158942015837
9708,1,1,0.9849185164204786
50718,1,1,0.9858806216185431
17131,1,1,0.8897616121223338
106363,1,1,0.9566447821985972
85651,1,1,0.9788794463590735
14126,1,1,0.9758259139970835
69691,1,1,0.9807591975917396
4971,1,1,0.9101740875761624
14725,1,1,0.9121406026605927
55567,1,1,0.827380776516917
23644,1,1,0.9587616388623773
28806,1,1,0.9841043890973661
76595,1,1,0.970060275563538
16344,1,1,0.989187788543181
70962,1,1,0.9779032592021818
32966,1,1,0.9811146657377001
38823,1,1,0.9600790954429536
10033,1,1,0.9181315860044068
38291,1,1,0.9458748795605705
36868,0,1,0.8125368419253186
62047,1,1,0.9861976285835841
25953,1,1,0.9904545582663526
105373,1,1,0.9694775073449465
2355,1,1,0.9792835991638598
106371,1,1,0.9867559206373999
9337,1,1,0.9833790855886897
26021,1,1,0.9872053477773064
75793,0,1,0.8351980446688344
68887,1,1,0.8727626452902589
83260,1,1,0.9469757343593037
104161,1,1,0.8726054256134089
28461,1,1,0.8927394479024076
36520,0,1,0.9259266231320772
51863,1,1,0.9726431740948612
25775,1,1,0.807598621427847
38068,1,1,0.9752834105143648
58876,1,1,0.9746461379747123
39068,1,1,0.5508993857006336
98122,1,1,0.9801640244635902
76405,1,1,0.991790542491358
67856,1,1,0.952858986571885
108961,1,1,0.940986711175896
41619,1,1,0.9761223523917768
475,0,1,0.9100055673850985
64155,1,1,0.9107075151274927
57799,1,1,0.9688025411902743
63210,1,1,0.8823523210975631
55826,1,1,0.882995047356276
7699,1,1,0.9900415725626549
89637,1,1,0.9809711272226069
66440,1,1,0.9361731039027562
52353,1,1,0.8704627344910885
39024,1,1,0.9729218543949084
77743,1,1,0.9754230125053807
47426,0,0,0.13542228658341515
3634,1,1,0.8896620276709383
37301,1,1,0.9804129914280849
37823,1,1,0.9883589114860161
92427,1,1,0.9816339973790782
62528,1,1,0.9851128849098952
69075,1,1,0.9911454623809006
94783,1,1,0.9886274757299741
80876,1,1,0.8751875115304953
88638,1,1,0.8737459616999768
78639,1,1,0.9753272442872296
77892,1,1,0.9863335035379751
44602,1,1,0.9728341814431526
35444,1,1,0.8865166864861759
55753,1,1,0.9812654983187411
29611,1,1,0.9873954827860213
3607,1,1,0.9728728959662349
105574,1,1,0.9594250728994761
97189,1,1,0.9697717796267494
64506,1,1,0.9658806622385318
35415,1,1,0.9828121065506358
100266,1,1,0.921587744389561
35633,1,1,0.9051675264620831
74521,1,1,0.9720542056757158
63369,1,1,0.9720672346542706
47137,1,1,0.907812286761537
108852,0,1,0.903691112515171
42250,1,1,0.983920724528989
112928,1,1,0.9971722939222104
633,1,1,0.9678671706134018
14427,1,1,0.9673127339342412
529,1,1,0.8517625847788456
35864,1,1,0.934885624003852
59563,1,1,0.8981550216556049
11173,1,1,0.9821404990011554
67954,1,1,0.7766480567038605
55156,1,1,0.9537393195699748
105637,1,1,0.9851766909690938
82671,1,1,0.7923307409494099
7867,1,1,0.9773843669359962
29020,1,1,0.9850604564705855
1987,1,1,0.9801080310887322
47906,1,1,0.9825091146987228
96797,0,1,0.9031570982038866
51780,1,1,0.9377759347755815
44214,1,1,0.9885607261974853
74307,1,1,0.8807823392352055
64272,1,1,0.9696434461460985
1576,1,1,0.9735378027607967
15593,1,1,0.9819336181544315
1072,1,1,0.8801599835986827
96732,1,1,0.9839620477838746
86182,1,1,0.9776135605036852
32766,1,1,0.9823165145858916
42409,1,1,0.9667404951898919
4740,1,1,0.9678177329867855
87566,1,1,0.9790152624619359
14597,1,1,0.971971676239141
9019,1,1,0.9742417402517369
39390,1,1,0.9724671209432765
103979,1,1,0.9061455255984084
72844,1,1,0.9885427494848877
32993,0,1,0.8263470059866952
93156,0,1,0.8605544117144529
112182,1,1,0.9778168375511266
29148,1,1,0.9433516672977251
59303,1,1,0.9663152034854015
17578,1,1,0.9864400265359288
43244,1,1,0.9455178805804951
20637,1,1,0.9788200754581062
65837,1,1,0.960869490535192
64817,1,1,0.9751127832856086
87038,1,1,0.9707371571816887
64247,1,1,0.9652246257352207
53385,0,1,0.9304191259402237
91005,1,1,0.7963278225955309
8107,1,1,0.9743718184493907
73662,1,1,0.8760873340786492
7441,1,1,0.8626580973711738
320,1,1,0.9337325976242278
14290,1,1,0.9261136888330419
37646,1,1,0.9742248244867691
91215,1,1,0.8690043300472465
104728,1,1,0.9637244538647698
14262,1,1,0.9584132123981635
80632,1,1,0.9883901813236721
65917,1,1,0.9605463968696425
103483,1,1,0.9734519112818144
105372,1,1,0.9473542421708074
38075,1,1,0.9412225551630783
90516,1,1,0.9680667106308878
101071,1,1,0.9735677565844425
102841,1,1,0.9808813608130743
11283,1,1,0.976729522365283
33788,1,1,0.9805641458426295
39780,1,1,0.975810973609916
36233,1,1,0.9743174710022098
21280,1,1,0.9516092715624496
88728,0,1,0.9104197673559695
55152,1,1,0.9669680145492463
21157,1,1,0.9739324184190559
35101,1,1,0.9846569565510469
112044,1,0,0.013900356876283446
82682,1,1,0.9780330682617615
98494,1,1,0.9836436946994945
10137,1,1,0.9616024262016162
54360,1,1,0.9742460996627027
108380,1,1,0.7367439725245754
86538,1,1,0.9808646082718877
98573,1,1,0.9862143034847244
84800,1,1,0.9141584598285115
14324,1,1,0.9712918627112975
67934,1,1,0.8078135202221521
90080,1,1,0.9767247009084322
104751,1,1,0.9499398799294518
17348,1,1,0.9772516390050566
25749,1,1,0.9709399234084478
113850,1,1,0.9622004001440542
53893,1,1,0.9747801444842409
11350,1,1,0.9461781821329379
10926,1,1,0.9891177703568682
23115,0,1,0.9191601849981031
103894,1,1,0.9556849989844275
27367,1,1,0.9850764424224598
84565,1,1,0.9851815414670572
85537,1,1,0.9470552983568734
4394,1,1,0.9041068273713774
98860,1,1,0.9779362927351063
98844,1,1,0.9753884629752785
62216,1,1,0.9717661682225291
95456,1,1,0.9660906846432958
93423,1,1,0.9404328265522015
56903,1,1,0.9185577005682055
19940,1,1,0.9896733029380371
89313,1,1,0.9898841599241317
69764,1,0,0.18335827434315288
40164,1,1,0.9823081795611428
21366,1,1,0.9876298028738031
75876,1,1,0.9719000363761171
100665,0,1,0.8857599537336888
70680,1,1,0.9803165769890767
59790,1,1,0.9752214149804774
113994,1,1,0.9873269191234066
4499,1,1,0.9550912194699965
21529,1,1,0.983309418774892
106150,1,1,0.9588293475250932
81763,1,1,0.9760694114744531
80102,1,1,0.9800437302624085
22667,0,1,0.681951022284805
107477,1,1,0.9883863111912372
110599,1,1,0.9840562201873689
44054,1,1,0.9736680701721866
88299,1,1,0.9775148636200549
103627,1,1,0.9898995085836428
6554,1,1,0.959941684616719
97131,1,1,0.8049089916991864
81201,1,1,0.9691851166403027
103964,1,1,0.891575824483497
103644,1,1,0.9594782027419314
100880,1,1,0.9572539073682299
13190,1,1,0.9662672799843574
50365,1,1,0.9245794122412908
12798,0,1,0.9622158375908281
31785,1,1,0.9262781306671307
16528,1,1,0.9754720884089834
59073,1,1,0.9820379339135965
32261,1,1,0.9749218589307728
44542,1,1,0.9866826241514052
62872,1,1,0.9867684680132476
105063,1,1,0.979681543668625
73435,1,1,0.9474874106012228
31188,1,1,0.985897068261531
10101,1,1,0.8345679049108681
101124,1,1,0.972552154695095
64943,1,1,0.9662585343339297
108424,1,1,0.9771297840796047
81240,1,1,0.9827415046452733
72935,1,1,0.9875109455975636
35487,1,1,0.9278858397181047
11311,0,1,0.9470515664866435
58029,1,1,0.959799517806841
3084,1,1,0.9366279743176595
74873,1,1,0.9684491826196492
15319,0,1,0.9108748849677029
80278,1,1,0.9641466776222799
84080,1,1,0.864102230721507
27245,1,1,0.9489566012261575
4768,1,1,0.9867348324814739
64371,1,1,0.986049742946531
5038,1,1,0.9486788806586337
56257,0,1,0.7321804054214959
17827,1,1,0.9808437243711058
109775,1,1,0.6945915107718176
113715,1,1,0.8115998012840365
9202,1,1,0.98827995614948
87261,1,1,0.953158460999974
75979,1,1,0.976997348115865
35562,1,1,0.9285018294175272
99645,1,1,0.9840732401877681
9901,1,1,0.9832216635644441
76993,1,1,0.9751344290434752
12917,1,1,0.9812980956504368
100877,1,1,0.9605657299141694
9532,1,1,0.9223202670283754
7084,1,1,0.8959554291953631
99253,1,1,0.9756203421014753
98117,1,1,0.9669160311910069
106814,1,1,0.9805953180837871
39329,1,1,0.7848563012842262
32244,1,1,0.888852854055
860,1,1,0.969802513909057
112235,1,1,0.9868899446544619
80468,1,1,0.9641889252549868
61336,0,0,0.0019689657354945906
11520,1,1,0.9761126952696507
24639,1,1,0.9100624100555182
68249,1,1,0.9111740327326904
46366,1,1,0.9430047640147783
30614,1,1,0.9827817727741088
1921,1,1,0.9650737140841951
84566,1,1,0.969955095227183
46044,1,1,0.983096360032955
51012,1,1,0.8397846666149305
14332,1,1,0.9779763632400439
85277,0,1,0.9211098712626326
21350,0,1,0.772977069851982
109743,1,1,0.9345827466414788
100902,1,1,0.9837380444257563
108400,1,1,0.9508294667637669
18657,1,1,0.9233808305906377
14675,0,1,0.8760388663785863
56814,0,1,0.8491360281172117
24200,1,1,0.8670927564262957
47438,1,1,0.9762838810557846
18221,1,1,0.9847062767055386
80135,1,1,0.9830228852164469
109906,0,0,0.16592412431869513
109925,1,1,0.941240452629451
71865,1,1,0.9535265188480678
26400,1,1,0.8368530589698551
93306,1,1,0.9726260350512975
106264,1,1,0.982948655663305
58670,1,1,0.959651408366484
47585,1,1,0.9207278882543524
41962,1,1,0.9040979844307827
7404,1,1,0.8929081018048108
12439,1,1,0.9796239383523996
49088,1,1,0.9284378807990212
11931,1,1,0.9893184342504567
175,1,1,0.8628149105247567
47998,1,1,0.8588739827075537
87606,1,1,0.9682921620516844
25890,1,1,0.932110758388353
54111,1,1,0.9535958550853395
113274,1,1,0.9712189002391741
539,1,1,0.9853348481277178
99872,1,1,0.9864184541884582
70270,1,1,0.9229755595443201
75269,1,1,0.9766375595632799
106685,1,1,0.9872753649085005
23893,1,1,0.8437244699904175
26960,0,1,0.5384433615864244
51275,1,1,0.9895786074851382
20834,1,1,0.9862405282412176
43569,0,0,0.28681927003106533
94089,1,1,0.9837918987627672
24529,0,1,0.9088699173887532
9278,1,1,0.9785861369416199
37485,1,1,0.9259003778358093
110054,1,1,0.9845524226739159
96824,1,1,0.9762693992121516
7500,1,1,0.9766059322539563
3967,1,1,0.9606167208665731
112750,1,1,0.9696954150284023
42006,0,0,0.3678893382178129
76652,1,1,0.9720855353886559
40842,1,1,0.9374011622893134
20103,1,1,0.9734782729267567
53734,1,1,0.9644677203838828
49307,1,1,0.9867220219029468
72164,1,1,0.9842402832494066
36719,1,1,0.8939757045725147
82305,1,1,0.9619099585312806
97514,1,1,0.9518986346079381
78538,1,1,0.8672301271668655
8799,1,1,0.9662195891397268
39673,1,1,0.7286700807160096
76026,1,1,0.9847446342118006
20453,1,1,0.9798440576892844
105065,1,1,0.9915504469346953
93575,1,1,0.9722966937694152
14419,1,1,0.9785453378523375
50463,1,1,0.9731192619157302
58806,1,1,0.9321161244663567
1014,1,1,0.9637466758904153
60451,1,1,0.9862748962891361
83692,0,1,0.9205017269690202
67004,1,1,0.9626963358157943
9012,1,1,0.9769313719391249
112655,1,1,0.9839975429434383
96255,1,1,0.9767197083480703
82695,1,1,0.9762738956505922
96469,1,1,0.9781561884720167
65632,1,1,0.8655282918747492
22705,1,1,0.9633328913854189
42219,1,1,0.8952079880933786
56908,1,1,0.967280286360742
31747,1,1,0.9750782365847636
97285,1,1,0.9680860782296
77015,1,1,0.9593721158702312
102455,1,1,0.9258516455865857
18211,1,1,0.9783302705796185
63937,1,1,0.9713412039334426
106143,0,1,0.8652980013769049
60396,1,1,0.9720044376376449
102380,1,1,0.9337191085955933
102957,1,1,0.974671069016367
78297,1,1,0.9784377902071139
23997,1,1,0.9744748947335456
75633,1,1,0.9859093221969467
105429,1,1,0.8989076335602367
71600,1,1,0.9802993731829005
97172,1,1,0.9741926612811384
95332,1,1,0.9607090365825574
46235,1,1,0.9088436372680816
92670,1,1,0.976356589662489
73449,1,1,0.9885889718277784
9855,1,1,0.9822285294192609
76437,1,1,0.9458374979012025
89585,1,1,0.8887142463488013
64461,1,1,0.972577032582793
15507,1,1,0.9632544041983986
98273,1,1,0.9798074754415016
65615,1,1,0.97212173919754
25301,1,1,0.9361481118666413
16079,1,1,0.9816405989833789
32652,1,1,0.9848792631687606
73246,1,1,0.9542080069847171
60733,1,1,0.899174022948598
13527,0,1,0.8390401885418778
45917,1,1,0.9685460397717582
85909,1,1,0.9708605322557881
77282,1,1,0.8356655934211671
90251,1,1,0.6112529823972671
39873,1,1,0.9742835195672752
52453,1,1,0.9890274528349304
10150,1,1,0.9797260613112623
19708,1,1,0.9495746049016625
69543,1,1,0.9874529165735029
11114,1,1,0.8768033256178308
67483,0,1,0.7381212987072729
32871,1,1,0.8972017423403772
66910,1,1,0.9791761002560914
7196,1,1,0.9887806172735814
41276,1,1,0.8859654389089494
24684,1,1,0.9478183951774867
66589,0,1,0.9503727947005632
27280,1,1,0.9789105405550166
112492,1,1,0.9574088465789431
24357,1,1,0.9810076187034763
1049,1,1,0.9742027000058184
88021,1,1,0.9857076005655813
923,1,1,0.9465151645933608
102959,1,1,0.5162644093959254
87129,1,1,0.8783288240923706
94712,1,1,0.9765762185104321
73308,1,1,0.9242267986633262
95790,1,1,0.8700807957929403
49097,1,1,0.9260714895980533
36668,1,1,0.9833848093758044
19627,1,1,0.9809882188885996
40598,1,1,0.9829898549611885
75222,1,1,0.9784898180049086
38296,1,1,0.9270350540338816
23580,1,1,0.957782177349091
58843,1,1,0.8662053797579808
107954,1,1,0.9557771163108282
32355,1,1,0.9732374700765831
32856,1,1,0.9772731864305163
5664,1,1,0.9876699605024981
53173,1,1,0.8319160721564399
108056,1,1,0.9282136913899265
18886,1,1,0.9538092881264683
113116,1,1,0.8698537274013226
111995,1,1,0.9235979967679241
91779,1,1,0.9345473377390066
52469,1,1,0.9762919296975873
97585,1,1,0.9826491559020168
41402,1,1,0.9662509145712445
37174,1,1,0.7811628635774079
32263,1,1,0.9797713874058086
27879,1,1,0.9788998301153444
15173,1,0,0.22736034375967934
107636,1,1,0.9824319976460195
85800,1,1,0.9757452024947145
70801,1,1,0.9831621047339196
99351,1,1,0.9695787695234392
81701,1,1,0.9405362346947175
38391,1,1,0.9642034660592614
5922,1,1,0.9565515970050346
110592,1,1,0.9085543218692279
23673,1,1,0.9857954865438591
105202,1,1,0.98456813821055
644,1,1,0.9044243470922277
22626,1,1,0.9844004733196117
59068,0,1,0.8170912125644708
57808,0,1,0.9294368719977356
72622,1,1,0.9889680397785593
81882,0,1,0.9131641626206682
66031,1,1,0.9574130477897114
36256,1,1,0.983965176696764
110313,1,1,0.980560505241249
31489,1,1,0.9883197710764718
30677,1,1,0.7077824319753331
36530,1,1,0.962144747413976
19870,1,1,0.9862642663156278
16278,1,1,0.9832472577162529
59464,1,1,0.9770819299837774
17503,1,1,0.9774331825836916
18481,1,1,0.971814410428382
32767,1,1,0.9803570159285611
34976,1,1,0.9790166123086221
101727,0,1,0.9607589797580106
21076,1,1,0.962742574150073
113354,1,1,0.9755248649297612
9267,0,1,0.7532888753972301
111909,1,1,0.9806623078184603
99169,1,1,0.9882540213218564
69113,1,1,0.9881695962444776
138,1,1,0.9360137298956331
77385,1,1,0.9778847585952389
104818,1,1,0.9712121020657899
8810,1,1,0.9782414325495202
52957,1,1,0.8843793662172237
29908,1,1,0.9499417771417361
50563,1,1,0.9586527483322386
104750,1,1,0.9778063057128026
112358,1,1,0.9813142583157141
55847,1,1,0.9736217166269785
56608,1,1,0.8190097729255895
49254,1,1,0.9698937396139986
30610,1,1,0.9803381768805894
87446,1,1,0.9841688581816858
109308,1,1,0.9853260771762533
4884,1,1,0.9788808714108034
110621,0,1,0.8777912554298337
87517,1,1,0.9882688099080353
105834,0,1,0.975092721886751
56247,1,1,0.9837628459424467
66306,1,1,0.8674897025395313
56720,1,1,0.9811231705015006
6501,1,1,0.983201203539738
40484,1,1,0.9679074906623106
87051,1,1,0.9835799721865606
73011,1,0,0.24610394037110558
57918,0,0,0.3124193249209702
14587,0,1,0.9714182360177502
104458,1,1,0.9854684572260811
106132,1,1,0.9712245492463542
106619,1,1,0.9495625691898355
31775,1,1,0.960565585261686
103643,1,1,0.9713707779722183
86247,1,1,0.9786329206788719
54253,1,1,0.9381617070199685
88477,1,1,0.9728105723593613
27722,1,1,0.8577644373036648
102153,1,1,0.9799695049432081
1528,1,1,0.9823693161973566
19666,1,1,0.9188884701348297
72765,1,1,0.9880144163757424
80009,1,1,0.9619256723704738
20919,1,1,0.9588404973848752
67724,1,1,0.8985924136110844
78695,1,1,0.9601566691133924
104063,1,1,0.9827118161339939
52628,1,1,0.9192940368266869
92012,1,1,0.9846562178415559
104940,1,1,0.981625184000624
53764,1,1,0.9810933632013931
104520,1,1,0.9735517958479751
27888,1,1,0.9720370873192047
29697,1,1,0.9874477566461936
65506,1,1,0.976199577927772
15448,1,1,0.9718194937565117
77009,1,1,0.9832845771763797
102737,1,1,0.9763213161203874
4218,1,1,0.8894088197095431
109607,1,1,0.9620995805843895
47521,1,1,0.9865897772517805
111652,1,1,0.9734602729500453
85352,1,1,0.9685768894249144
8482,1,1,0.9760797681324239
102699,1,1,0.9045175634429755
76274,1,1,0.9714925033381451
62562,1,0,0.4447079057348053
49514,0,1,0.6909961772115483
50725,1,1,0.975558926220333
17474,1,1,0.9822714631675309
29256,1,1,0.9773510608437838
30347,1,1,0.9709795726837207
13928,1,1,0.9877831498853183
53415,1,1,0.9810685338859284
104877,1,1,0.9657065714321974
12529,0,1,0.7200238578109869
41216,1,1,0.919423936506884
81116,1,1,0.9754632928561011
65295,1,1,0.9774948981762847
109374,0,0,0.24658570398172952
76659,1,1,0.9264757658733317
51152,1,1,0.968422755485512
69067,1,1,0.958065263765242
96305,1,1,0.9709107406590245
43818,1,1,0.9893320780585501
79535,1,1,0.6737178456086523
85980,1,1,0.9787115325868823
20470,1,1,0.9675957060500289
23511,1,1,0.8518244741819376
2631,1,1,0.9829779722915543
16972,0,0,0.28708075863874427
111996,1,1,0.8929783679669095
30099,1,1,0.9390652847333807
9308,1,1,0.985306766068518
68361,1,1,0.982818137521364
10211,1,1,0.9634939067350622
6597,1,1,0.9003726067758048
94340,1,1,0.9858787007379154
7665,1,1,0.9066183905278087
18402,1,1,0.9507691229899745
1557,1,1,0.9820517977604897
9071,1,1,0.972532017990274
40272,1,1,0.9737091351578212
106033,1,1,0.970342124818781
114032,1,1,0.9723609628690068
37991,0,0,0.3861156111776906
92604,1,1,0.9869385413062655
10831,1,1,0.9759640048139836
71038,1,1,0.9589189688850187
22807,1,1,0.9813598719528167
107518,1,1,0.869767205847788
84010,1,1,0.9882320439104083
53959,1,1,0.9264742512064751
60699,1,1,0.9859204353949184
65429,1,1,0.9797348080013802
65497,1,1,0.9870670660387316
42893,1,1,0.9702024135383541
15741,1,1,0.9635065095973329
59007,1,1,0.9680496178359159
52355,0,1,0.8712905620575574
45699,1,1,0.9866587359068587
45416,1,1,0.9715432843859435
96428,1,1,0.9598142749189904
28940,1,1,0.9858679729397438
13153,1,1,0.9837221001291483
88926,1,1,0.9832520083312423
51820,1,1,0.9479672461807261
52666,1,1,0.9787336734991496
69695,1,1,0.9772492305712281
103873,1,1,0.9885957376426602
8922,1,1,0.9683320883402925
101881,1,1,0.9661773733287419
4379,1,1,0.9294311180759248
50667,1,1,0.9808713666955159
74048,0,1,0.6778009926625463
57295,1,1,0.9183745247622893
3955,1,1,0.5739006654095707
52540,1,1,0.966008665321226
67041,1,1,0.9242325043142381
85069,1,1,0.9712771930078384
28524,0,1,0.8761073391395181
8485,1,1,0.9782920645297739
26787,1,1,0.9258266694593598
40220,1,1,0.9733766928454977
93740,1,1,0.9907309137856822
101244,1,1,0.9841972276895963
32963,1,1,0.9730304011427162
41401,1,1,0.9817699040566278
18859,1,1,0.9876884515859667
18497,1,1,0.9735250495473668
72761,0,0,0.06970188556351235
86461,1,1,0.9901385150922605
18507,1,1,0.8655382248223338
83087,1,1,0.9856118001297277
52675,1,1,0.986531972350763
53236,1,1,0.9073443491968479
39618,1,1,0.9883496383667632
45679,1,1,0.8797869091697595
113172,1,1,0.9651390067062843
42141,1,1,0.9789003397251002
52960,1,1,0.9643272427936422
107233,1,1,0.9747042385389291
55379,1,1,0.9835943562371335
68185,1,1,0.9796633373736403
1857,1,1,0.9467583998854521
19147,1,1,0.9850578483489002
32076,1,1,0.9876243081575745
12687,1,1,0.981883477298613
2754,1,1,0.9307879725275873
102114,1,1,0.9894236282777452
97330,1,1,0.9568113672767697
10860,1,1,0.9557958697643247
11547,1,1,0.9674179414014944
75891,1,1,0.9404776918442341
84963,1,1,0.9257041738188535
50393,1,1,0.9681095145415013
92739,1,1,0.9860303722889477
87841,1,1,0.9741077177547149
110371,1,1,0.9515845098450086
20488,1,1,0.9808054268588975
17996,1,1,0.9729711107714176
53416,1,1,0.9861273505985868
18046,1,1,0.893529926536838
82614,1,1,0.9842930928855408
90813,1,1,0.956559542306586
85996,1,1,0.9759133235248129
103051,1,1,0.9840733197968847
113415,1,0,0.18280564312869876
86051,1,1,0.9813451948645315
75245,1,1,0.9860797012116225
81602,1,1,0.9655902330983958
59316,1,1,0.9789978611176176
22803,1,1,0.9712455597315325
113379,1,1,0.9805715500460072
107230,1,1,0.9299579366002817
41650,1,1,0.9810878660290409
64262,1,1,0.964981462403064
69127,1,1,0.9538895481440586
41894,1,1,0.9674862429936649
105435,1,1,0.8920533755770631
48416,1,1,0.976143516695707
50984,1,1,0.9835047733851298
5126,1,1,0.9432276218650194
5602,0,0,0.3472592395749647
54628,1,1,0.746149740165154
110091,1,1,0.987910413267
8087,1,1,0.9543948884671178
5973,1,1,0.9776902918891827
45924,0,1,0.9315479426182016
52022,1,1,0.9869901239464051
96461,1,1,0.500577124334193
3347,1,1,0.9469196967785561
69753,1,0,0.08340604465335821
81530,1,1,0.9686915325991257
89852,1,1,0.9896808160680703
84285,1,1,0.979852488488165
21797,1,1,0.8946575281623901
66355,1,1,0.9826772048781984
38483,1,1,0.9272928959244997
50363,1,1,0.9015459747062038
34795,1,1,0.9277082812367052
27252,1,1,0.957304236656337
38346,1,1,0.9831937057770864
55215,1,1,0.9866628134801712
96856,0,1,0.9644746860218057
109871,0,1,0.8515099973714402
69305,1,1,0.9824805320230404
33081,0,1,0.8090419074273048
61307,1,1,0.9865504658957517
101217,1,1,0.9659964611153201
40046,1,1,0.9778952179350467
79545,1,1,0.9788596824904604
98878,1,1,0.9895692201662216
96755,1,1,0.9866371041084046
99196,1,1,0.949210058829343
2908,0,1,0.7623862500688917
26062,1,1,0.899588643589289
65002,1,1,0.9821387269969527
93850,1,1,0.9333399031045536
91868,1,1,0.9016419089998219
98426,1,1,0.9896337688726328
12348,1,1,0.9738450928093627
45078,1,1,0.9740767741214015
57136,1,1,0.9718131206306172
104301,1,1,0.8805794625470679
31679,1,1,0.9849039917041571
41448,1,1,0.8938934283402037
33907,1,1,0.9029645575228813
17415,1,1,0.6304382163879577
26012,1,1,0.96160489350616
89756,1,1,0.9815100907518793
34938,1,1,0.9224782889883447
84221,1,1,0.9730222123270431
107764,1,1,0.8660747615003996
77749,1,1,0.9835696366629137
97640,1,1,0.9594238881020313
99121,1,1,0.9699279039958919
3911,1,1,0.9873828856289073
39089,0,1,0.8929424226142408
33432,1,1,0.9673054991671708
93586,1,1,0.981551751948043
80137,1,1,0.7985581693781937
57235,0,1,0.9511172189896372
53951,1,1,0.9705739332940995
65908,1,1,0.9794613662390672
36795,1,1,0.9758202875473241
6703,0,1,0.7162859012804605
53520,1,1,0.980164237499074
53048,1,1,0.9788224271849771
49112,0,1,0.8396727509348482
60357,1,1,0.8342013343077731
14911,1,1,0.8843281241202537
47544,1,1,0.9437202280035897
91193,1,1,0.9841560263014801
47682,1,1,0.9439331769453576
104221,1,1,0.9819953560916381
58757,1,1,0.8621509976174311
75995,1,1,0.9842507088979268
91100,1,1,0.9854018260099541
10148,1,1,0.9917587298849421
93206,0,1,0.8171081876629577
69281,1,1,0.9820689378188492
110797,1,1,0.9749741040023033
66764,1,1,0.8668926274844849
4155,1,1,0.9829384193435999
104182,1,1,0.9790754886177165
59908,1,1,0.9904073144740277
81543,1,1,0.984725274278424
90890,1,1,0.9859174568331855
2987,1,1,0.9832086954803051
100755,1,1,0.9828551698055837
61068,1,1,0.9788640290705926
47574,0,1,0.8803356004030526
62235,1,1,0.9859475346407965
66778,1,1,0.9873622571098609
73397,1,1,0.9862828767313163
103040,1,1,0.9763625315867754
104314,1,1,0.9575213760083233
10869,1,1,0.9785460217856753
81163,1,1,0.8952010450986722
42631,1,1,0.9112057003213653
112751,1,1,0.9802093202903388
44332,1,1,0.9729424171533044
33106,1,1,0.9504637103730352
10638,1,1,0.9838734339154913
99139,1,1,0.9776171648062598
4933,1,1,0.9462718989089025
113424,0,1,0.7251350550873411
67689,1,1,0.9489666095107905
17269,1,1,0.9280538491344691
53763,1,1,0.9713225698012885
113566,1,1,0.9765629025300159
19145,1,1,0.9375315765026425
64905,1,1,0.9709887197584762
30764,1,1,0.9651673689339817
79945,1,1,0.9708709607532429
99550,0,1,0.8518717587874687
17873,1,1,0.942454563392432
111311,1,1,0.8924681085912682
34348,1,1,0.9763748315601182
85214,1,1,0.9806370407473572
95058,1,1,0.9191551045971741
104900,0,1,0.7658659178703289
97375,1,1,0.9757036281864885
29279,1,1,0.9216011015940636
38027,1,1,0.9761601338145546
15623,1,1,0.9844693605209036
74582,1,1,0.9857815955573609
64677,1,1,0.9549847795039966
38677,1,1,0.8766434903037718
98079,1,1,0.9778913211598549
44031,1,1,0.9736921855480395
81500,1,1,0.977265571372019
52873,1,1,0.9799067354111369
22959,1,1,0.9043038487945061
20936,1,1,0.9079146107481605
56188,1,1,0.9843698980303391
400,0,1,0.9159251189303982
75531,1,1,0.9541146922556164
81575,1,1,0.969081607602701
33579,1,1,0.9688807825271778
13617,1,1,0.9655576978319474
60023,1,1,0.9544514581282219
66201,1,1,0.9868001594305447
109557,1,1,0.9718056819336509
108820,1,1,0.6531603584180221
111795,1,1,0.9813339977718871
61237,1,1,0.8295775077032974
33572,1,1,0.8470100395473908
27690,1,1,0.9866377293340094
72586,1,1,0.9742361079021682
67417,1,1,0.9757275691545947
72044,1,1,0.871018392939627
17398,1,1,0.9279203033104025
598,1,1,0.9614140316581868
102687,1,1,0.985361440304565
40016,1,1,0.9819717236328781
67726,1,1,0.9815678800272347
80197,1,1,0.9849312569716776
87555,1,1,0.9632430421467048
67245,1,1,0.987678631540672
95970,1,1,0.9317568837048468
91682,1,1,0.9652352155798594
112828,1,1,0.5116475044325067
45298,1,1,0.9796609506892487
48203,1,1,0.8181828510333979
574,1,1,0.9588070852972397
11331,1,1,0.9808007525502757
99164,1,0,0.4721205434862876
27708,1,1,0.9811390634175752
2243,0,1,0.8679062897194123
37837,1,1,0.9862532291921317
104951,1,1,0.9829512278631072
78524,1,1,0.953883216039246
79690,1,1,0.9750298433285864
72828,1,1,0.973472101208758
61046,1,1,0.9879578358158319
21073,1,1,0.9542346083759342
7685,1,1,0.9615287463446053
66318,1,1,0.8794637722066676
50336,1,1,0.9762579060793749
40077,1,1,0.904747367532372
2448,1,1,0.9655407176749378
6456,1,1,0.9816922624927882
49280,1,1,0.9569300315860849
93412,1,1,0.9830680429685745
36838,1,1,0.9808055769743979
45307,1,1,0.9910223682914298
69058,1,1,0.8785345555484868
109362,1,1,0.9681555437702766
4564,1,1,0.9711421613211112
54591,1,1,0.9580497037023111
38804,1,1,0.9803105648399777
72647,1,1,0.9739324687640004
74014,0,1,0.8625437526666668
36354,0,1,0.9325592963860346
106671,1,1,0.9707998338633325
85133,1,1,0.9823463431250361
22463,1,1,0.9768178586759004
72872,1,1,0.9427951690395893
71993,0,0,0.1662505661062988
99211,1,1,0.9207536686412162
95817,1,1,0.9566754770052169
35497,1,1,0.9226715178795846
14722,1,1,0.9655149001355131
46273,1,1,0.9519167576153466
69024,1,1,0.9724260398622763
75045,1,1,0.9717028736665566
2262,1,1,0.9594132551239527
17169,1,1,0.9903009409294937
107600,1,1,0.919094386178063
20494,1,1,0.8699919023383591
61630,1,1,0.9866785811183834
35409,1,1,0.983821188757584
34481,1,1,0.9812070652024386
112442,1,1,0.9849739835585343
37200,1,1,0.9570238103194201
51698,0,0,0.03453996284959644
64235,1,1,0.9661246166067008
33165,1,1,0.9894416169696301
53088,1,1,0.9561881244432561
38602,1,1,0.9821613441670642
106943,1,1,0.9146532111684142
51558,1,1,0.9820930868435522
48061,1,1,0.9288507198701801
55053,1,1,0.9048855521242805
5330,1,0,0.4459512055270577
105537,1,1,0.8712209943125285
34478,1,1,0.800422726398371
103129,1,1,0.9422307645302358
86685,1,1,0.9833587550032422
89980,1,1,0.9853060004361447
99695,1,1,0.9541266922082454
106152,1,1,0.9867563877296228
31,1,1,0.9915781339534897
96501,1,1,0.8408502638221756
47953,1,1,0.981577105610579
83713,1,1,0.9654633364734564
57534,1,1,0.9859638579004332
80395,0,1,0.9463735018543068
80743,1,1,0.9834845691980029
105765,1,1,0.9752962434183544
92771,1,1,0.9809594032657117
57163,0,1,0.965968848704343
30387,1,1,0.9722779347955394
56540,1,1,0.9733628826679132
84897,1,1,0.9686893746374855
76122,1,1,0.9812842305159009
61729,0,1,0.8557277350006836
95346,1,1,0.9718817698168235
97839,1,1,0.9796698568470872
110471,1,1,0.9730286025346
66104,1,1,0.9505762583203614
57422,1,1,0.9449742665880437
27443,1,1,0.9842529527908565
48092,1,1,0.9778677784987704
109260,1,1,0.9735348338388223
10668,1,1,0.9843271050590098
40065,1,1,0.9251258956247514
63562,1,1,0.8930544773670249
20592,1,1,0.9844824502166011
46231,1,1,0.9694077067169188
21629,1,1,0.9860098495601967
84121,1,1,0.9788916875829914
50017,1,1,0.9763326164215773
12804,1,1,0.9805827429981079
76044,1,1,0.9767687849386769
36414,1,1,0.8967545331798493
44073,1,1,0.9767145023250305
49771,1,1,0.970922783989572
18040,1,1,0.9614848032577211
55740,1,1,0.9673100845296944
62705,1,1,0.9478564780222339
61931,1,1,0.9853738986036323
46394,1,1,0.960013621116271
42429,1,1,0.9927053620608224
105811,1,1,0.926129606699055
46185,0,1,0.9461903557729501
101250,1,1,0.980091710981749
9497,1,1,0.9742404836665906
57340,1,1,0.983329458974537
111752,1,1,0.9671523904784115
36797,1,1,0.9476930726987863
105449,1,1,0.9885822661749722
101205,1,1,0.9531719863544765
88270,1,1,0.976499445984113
50334,1,1,0.9510172345073956
107688,1,1,0.9794491494096009
18162,1,1,0.9784859098565359
64128,1,1,0.9530975659253744
71085,1,1,0.6894071278287853
20673,1,1,0.9778590614853224
81276,1,1,0.9621212905241019
17083,1,1,0.9791834411277605
88138,1,1,0.9836216223321612
58710,1,1,0.9912991988599953
92736,1,1,0.9627675309860132
40835,1,1,0.9847866008146092
87565,1,1,0.9403024909694628
46551,1,1,0.9757931961393924
38868,1,1,0.8660653308526469
112252,1,1,0.9492714287693601
7026,1,1,0.9618147062494112
64206,1,1,0.9885852211673958
111651,1,1,0.9789548405344984
81025,1,1,0.9785064228803967
701,1,1,0.9670048134818738
107099,1,1,0.9794584765914451
87689,1,1,0.9015559982815463
15973,1,1,0.9912855803226052
61386,1,1,0.9497958359146035
3088,1,1,0.9896558139585095
103654,1,1,0.975970142727758
51100,1,1,0.9861292770953516
75548,1,1,0.9788687711598764
17257,1,1,0.9701223658436322
24535,1,1,0.9604595183483051
178,1,1,0.9824633235237544
75456,1,1,0.9855348436471276
41715,0,1,0.8334419223716831
73591,1,1,0.7376947923417257
4510,1,0,0.3834179757588531
97073,1,1,0.9567179505660296
28349,1,1,0.9425847852074505
22595,1,1,0.9607167385382233
109569,1,1,0.9740744337242683
15922,1,1,0.982650826257503
90339,0,1,0.9001305814579754
36738,1,1,0.9751260224308662
47927,1,1,0.9602487171634401
112103,1,1,0.9293268662672206
9118,1,1,0.988889366433821
51754,1,1,0.9926379023741224
42734,1,1,0.9792241190273346
69793,1,1,0.8825204063342182
107981,1,1,0.9759660882682696
62995,1,1,0.9830266262649687
6329,1,1,0.9838341474209525
108646,1,1,0.9848004835212066
76386,1,1,0.9470016778074702
12696,1,1,0.9717229882001042
44553,1,1,0.9891207324617444
21361,1,1,0.9793846248719701
6966,1,1,0.9773577009721187
69479,1,1,0.9452253334025534
85172,1,1,0.9762073337451319
49355,1,1,0.9642551603904229
91402,1,1,0.9652991273602931
93640,1,1,0.9613844204924995
74904,1,1,0.981376001881843
71492,1,1,0.9777718934780548
68273,1,1,0.9476380972515602
96556,1,1,0.9652862131112793
25974,1,1,0.9723740775958594
55934,1,1,0.9545666967644966
52117,0,1,0.6387163537622246
6801,1,1,0.9841297431515997
81150,1,1,0.9012079072334006
31789,1,1,0.9511683274670357
6327,1,1,0.9853322272283576
105073,1,1,0.9772780056884686
40491,1,1,0.9360383715261964
66504,1,1,0.9623265280227494
103616,1,1,0.988062327149968
89763,1,1,0.9239069360622093
80448,1,1,0.9172680342415209
56488,1,1,0.96506306951732
87541,1,1,0.8173550830514448
68742,0,1,0.8271048612275552
29983,1,1,0.9517658562541135
81561,1,1,0.9769650888610495
28732,1,1,0.9737885223253152
27981,1,1,0.8757393654196147
17765,1,1,0.9359413744127079
22094,1,1,0.9743297485595684
29624,1,1,0.9624751381871267
94826,1,1,0.9368993268921583
67693,1,1,0.9909184106257518
19472,0,1,0.9518542902835188
52517,1,1,0.9521157082020199
27671,1,1,0.9881084204530015
95535,0,1,0.9076740804946172
103690,1,1,0.9757048420535707
27115,1,1,0.9896841173438737
36002,1,0,0.4386988736819392
67419,1,1,0.9835821125531656
36471,1,0,0.45324915483490497
95430,1,1,0.9230431700495424
57261,1,1,0.9740241904649155
39912,1,1,0.982225416040684
65770,1,1,0.9890973365204644
63799,1,1,0.9787586272141435
91091,1,1,0.9577019762324066
46743,1,1,0.9893091889121991
9222,1,1,0.9743316177241939
53225,1,1,0.9820796004392505
96406,1,1,0.9668713760929663
84586,1,1,0.8477533848283522
69500,1,1,0.9028156654403802
16277,1,1,0.9868222409551164
14688,1,1,0.9808392873933939
33120,1,1,0.9792578457965518
15890,1,1,0.9777719781363216
60538,1,1,0.9825073572998384
34214,1,1,0.9882433137807403
60333,1,1,0.980335645782199
14156,0,1,0.8282955319146836
76568,1,1,0.9700523617269107
70126,1,1,0.8614294672542548
55135,1,1,0.9545265452360514
7618,1,1,0.9251790618864771
57777,1,1,0.9786282563132828
102780,1,1,0.9734128120226213
95408,1,1,0.9745893721636517
50945,1,1,0.9559651850027127
108114,0,1,0.9359639910221291
67186,1,1,0.9441107105482804
16473,1,0,0.25831123762749225
65725,0,1,0.9416284778057641
12335,1,1,0.956546565321957
80144,1,1,0.9868479691876093
87215,1,1,0.9501695423953809
58802,1,1,0.9852656312720639
37700,1,1,0.9705789048869923
36402,1,1,0.9125870945819861
30956,1,1,0.9556553466027297
103703,1,1,0.790462431099295
65732,1,1,0.9600212699101898
89461,1,1,0.9497675305399262
80121,1,1,0.9686746400855759
29592,1,1,0.9838429905449199
35410,1,1,0.9724653636118556
86235,1,1,0.9816440383556588
47587,1,1,0.9863597727212631
74628,1,1,0.978381570473988
106728,1,1,0.9782195859815914
35274,1,1,0.8174865934312376
14106,1,1,0.969207233257392
28669,1,1,0.9875762298349402
63244,1,1,0.9797779786006027
16062,1,1,0.7494370854205945
22894,1,1,0.9827811810923712
112549,1,1,0.9650751426588963
41199,1,1,0.9783364688949767
27361,1,1,0.9818509711617504
66812,1,1,0.9805955342863661
101703,1,1,0.9812463565272026
8404,1,1,0.9393250196251007
61791,1,1,0.967467614222419
89929,1,1,0.9686713569063469
114061,1,1,0.9385322927194258
7341,1,1,0.9840460227002569
36077,1,1,0.9782773486620229
46504,1,1,0.9637961745455091
32744,1,1,0.976900258662052
85854,1,1,0.9879333523802429
90094,1,1,0.9854901777401684
53643,1,1,0.9073644669728372
59568,1,1,0.9837632182332029
8265,1,1,0.977755895378888
101553,1,1,0.9871249211112662
107998,1,1,0.9452343112641127
28135,1,1,0.97913455536657
88109,1,1,0.9704358536679164
34752,0,0,0.4077269724603353
82515,1,1,0.9071319943744119
1359,1,1,0.9045600090402615
84507,1,1,0.9675254280566731
11985,1,1,0.9723384886904963
72386,1,1,0.970181883761019
112645,1,1,0.9275709855903921
77107,1,1,0.8789209052555086
86848,1,1,0.978486363214657
78081,1,1,0.9611851738565438
64281,1,1,0.9765644156460456
17379,1,1,0.9701372811068212
65858,1,1,0.9779759502548896
53524,1,1,0.881559891211547
87198,1,1,0.936548956983139
67963,1,1,0.8859797331661371
56980,1,1,0.9809162258266008
112333,1,1,0.9859612681762404
17799,1,1,0.9859812141114945
27736,1,1,0.9007061036338114
76165,1,1,0.9447190499497664
98349,1,1,0.961544531633038
57120,1,1,0.9821561449958331
75474,1,1,0.9616518079061924
58000,1,1,0.9749043176955893
50821,1,1,0.9904147680942686
97606,1,1,0.9105523414517948
4520,1,1,0.9746422359022868
16475,1,1,0.9759459141533156
26266,1,1,0.9907676495136895
71236,1,1,0.9854765339763485
1162,1,1,0.9713532084419269
61341,0,1,0.968498384253449
54273,1,1,0.983615192691017
40855,0,0,0.11198958601804751
1974,1,1,0.9879400210810971
98433,1,1,0.9863114308304194
7581,1,1,0.9651647704837241
52250,1,1,0.768880105830632
33535,1,1,0.9845517410927964
109695,1,1,0.6978129587365122
100744,1,1,0.9879250737420489
13740,1,1,0.9767126231378442
24450,1,1,0.9805384286943101
24266,1,1,0.9823537967122703
62137,1,1,0.9821311341041342
73890,1,1,0.9761784057364936
96508,1,1,0.9776909400505119
66683,1,1,0.9840366876686493
63353,1,1,0.9727867659790574
89497,0,1,0.7942739486598079
53373,1,1,0.9652453675528165
95691,1,1,0.9227024162863929
18844,1,1,0.9789410116920051
64571,1,1,0.9636462629542726
75057,1,1,0.9421525765650779
91552,1,1,0.9610656494060098
73318,1,1,0.978265793760394
45931,1,1,0.9106497302962955
101729,1,1,0.971999226492843
15762,1,1,0.9840648099386456
19034,1,1,0.9519606555347829
92770,1,1,0.9782694497833948
36683,1,1,0.9729371442133831
3550,1,1,0.8573667363404031
52852,1,1,0.9829847807321052
31831,1,1,0.9797035214719356
937,1,1,0.9726874959754727
25932,1,1,0.8439155866386435
12233,1,1,0.9752851113842603
56805,1,1,0.6863013417801793
82057,1,1,0.9556686895356208
92439,1,1,0.8589856223859504
99518,1,1,0.9831841994537387
54658,1,1,0.9632564554216766
66808,1,1,0.9182064653552312
96061,1,1,0.9623697341802226
66395,1,1,0.9763879336032235
25060,1,1,0.9891781561692476
507,1,1,0.6125119245828727
19320,1,1,0.984825772896387
75026,1,1,0.9782809228501387
51755,1,1,0.9855952403376922
8946,1,1,0.9913238276098627
23468,1,1,0.9260973310991594
85120,1,1,0.9759434236399388
22926,1,1,0.9775595928266837
86889,0,1,0.9311624746185623
54918,1,1,0.9828591734889062
113202,1,1,0.9803710085928959
73692,1,1,0.9762534275221557
49458,1,1,0.9693507101900631
42025,1,1,0.9851877926416939
41525,0,1,0.8552177453755117
87022,0,1,0.954875058496289
26402,1,1,0.9900770589398558
38308,0,0,0.31029118919764
17006,1,1,0.9815633962791438
9793,1,1,0.9693038789888014
75737,1,1,0.9768147823934802
28652,1,1,0.7007632795008383
10076,1,1,0.9727554914728286
84268,1,1,0.9622725196763935
44328,1,1,0.9697476503842146
17711,0,1,0.901052488480222
37470,1,1,0.9895139355743288
113638,1,1,0.9770657740030666
84592,1,1,0.9770638056825706
58972,1,1,0.9571364911849554
57020,1,1,0.9248709487111819
101309,0,1,0.8522402701587971
31697,1,1,0.8484537165672796
14024,1,1,0.9511108882164165
25442,1,1,0.9886024402292279
112780,1,1,0.9349211800524059
10337,1,1,0.9634493131805799
49261,1,1,0.838174965221468
31319,1,1,0.9655120016423597
18683,1,1,0.979561819197242
19259,1,1,0.8851059896444016
109494,1,1,0.9856391874082372
64565,1,1,0.9891574256562223
75123,1,1,0.9812189584413424
77821,1,1,0.962986176250096
86558,1,1,0.9428297448282364
87328,1,1,0.9705016187756377
90868,1,1,0.9737074834744727
86760,1,1,0.9715009743398793
94203,1,1,0.9870484426429653
9437,1,1,0.9732525354602937
32567,1,1,0.9163717800298905
42526,1,1,0.7804531713205065
76514,1,1,0.9675822886841975
69528,1,1,0.9673866686598183
35112,1,1,0.9860114186585618
79456,1,1,0.983358936934789
70052,1,1,0.9192217797939155
38158,1,1,0.8916891658451663
39062,1,1,0.9832708810569072
9789,1,1,0.9547438735404229
10144,0,1,0.9197744361154455
48624,1,1,0.9711251062517435
63357,0,1,0.9613622502004063
20393,1,1,0.9785534123066827
98714,1,1,0.9831925227666376
48362,1,1,0.6721115527831003
75546,1,1,0.9789732061012247
105131,1,1,0.9806591958834956
45985,1,1,0.5887063959800627
20625,1,1,0.9491147063276919
4874,1,1,0.8058317413149562
86234,1,1,0.9811539897187569
26181,1,1,0.9839137105639923
50444,1,1,0.9871229207058776
1086,0,1,0.8023831820555077
73551,1,1,0.9840737387200026
65584,1,1,0.9727921351852737
55892,1,1,0.9698745142171427
92687,1,1,0.9496889796791291
21810,1,1,0.9782206702008609
83166,1,1,0.8895722318801375
4169,0,1,0.8657433018644798
37500,1,1,0.9648636773462159
36635,1,1,0.8629698606724506
9003,1,1,0.9850379712741195
33891,1,1,0.9643073254508405
27274,1,1,0.9745280664115372
63005,1,1,0.98988049389679
575,1,1,0.9706107711959289
12866,1,1,0.9032576784265958
62323,1,1,0.9813811449299785
109744,1,1,0.9889401177997252
95150,0,1,0.6065208838007407
90215,1,1,0.9845158517594921
38634,1,1,0.9725174462325523
80822,1,1,0.972481030358621
15587,1,1,0.8893889845199784
8509,1,1,0.9735280846052828
65444,1,1,0.9356059923393188
71752,1,1,0.9844491464065352
4460,1,1,0.9406997288505958
46707,1,1,0.8894084200726734
231,1,1,0.9721724614743049
79129,1,1,0.989412492302216
12209,1,1,0.9669957054078918
56795,1,1,0.9772221485424628
90601,1,1,0.9496612405862067
110980,1,1,0.9863361781055779
33095,1,1,0.9770478533519508
99223,1,1,0.9934681753168682
83502,1,1,0.931867125545514
50794,1,1,0.974797637493389
65257,1,1,0.8897822868774771
56192,1,1,0.9879046034138179
57638,1,1,0.9499830181284744
55945,1,1,0.9703313726873412
49666,1,1,0.8617014105493938
30599,1,1,0.9890998177301401
30054,1,1,0.9728151857644545
36581,1,1,0.9891427000037301
101051,1,1,0.9771580858469724
97620,1,1,0.9792226727262592
27945,1,1,0.9851797954536986
80542,1,1,0.8289477823365102
71491,1,1,0.9795371758157323
73808,1,1,0.942539593098401
108645,0,1,0.9656131839218264
104454,1,1,0.9793220602105772
24981,1,1,0.9797765080688067
92407,0,1,0.7271886685877295
15295,1,1,0.9439365280771207
36036,1,1,0.9644503890711698
46977,1,1,0.9894443427376409
45670,1,1,0.9856708869552265
22735,1,1,0.9700273805690176
21047,1,1,0.9038562238042783
14491,1,1,0.9845945068851147
105806,0,0,0.4888447226326588
101693,1,1,0.9401426408312945
96365,1,1,0.9778121502727282
23305,1,1,0.957589758808475
26898,1,1,0.9117608885225095
33726,0,1,0.8729070646339803
12886,1,1,0.9603733779617759
69071,1,1,0.9769476212071903
76812,1,1,0.8974442816732937
32069,1,1,0.760342194629221
41921,1,1,0.853467212458822
2496,1,1,0.9699521838348854
58103,1,1,0.8703488677976943
72015,1,1,0.9839210160161815
97794,1,1,0.9703575051098314
106489,1,1,0.962187435576722
62161,1,1,0.9108229225627648
83329,1,1,0.9834940405976698
80824,1,1,0.9866354015869858
97879,1,1,0.9778328419972127
90669,1,1,0.9100102736923804
38820,1,1,0.9795033756056503
13970,1,1,0.8927284076871133
9468,1,1,0.8631644612676316
61844,1,1,0.9511095753256738
71419,1,1,0.9902529340440613
78251,1,1,0.9883760444113839
14680,1,1,0.9723086517736778
82940,1,1,0.9892377744986905
2749,1,1,0.9820708321739351
69606,0,1,0.8984117754736287
77324,1,1,0.9737645854349382
91056,1,1,0.9809434068368273
21499,1,1,0.9589896116482995
30639,1,1,0.9831938310001165
7049,1,1,0.9881985556706845
29657,1,1,0.9843580788916779
19238,1,1,0.965438797716578
95832,1,1,0.974392150799632
56746,1,1,0.9833799857148628
81155,1,1,0.975102558674234
80547,1,1,0.9664051583251686
107706,1,1,0.9735464306703506
910,1,0,0.3210129037456156
11535,1,1,0.890955273680304
81271,1,1,0.8143900908208118
84339,1,1,0.900465663151851
67888,1,1,0.985224126382301
43798,1,1,0.9301945782880527
10406,1,1,0.9734551102949046
6686,1,1,0.9844814821629436
20429,1,1,0.9269037180549391
22057,1,1,0.9562465048515854
67846,1,1,0.969464446117632
64743,1,1,0.9822324744806049
109820,1,1,0.9871800462500327
53789,1,1,0.9864557510247441
45354,1,1,0.971386947950038
114024,1,1,0.9320482251796028
60713,1,1,0.8215192584599192
55288,1,1,0.9887248164967347
82160,1,1,0.9851623135258852
16974,1,1,0.9831033672994697
84976,1,1,0.8512807352704119
46012,1,1,0.9129192279967813
84105,1,1,0.9906636783559964
50322,1,1,0.9085952152654874
10688,0,1,0.9043976894710025
82086,1,1,0.9834554624915096
14206,1,1,0.9771217218146816
37107,1,1,0.9827416341963908
42380,1,1,0.9815209943652392
29834,0,1,0.5257051932388921
97197,1,1,0.9845799127996553
95862,1,1,0.9759819557256175
58873,1,1,0.9396430283275211
70879,1,1,0.967570108180266
107360,1,1,0.9703341014221801
45906,1,1,0.9753852952760785
97774,1,1,0.7318275495056432
36856,1,1,0.9692323021675152
42373,1,1,0.9863684454110793
100423,1,1,0.9827384935469525
5452,1,1,0.9553844787826745
23035,1,1,0.989632586274577
86297,1,1,0.9816549974686196
18511,1,1,0.968073218676621
32390,1,1,0.9753771079392235
90988,0,1,0.9625068244548404
35049,1,1,0.9739719748560064
100399,1,1,0.9789837229840276
59831,1,1,0.9809891908265118
79937,1,1,0.9134877604703102
20256,1,1,0.9794092978807344
73607,1,1,0.912809915228539
5860,1,1,0.9272539964153343
23957,1,1,0.9036213115990217
27997,0,1,0.674536044404765
32778,1,1,0.9603161604712172
45787,1,1,0.9868302913603023
16733,1,1,0.9755308661818164
21576,1,1,0.9811084610287738
62101,1,1,0.9762601060002633
63695,1,1,0.9789586494988102
18850,1,1,0.9749544083837456
79527,1,1,0.9451990180411977
40537,1,1,0.9834006161967259
66360,1,1,0.9749237921859327
110279,1,1,0.979811487622914
56510,1,1,0.9872140535528046
41177,1,1,0.9372534226714608
36100,1,1,0.9272869509261702
6576,1,1,0.9581518036576938
97998,1,1,0.9791565574257317
15202,1,1,0.9451611686357785
11188,1,1,0.9679258049966062
8229,1,1,0.9834176499182231
72336,1,1,0.9811366828645558
64546,1,1,0.9284360686222589
3889,1,1,0.9800363902414314
50010,1,1,0.9860394317193019
19586,1,1,0.9830196132969932
4632,1,1,0.9669381645443552
93840,1,1,0.7915081602772566
19392,1,1,0.9680823882511566
48631,1,1,0.9747523631608258
16204,1,1,0.9777154559721078
98024,1,1,0.9193706857955134
36211,1,1,0.9851398462162789
56254,1,1,0.9883135643202489
52241,1,1,0.977390043948681
93683,1,1,0.9868212053176724
103459,0,1,0.948027345099794
100379,0,1,0.8706348738258489
94077,1,1,0.9527424882980203
104404,1,1,0.8865781211385575
110928,1,1,0.5497600246699621
74528,1,1,0.9691787028237517
36016,1,1,0.9769513444468829
81781,1,1,0.7617333375309269
91916,0,0,0.43024821259813645
58727,0,1,0.7847900100691747
39543,1,1,0.9893603928277476
40348,1,1,0.9725678995171977
1271,1,1,0.9666853961645463
57215,1,1,0.97562695309595
28671,1,1,0.951766554816203
75755,1,1,0.987477634219793
3679,1,1,0.9736253265339829
90321,1,1,0.9618905460109545
92642,1,1,0.9841344734531617
92430,1,1,0.9850918417309649
61762,1,1,0.9723965213526132
96260,1,1,0.9831180828152517
64849,1,1,0.9789124613598342
31655,1,1,0.9817564429523369
87228,1,1,0.9868065946859929
47583,1,1,0.9857416418543808
104956,1,1,0.9784849000091811
13199,0,1,0.9148470350559533
98001,0,0,0.4127249013480179
97842,1,1,0.9870239490262565
65090,0,1,0.9575398708121314
18716,1,1,0.9279506166941456
102684,1,1,0.9711993094260795
73099,0,1,0.8845717761107842
54449,1,1,0.9772403596196967
75202,0,0,0.3601681641245597
223,0,0,0.1378395516746142
100729,1,1,0.9889824320263483
41691,0,1,0.9583821119673309
98418,1,1,0.9804053759965093
83324,1,1,0.9116102072017425
73123,1,1,0.9590217413833699
87922,0,1,0.9532572488020028
13383,0,0,0.17432567789540332
22597,1,1,0.5915041401612041
79959,1,1,0.7680028085361282
64719,1,1,0.9516170461224774
14155,1,1,0.9046226278362126
29798,1,1,0.9644965495459787
88268,1,1,0.9833616655929772
71404,1,1,0.9492702828001993
44487,1,1,0.9456792334283552
74161,1,1,0.9428069610288257
108471,1,1,0.9437670268798333
62236,1,1,0.9766191675497065
66524,1,1,0.9880894902781027
81109,1,1,0.9765170337525804
103312,1,1,0.9714572545691063
76728,1,1,0.8239044862773759
39143,0,1,0.9758554229978269
48209,1,1,0.9484300772542045
50871,1,1,0.896289743285314
27052,1,1,0.9823461801728645
106438,1,1,0.883429615038112
68452,1,1,0.9884537148354373
98200,1,1,0.9769131519398281
31617,1,1,0.9006341766876369
31710,1,1,0.6606641719705308
97474,1,1,0.988684467566333
96494,0,1,0.8060302949063076
35972,1,1,0.9900771278801578
49093,1,1,0.9691264442742006
103930,1,1,0.9866310204728725
94749,1,1,0.9255090948480172
20120,1,1,0.9461353213851791
12115,1,1,0.9660210708261378
93092,1,1,0.9398683502428542
13159,1,1,0.9525986004793596
12354,1,1,0.9817144357271363
101302,1,1,0.9823765078439323
46697,1,1,0.8628228870578973
12271,1,1,0.9839040851826472
66348,0,1,0.8397882222902904
37997,1,1,0.9661263753444228
26494,1,1,0.6435221017846279
67915,1,1,0.9347284457317422
31030,1,0,0.47462469387832784
75775,1,1,0.955236351555933
103771,1,1,0.9790431359344661
16518,0,1,0.9320387229522243
106632,1,1,0.9743028131492809
101968,1,1,0.9611072064420905
9125,1,1,0.9741908875024299
109837,1,1,0.8763702447895158
41020,1,1,0.9739069194405261
19598,1,1,0.9719702096411291
94460,1,1,0.9754023421952027
75377,1,1,0.9868687643361982
92463,0,1,0.9586662563836806
17369,1,1,0.9623667211855995
106304,1,1,0.9821684682373599
73964,1,1,0.9544019421368556
37224,1,1,0.9835985218398766
35808,1,1,0.9793529602134697
66298,1,1,0.9702205056909095
34131,0,0,0.18956437194752948
77840,1,1,0.979624697509633
69558,1,1,0.9639153536504301
15584,1,1,0.9830936772338315
79022,1,1,0.9895881996086634
32783,1,1,0.9879532341678111
112151,1,1,0.9362663514880618
113050,1,1,0.9673627586753285
73669,1,1,0.9685164526429827
81468,1,1,0.9897887536757117
10184,1,1,0.9696348934237176
18836,0,1,0.9710150553771034
74879,1,1,0.9858808613750083
56525,1,1,0.9687807991435183
51517,1,1,0.8945475951151526
51943,1,1,0.9790119191673983
79080,1,1,0.9784936525639825
85373,1,1,0.9729952092723139
113150,1,1,0.9665874283021527
93028,1,1,0.9882884807342127
21887,1,1,0.847538177617555
76334,1,1,0.9396167545191559
106393,1,1,0.9480984988917317
15604,1,1,0.8638785807561029
63199,1,1,0.9135850461804129
59617,1,1,0.927639929997202
17733,1,1,0.898210339546952
25956,1,1,0.9363598902375485
26560,1,1,0.9749324116291257
30420,1,1,0.9241672846683545
77554,1,1,0.9761058922943218
105894,1,1,0.9777812499556361
29289,1,1,0.9805258315120111
28111,1,1,0.9379355783969733
21379,1,1,0.9778807360852364
86832,1,1,0.9765922096353197
16910,1,1,0.9839472362238132
8646,1,1,0.9872734661629782
89714,1,1,0.9828741229244967
94433,0,1,0.9061101756037185
8795,1,1,0.9808599937023309
93370,1,1,0.9756955844013627
69123,1,1,0.9757000180400239
82290,1,1,0.9788158357040828
52251,1,1,0.9688677429327192
33820,1,1,0.9765500532589915
113771,1,1,0.9807777949509128
40722,1,1,0.9817336618648721
16622,0,1,0.9093228268268034
61568,1,1,0.9434539622652187
53010,1,1,0.9768904340452524
60749,0,0,0.45256915508195833
22812,1,1,0.9601278585865686
96849,1,1,0.9548775333975601
12097,1,1,0.981674301846736
54782,1,1,0.9725757370728841
71184,1,1,0.9834802941386985
23471,1,1,0.9775350626570806
33515,1,1,0.9770582795175211
79929,0,1,0.7079530827482122
3498,1,1,0.7764021906570213
55024,1,1,0.9475788356647116
13536,1,1,0.9776930528231774
106292,1,1,0.9825754450022247
2975,1,1,0.9558528875704
50419,0,1,0.6384324322559763
43827,1,1,0.9888119841456964
6495,1,1,0.9739859434795181
34648,1,1,0.9881329917983558
49839,1,1,0.9831781443566522
15624,1,1,0.9875729448789161
44172,1,1,0.9633848482388837
17224,1,1,0.9857378525091474
94509,1,1,0.9757398935915601
32132,1,1,0.8898902080743344
12796,1,1,0.9875766792640757
93744,1,1,0.9843221144092389
47101,1,1,0.9697785170489357
93257,1,1,0.9520855795093514
16775,1,1,0.9835521033276113
68155,1,1,0.7464686587012326
46388,1,1,0.9882032707347737
55621,1,1,0.9394609476738802
87060,1,1,0.9780825349831681
53150,1,1,0.9893424151037675
70619,1,1,0.8668776167664636
85136,1,1,0.9707325344688166
21955,1,1,0.9765861568198181
88123,1,1,0.7715176269964301
24745,1,1,0.9784512583780968
64275,1,1,0.9865290896761694
64126,0,1,0.720233086359604
21625,1,1,0.9684990903074626
113963,1,1,0.9817644318285494
107725,1,1,0.9646130766314334
42353,1,1,0.9559736663200521
94170,1,1,0.982658771987103
75494,1,1,0.960047128054432
9378,1,1,0.9821370697286178
62007,1,1,0.8961897134288338
50530,0,0,0.018551260275326702
99008,1,1,0.9144377074228539
20426,1,1,0.9789464486902495
89299,1,1,0.9748991946467206
22907,1,1,0.9193145840202613
72996,1,1,0.980301340036018
68892,1,1,0.9596007499837583
65078,1,1,0.9777787129331406
43568,1,1,0.9764363985052072
16769,1,1,0.9399170087157264
111799,1,1,0.9834358365147499
16861,1,1,0.9824138902311462
109256,1,1,0.7111212678283871
48880,1,1,0.9728186847527981
33410,1,1,0.8290714245021379
18602,1,1,0.9891885003787063
36863,1,1,0.9524070757978803
35585,0,0,0.2631150985573059
32781,1,1,0.9701378543544943
8526,1,1,0.9145413948084535
83347,0,1,0.8895465950475815
2142,1,1,0.9775244382112259
31731,1,1,0.9112700317546477
68933,1,1,0.9788281046286271
73778,1,1,0.9806292989430875
105543,1,1,0.9828702384871146
45065,1,1,0.9857838792678962
98331,1,1,0.9816218646689641
29063,1,1,0.9767962205078521
25023,1,1,0.9786727173513158
43837,1,1,0.8863266854479397
112361,1,1,0.9819240371006885
42534,1,1,0.9700888578921547
36936,1,1,0.955686012006481
108440,1,1,0.9864492114198528
9766,1,1,0.9660724359415259
94086,1,1,0.9872894611668731
93726,1,1,0.9679737585483225
106566,1,1,0.9782184758642043
10806,1,1,0.9850630218925873
39570,1,1,0.9629393730459135
78905,1,1,0.9703626129197921
26873,1,1,0.981710051358212
90015,1,1,0.9890648672442345
81784,1,1,0.9801260848725831
49936,1,1,0.9609479675393083
82750,1,1,0.8967468848055073
59000,1,1,0.9846355152164027
78442,1,1,0.9759037457184015
48120,1,1,0.942298983046928
100236,1,1,0.9759153158078808
102992,1,1,0.9758103556230235
16436,1,1,0.8491216160900006
65296,1,1,0.977848310520882
76624,1,1,0.8564827375153427
2410,1,1,0.9650989412734776
82066,1,1,0.9870968459599435
34934,1,1,0.976275608903695
73225,1,1,0.9809826922290923
3029,1,1,0.9852880617264473
105667,1,1,0.9752814707327162
38199,1,1,0.9534602129566491
29620,1,1,0.9807710570384344
79219,1,1,0.9704981697832765
88163,1,1,0.9790260915498145
60825,1,1,0.9224485199201575
107555,1,1,0.8197490557785693
28282,1,1,0.9160807016147932
105616,1,1,0.9581638532146458
105431,1,1,0.8325350317628525
101320,0,1,0.9868780885229992
22736,1,1,0.9857286268837917
93043,1,1,0.9885527398944876
96413,0,1,0.9583800514866893
88363,1,1,0.9850088520172241
83004,1,1,0.9756182742289516
5561,0,0,0.2856403351697414
43544,1,1,0.9863383939983871
3753,1,1,0.9645503217991925
104558,1,1,0.962138804281751
1604,1,1,0.9843643740409032
8148,1,1,0.9614991871653991
64575,1,1,0.9614121420363256
43825,1,1,0.9592732696903107
53866,1,1,0.9800456396115633
14013,1,1,0.9725363776646487
89158,1,1,0.9706797282314243
55890,1,1,0.9462150083714252
42119,1,1,0.9819605954494671
133,1,1,0.9745280829647878
22519,1,1,0.913261324244256
58667,1,1,0.9819303505418282
18037,1,1,0.9876297699104073
58482,1,1,0.9647312845235997
4746,1,1,0.9769923859775002
32833,1,1,0.8882884711996887
82404,1,1,0.9623765202938036
48729,1,1,0.9830536953263771
42929,1,1,0.9815121332836041
39816,1,1,0.9814840697804221
69174,1,1,0.9889584843071658
66562,1,1,0.9824199640657818
109692,1,1,0.9839657830073503
4565,1,1,0.9724254460057489
94622,1,1,0.9778771616786792
61101,1,1,0.9698866299350173
100115,1,1,0.9858188778562736
24835,1,1,0.9860860214783349
59488,1,0,0.462516027294778
2256,1,1,0.988898583237399
62394,1,1,0.9802688500820373
51764,1,1,0.9378911749827777
98075,1,1,0.9023315734651154
75508,1,1,0.8632894833264836
30832,0,1,0.9617596165239668
61815,1,1,0.6620523038480782
33109,1,1,0.9830138959704171
77318,1,1,0.9591013684172501
92879,1,1,0.905623403788634
11264,1,1,0.9715193627070948
44898,1,1,0.9851015846654725
20953,1,1,0.9819413356457432
113428,1,1,0.9816017824100027
33846,1,1,0.9810515535524786
86359,1,1,0.9674855082238774
6262,1,1,0.9745605628276695
95914,1,1,0.9850885468997409
20334,1,1,0.9842900205092575
41219,1,1,0.927140820650664
9140,1,1,0.9656571996428649
20252,1,1,0.9694342543436284
33374,1,1,0.8902505724801156
44341,1,1,0.9081679644586644
17806,1,1,0.8407639828425709
78448,1,1,0.9865564833396933
52685,1,1,0.9634225798939707
40868,1,1,0.9734753556421428
42593,0,1,0.8193539533286726
89877,1,1,0.9861659054765162
6006,1,1,0.946281906597134
54771,1,1,0.9805405376881374
31091,1,1,0.971513636929807
28030,1,1,0.8781080905949545
51930,1,1,0.9880404571727914
105101,1,1,0.9801001467647148
32298,1,1,0.9854910709097517
32173,1,1,0.7722287087620434
30833,1,1,0.9811278094515451
64392,1,1,0.9866450879550056
928,1,1,0.9470842190124827
84201,1,1,0.9451901185371855
67432,1,1,0.9712859972643829
54790,1,1,0.9428637130732663
40534,1,1,0.9647969750530125
63319,1,1,0.5370602443324305
14429,1,1,0.9842376251709914
50061,1,1,0.9685689074918477
96353,1,1,0.9529525923508739
38053,1,1,0.8772346575394349
112994,1,1,0.9322355180733247
52206,1,1,0.9859054188655796
71347,1,1,0.985019938661302
47566,1,1,0.8125433512681387
1151,1,1,0.9617485248974768
87496,1,1,0.9588529308938166
103757,1,1,0.9463828420095015
87657,1,1,0.9865530002527934
68425,1,1,0.9278325353027282
25633,1,1,0.9160567895497432
70400,1,1,0.9888431392844711
109430,1,1,0.8260357914167935
453,1,1,0.980498282178905
32384,1,1,0.9788226135131797
80483,1,1,0.9744717623349712
107508,1,1,0.9510080172389133
9845,1,1,0.8623817148888447
12510,1,1,0.9643967117048701
43085,1,1,0.7834863140227638
44682,1,1,0.9334041356138976
44564,1,1,0.9075346967826288
84443,1,1,0.9816493239032631
112318,1,1,0.9545984326735837
58689,1,1,0.9795777738060524
5899,1,1,0.9708735158748271
32487,1,1,0.9842368202617068
107247,1,1,0.989088602293857
110083,1,1,0.9843851645412794
45214,1,1,0.9603968052049586
38397,0,1,0.9130687746037853
99133,0,1,0.8850712016309108
62558,1,1,0.9726049728750434
88144,1,1,0.9734263043994192
73278,1,1,0.8949802883607044
26304,1,1,0.9783597099149077
45088,1,1,0.9737407296938324
20293,1,1,0.9885347548358213
78954,1,1,0.9896608189056746
37237,1,1,0.9741539847983474
84910,1,1,0.9656881154517137
53525,1,1,0.9419982910374856
53844,1,1,0.8876118668868829
41793,0,1,0.9261760125870909
52001,1,1,0.9830267936554009
102589,1,1,0.9624204934729033
49330,1,1,0.9615005772164571
112960,1,1,0.9771245034596732
97658,1,1,0.9557730628940619
6469,1,1,0.9737239741559923
44274,1,1,0.929385639073757
19231,1,1,0.974649304201962
59217,1,1,0.9201473242062808
72454,1,1,0.9075444826632384
36083,0,0,0.2826216907880248
56315,1,1,0.9742671350322935
54237,1,1,0.7708146320175112
59063,1,1,0.9757076160738262
43108,1,1,0.9901549661998676
61846,1,1,0.9643270394118053
93538,1,1,0.9555381743300473
1572,1,1,0.9774140829041167
85904,1,1,0.9696740094568279
78328,1,1,0.9904442776408178
88837,1,1,0.9800312006037161
33591,1,1,0.9221647613685537
68397,1,1,0.9869085762668173
18740,1,1,0.9853235799094672
47868,0,0,0.3498524324996975
23142,1,1,0.8768782963116626
81775,1,1,0.9596612465047502
12395,1,1,0.9061111859323591
73181,1,1,0.9882602709661513
78869,1,1,0.9504616932271122
87752,1,1,0.9833992176624062
4983,1,1,0.9802843288476006
101401,1,1,0.9819938762230432
93660,1,1,0.9674505777265808
80631,1,1,0.9722629846859194
11894,1,1,0.9353659635716665
113087,1,1,0.9780138373962185
55523,1,1,0.8541462027043175
82101,1,1,0.9794152482141022
62758,1,1,0.9408364914537475
60513,1,1,0.9818433895368299
31492,1,1,0.9272892719660497
72613,1,1,0.9240281841380211
94287,0,1,0.6186242161232302
21838,1,1,0.978824800175954
28576,1,1,0.9714857417651079
96808,1,1,0.9850991497966163
59355,1,1,0.9782714721697218
42281,1,1,0.9586885771241404
109169,1,1,0.9491652694521573
52131,1,1,0.9223532785526621
32637,1,1,0.9608723227135071
28815,1,1,0.9682820035549835
41798,1,1,0.9809203771164043
20080,1,1,0.8954481824106684
86494,1,1,0.9895599316568162
90919,1,1,0.9856666784966996
30709,0,1,0.7439996807191371
67730,1,1,0.986811942109757
95494,1,1,0.928924685490129
34312,1,1,0.9805466837995742
22461,1,1,0.9776906394656092
80728,1,1,0.92179419746838
76043,1,1,0.9865146704856464
105732,1,1,0.9085863298243302
69303,1,1,0.9540807973361537
52473,1,1,0.9831543208002932
50967,1,1,0.9789227793854939
5882,1,1,0.9824921483172068
43065,1,1,0.8542196997776317
67055,1,1,0.9534531649523569
106654,1,1,0.9826467046849976
70340,1,1,0.9631154254589319
87908,1,1,0.9779913962541236
21791,1,1,0.977247862170658
17381,1,1,0.9203347281398985
61225,1,1,0.9792250266911404
106431,1,1,0.985150443255262
108420,1,0,0.3666071340403514
94012,1,1,0.98360021476937
67798,1,1,0.9726927307552615
80809,1,1,0.9767061945434582
56108,1,1,0.9874085022277184
105748,1,1,0.9868255954771848
89647,1,1,0.9600170445225665
26086,0,1,0.7962483042041236
78610,1,1,0.9528015322866396
86270,1,1,0.9815880110018353
4023,1,1,0.9076672769029578
105685,1,1,0.969486703453787
65028,1,1,0.9838339207712132
15415,1,1,0.9657520620895004
71226,1,1,0.9642412998425016
70114,1,1,0.9909491014656528
48071,1,1,0.9810871483815952
38664,1,1,0.8180291151304037
109481,1,1,0.9872926318209382
26049,0,1,0.8535163593885196
3744,1,1,0.9782952862140158
30669,1,1,0.9574917427473899
41638,0,1,0.8701626070302977
35838,1,1,0.8367948329084429
18880,1,1,0.9206910806909707
16762,1,1,0.9754734952595727
4320,0,1,0.9470971629529317
34345,1,1,0.9252989010743615
45062,1,1,0.9812636511394461
109037,1,1,0.9267497271396891
90490,1,1,0.9851011583444294
104350,1,1,0.98779026224802
26139,1,1,0.9729196416854122
29195,1,1,0.9502873387532533
12759,1,1,0.9166939884640752
49466,1,1,0.9289109859280489
29482,1,1,0.956912647348137
82224,1,1,0.9892417160210516
107504,1,1,0.9803683625797632
26302,0,1,0.837271897840997
9433,1,1,0.9852963920140757
20992,1,1,0.986187085918911
81175,1,1,0.9842898065596405
11063,1,1,0.9728650542576865
3795,0,0,0.4765239736225256
92508,1,1,0.9860784504611101
26773,1,1,0.9121326169905632
57762,1,1,0.9144765782250005
79067,1,1,0.9870356455492103
25972,1,1,0.9476594418484733
33302,1,1,0.9815822041497307
80910,0,1,0.8630677540813753
54908,1,1,0.980890218220827
34750,1,1,0.9097914020591065
77448,1,1,0.9719779652484258
62780,1,1,0.9845808334796354
114039,1,1,0.9813778305398274
21190,1,1,0.8310758824548743
23577,1,1,0.9777390738988729
63307,1,1,0.9871751922949836
84801,1,1,0.9684382381754688
21973,1,1,0.8331198014705116
105725,1,1,0.978123621793954
12041,1,1,0.9884141960207978
73772,1,1,0.9679182523310842
49754,1,1,0.9585455959226911
70990,1,1,0.9665707320775344
81411,1,1,0.9730653270451183
61408,1,1,0.9549238275202601
64579,1,1,0.9506705387174622
11697,1,1,0.9904376709567262
10576,1,1,0.9783957671098674
87710,1,1,0.9329200836594431
15200,1,1,0.8447712431001412
74523,1,1,0.8715641904829916
87893,1,1,0.9717841469013613
96224,1,1,0.9479768730141156
96646,1,1,0.9841783900392488
71551,1,1,0.9877025878224484
25276,1,1,0.9871066608910659
50832,1,1,0.9352485952071425
58621,1,1,0.9032202536208124
108766,1,1,0.9788376221613282
54124,1,1,0.9704337960146022
7897,1,1,0.9072079724604722
85424,1,1,0.9056047525434469
95452,1,1,0.9573841668702766
108726,1,1,0.9701209399909057
82328,1,1,0.9647755164013231
75774,1,1,0.969142409865719
59101,1,1,0.7215824792168068
105042,1,1,0.9732761244416707
90659,1,1,0.9099457506883329
37008,1,1,0.9848059507208257
27401,1,1,0.9874266092763891
27362,1,1,0.9875915547828078
51629,1,1,0.9786088587973719
75624,1,1,0.9815801990806439
83157,1,1,0.8437972059352902
33776,1,1,0.9752750725990442
97811,1,1,0.9387205850987964
98089,1,1,0.8873391856449124
8751,1,1,0.9827867540531384
47512,1,1,0.8413824500551518
66529,0,1,0.8463013298673893
72508,1,1,0.9007162745249492
6455,1,1,0.9112255439716943
109153,1,1,0.9859440605779279
10919,1,1,0.9287444332440409
3676,1,1,0.9335333267025614
66219,1,1,0.9603955745539424
48420,1,1,0.9520202583188164
84026,1,1,0.973465110288679
95148,1,1,0.9827672721100423
68451,1,1,0.9902248105767609
70306,1,1,0.9747727819770213
32589,1,1,0.9719707431587019
2963,1,1,0.9426459178677924
1997,1,1,0.9817170796829894
15827,1,1,0.9686082831180456
96048,1,1,0.9340720827597766
78734,1,1,0.9672280206812796
101161,1,1,0.954834927012688
49356,1,1,0.9394141489302402
40150,0,1,0.9771871031219007
41474,1,1,0.9837550561414172
53930,1,1,0.8680388875301738
94427,1,1,0.9806131176304554
52184,1,1,0.9572869151963147
76838,1,1,0.9832490405407952
93589,1,1,0.9889376752106002
54865,1,1,0.9842630438370809
27166,1,1,0.9875625190775177
113455,1,1,0.9726354552044344
100876,1,1,0.983076705066394
93713,1,1,0.9838053715486279
66250,1,1,0.9839080609876194
14686,1,1,0.9803400970746047
13477,1,1,0.9857199278519599
72714,1,1,0.9760826992749931
4797,1,1,0.930680373442355
109993,0,1,0.9351751963626256
94076,1,1,0.9789754355705154
109392,1,1,0.9835330214143302
58091,1,1,0.9470461826688688
84058,1,1,0.9843568438763746
30692,1,1,0.9651926411517249
38382,1,1,0.9149686544584338
92500,0,1,0.9309375692892301
15740,1,1,0.9758931991071164
33116,1,1,0.9839439544887073
5656,1,1,0.9867211158126484
47887,1,1,0.966268121735825
40028,1,1,0.8941617555220167
206,1,1,0.9805890556778921
108132,1,1,0.9355689155095402
19351,1,1,0.9866900718215055
88706,1,1,0.9805530727729693
73965,1,1,0.984610136372462
4962,1,1,0.9788378811324228
16767,1,1,0.9842126391858339
59076,1,1,0.9692531936628705
13570,1,1,0.9601808923842644
99915,1,1,0.9752643124393163
99898,1,1,0.9814451203274885
64437,1,1,0.9877469464301273
61276,0,1,0.5568489856804633
85127,1,1,0.7878344635683965
9404,1,1,0.945995348955327
34064,1,1,0.9806278663505594
93714,1,1,0.9698563225731502
84490,1,1,0.9786987271712224
13083,1,1,0.9859571282079665
1761,1,1,0.9851284477238376
13007,1,1,0.986352935376739
76845,1,1,0.9874683899506207
51873,1,1,0.9661410988631883
33754,1,1,0.7550306397262133
94365,0,1,0.9464691417449959
47089,1,1,0.9000520136908122
89858,1,1,0.9538709952937421
46522,1,1,0.9748754297777943
9462,1,1,0.9878759776671543
82983,1,1,0.9253655017316892
48479,1,1,0.9711421273125838
36637,1,1,0.9874937561543528
96990,1,1,0.949992899745226
50526,1,1,0.9754606343378657
97783,1,1,0.9896949224438697
55130,1,1,0.9726277049646308
82884,1,1,0.9222595427823913
55605,1,1,0.9814898518567096
56345,1,1,0.9072869608651256
94989,1,1,0.8965921357248327
29851,1,1,0.9565912444687086
81599,1,1,0.9066979762971317
14406,1,1,0.9643252103955999
17498,1,1,0.9855294577273735
54413,1,1,0.9791070067506922
105939,1,1,0.9439397044098026
48984,0,1,0.918531876301896
102140,1,1,0.9685664808376315
22278,1,1,0.973275481900944
8631,1,1,0.7749293536709713
9664,1,1,0.9706311796383053
73508,1,1,0.9817703674298903
87531,1,0,0.19299785101265257
28370,1,1,0.9783516386371597
97504,1,1,0.9204774979943917
102999,0,1,0.9766009428855288
87540,1,1,0.9836803951044608
111514,1,1,0.9173730025753154
49812,1,1,0.8962792515666752
54919,1,1,0.9768351703835112
81849,1,1,0.8980629539981209
108411,1,1,0.9580107363779335
85539,1,1,0.9250030810337957
99431,1,1,0.9193060888213092
101521,1,1,0.9851301607925317
78708,1,1,0.916818132117864
15990,1,1,0.973854116307998
8284,1,1,0.9373892779899504
15372,1,1,0.9604664295598763
62056,1,1,0.8087349542900814
76219,1,1,0.916393766994371
97928,1,1,0.9855023395843638
80598,1,1,0.9791781193497834
16176,1,1,0.9866788670668105
104303,0,1,0.9690547674627925
111918,1,1,0.9545396245876938
37526,1,1,0.9768734191948657
23244,1,1,0.9674078523341787
28272,1,1,0.956678652602469
39512,1,1,0.9874636542657368
39142,1,1,0.9869454177935969
80156,1,1,0.960833939094762
102815,1,1,0.9780708338287479
52594,1,1,0.9156497494125954
28411,0,1,0.7789506773594442
88677,1,1,0.9754036097635272
112446,1,1,0.9812512293913463
20111,1,1,0.974672863464647
67565,1,1,0.9451188632803066
43574,0,1,0.7371374775528408
86759,1,1,0.9841947285085617
10094,1,1,0.9032289932553715
29659,1,1,0.9475268357583839
53348,1,1,0.9757368597102599
71416,1,1,0.9741378672996227
66449,1,1,0.9655573496495761
39553,1,1,0.9768465338729885
22533,1,1,0.9692242072199563
30431,1,1,0.9116164026494321
22543,1,1,0.9668713383476658
57230,1,1,0.984358602221317
85198,1,1,0.9797118576878429
8017,1,1,0.9816192951136468
100735,1,1,0.9442882228736964
90129,1,1,0.9862054394682643
77436,1,1,0.8674267087314018
21924,1,1,0.9531576628178203
94153,1,1,0.9690564743445701
65185,1,1,0.8921089245779381
86195,0,1,0.8390831783356493
6277,1,1,0.9894168421528176
111469,1,1,0.951224680082987
33287,1,1,0.9826892022209033
68958,1,1,0.9644654883971506
80427,1,1,0.979677710947086
31852,1,1,0.923922494145976
61705,1,1,0.9856249209241045
22544,1,1,0.9807669386836327
47995,1,1,0.9654525245870104
75529,1,1,0.9858995099101249
54268,1,1,0.9568336772279403
47488,1,1,0.9769040843950677
88276,1,1,0.9672502737321125
47876,1,1,0.9656401482620517
81890,1,1,0.982982404089802
24036,1,1,0.8929591050857385
78060,0,1,0.9317383326638062
13988,1,1,0.9793328768944233
82211,1,1,0.8846403678945512
54180,1,1,0.8739286905025097
56629,1,1,0.8110647214008255
110047,1,1,0.9229059056206026
61338,1,1,0.9529687594467195
30867,1,1,0.96176233481721
47981,1,1,0.9791614329779273
105005,1,1,0.9901686344918202
57960,1,1,0.9686925350886709
90995,1,1,0.9764755307190869
97079,1,1,0.9764107421879522
103236,1,1,0.9886046678199507
85692,1,1,0.9666236402977114
89552,1,1,0.9790367076423311
87272,1,1,0.9884434716984447
98458,1,1,0.9582816288288732
45622,1,1,0.9846534530202673
66794,1,1,0.9803535161694138
55931,1,1,0.8901658509669719
32511,1,1,0.9484164234862382
85833,1,1,0.9078922782334617
93071,1,1,0.9382392032596637
59091,1,1,0.9922151483252869
4061,1,1,0.9853429833715897
85545,1,1,0.958798841230859
62680,1,1,0.9871696976448319
9338,1,1,0.9910550480235463
45599,1,1,0.9845086685497925
84576,1,1,0.9843657565665495
40125,1,1,0.9549822706662802
50132,1,1,0.7785310394085982
48486,1,1,0.972944722533142
89790,1,1,0.9791931907253498
96018,1,1,0.9744835960505063
51952,1,1,0.9759616933060734
13886,0,1,0.784687012272095
111975,1,1,0.9632282148762542
16121,1,1,0.7900185860790725
77234,1,1,0.9826310561623047
83612,1,1,0.9266174577735036
7208,1,1,0.987039127545042
1097,1,1,0.9608715499854363
66186,1,1,0.9417101612952592
79422,1,1,0.9865443498959415
104031,1,1,0.9564620358339475
20350,0,1,0.9484729666699003
58112,1,1,0.9553269519162544
28188,1,1,0.9883906309805308
72910,1,1,0.9701420206865019
12573,1,1,0.9716316318829862
81487,1,1,0.9822937838256267
100938,1,1,0.9676435478336742
48169,1,1,0.8936358752568742
12526,1,1,0.9876324936204537
28409,1,1,0.9887458603580255
16184,1,1,0.9800293050237748
51227,1,1,0.9887336201926696
35287,1,1,0.9908157433010686
42858,1,1,0.9793159877044442
92297,0,1,0.9406340181636483
91597,1,1,0.9546804078931088
92041,1,1,0.8824060531927058
74387,0,1,0.9812425078900345
92898,1,1,0.9827276272315477
2781,1,1,0.8600153625281562
78630,1,1,0.9306241354244169
49512,1,1,0.9862101087253697
108557,1,1,0.9385860820586626
103103,1,1,0.9820700491158804
74143,1,1,0.9865420390261015
99001,1,1,0.9720078525674534
57139,1,1,0.9871608430724856
508,1,1,0.9782158202720509
96851,1,1,0.9870498250336244
58916,1,1,0.9833475414982049
6411,1,1,0.9759079918552097
5434,1,1,0.9816427413784788
97522,1,1,0.8901992274374054
28444,1,1,0.9743097999921099
14627,1,1,0.9765144054477664
15928,1,1,0.9796068338006216
1932,1,1,0.9498947478901437
2121,1,1,0.9209626395633524
13599,1,1,0.9851190830676225
109244,1,1,0.9804870880158473
2477,1,1,0.9706526026827189
55984,1,1,0.8863452245963643
42897,1,1,0.8943256138265852
57436,1,1,0.7289805839377318
103562,1,1,0.9820148610533534
47377,1,1,0.968977988796747
8004,1,1,0.8908105560104193
52293,1,1,0.9722730376449175
20380,0,0,0.1372391591702847
84419,1,1,0.8827014699856559
29790,1,1,0.9034561604301705
29613,1,1,0.981857830094356
68337,1,1,0.9878100834434516
76093,1,1,0.9778964912390982
10575,1,1,0.9634834283572576
16114,1,1,0.9724925095915296
112610,1,1,0.9356071237337504
30182,1,1,0.9774566992801612
18015,1,1,0.9712200603259253
75247,1,1,0.9600455832123048
65999,1,1,0.9055142610104048
92144,1,1,0.9802187617871057
111789,1,1,0.7865112774195364
18890,1,1,0.9878506851820746
66972,1,1,0.9652860382468772
59164,1,1,0.9866909381770804
52484,1,1,0.9892262955237179
73119,1,1,0.6651421226715374
57302,1,1,0.9579562337685162
81902,1,1,0.9173157485891096
107441,1,1,0.9693057528620521
55470,1,1,0.9817277757713495
40608,1,1,0.9874087406817709
70146,1,1,0.9708667473779283
101274,1,1,0.9678095406038029
23944,1,1,0.9700853989861569
98996,1,1,0.964193112354784
9050,1,1,0.9822383300625908
100321,1,1,0.9785827799550755
94155,1,1,0.9501371236914755
48359,1,1,0.9806173553115205
59153,1,1,0.9704932321532173
55629,1,1,0.9705203766698548
72635,1,1,0.976625721153008
62514,0,1,0.7802383205125092
71261,1,1,0.9861579310301849
107352,1,1,0.9752013180185989
82468,1,1,0.9523306563908948
11831,1,1,0.7917387120258437
98631,1,1,0.954481759956064
38460,1,1,0.9899116054776788
4907,1,1,0.9893213687680746
46166,1,1,0.9752571458908821
25403,1,1,0.979419408464219
14732,1,1,0.9859187105087827
18085,1,1,0.8979549577306465
113549,0,1,0.8702848302204343
47395,1,1,0.9757097899642312
4103,1,1,0.9638489837019059
20412,1,1,0.972622897374994
101993,1,1,0.9810026975341394
56778,1,1,0.979402497067085
18130,1,1,0.9827544377041233
40564,1,1,0.98815544374491
91400,1,1,0.9561888458047207
1306,1,1,0.9723546770272734
75536,1,1,0.9467789762079265
101922,1,1,0.9351046323177781
75274,1,1,0.9766655767820561
102905,1,1,0.9721134019901415
109230,1,1,0.9848303290796816
45761,1,1,0.9468719164582733
16544,1,1,0.9843663921345053
62920,1,0,0.3023848130591877
36800,1,1,0.9655988972180852
18638,1,1,0.9802672980050018
60318,0,1,0.8641084428354039
15313,1,1,0.971630804059319
78587,1,1,0.8981343870614195
5845,1,1,0.9197178825268663
15600,1,1,0.7254534879743079
63690,1,1,0.9747904774372486
59956,1,1,0.9727340963747105
20247,1,1,0.9684036372595813
44321,1,1,0.981770981193639
53051,1,1,0.8341174593802682
81590,1,1,0.9499821749180569
86931,1,1,0.9899242775443025
51617,1,1,0.9808449379095051
102454,1,1,0.9409837248007282
62025,1,1,0.9326932649797972
36803,1,1,0.9868681188440862
74375,0,1,0.8960205990828987
92665,1,1,0.9874408181002772
48716,1,1,0.9799988112171805
2682,1,1,0.959156072631178
93710,1,1,0.9500564053150231
76163,1,1,0.980546785551367
16969,1,1,0.9041189448374107
40539,1,1,0.9333781300740157
18989,1,1,0.9807015689592116
24165,1,1,0.9890681885608339
90648,0,1,0.9898387686042058
108266,1,1,0.9743227112144692
37709,0,1,0.8575951727342318
15446,1,1,0.9692596211820578
28969,1,1,0.9746408795586244
46793,1,1,0.8729455212566238
30694,1,1,0.9840076396394986
42714,1,1,0.9814377027302108
94201,1,1,0.9759586901669541
91975,1,1,0.8742707476309021
30601,1,1,0.9829997508121486
70637,1,1,0.969913265393091
96671,1,1,0.9802873135941668
57307,1,1,0.9864499935442963
10620,1,1,0.8842895447333254
56441,1,1,0.9497727590394016
60572,0,1,0.6799959492118147
17091,1,1,0.9664879531412046
103313,1,1,0.9578184875344724
64604,1,1,0.9516594941245227
100475,1,1,0.9588563702927206
37054,1,1,0.9479573378457804
113064,1,1,0.9859358454856783
32321,0,1,0.803708807589239
51838,1,1,0.9319781705531563
52936,1,1,0.97259487137437
13998,1,1,0.9570570345475203
104730,1,1,0.9750935019169759
112327,1,1,0.974424685939172
51963,1,1,0.990941903768968
102557,1,1,0.9898446072752123
82390,1,1,0.9716383399210891
8264,1,1,0.9872755714558813
78572,1,1,0.9668163167020142
73232,1,1,0.6404099938375362
688,1,1,0.8855199520117619
63354,1,1,0.9819454847848446
14498,1,1,0.9323038720320675
67520,1,1,0.9570769547181209
101215,1,1,0.9208213271102562
90362,1,1,0.9654444805246826
23671,1,1,0.984122118778513
29645,1,1,0.9486350265259629
11618,1,1,0.9727709678087996
10310,0,1,0.8757951552260234
33384,1,1,0.9670807894026091
96965,1,1,0.9832331575106351
113570,1,1,0.974398785432503
81202,1,1,0.9810652336965601
72523,1,1,0.9384148789215543
42928,1,1,0.9158048678109402
112082,1,1,0.9854240347337764
90586,0,1,0.9279777585834834
44443,1,1,0.9166628498382811
75261,1,1,0.9848587063706107
17587,1,1,0.9581051300000505
46029,1,1,0.9685471242046675
100725,1,1,0.9869874239257682
48480,0,0,0.3381567487971761
87171,1,1,0.9822520610856149
82894,1,1,0.9236077445507521
8758,1,1,0.8740609677536779
61312,1,1,0.9589702473247593
48870,1,1,0.9892689570145099
14862,1,1,0.8561635512346513
109948,1,1,0.9738454555044275
92,1,1,0.980785089869982
79394,1,1,0.9837489326438151
64330,1,1,0.9843548421385492
80786,1,1,0.8744687321707652
52472,1,1,0.9797195916055614
25850,1,1,0.9816210471925679
82874,1,1,0.9839221298266037
69621,1,1,0.901633685602714
54191,1,1,0.9748071708130601
85661,1,1,0.8853419497500182
6314,1,1,0.9875769437200518
83441,1,1,0.9799524508674624
5628,1,1,0.9840856317815704
34729,1,1,0.9858956477045233
105942,1,1,0.9821658721773322
108928,1,1,0.9526420375124572
90323,1,1,0.9762350820972415
91143,1,1,0.9155579751439467
64357,1,1,0.9630178778018631
59879,1,1,0.9311783137219166
88451,1,1,0.9853693123159571
105571,0,1,0.8913793420959685
69226,0,1,0.918749149977011
12844,1,1,0.9643819729018965
81225,1,1,0.9713922336297458
39344,1,1,0.9796451705722944
10686,1,1,0.9782238258076127
84042,1,1,0.9440358355311491
90090,1,1,0.9794001163669805
34606,1,0,0.2394675878495799
10392,1,1,0.8565173758837282
60555,0,0,0.36105393605865893
103628,1,1,0.985559731482298
5770,1,1,0.9829884698940192
1047,1,1,0.882666223818266
31706,1,1,0.925092402763762
43290,1,1,0.9745216931557352
66904,1,1,0.9613790595906581
31701,1,1,0.8950401350655733
14557,1,1,0.9761154948137681
49471,1,1,0.9772078889911369
5064,1,1,0.9723673063921761
22908,1,1,0.9763489557398264
92418,1,1,0.9701073922070443
32950,0,1,0.8919584318908426
65146,1,1,0.9840536331754214
104165,1,1,0.9836940397493057
59780,1,1,0.9523562564858624
50754,1,1,0.9897122360517824
42369,1,1,0.9511566603218784
47096,1,1,0.9589987538321977
103787,1,1,0.9135191396055663
8276,1,1,0.8873173819407666
87552,1,1,0.9834488965993499
79590,1,1,0.9530995906109477
42320,1,1,0.9106928268873932
23844,1,1,0.8603400679796238
61278,1,1,0.977191825469874
25178,1,1,0.9800798563504576
82438,1,1,0.9871263106657915
3101,1,1,0.9665841169077275
92946,0,1,0.9618335976064524
1485,1,1,0.9725617052121183
3758,1,1,0.9844580130982156
17191,1,1,0.9646953093018744
1172,1,1,0.9760666164406285
69483,1,1,0.9868827695832547
29375,1,1,0.9836225380146153
10218,1,1,0.8948966808608022
71525,1,1,0.9686344976739398
77747,1,1,0.9745988185759507
59465,1,1,0.8908189378991462
63331,1,1,0.9767760689456749
17681,1,1,0.9379322272327804
46578,1,1,0.9326339062166958
93583,1,1,0.9555831820827703
90875,1,1,0.9133517935340673
1118,0,1,0.7675054682068855
84519,1,1,0.9834659610642457
50792,1,1,0.9638954642780011
94888,1,1,0.9237195760857055
90578,1,1,0.9755580973755666
57397,1,1,0.9743367742037319
33890,1,1,0.9615084607769229
84286,1,1,0.9865441120081985
18053,1,1,0.9851568733097381
9002,1,1,0.9793027228183739
87460,0,1,0.7189100129706703
25946,1,1,0.8658571157334272
27952,1,1,0.9608370817109466
511,1,1,0.9835847297785231
90803,1,1,0.9787234216396541
22340,1,1,0.8680193827575806
85430,1,1,0.964260327438658
68224,1,1,0.987469446793748
105723,1,1,0.9812770096029029
27466,1,1,0.8682794039192427
10443,1,1,0.9827963120119568
113322,1,1,0.6711097793623635
15371,1,0,0.33550892651442255
41779,1,1,0.9201388048533035
43032,1,1,0.877186743204184
22748,1,1,0.9770086449618552
101914,1,1,0.969803649124014
90755,1,1,0.883053831995841
55132,1,1,0.985706465662931
21303,1,1,0.9815378425867562
81924,1,1,0.9600037906018544
44033,1,1,0.5741817761849797
87113,1,1,0.9915198618727674
105797,1,1,0.9607423478690801
65750,1,1,0.9776259956201004
3516,1,1,0.9019113518363991
5337,1,1,0.9808061267082239
100089,1,1,0.9886842669128705
37042,1,1,0.9829097089316513
24371,1,1,0.9830861207712589
106287,1,1,0.9237293464879486
73668,1,1,0.928691462963707
74247,1,1,0.9782861688949067
86892,1,1,0.9886889442926519
49909,1,1,0.6719256349792752
38326,1,1,0.9753266541609078
44286,0,1,0.9525331397059668
76943,1,1,0.9503228480918058
42438,1,1,0.9758531740618204
102591,1,1,0.9898558507737331
18342,1,1,0.9809863760975797
67828,1,1,0.9456446961700811
105742,1,1,0.9849440106814832
23215,1,1,0.9420771125197818
4787,1,1,0.9699081028499102
82645,1,1,0.9807784761335989
30554,1,1,0.9696728132995722
86324,1,1,0.876627200173166
28924,1,1,0.9764514559985891
85702,1,1,0.9039334987909871
94319,1,1,0.9798941942294498
865,1,1,0.90224722570815
42460,1,1,0.9641172351523669
16434,1,1,0.974327507626631
21235,1,1,0.8999421397908649
14741,1,1,0.935403209011951
89567,1,1,0.9875484592065518
78089,1,1,0.9739949722103742
13453,1,1,0.9498456420568983
39874,1,1,0.9318658022949151
62067,1,1,0.9797049726036547
111956,1,1,0.959012576914603
55264,1,1,0.990213918984074
2348,1,1,0.9602480976506516
59045,1,1,0.9676764596176638
53243,1,1,0.836887403003642
82144,1,1,0.9906053458022314
100912,1,1,0.9894159015301033
10466,1,1,0.9850397778244745
76914,1,1,0.9755273482285246
8828,1,1,0.9746015066212097
4737,1,1,0.972101293131579
95024,1,1,0.9714408321787037
112437,1,1,0.9350107825419083
103742,1,1,0.9806817551646033
73811,1,1,0.9713809027838112
98270,1,1,0.9757959000576375
40197,1,1,0.9868051274926052
28565,1,1,0.9083692762560229
11075,1,1,0.9235968599240477
82169,1,1,0.9778995173633745
75832,1,1,0.8530781929103888
34897,1,1,0.9889033423698772
4222,1,1,0.8710464761336468
73336,1,1,0.9611516399190342
10393,1,1,0.8664060347668618
98360,1,1,0.9407220183718954
7462,1,1,0.9593609316789179
25708,1,1,0.8654426430488978
4493,1,1,0.9818590245122143
91939,1,1,0.9833895578889938
59799,1,1,0.9730308393692365
34931,1,1,0.9844474644705361
105477,0,1,0.9547382410041453
23662,1,1,0.970350258237648
97494,1,1,0.8250341018484098
10650,1,1,0.9635492698808255
65289,1,1,0.9748976144749821
50464,1,1,0.9725414848859465
44955,1,1,0.9836568954141228
85915,1,1,0.6687327151208465
70131,1,1,0.9843201599826829
38352,1,1,0.9808857308314625
22712,1,1,0.9864940680456457
31971,1,1,0.9766795262163791
91592,1,1,0.9751394978919603
41817,1,1,0.9418972512617984
91762,1,1,0.9630867853387263
97521,1,1,0.97499179607576
95428,1,1,0.8966325780682407
23476,1,1,0.9831855814344307
3807,1,1,0.9825965958448794
97372,1,1,0.9827747754873698
30007,1,1,0.9719632238312308
109891,0,1,0.9541726251154034
42616,1,1,0.9777987863106747
105586,1,1,0.9822942689192627
89986,1,1,0.9887194295033668
37679,1,1,0.9849959375343004
40451,1,1,0.9540063144592756
71573,0,0,0.19055309989347333
65012,1,1,0.9763032527494221
100069,1,1,0.9623742380014283
33635,1,1,0.9672667675700023
109490,1,1,0.9801722693101846
108202,1,1,0.9537920731373833
67222,1,1,0.9733889305816945
45133,1,1,0.9828483672872838
94990,1,1,0.9844220580570492
1129,1,1,0.9193263040624201
8578,1,1,0.9180366588427518
93140,1,1,0.9479244018357775
72769,1,1,0.8635970276694707
16602,1,1,0.9542768889032278
9713,1,1,0.9772374454537974
91220,1,1,0.9695632780387344
28744,1,1,0.9851001374993792
81537,1,1,0.971101171221245
23855,1,1,0.8315067470994357
64983,1,1,0.9802694268473984
11207,1,1,0.9482811896451342
30305,1,1,0.9835645071093544
48785,1,1,0.9448229565682049
40333,1,1,0.9784270407681503
106714,1,1,0.9875047635074232
64971,1,1,0.6144520145683371
49250,0,0,0.37654315277532413
83984,1,1,0.8991642264232577
106978,1,1,0.9869912542522982
41596,1,1,0.92568672008789
59175,1,1,0.9759265680883983
32635,1,1,0.9652778371767405
63853,1,1,0.964604901511544
53584,1,1,0.9675276533719537
35914,1,1,0.9852077172181013
88027,1,1,0.9818925504312384
104717,1,1,0.9643337898484939
112820,1,1,0.8820004148102355
79669,1,1,0.971796735627143
19561,1,1,0.9225198731428119
6302,1,1,0.9279270683993295
14733,1,1,0.9811965438796512
99607,1,1,0.9861878828251688
96566,1,1,0.9825871307687808
16202,1,1,0.9732363580583931
57833,1,1,0.9397987899444902
89270,1,1,0.9286304003087182
90740,1,1,0.9420117283509319
47276,1,1,0.9848671757538641
102910,1,1,0.9845351411658231
41114,1,1,0.9627995223751988
39020,1,1,0.9666688255307634
95682,1,1,0.9731693575151087
74846,1,1,0.9201022690432488
83416,1,1,0.9797535050938421
40994,1,1,0.978541078420501
110917,1,1,0.9801193595113802
83031,1,1,0.9822854601511323
111496,0,1,0.922722839197407
7165,1,1,0.9776813558286261
85168,1,1,0.9633866128172511
89755,1,1,0.8669345954404655
97303,1,1,0.9648836023991917
6099,1,1,0.9951985185654298
83652,1,1,0.9889474299699313
32260,1,1,0.9641778327582072
78565,1,1,0.8365637674247679
41222,1,1,0.9436665926402377
109953,1,1,0.8934245031824695
14175,1,1,0.9835844566146911
60277,1,1,0.9801719512105129
3561,1,1,0.9800700801880876
37093,1,1,0.9752722592593226
12299,1,1,0.9655952289856068
108261,1,1,0.9846652263471104
51073,1,1,0.9750938524020395
17384,1,1,0.9490666583234101
113107,1,1,0.9869102908165546
83467,1,1,0.942132131883505
61546,1,1,0.9816298684201038
60898,1,1,0.9870062814017995
86390,1,1,0.9008201867695875
25921,1,1,0.9692839735858527
73262,1,1,0.9788717844574393
103475,1,1,0.9063980874429917
109468,1,1,0.9038831693579221
76632,1,1,0.9768685539428313
103191,1,1,0.9775258386105802
104518,1,1,0.9300962014718137
55841,1,1,0.9818099686480037
87145,1,1,0.970502570382036
31193,1,1,0.9868894368126082
61117,1,0,0.23523339127520515
21425,1,1,0.9896980820544635
10680,1,1,0.8733695327819634
101926,1,1,0.9532267561343047
50228,1,1,0.9699722960262427
34386,1,1,0.9648921830570244
80707,1,1,0.9762126799605945
80973,1,1,0.9753409260274827
74875,1,1,0.8761026197442067
24383,1,1,0.9877696548406121
58010,1,1,0.9847476331174845
43143,1,1,0.9333166384386686
48690,1,1,0.9361834051273853
59161,1,1,0.9561413789278637
101747,1,1,0.8707630149403249
94406,1,1,0.9839151078007327
82055,1,1,0.9822500381012111
77869,1,1,0.986354093259558
50032,1,1,0.9172471317545234
8092,1,1,0.9379473630688504
6710,1,1,0.9078595914334694
14873,1,1,0.9837041323131916
101010,1,1,0.987170678227828
15489,1,1,0.8831351503388486
78108,1,1,0.9745040681527164
22511,1,1,0.9113398980018604
110102,1,1,0.9455040322388595
64316,1,1,0.98691468963201
25514,1,1,0.9780977810865789
27291,0,1,0.8711156353967464
75925,1,1,0.9856746977737025
71163,1,1,0.9670651721248662
39191,1,1,0.97851968137969
52832,0,1,0.9767797604918599
64741,1,1,0.8922268920178648
96568,1,1,0.9897863559232575
12634,1,1,0.9679798154456778
107710,1,1,0.9757203057069963
38478,1,1,0.9834537593858418
74318,1,1,0.9679833645501299
14753,1,1,0.9824746979573946
2051,1,1,0.7960690587432663
10192,1,1,0.9604465128974182
74467,0,1,0.9086139651643538
9203,1,1,0.8269742437212022
102511,1,1,0.9860108399422276
35881,1,1,0.9703567258460493
93834,1,1,0.9553621631366445
49652,1,1,0.9829861490743458
84517,1,1,0.908319721802014
37354,1,1,0.9687747058278775
78975,0,1,0.9774516087326409
16460,1,1,0.9881114133844088
13127,1,1,0.9816439832440491
29497,0,1,0.9158012899499186
102717,1,1,0.9216609810059002
69933,1,1,0.9278210694688172
107771,1,1,0.9899121898536343
45811,1,1,0.9490978327273516
85933,1,1,0.9358866711014583
75014,1,1,0.9861405993737465
83098,1,1,0.9325856638566041
69639,1,1,0.9015664867413287
43042,1,1,0.9878993309987877
110262,1,1,0.9722128721529564
89387,1,1,0.9732684114394098
15359,1,1,0.9658419493694743
99399,1,1,0.9625570413360659
106043,1,1,0.6950858505503527
19190,1,1,0.9776782041947025
93243,1,1,0.9766860346008162
28237,1,1,0.9267887554001233
62606,1,1,0.9590336575797118
19600,1,1,0.9767104234242828
103444,1,1,0.9866272004729091
44250,1,1,0.9676032143817611
38665,1,1,0.9781058037629027
76290,1,1,0.9034750603718934
62189,1,1,0.8526090828819306
47077,1,1,0.9720113543926823
108409,1,1,0.9220544069953421
30990,1,1,0.9042944792795459
94199,1,1,0.9927780148644515
19405,1,1,0.9039029479936773
68639,1,1,0.9873153918267089
21938,1,1,0.9893536155988443
54898,1,1,0.9624530988553868
26452,1,1,0.932547671755038
92464,1,1,0.9805946957316564
76926,1,1,0.7836264316820967
41171,1,1,0.9627211497977778
33681,1,1,0.9602506840988925
15733,1,1,0.9358486752114428
15460,1,1,0.9822712863107343
22290,1,1,0.952146346032494
91510,1,1,0.9514648433606955
57838,1,1,0.9517251267964192
77690,1,1,0.9758754294315785
18428,1,1,0.9825615745347847
23233,1,1,0.9810953388139756
46750,1,1,0.9745098910983582
24471,1,1,0.9611188138552693
81580,1,1,0.9733708581852505
68932,1,1,0.9871580830001498
52350,1,1,0.9804778341011529
55749,1,1,0.990345550144413
72787,1,1,0.9852610209334275
81569,1,1,0.9594629677465363
10230,1,1,0.9868583312515333
101949,1,1,0.8967424990802786
79206,1,1,0.9695068358432988
21662,1,1,0.9784645497646701
99291,1,1,0.9680235251053119
93431,1,1,0.9846804241499032
73275,1,1,0.966602237610388
21412,1,1,0.971687264773294
53744,1,1,0.950234008610033
108175,1,1,0.9806528806865444
28099,1,1,0.9814981289148865
95395,1,1,0.9669081919535266
41664,1,1,0.975196250944399
109856,0,1,0.8972880831972045
19546,1,1,0.9525033399203064
2029,1,1,0.9339474618201311
90510,1,1,0.9726484202758172
52325,1,1,0.9797009917317892
62256,1,1,0.9789694964390956
38093,1,1,0.9190605373143622
20051,1,1,0.9728152759137114
47579,1,1,0.9673494227540038
100306,1,1,0.886025076971701
9588,1,1,0.9350499332840193
21166,1,1,0.9779546521268937
54399,1,1,0.933727096451461
51325,1,1,0.9840046513571294
27557,0,1,0.8936283870439512
68391,1,1,0.9877797299518849
38216,1,1,0.9909049048627994
88666,1,1,0.9137381588297324
55043,1,1,0.9821089800953353
32120,1,1,0.9880352840374523
61665,1,1,0.9853605525723901
40647,1,1,0.9815867979910348
33838,1,1,0.9174285955928161
761,1,1,0.9507898582662172
50188,1,1,0.9807969313556236
92606,1,1,0.8001355417223435
61459,1,1,0.9715583691538751
31523,1,1,0.9812641398649767
6886,1,1,0.6772816413124537
111823,1,1,0.9889899563918348
38737,1,1,0.9856510028785018
44164,1,1,0.7511693366881703
48116,1,1,0.9823702841884548
68921,1,1,0.9556153610753667
112916,1,1,0.9285239977172631
89085,1,1,0.9831689519357472
84347,1,1,0.9563758949245221
38732,1,1,0.9824388003442739
105623,1,1,0.9774935450547177
76450,1,1,0.9236573457113056
62183,1,1,0.8112250095574888
16216,0,1,0.9581312144769821
24695,1,1,0.9160312643748975
85465,1,1,0.9381841334925394
57006,1,1,0.9838070388050516
31276,1,1,0.985710409362371
2285,1,1,0.9727306377856126
55147,1,1,0.9847126844043161
14632,1,1,0.9653953165335818
26078,1,1,0.9813523837305562
88909,1,1,0.9658030190583058
67429,1,1,0.9739835761562196
32750,1,1,0.9668351307529917
29854,1,1,0.967578778723183
26051,1,1,0.9671983550587423
63988,1,1,0.967024913805134
113022,1,1,0.9837784207219952
37124,1,1,0.9393403029397163
43606,1,1,0.9207657193989005
76650,1,1,0.9742427880663751
60911,1,1,0.8943757676755701
103615,1,1,0.9724379917058529
58014,1,1,0.9783008457439968
113209,1,1,0.9343363162144788
45928,1,1,0.9865105928559113
13606,1,1,0.9897363804516294
97725,1,1,0.9709034933967606
67657,1,1,0.9882132963268835
97450,1,1,0.9039791701080804
75625,1,1,0.6730107956765654
100579,1,1,0.9787693608545948
57176,1,1,0.9446863944010709
74093,1,1,0.9512330564214482
79283,1,1,0.9879857886233318
45687,1,1,0.978796493843366
47586,1,1,0.9880849834094083
44435,1,1,0.9733771814141147
7726,1,1,0.9862373325040182
33087,1,1,0.9892173940960292
24850,1,1,0.974977083472369
42381,1,1,0.9700505437482922
34607,1,1,0.9780811101817837
40499,1,1,0.8933868184968949
92496,1,1,0.9846245562745529
102084,1,1,0.9423676426224434
28206,1,1,0.9232858856715529
39835,1,1,0.9755644621226035
107743,1,1,0.978576868077778
110894,1,1,0.9615692829122529
92509,1,1,0.9889917508676606
94060,1,1,0.8995422424507874
20172,1,1,0.9711406481142065
92444,1,1,0.9848494769665459
95891,1,1,0.9752089532050552
20812,1,1,0.9433203654435683
66954,1,1,0.9353083475630247
6119,1,1,0.8874959581773704
96320,1,1,0.9348158235398448
109054,1,1,0.990961924164446
20568,1,1,0.9815615412981761
1185,1,1,0.9843498886778858
65358,1,1,0.9800319596813345
7038,1,1,0.6093429353285528
108922,1,1,0.977202998445985
38606,1,1,0.97191983903915
81806,1,1,0.983234199787719
82158,1,1,0.9377904206543165
95711,1,1,0.971258972676714
70838,1,1,0.9805919382202487
14844,1,1,0.899364895039128
44447,1,1,0.6769671659591979
32268,1,1,0.9504583138522192
79707,1,1,0.9788523739877975
94079,1,1,0.949790837454015
31384,0,1,0.9732591248792463
59778,1,1,0.9508729708932719
7884,1,1,0.9606546875966374
90426,1,1,0.9589192595753362
51499,1,1,0.9814382324663432
34921,1,1,0.932275273929339
26058,0,1,0.9029523295983204
12786,1,1,0.9887367445285659
68260,1,1,0.9774858028086659
44120,1,1,0.958115134859366
19826,1,1,0.9874662259079067
21271,1,1,0.9572624632024993
34381,1,1,0.7446983988102059
97243,1,1,0.9822985349199935
70092,1,1,0.9848092285934503
72350,1,1,0.9221122971958515
12272,1,1,0.9779108880717514
69678,1,1,0.946585568440867
85676,1,1,0.9701090217545627
72773,1,1,0.975641259197533
60998,1,1,0.9882298491153727
45421,1,1,0.9896454226574474
71221,1,1,0.9768921333777805
18770,1,1,0.9835130844273845
97938,1,1,0.9788417029432983
22636,1,1,0.9827811205092054
25187,1,1,0.978859956455414
65854,1,1,0.9809242138232217
71329,1,1,0.967384979953795
44137,0,0,0.0063519394783076
33071,1,1,0.9150329120759912
1218,1,1,0.9405707200369687
30877,1,1,0.9769390860391459
76010,1,1,0.9795548499279735
17074,1,1,0.9664749737339882
821,1,1,0.9845451657859281
89070,0,1,0.9303970196361038
25119,1,1,0.9664063039288797
31057,1,1,0.9885571662071782
39449,1,1,0.9803036618248147
44417,1,1,0.9612859151750749
79293,1,1,0.9791959388527645
32849,1,1,0.864101291889345
57830,1,1,0.8973015583036553
72142,1,1,0.9181233684681976
25684,1,1,0.8682560747242899
48951,1,1,0.9813308803350251
57958,1,1,0.991459011495466
21269,1,1,0.9752559719834649
101374,1,1,0.9747147406022132
111406,1,1,0.9542223071368
9765,1,1,0.9842494358883285
3358,1,1,0.9031866176186772
6969,1,1,0.9588531080636619
39644,1,1,0.9745658703767346
58823,1,1,0.9680607417379655
75676,1,1,0.9090017961552218
30365,1,1,0.988215478077018
17399,1,1,0.9707849113400386
40056,1,1,0.9838595366665619
46232,1,1,0.9826329390968132
10306,1,1,0.9816746022653231
112032,1,1,0.8737438564677492
75352,0,1,0.9482975511495773
47474,1,1,0.9395769431092752
15894,1,1,0.9819678551381605
75460,1,1,0.9516198451703981
113641,1,1,0.9833329631482105
68914,1,1,0.9650482007591906
14284,1,1,0.9838450281507859
3339,1,1,0.9636788755574796
7305,1,1,0.9410225237799387
58023,1,1,0.9810953433324265
85316,1,1,0.9719272131955669
31414,0,1,0.9240821395658945
66512,1,1,0.98721360256344
112079,1,1,0.9766349576164214
25385,1,1,0.9282691865965822
44812,1,1,0.9145604612206398
75362,1,1,0.9521219217279302
89240,1,1,0.9679616937386948
77937,1,1,0.8850970601564352
73324,1,1,0.9176249302821637
77386,1,1,0.9755040357651245
111012,1,1,0.8453662427846919
15779,1,1,0.9809709490946971
39343,1,1,0.8637117614114836
39820,1,1,0.9795368251621033
8864,1,1,0.7016517826621779
57821,1,1,0.9764917240226595
51064,1,1,0.9928198987312447
105411,0,1,0.9785464449339563
6400,1,1,0.9072575983387183
38746,1,1,0.9706487444273668
98545,1,1,0.987868783982217
48141,1,1,0.9679891910543648
18461,1,1,0.8859848754903186
28494,1,1,0.9866148152892675
49292,1,1,0.9643313632396997
15722,1,1,0.9731356595052365
88613,1,1,0.9729470113191317
55557,1,1,0.7137220854203336
92985,1,1,0.971612067723869
56174,1,1,0.9872084236569808
49288,1,1,0.9378261444054118
69802,1,1,0.9093974409074266
28026,1,1,0.9630950303370619
46225,1,1,0.974887429952041
109675,1,1,0.9642933742337246
84571,1,1,0.9395056732421275
37361,1,1,0.9827895697599351
102553,1,1,0.9342595827379003
96080,1,1,0.9808321077344401
48997,1,1,0.9065950444579607
8952,1,1,0.9658899662419341
69201,0,1,0.8697227960716887
57063,1,1,0.9716036835538496
50093,1,1,0.9771888001359744
72067,0,1,0.7624972495551813
61962,1,1,0.9727957860511446
5278,1,1,0.9793520984882397
111573,1,1,0.964499236242651
36557,1,1,0.9838953966972872
15570,1,1,0.8948610614841034
96195,1,1,0.9482434662139191
44351,1,1,0.957978775386098
55714,1,1,0.9859095542213159
85778,1,1,0.8539287229511041
86305,1,1,0.9701982245733908
91295,1,1,0.9132044687161264
64438,1,1,0.9729369915704285
9900,1,1,0.9725877344653018
25862,1,1,0.9747495123798691
104217,1,1,0.9832409285229747
15096,1,1,0.9574589652213705
65083,1,1,0.9645229191801237
38964,1,1,0.9834290235170112
17068,1,1,0.9877868932727069
61930,1,1,0.9397314634219531
71661,1,1,0.9117150980376052
31638,1,1,0.9823926066563391
63261,1,1,0.9258457539603447
34725,0,1,0.847395364219722
25020,1,1,0.7901742981180405
23628,1,1,0.9337407814688131
78612,1,1,0.9580851893430831
82686,1,1,0.9566589957806118
102961,1,1,0.971532325532221
81320,1,1,0.9376309304916978
12884,1,1,0.9620423545423955
22878,1,1,0.9798026908429296
66614,1,1,0.9823774286713525
56819,1,1,0.5935686888283235
94298,1,1,0.9908351558977075
16952,1,1,0.981341008048784
66125,1,1,0.9717475695005976
81032,1,1,0.9160933082977425
35978,1,1,0.9797917211984614
37148,1,1,0.983632306818918
75864,1,1,0.9703881407391453
84827,1,1,0.9748388217456684
52610,1,1,0.9062732289559099
70937,1,1,0.9783984002450953
42767,1,1,0.9700929521514311
64673,1,1,0.9805653121545107
43383,1,1,0.9578496099883059
51372,0,1,0.7282097240630488
79729,1,1,0.9233749480872019
53203,1,1,0.9826623128980072
111849,1,1,0.9861362030378207
80800,1,1,0.9783875119516298
30457,1,1,0.9232783413153061
73879,1,1,0.9368098890021325
37428,1,1,0.9618027289355592
50944,1,1,0.9777401385262048
99231,1,1,0.9765603228384887
47409,1,1,0.9834873010434875
17173,1,1,0.9429549253245395
15959,1,1,0.9643668665389221
72642,1,1,0.9720369713612308
74469,1,1,0.9265820403212868
15322,1,1,0.9605463689484257
45927,1,1,0.800551540695264
102642,1,1,0.970034576139063
27125,1,1,0.9822885687354682
100887,1,1,0.9858393965003013
45049,1,1,0.8848047496678321
27833,1,1,0.9849415934694571
27527,1,1,0.9780890601904317
30411,1,1,0.9825596495225828
100684,1,1,0.983914551901998
73044,1,1,0.9856871331952844
75371,1,1,0.9800289890679693
103598,1,1,0.9851873765776445
92644,1,1,0.940138580018716
60593,1,1,0.9440802466843512
93041,1,1,0.8791171983798233
104893,1,1,0.9839794516247926
53816,1,1,0.9879995546781458
68969,0,1,0.9044907683070328
62234,1,1,0.9288536437196571
61126,1,1,0.9584139493183136
31613,1,1,0.875503738744117
36351,1,1,0.9807293629313198
7504,1,1,0.979090459708453
3127,1,1,0.9669891612967373
64125,1,1,0.8858530134980945
16036,1,1,0.9399941132182124
67735,1,1,0.8262251592636995
55696,0,1,0.9190130663366731
95957,1,1,0.9772288637736735
663,1,1,0.9592353433367173
15785,1,1,0.9526217466777611
7323,1,1,0.818883017130626
30068,1,1,0.9665156594637142
21456,0,0,0.011962698813924626
25251,1,1,0.9687672695149478
77323,1,1,0.8958938232917741
32357,1,1,0.9880905743114504
67280,1,1,0.7473775844035663
55036,1,1,0.9542174596884329
48663,1,1,0.9807892193747417
103614,1,1,0.9253702932736183
15091,0,1,0.8217166982250272
98918,1,1,0.9698539644697868
60753,1,1,0.8781583302247817
72320,1,1,0.9810348779598632
28925,1,1,0.9749885032183132
15236,1,1,0.9687191635911576
45582,1,1,0.9836679278652057
45102,1,1,0.9803461828992204
101889,0,1,0.9746754187467902
72144,1,1,0.900054552902303
61668,1,1,0.9833747363239989
30140,1,1,0.9627265934810411
49109,1,1,0.9645979242809171
44545,1,1,0.9283091106582559
2255,1,1,0.9232028070759912
113870,1,1,0.9755877242175787
55751,1,1,0.9368844575240474
74265,1,1,0.9199945278268794
90172,1,1,0.9851806094821828
63458,1,1,0.9661940995329878
46210,1,1,0.9129733124136826
24014,1,1,0.9468039476701636
45834,1,1,0.9365633041079805
68057,1,1,0.9783991707422428
19947,1,1,0.9705585210612657
21074,1,1,0.96890229488071
106797,1,1,0.9887900412433797
88517,0,1,0.8082234476715703
111592,1,1,0.9801792970879564
32952,1,1,0.9650596420410352
30274,1,1,0.9517198875202318
92034,1,1,0.9779174404832681
65665,1,1,0.9784207332295011
69932,1,1,0.9818963442248392
99156,1,1,0.9177464408452053
103020,1,1,0.944650324774073
5036,1,1,0.9789719712445404
57021,1,1,0.9831621946300441
43990,1,1,0.9751435480934517
39296,1,1,0.9858714133726334
90155,1,1,0.9432712475077789
22937,1,1,0.9712687398541625
95131,1,1,0.9707000590161847
87310,1,1,0.9110631335969883
76246,0,1,0.8747255713532666
33832,1,1,0.9719874380705946
63287,1,1,0.9748927288265208
113615,1,1,0.9838581495177819
12525,1,1,0.9701246278675056
106889,1,1,0.9860034765269171
51953,1,1,0.9781687627714111
36570,1,1,0.9904140189733
13694,1,1,0.9823134806190721
104876,1,1,0.9816816214065283
2897,1,1,0.9751099800987958
41971,1,1,0.97282317740169
84395,1,1,0.9654670375758475
38579,1,1,0.8592736279368476
60821,1,1,0.8645076178305646
16943,1,1,0.957939383767651
91618,1,1,0.9882142462740742
61971,1,1,0.9232854283268808
18042,1,1,0.9624803362609943
79121,1,1,0.9846374235241142
60399,1,1,0.9758153106060972
46331,1,1,0.8936453314084366
71964,1,1,0.9719399208658218
59209,1,1,0.9783923417916727
107986,1,0,0.48756794506866885
93742,1,1,0.9835930472424507
43355,1,1,0.983609576161135
110627,1,1,0.909910737974499
74536,1,1,0.9889027094069396
77139,0,1,0.8631247334735652
5996,1,1,0.971295366302984
72022,1,1,0.8794926906080303
93119,1,1,0.9251438199437281
25103,1,1,0.9871734707900756
7757,1,1,0.6971932857300525
113147,1,1,0.8807311793250509
62779,1,1,0.9839364081512975
79731,1,1,0.9526786665920373
98353,1,1,0.975986407446313
62890,1,1,0.979300047196358
4215,1,1,0.9451636270858353
69588,1,1,0.9486054816468485
80544,1,1,0.9772560701094969
10604,1,1,0.8686871301569673
20324,1,1,0.9298670449532708
3778,1,1,0.953237736550507
44323,1,1,0.9093892971715604
36099,1,1,0.9893023404623827
86577,1,1,0.9804534216710958
68761,1,1,0.9605280430090019
112047,1,1,0.9631862098406048
23520,1,1,0.9816908892110435
89946,1,1,0.9716183364003357
7533,1,1,0.9122653162841157
59401,1,1,0.984593693295998
12841,1,1,0.9786587742069783
681,1,1,0.9612110935965054
3518,1,1,0.858241301587923
32922,1,1,0.9760207674084929
67793,1,1,0.9838453008080658
99661,1,1,0.9709522305576758
41234,1,1,0.983940458855707
105171,1,1,0.990704784325492
23008,1,1,0.702399733426698
55806,1,1,0.9622834349567132
45092,1,1,0.9035672509684202
68210,1,1,0.978855725722909
67942,1,1,0.9913068813666149
100362,1,1,0.9815970468112475
79785,1,1,0.9898379395596555
39399,1,1,0.9712717935260857
39719,1,1,0.9420831117728174
18667,1,1,0.9676823237240315
85204,1,1,0.8722307819119418
31802,1,1,0.8954557801660638
30057,1,1,0.9849475870571303
16348,1,1,0.9887259188482781
17967,1,1,0.9072286175297278
8661,1,1,0.902291641031057
110172,1,1,0.9754552843204485
60319,1,1,0.9820134456584381
66797,1,1,0.9757490814793651
14046,1,1,0.9744794758315918
42671,1,1,0.9628053282269727
7433,1,1,0.8642090778383444
86269,0,1,0.9806683945316567
80975,1,1,0.9796630967902872
89178,0,0,0.0986000005250339
65102,1,1,0.9799838819110244
16029,1,1,0.8732118363334641
92014,1,1,0.9901652255770436
53519,1,1,0.8872068780371855
61449,1,1,0.985130058935464
66675,1,1,0.9654369946659832
52756,1,1,0.9666949869137116
36563,1,1,0.9630461559804779
76208,1,1,0.8388284028087192
89581,1,1,0.9767255462005968
100716,1,1,0.7972221023326581
30642,1,1,0.9668601828685821
111476,1,1,0.9695024050184801
112567,1,1,0.9482394938666642
95522,1,1,0.9202017625537486
80346,1,1,0.8953631951383278
88589,1,1,0.9788520335941623
32571,1,1,0.9745658317014374
14074,1,1,0.9157820554225422
39328,1,1,0.9789357775972286
80150,0,0,0.34313009691758356
54847,1,1,0.9703239507736177
31619,1,1,0.9037500285522333
88946,1,1,0.9333760622462143
89344,1,1,0.9868820621672122
86662,1,1,0.9429005298351083
93725,1,1,0.9830331425065353
12186,1,1,0.9798309945303422
25402,1,1,0.9781077746036784
24163,1,1,0.9207049654701415
35406,1,1,0.9825969988874124
63602,1,1,0.9900857244622724
110725,1,1,0.8966311276272847
27497,1,1,0.9620312213944439
68193,1,1,0.9694433475860267
112326,0,1,0.9127701977818017
48215,0,1,0.8134433125304138
89963,1,1,0.9793089147734477
33276,1,1,0.9455260689141369
3150,1,1,0.9221740137379881
86697,1,1,0.9785464018914538
33445,1,1,0.9767281762672592
32912,1,1,0.96328292272005
77515,1,1,0.9158783805935726
34740,1,1,0.9864603227476929
59293,1,1,0.9825612413735928
48123,1,1,0.8978577699144553
58042,0,1,0.8412398230220323
61207,1,1,0.9823885157238065
94816,1,1,0.9755158728877886
23623,1,1,0.9759317058469023
4973,1,1,0.7881366745479074
68657,1,1,0.9735532651078781
57084,1,1,0.9768165886019949
92711,1,1,0.9260548305508038
110901,1,1,0.7957832049601383
91523,1,1,0.9909259669292465
91201,1,1,0.9711456075741146
97920,1,1,0.9755980802517922
24890,1,1,0.9749256982946577
90030,1,1,0.970943045012874
47620,1,1,0.9738761837722143
105657,1,1,0.9705814576399254
108325,1,1,0.9707729805943786
71050,1,1,0.9685418836908027
105777,1,1,0.9383717941544727
3286,1,1,0.9815008674408953
67259,1,1,0.9728070932155917
24293,1,1,0.9394075160808388
67768,1,1,0.963739193281193
7458,1,1,0.9903531913672657
51120,1,1,0.9861871156705094
92886,1,1,0.9393515208657216
4043,0,1,0.8014020342718783
55810,1,1,0.9520826180733402
65736,1,1,0.9826236381321369
110012,1,1,0.9827219575398367
89297,1,1,0.9871384757763007
76009,1,1,0.8858734227644107
112951,1,1,0.8829187031975917
26368,1,1,0.981684611732049
80421,1,1,0.980783367787988
2634,1,1,0.9857724057662824
22098,1,1,0.9813976186077212
103026,1,1,0.9081497255690684
28647,1,1,0.9866971461085873
52477,1,1,0.9547120059254325
70428,0,1,0.8689290864822754
245,1,1,0.6977423908643696
57098,0,1,0.9767676287439462
64962,1,1,0.9631635787308738
7483,1,1,0.895869896291443
27824,1,1,0.9583755362298506
80114,1,1,0.979649808647928
69925,1,1,0.9647257662703596
21941,1,1,0.9799962490040693
30297,1,1,0.9844297439586486
60019,1,1,0.9819737059337437
4124,1,1,0.9586285050854102
78720,1,1,0.9542146961382796
38529,1,1,0.754019225060738
46347,0,1,0.8872141815017699
16070,1,1,0.9780950414134532
12137,1,1,0.9605184544885788
27601,1,1,0.9708368752481628
33446,1,1,0.9769487622451217
24321,1,1,0.9869686332965697
62185,1,1,0.9297873502625273
39974,1,1,0.9602018479387017
28066,1,1,0.9456188952472757
111134,0,1,0.743957600256605
69792,1,1,0.8480650685363263
50621,1,1,0.8976683804086835
30905,1,1,0.9811286108870487
13401,1,1,0.775684421338141
66387,1,1,0.8546961267177288
21313,1,1,0.9815516090939117
54851,1,1,0.9716734393099729
12938,1,1,0.9791093262675592
108216,1,1,0.9194783404340453
74773,1,1,0.986055291620986
15552,1,1,0.9894006715937281
46730,1,1,0.9840506890404372
105342,1,1,0.9590236954345156
81181,1,1,0.9747365803276296
16738,1,1,0.8869084362281499
54270,1,1,0.7679615961659157
87133,1,1,0.9414261914853258
80086,1,1,0.9393772803069712
71596,1,1,0.9727437552178227
33612,1,1,0.9804296566645326
91410,1,1,0.8215778610283726
25431,1,1,0.9634252621580965
11757,1,1,0.9705830405368173
9167,1,1,0.973321268363568
36431,1,1,0.9695924764670608
88074,1,1,0.9586242697777941
52337,1,1,0.9847112712677281
47485,1,1,0.981582234712191
50912,1,1,0.9885328920280663
79647,1,1,0.9699793098070015
7494,1,1,0.9511055311383362
103524,1,1,0.8826964253457961
57377,1,1,0.9762063604755924
21402,1,1,0.8606657785934397
110824,0,1,0.8963640274030092
56005,1,1,0.9751212483219607
73744,1,1,0.9772680187601703
1946,1,1,0.9791819430602224
92558,1,1,0.97561179156909
107158,1,1,0.9760121150234821
80528,1,1,0.9594566588229233
73185,1,1,0.9857253719823494
30544,1,1,0.9858602854503791
85413,1,1,0.9786636502916944
5158,1,1,0.9890909022725174
69524,1,1,0.9759533502602276
46649,1,1,0.9822847303033805
15218,1,1,0.9724308314577639
44941,1,1,0.9552979088522574
98859,1,1,0.9765211267938859
74717,1,1,0.9547181656780986
28144,1,1,0.9857288819167573
24120,1,1,0.9708906727991871
43140,1,1,0.9879615549477386
21283,1,1,0.8073649104075699
23560,1,1,0.9323132907210926
55648,1,0,0.48195515239205206
50905,1,1,0.9783579952134747
92550,1,1,0.9686217762433188
56154,1,1,0.959875656934487
42437,1,1,0.9424235481333088
112344,1,1,0.9874502830888336
93006,1,1,0.9815897935039041
40910,1,1,0.9646174051461024
105859,1,1,0.9404117388426289
6047,1,1,0.9874659144242929
1655,1,1,0.5820496293504894
46108,1,1,0.9684427062996723
65617,1,1,0.8555907458830604
62895,0,0,0.4350418698036583
80403,1,1,0.5671819194654375
105654,1,1,0.9549802828707248
73801,1,1,0.9849197085275764
109510,1,1,0.9713045023326865
7347,1,1,0.9486252228888472
12156,1,1,0.8808484622624312
86797,1,1,0.9920164912313041
20162,1,1,0.9626387890069441
69353,1,1,0.9616659156878835
80225,1,1,0.9886758677952892
95863,1,1,0.9548635969939626
54548,1,1,0.9650199181080771
37045,1,1,0.9838866554079372
108475,1,1,0.9863254340997857
75686,1,1,0.7659512871231967
111101,1,1,0.9880097846455853
52083,1,1,0.9834647619797108
7394,1,1,0.7718690852670443
58130,1,1,0.889504514003446
9734,1,1,0.9687203249559765
4487,1,1,0.9003692856234856
24442,1,1,0.9754001702682972
98153,0,1,0.5191848977055857
14053,1,1,0.9870305359209874
81066,1,1,0.9846872314017594
35041,1,1,0.9603917797108892
39293,1,1,0.9747629770378391
98475,1,1,0.9851367202296262
85469,1,1,0.9814540647679173
25147,1,1,0.9748516092580688
27120,1,1,0.9831343295885236
12052,1,1,0.9828877862894981
113453,1,1,0.9851529489108611
77391,1,1,0.94310024808342
27214,1,1,0.9677984071927794
53774,1,1,0.975904118297819
27137,1,1,0.9183332733906457
88751,1,1,0.9774376178032729
64786,1,1,0.9699243161155024
83202,1,1,0.9756808268544676
84846,1,1,0.9870082611538876
4306,1,1,0.9738897667787761
56497,1,1,0.9774412871471375
110959,1,1,0.9821039503235295
75916,1,1,0.9475678082805419
10962,1,1,0.9719501662664004
77017,1,1,0.9313091052625672
113913,1,1,0.9357347832523094
58995,1,1,0.9107791994466561
95958,1,1,0.7774011344954018
3,1,1,0.9320189378244746
44184,1,1,0.9783930321581321
12256,1,1,0.9423717759231545
102225,1,1,0.9857564153010703
88068,1,1,0.9850307300671148
44621,1,1,0.9206057958749005
38844,1,1,0.8726222961179846
67788,1,1,0.9716585095024571
45814,1,1,0.9124545881206267
35954,1,1,0.8797095829359656
99893,1,1,0.9538787828862882
106798,1,1,0.8514965242611314
27458,1,1,0.9696030208204962
102623,1,1,0.9729097004470847
100265,1,1,0.9774632721047041
96113,1,1,0.9073954807396607
1772,1,1,0.9856523878863985
8992,1,1,0.985823225031156
75942,1,1,0.9868466829978283
59668,1,1,0.9627181268663245
83001,1,1,0.926696178354253
79514,0,1,0.9787415182803059
31146,1,1,0.9787612928196096
62637,1,1,0.9676729198585994
64460,1,1,0.9710178179236733
25968,1,1,0.8736951651749453
48200,1,1,0.9901269344262545
79943,1,1,0.9906527769449858
89092,1,1,0.9611478671608378
97357,1,1,0.9891150543463404
72752,1,1,0.9912670650952264
53263,1,1,0.9408888570919555
44310,1,1,0.9870578365939221
23710,1,1,0.98565603203175
94119,1,1,0.9827164707108107
64318,1,1,0.9591343289266092
10929,0,1,0.7251718899814228
3098,1,1,0.9828036880627294
89987,1,1,0.9800024353217581
20093,1,1,0.913298323267578
20000,1,1,0.9542185456954059
105215,1,1,0.980702759163735
104919,1,1,0.9811388225964968
103374,1,1,0.9874978683654576
103640,0,0,0.1971422309673694
74404,1,1,0.980541180290914
76218,1,1,0.9720276327604049
77716,1,1,0.9878806436195652
18528,1,1,0.982575846810451
69801,1,1,0.9862900075345938
112408,1,1,0.937416922867066
64111,1,1,0.9818604584859796
80316,1,1,0.969612275323784
98427,1,1,0.8787281140708268
84828,1,1,0.9798071941260624
93342,1,1,0.9837624135704746
3172,1,1,0.957954029560736
46465,1,1,0.9547078067620501
20257,1,1,0.963780353817392
40683,1,1,0.9579034875436916
104693,1,1,0.9772486197490683
56696,1,1,0.9457962345746949
35107,1,1,0.8739347243836482
95780,1,1,0.9386800107253668
22896,1,1,0.9781339033534248
52802,1,1,0.9706335171452886
3200,1,1,0.9743671517724418
73762,1,1,0.9847657462043403
46198,1,1,0.9776533698311352
40576,1,1,0.9873550978710229
26253,1,1,0.9856897214664538
89222,1,1,0.9777158604695051
16973,1,1,0.9300123266736566
88440,1,1,0.9786275412114442
3948,1,1,0.9758408592649991
96207,1,1,0.9881072422952435
50842,1,1,0.9651020172784012
60523,1,1,0.9360633011513579
20121,1,1,0.963756588123418
110620,1,1,0.9362209329780165
106763,1,1,0.9718228745221628
72964,1,1,0.9743905750581515
108883,1,1,0.9844692231861011
30600,1,1,0.964350585243925
81200,1,1,0.9082608493478377
113380,1,1,0.9907735861065725
66316,1,1,0.9749204407723832
65730,1,1,0.9445379391697696
20710,0,1,0.7108871311045267
13723,1,1,0.9818474965152932
111061,1,1,0.9672403982451697
102566,1,1,0.9860784969814298
4380,1,1,0.9568645782000718
97799,0,1,0.8691491622320976
45790,1,1,0.8164078782350412
43749,1,1,0.9756452513582764
24852,1,1,0.9747178999589768
69458,1,1,0.9835941475126176
12200,1,1,0.9776273314803304
20807,1,1,0.9824572319184458
91506,1,1,0.9861808759628327
103539,1,1,0.9884695388159888
90563,1,1,0.9887954334091138
30923,1,1,0.9419114860844238
73860,1,1,0.9728570360563004
91946,1,1,0.6988368080255402
84343,1,1,0.9779836022337509
31437,1,1,0.8919782269552602
109181,1,1,0.9591399860747305
32176,1,1,0.8585478467766015
69276,1,1,0.9747580857635181
83271,1,1,0.9675018691663406
110275,1,1,0.98656291916893
34722,1,1,0.9754882216083925
74995,1,1,0.9830982635585475
99359,1,1,0.983065609175809
19368,1,1,0.9609231961524158
7412,1,1,0.9927029139730122
39815,1,1,0.9837835762482551
5790,1,1,0.9246883645726427
4514,1,1,0.9733046266802947
94906,1,1,0.9637446081093523
28959,1,1,0.9169051978363765
16982,1,1,0.9870340631235358
31614,1,1,0.9599210470153039
8910,1,1,0.9498471213502557
8095,1,1,0.9645014100940476
80007,1,1,0.9710800966170493
85190,1,1,0.9688263266542405
1951,1,1,0.9090258468449965
88,1,1,0.9867888794083959
22458,1,1,0.9376183517933004
57704,1,1,0.9733736488316833
62539,1,1,0.9857906255804221
67881,1,1,0.7228258322672202
91795,1,1,0.9777397971457534
8862,1,1,0.9816241627569045
51230,1,1,0.9734875121903186
8623,1,1,0.9911348002886227
23337,1,1,0.9796664297733868
26157,1,1,0.9626337219512467
69891,1,1,0.9573524043669498
103830,1,1,0.9667969676088165
51108,1,1,0.9754746627177009
19480,1,1,0.9811420485171095
93837,1,1,0.9836952195666953
45642,1,1,0.9869198571554694
91679,1,1,0.9726555838111685
77735,1,1,0.978392440414168
6586,1,1,0.8406093405348484
17347,1,1,0.9775937720705202
61361,1,1,0.8343704629892955
78933,1,1,0.968381869054036
113186,1,1,0.9839378428851426
62946,1,1,0.9805969012449669
52441,1,1,0.9860940817749813
73141,1,1,0.9795540779919911
90209,0,1,0.5349996868315692
89890,1,1,0.9842927567383349
20734,1,0,0.3827841491509056
46928,1,1,0.7128005883526363
106280,1,1,0.9791281059455392
21716,1,1,0.952284807107352
49610,1,1,0.9787697013951494
61406,1,1,0.9891070028195079
98272,1,1,0.9773291299581149
88425,1,1,0.9865890493145564
57679,1,1,0.9781292650419053
83562,1,1,0.975706574954286
51832,1,1,0.9745381891705237
19588,1,1,0.9412355581797724
107462,1,1,0.9714459353491294
16850,1,1,0.9460643062155085
18311,0,1,0.9871588644711341
33242,1,1,0.9770077764556756
105505,1,1,0.9443179475499132
10863,1,1,0.9733883789828444
81878,1,1,0.9746363590950687
26084,1,1,0.9666480406015288
44161,1,1,0.9764864295099013
74540,1,1,0.9593568054232866
72808,1,1,0.9637714040733807
41746,1,1,0.819965246529282
73460,0,1,0.8373862423335819
43902,1,1,0.9837639002029045
91040,1,1,0.9553063431321392
45374,1,1,0.8824346126513641
24114,1,1,0.9464177840582221
58541,1,1,0.9701287335477365
75694,1,1,0.9818461213485394
101804,1,1,0.9330642084935468
10383,1,1,0.9788256382904779
88414,1,1,0.9606298652452604
64968,1,1,0.7972013340351493
47918,1,1,0.9810408408182406
94867,1,1,0.9890959325816103
49284,1,1,0.9805978290231397
98967,1,1,0.9833390633524748
30456,1,1,0.9099367192866807
80231,1,1,0.9855043649819129
31528,0,1,0.5387626643101248
12443,1,1,0.9521044150780299
94120,1,1,0.9858952191739483
89611,1,1,0.940770863216462
105662,1,1,0.9855404340598987
36717,1,1,0.9847006265917336
23924,1,1,0.9532981363411798
63145,1,1,0.9891774155396378
63849,1,1,0.9151565868260921
27532,1,1,0.9683650728144079
51446,1,1,0.9888450125856733
90061,1,1,0.9786564338217625
16239,1,1,0.8906117226704198
21864,1,1,0.977048466946343
88375,1,1,0.9749043828310919
46966,1,1,0.8744971155235296
38742,1,1,0.9778190105976804
45122,1,1,0.9825674490354309
20043,1,1,0.956157512853079
53108,1,1,0.9767254199480109
42289,1,1,0.9883406020233458
9205,1,1,0.9699814387131773
53224,1,1,0.979395423375724
9057,1,1,0.8801240292781882
13989,1,1,0.9801548753237441
111829,1,1,0.9556699147594182
84408,1,1,0.9712668289682933
40200,1,1,0.9841046553728021
56823,1,1,0.9845426437485698
18385,1,1,0.9860899840222753
22309,1,1,0.9583139376575817
59914,0,1,0.8272525623569245
63246,1,1,0.9919161659857911
73769,1,1,0.9515515444870564
2070,1,1,0.9868585339173628
30388,1,1,0.9818399890261079
94866,1,1,0.8366876696441155
64121,0,1,0.8009902427624118
103494,1,1,0.9827029266621446
17272,1,1,0.9845341167108085
49629,1,1,0.9250574478644282
52447,1,0,0.3124388345069161
19297,1,1,0.9844234937411616
8269,1,1,0.9852419036156621
39541,1,1,0.9353088396153555
63262,1,1,0.6308020881219683
80962,1,1,0.9763311155563593
57962,1,1,0.9848039064832451
61131,1,1,0.9545727542376631
64426,1,1,0.9798369069543533
10259,1,1,0.9848466778983158
38626,1,1,0.9227798924540583
72459,1,1,0.9656723606801
58520,1,1,0.9770907847379714
50841,1,1,0.9664223949107665
60945,1,1,0.9836225853336771
85094,1,1,0.9790592763356225
34368,1,1,0.9817250629120086
75690,1,1,0.969655181379641
112170,1,1,0.8821711830373025
48534,1,1,0.8885828564386243
41806,1,1,0.971884986759214
96875,1,1,0.9868857390428166
61715,1,1,0.9242531712995927
72887,1,1,0.9462335400979682
3429,1,1,0.9831436772264744
74066,1,1,0.9815350546032403
90547,1,1,0.9242562591419584
110147,1,1,0.9760084470440207
104708,1,0,0.4816235696947429
109579,0,1,0.9530356376743682
93321,1,1,0.9837115328926348
36907,1,1,0.9800780261251615
75243,1,1,0.9272344081799857
107250,1,1,0.9738431304362068
112313,1,1,0.935242218673138
35855,1,1,0.8801552166601821
107344,1,1,0.985918595052323
40351,1,1,0.9323035438689632
87087,1,1,0.9753895624969203
101048,0,1,0.9356961808613833
48050,1,1,0.9542741886533064
104974,1,1,0.9792060692834162
73888,1,1,0.9807069703127604
27507,1,1,0.9693722737489174
88248,1,1,0.931112592607253
109403,1,1,0.9914566159675678
16941,1,1,0.9503863482699021
85969,1,1,0.985244478803677
54920,1,1,0.9782088185370187
39751,1,1,0.9782764323663105
31208,1,1,0.579029123306453
67766,1,1,0.9589071301834424
6846,1,1,0.9499446968904451
23914,1,1,0.9747954007356696
21110,1,1,0.9835041083620587
3290,1,1,0.9801591515866727
20554,1,1,0.9691118354200352
24643,1,1,0.9073672141913937
94593,1,1,0.9511007861097897
62702,1,1,0.9172301140025623
50047,1,0,0.30105040400969973
11464,1,1,0.9518019699086516
100335,1,1,0.9724606619543835
76836,1,1,0.9724635096299711
67078,1,1,0.987918740947891
90655,1,1,0.9832305218038266
101385,1,1,0.9572271126239812
55343,1,1,0.9842983070903999
18249,1,1,0.7623943553206836
102605,1,1,0.9122983276833773
80382,1,1,0.9851527742327899
60873,1,1,0.988898817491602
39788,0,1,0.9490429722649281
56112,0,1,0.7533343328037425
1130,1,1,0.9823406152148819
96599,1,1,0.9717744617892797
40843,1,1,0.9621135393985211
50308,1,1,0.9773905772805973
65559,1,1,0.9742859313577086
60235,1,1,0.9416032359141551
14338,1,1,0.9723730593555135
14948,1,1,0.9842005997793662
51964,1,1,0.9543866179609882
86389,1,1,0.9802364841005605
35523,1,1,0.9738133135817458
35790,1,1,0.8726541850193975
63670,1,1,0.9793006323808116
19060,1,1,0.9378252062648341
93751,1,1,0.9823059303026513
86352,1,1,0.9713139851279405
24821,1,1,0.9492940168636353
90712,1,1,0.9841005716691732
60430,1,1,0.8665090711760797
13635,1,1,0.9848144955010963
66089,1,1,0.9882995889890708
12614,1,1,0.867010987013267
110302,1,1,0.8010425979420741
52181,1,1,0.9573169251821139
85828,1,1,0.737946489589902
38437,1,1,0.539556320441135
78049,1,1,0.9866459140752849
80615,1,1,0.8676465843292963
75765,1,1,0.9690763774573055
3904,1,1,0.9772875180449219
92349,1,1,0.9737760989006923
68001,1,1,0.9670966783250898
3965,1,1,0.9552670053205833
54725,1,1,0.9767818855359702
106526,1,1,0.9882578139209116
32346,1,1,0.9311571499969238
54617,1,1,0.9692810490133464
100612,1,1,0.9789078677511105
51689,1,1,0.9581733405594721
24840,1,1,0.9656201340029035
104505,1,1,0.9731201188636533
98434,1,1,0.9722110914074793
39734,1,1,0.8983384605739669
98014,1,1,0.958342947324875
32221,1,1,0.955098887840188
1544,1,1,0.9751822546370083
58655,1,1,0.9814562870490618
55463,1,1,0.9797193639901483
72854,1,1,0.9619044814614138
50467,1,1,0.9859450354694134
106424,1,1,0.9738506892617004
23672,1,1,0.9825394365769922
32692,1,1,0.9132240204681336
7294,1,1,0.9700730844344443
45026,0,1,0.844321506521517
23815,1,1,0.9880564342881859
39040,1,1,0.9746147155926473
56126,0,0,0.026957573958241655
40023,1,1,0.9842117199628142
8426,1,1,0.8935424003191137
35071,1,1,0.9922731878983388
90178,1,1,0.9883659546454866
31347,1,1,0.9173900167317577
35272,1,1,0.7845066488817817
4592,1,1,0.8273897796910642
97851,1,1,0.9824817179948097
36915,1,1,0.9850148639371111
13546,1,1,0.9591132373680669
91853,1,1,0.986680950827198
3046,1,1,0.9339657240657984
81527,1,1,0.8216414518676719
98063,1,1,0.966937028309904
5172,1,1,0.9550105476904203
102749,1,1,0.9880058524983248
13585,1,1,0.8106608566986191
95523,1,1,0.9669877173298216
59473,1,1,0.9785844210873326
107262,1,1,0.9290287733865391
69871,1,1,0.956450639924589
34467,1,1,0.9003394318387732
8513,0,1,0.905155216086698
52716,1,1,0.9909137977723047
58477,1,1,0.981225930271403
57926,1,1,0.9870893995529287
14295,1,1,0.9065725367195835
68381,1,1,0.9773745437574591
44412,1,1,0.9842462957485368
41272,1,1,0.9397709891351382
60892,1,1,0.9475338276135035
70418,1,1,0.9794721763092639
83804,1,1,0.9540141725388016
62060,1,1,0.9726902176022137
8346,1,1,0.9617919439353677
78539,1,1,0.8820575896554883
47035,1,1,0.970126998158419
43206,1,1,0.9840042053550542
107282,1,1,0.9768045808984643
16254,1,1,0.9710430042118589
99677,1,1,0.9574625136347502
13057,1,1,0.8925374379595826
81915,1,1,0.9394978108349359
71646,1,1,0.9636660909425492
77792,0,0,0.004352100944247457
102766,0,0,0.3609750124414406
77557,1,1,0.9675636168695299
15327,1,1,0.9442663847565976
111713,1,1,0.9630742181250443
49854,1,1,0.9897086050036287
32301,1,1,0.9653825811572292
65943,1,1,0.989693358542262
70129,1,1,0.9797282667447064
53981,1,1,0.9763471574650823
27556,1,1,0.9882919350883655
5749,1,1,0.9788434492969975
76681,1,1,0.982815005218299
89168,0,1,0.9284240197065065
94472,1,1,0.9110406711236883
86772,1,1,0.8744444032203985
60546,1,1,0.9836029518587701
11407,1,1,0.97937459414779
31390,1,1,0.9830678236508087
22009,1,1,0.9825925917740377
76004,1,1,0.9840062507133551
104434,1,1,0.8849240025906125
91710,1,1,0.9883740038574094
17278,1,1,0.9280358133200408
42480,1,1,0.9834393764940711
101506,1,1,0.9545948978542514
102831,0,1,0.924892897905654
24324,1,1,0.978605601094849
42215,1,1,0.9136016292670933
66672,1,1,0.9314199502034242
76974,1,1,0.7944018463792968
82329,1,1,0.9443984831248614
57836,1,1,0.8664775907483921
111146,1,1,0.9732253730812396
23584,1,1,0.9446411899337481
52760,1,1,0.9873985574984306
14829,1,1,0.9792243114525606
57701,1,1,0.9703771062532042
98590,1,1,0.9902389280185293
22103,1,1,0.9886132694396533
27817,1,1,0.9652534132461158
76570,1,1,0.9770611268405808
51479,1,1,0.9871000234667067
54354,1,1,0.9740234365865702
26652,1,1,0.9886348471089422
18442,1,1,0.7601683854348772
12323,1,1,0.9597687983324684
81372,1,1,0.9827303839999469
61607,1,1,0.9775053718048982
47530,1,1,0.9885040335618934
84189,1,1,0.9863970775854244
14933,1,1,0.9873731254640544
92720,1,1,0.9746803879643696
9299,1,1,0.986045380451779
41804,1,1,0.7634897361672615
39,1,1,0.9039773973979379
101635,1,1,0.9776815917154291
28672,0,0,0.2596171697667028
70839,1,1,0.9707151898516686
41012,1,1,0.9515630859721288
108023,1,1,0.947700545443715
68818,1,1,0.9839148445609653
91031,1,1,0.9777219779671549
37098,1,1,0.9636374843982038
53201,1,1,0.8443952220180915
71071,1,1,0.9841788974970745
30521,1,1,0.977319135722039
97187,1,1,0.980599922246534
17034,1,1,0.9743561909087798
112136,1,1,0.9299760548968765
98914,1,1,0.9730182760221117
5719,1,1,0.9611833132281478
23749,1,1,0.9830872319285696
41067,1,1,0.9830410479104156
112385,1,1,0.9790254243876457
54745,1,1,0.9563427688552265
16270,1,1,0.9870421182388903
82552,1,1,0.888457578508286
28619,1,1,0.9187945126305609
36768,1,1,0.981640330596143
27207,1,1,0.9819620012141201
8863,1,1,0.9718461299892269
18317,1,1,0.9639005763219485
82969,1,1,0.9763871677643489
89799,1,1,0.9741177025993408
49262,1,1,0.9801532699992606
85384,0,1,0.9404009859874505
65581,1,1,0.8437544811319129
29174,1,1,0.988502676566124
72203,1,1,0.9687610347809785
92333,1,1,0.9777504796948085
23435,1,1,0.9733280138671297
61779,1,1,0.9547764270764542
48972,1,1,0.9782908933536565
43638,1,1,0.9837261240746564
16709,1,1,0.9410098296084742
78626,1,1,0.9812852323718076
108588,1,1,0.9784436742882974
66521,1,1,0.9780726550221767
111264,1,1,0.9854029507982933
59868,1,1,0.9921981963419595
94501,0,1,0.9224338769409534
101895,1,1,0.9738394621051275
45012,1,1,0.9786154624779311
5582,1,1,0.9739446704952124
33219,1,1,0.9173578061397817
110220,1,1,0.9776073745692272
51484,1,1,0.962096622989934
97552,0,1,0.9738834430483868
92824,1,1,0.9747163918589845
16885,1,1,0.9895272582843807
98442,1,1,0.9856592323992361
79175,1,1,0.9535809500544064
62868,0,1,0.7553222326490487
17349,1,1,0.985488965951809
90618,1,1,0.9669358120786765
84953,1,1,0.9820778459382926
93512,1,1,0.9499821676916236
55008,1,1,0.984719361075039
31472,1,1,0.9769695996547084
45901,1,1,0.9755511065282134
36395,0,1,0.9329705943427965
111629,1,1,0.9823088582197301
111830,1,1,0.8011954016527417
22302,1,1,0.9803745609216227
77593,1,1,0.9652574452046007
99531,0,1,0.5569645434800067
48744,1,1,0.9782428085624713
70244,1,1,0.8373577313766429
83353,1,1,0.9535936735927564
15177,1,1,0.8163673207829907
108287,1,1,0.9786317902328919
3577,1,1,0.9646387103151784
100583,1,1,0.9824615111927925
14591,1,1,0.9044860531113752
103655,1,1,0.9707431062568898
80829,1,1,0.8801090893518613
35342,1,1,0.9416268293842385
43586,1,1,0.9729452937058911
66445,1,1,0.9643030485383346
69131,1,1,0.827070762863673
56309,1,1,0.9718483993565222
60474,1,1,0.9274425212496625
40389,1,1,0.9183139973817447
57162,1,1,0.9207821243675234
49963,1,1,0.9771915780762195
109360,1,1,0.9619688180141945
7181,1,1,0.9790240666392931
69118,1,1,0.9875802048974012
56709,1,1,0.9753987702319467
84854,1,1,0.9540716961822119
17055,1,1,0.5545358893974612
52988,1,1,0.9478768551994997
66420,1,1,0.9878578539621617
75669,1,1,0.9794474549666355
3645,1,1,0.9483953399712459
7149,1,1,0.9841622202006014
30306,1,1,0.9843052345754579
11810,1,1,0.9879418161047113
99308,1,1,0.9575798293760489
112198,1,1,0.9864914943586615
32500,1,1,0.964334879192807
42690,1,1,0.9809397539695764
31307,1,1,0.9842269418722546
44420,1,1,0.9510582400772725
89536,1,1,0.947513589923092
29556,1,1,0.9732104162408962
75429,1,1,0.8753416968353648
69513,1,1,0.9150160584828988
78996,1,1,0.9850253445047575
45919,1,1,0.9336087533202073
44144,1,1,0.9874542094587219
1959,1,1,0.9835622453218457
95807,1,1,0.9696891666714956
17625,1,1,0.9470932103290265
79841,1,1,0.9103507036967455
94265,1,1,0.9744605656482935
8423,1,1,0.9887551220928519
1048,1,1,0.9768370294567262
99931,1,1,0.9566706330534731
55409,1,1,0.942418760130623
73561,0,1,0.9477890239995211
41237,1,1,0.8920635036925738
80306,1,1,0.8766232405367322
99240,1,1,0.9713305945892449
74831,1,1,0.9729898984651476
83371,1,1,0.9376556892768305
52210,1,1,0.961875215858469
69473,1,1,0.9043773965002108
96074,0,0,0.20031471785206761
887,0,1,0.7997040127130585
7108,1,1,0.9073707012960202
48974,1,0,0.3507374654499211
23121,1,1,0.9174899113493348
50431,1,1,0.8492847783015397
33162,1,1,0.9727992980922061
20699,1,1,0.9827461407732453
10093,1,1,0.957937159166173
57468,1,1,0.9125916817646567
35690,1,1,0.9858055474528916
54285,1,1,0.9856458833516839
40448,1,1,0.9037361800454328
71157,1,1,0.9645461723002292
86773,1,1,0.9869516763359694
40121,1,1,0.7666634574493169
3935,1,1,0.7964636346912449
48136,1,1,0.9678355536150502
63483,1,1,0.9713743306823936
72315,1,1,0.8592511337391112
42323,1,1,0.9917054945490075
97462,1,1,0.9692054605146316
100042,1,1,0.9702656549697818
107004,1,1,0.9903467423124553
72000,1,1,0.9736823001775835
16659,1,1,0.9623958528901185
77151,1,1,0.9859401569539165
24041,1,1,0.9831913342373442
87628,1,1,0.9855930164348037
32250,1,1,0.9509038705343117
104821,1,1,0.9795479193954232
102010,1,1,0.949012373483625
69880,1,1,0.9051387267410818
55088,1,1,0.9691070250939399
34957,1,1,0.985052230908557
68339,1,1,0.9370057992108005
77526,1,1,0.9617827509133888
91961,1,1,0.9648006429623376
19936,1,1,0.9751464032192493
56580,1,1,0.9817567815621674
89512,1,1,0.9321679351593646
84808,1,1,0.9794824702643821
75316,1,1,0.9803621464243918
65950,1,1,0.944390640476531
88939,1,1,0.9629994280815823
66129,1,1,0.9400210891086745
71470,1,1,0.9609123941579774
102387,1,1,0.9511273991097766
3058,1,1,0.9785208766704463
27244,1,1,0.9856729528825762
108059,1,1,0.9738312556009888
47323,1,1,0.9781048691457286
22977,1,1,0.8738676269844363
105567,1,1,0.9452174543118291
101471,1,1,0.9466839124064704
26240,1,1,0.9060407877048162
43981,1,1,0.9742644096770594
74706,0,1,0.8705338172103638
35337,1,1,0.9814527226301146
9505,1,1,0.9232202143536317
69894,1,1,0.9715669826043354
85546,1,1,0.9577010235113573
69548,1,1,0.9143428305392648
95491,1,1,0.9856523334512685
3886,0,1,0.6459950129702461
50663,1,1,0.9801314805363316
67782,0,1,0.867847135719442
59619,1,1,0.8987702494392901
111157,1,1,0.9527672272543509
64208,0,1,0.8981266368613089
98088,0,1,0.8890014603468854
27720,1,1,0.9808206830543372
44113,1,1,0.9745543124376902
60544,1,1,0.9839442885670483
27627,1,1,0.9786787115537551
86393,1,1,0.9698798165519498
89292,1,1,0.9921554100775437
21545,1,1,0.9717214842519669
36324,1,1,0.9759596150269618
29073,1,1,0.9359962697545768
43006,1,1,0.9760373136832571
100529,1,1,0.9829772455266298
41735,1,1,0.9348609308265069
94697,1,1,0.9303683358350636
23994,1,1,0.9856201996912073
92785,1,1,0.9432228022160573
49866,1,1,0.9744238539950258
3937,1,1,0.9598239708179688
39424,1,1,0.9644664373849428
1955,1,1,0.9820331241876383
108311,1,1,0.9859777962906411
101526,1,1,0.9778093413584404
87511,0,1,0.6437668921172066
85995,1,1,0.9746918480090608
91564,1,1,0.9566535849651682
51067,1,1,0.9788767423765445
63128,1,1,0.9865107064118029
87891,1,1,0.9745187918845865
45838,1,1,0.9816410197903432
88750,1,1,0.9852736884603693
86174,1,1,0.8999112210050666
31819,1,1,0.983364110064072
84832,1,1,0.9735719830549447
40957,1,1,0.8863759404318441
22127,1,1,0.9828182738805584
45821,1,1,0.9042308630462916
25620,0,1,0.8755993389069748
55726,1,1,0.9823659356366101
39231,1,1,0.9776694119541929
71039,1,1,0.9741595046151886
5576,1,1,0.973558461203618
26727,1,1,0.9639568482022846
18911,0,1,0.9576131489768536
107140,1,1,0.9714505408771446
65786,1,1,0.9825248776070974
82042,1,1,0.9873117212736509
91747,1,1,0.9844006770720866
67334,1,1,0.9832115293743652
80291,1,1,0.9813962158407796
108858,1,1,0.979259792075559
2507,1,1,0.9592372791332678
40606,1,1,0.9843021162863569
90070,1,1,0.9542204256328859
50395,1,1,0.91221257542599
100996,1,1,0.9331339628013925
43399,1,1,0.9454376856261761
50921,1,1,0.9872590513367134
83316,1,1,0.9767930530372229
64401,1,1,0.919717955040916
22269,1,1,0.9742710609735187
27242,1,1,0.9105842264018472
106925,1,1,0.9466332573734539
4663,1,1,0.825558377588375
91536,1,1,0.9767244344285647
29354,1,1,0.9805918499857257
57867,1,1,0.9735600023137486
35212,1,1,0.903951499144772
16939,1,1,0.9127773514005559
57392,1,1,0.7332608874015356
25529,1,1,0.9794311237481849
75085,1,1,0.9725524563723064
73376,1,1,0.969853361310363
78564,1,1,0.9839623743604947
40547,1,1,0.9001697393962265
21243,1,1,0.9085969876297747
92876,1,1,0.9623178556684898
60097,1,1,0.8870863638530404
79580,0,1,0.8878855362181651
12679,1,1,0.8926289649336202
104774,1,1,0.9833101009136789
8189,1,1,0.9723219239732646
64305,1,1,0.9842721826839641
67884,1,1,0.9755285636961851
84448,1,1,0.915984373637318
73085,1,1,0.9630682043951175
49556,1,1,0.9695016084778026
41566,1,1,0.9819698726064233
29374,1,1,0.9729840707959193
7174,0,1,0.9475381694853415
2111,1,1,0.9583536725096089
23011,1,1,0.9778348187203609
44260,1,1,0.9567035383176203
64383,1,1,0.9677990024304283
77522,1,1,0.9426597654562893
15309,1,1,0.9742219842283744
109945,1,1,0.9771540657814007
97681,1,1,0.9695689886739736
72624,1,1,0.912956109741516
41452,1,1,0.9757849766481118
63033,1,0,0.24134705602605566
90313,1,1,0.9560757884050537
44372,1,1,0.7746319279797272
71488,1,1,0.9846173079218462
106353,1,1,0.9833415161345977
4770,1,1,0.9844142151328353
9283,1,1,0.9551252121235115
92510,1,1,0.989952640934924
48621,1,1,0.9847623781370408
48529,1,1,0.9848169310520646
81771,1,1,0.9877180970801974
90244,1,1,0.9766389320487632
18573,1,1,0.9740029990743883
68546,1,1,0.6912524155814527
56511,1,1,0.9205558351858819
101324,1,1,0.9446127788431228
14838,1,1,0.9588868887446567
113839,1,1,0.9886070793959271
68414,1,1,0.9794095987842144
12989,1,1,0.9880784961913451
8140,1,1,0.9832070754375974
75535,0,0,0.45676628158258437
96142,1,1,0.9753589996828812
107883,1,1,0.9798804475160787
58523,1,1,0.9800920761326835
43391,1,1,0.9824116335906413
50231,1,1,0.9767677249719383
110768,1,1,0.9763015528370728
61507,1,1,0.8902179299849621
12812,1,1,0.988152990572174
53220,1,1,0.982183073413106
12201,1,1,0.9443657591439809
111174,1,1,0.9738745611882994
102822,1,1,0.9847187868638014
40245,1,1,0.9737248864410136
88862,1,1,0.9819551826057206
85553,1,1,0.9829882378064934
49252,1,1,0.9672980234457368
72846,1,1,0.9847809985230013
79666,1,1,0.984201407184323
87772,1,1,0.946965971666888
88816,0,1,0.9479534564872476
11467,1,1,0.93446149859713
85290,1,1,0.9803446216262238
113534,1,1,0.967299947465437
52883,1,1,0.9483073020284445
100980,1,1,0.9800956726162502
62408,1,1,0.9773116680450706
111665,1,1,0.9081202034548027
54438,1,1,0.9820906925862869
70795,1,1,0.9840630456438229
86914,0,1,0.8197499029525547
65560,1,1,0.977350818980428
22423,1,1,0.9843078849985903
5138,1,1,0.9744845283262791
4044,1,1,0.9747746930603446
47240,1,1,0.966872058921345
57463,1,1,0.9418997296261161
92078,1,1,0.9851730309236355
57484,1,1,0.978664852781311
81460,1,1,0.9215173542315028
86487,1,1,0.9605460361544784
90166,1,1,0.8676233874762136
11161,0,1,0.9730859701264221
77116,1,1,0.954281059720632
29498,1,1,0.9417117794053996
48605,1,1,0.985813840684021
53370,1,1,0.9377671893656137
33876,1,1,0.9649011467649973
58322,1,1,0.991800718085213
76788,1,1,0.9603892602322246
39486,1,1,0.9329271626422616
32793,1,1,0.9403071095092996
99654,1,1,0.9735908730209722
76018,1,1,0.9510048462108309
84197,1,1,0.9512483583581723
16918,1,1,0.9680071928253988
59621,1,1,0.9767654881219019
45629,1,1,0.9646889988713145
18164,1,1,0.9853014842897395
93942,0,1,0.9859427530580491
112602,1,1,0.9803597986293697
22424,1,1,0.988324245693338
14703,1,1,0.9694217357621615
66384,1,1,0.9792481598909804
47182,1,1,0.9553176758422055
11641,1,1,0.8992113478767658
26082,1,1,0.9817074420759736
73485,1,1,0.8435444405224771
43597,1,1,0.9776359516262333
87280,1,1,0.8516378868503445
103197,1,1,0.9902387981786318
99754,1,1,0.9744463940106659
23174,1,1,0.9662649552123046
77343,1,1,0.9733022353782643
1560,1,1,0.9890882074002889
11630,1,1,0.9486332109405546
93158,1,1,0.9847722333999326
1091,1,1,0.9823515872764601
1670,1,1,0.9848127233903842
2140,1,1,0.9821765297705437
76292,1,1,0.9823744657826557
81427,1,1,0.7042680641741955
21847,1,1,0.9779190119156906
31644,1,1,0.9888369674258336
74925,1,1,0.9897788357755065
107317,1,1,0.9805835088518693
98280,1,1,0.9780105966840972
39043,0,1,0.8414431646156474
59347,1,1,0.9854352620004437
99858,1,1,0.9834074047663228
67628,1,1,0.9793886670895724
10204,1,1,0.9834352374997704
85355,1,1,0.9883481053044728
80529,1,1,0.9530752341370211
41531,0,1,0.8810146477333831
29902,1,1,0.973114713739642
34551,1,1,0.969951192300795
75840,1,1,0.9716257773753442
19512,1,1,0.9765589079708142
86357,1,1,0.9788590999456216
19728,1,1,0.9781574860147152
80562,1,1,0.983682498084321
76665,1,1,0.9331651891417336
48602,1,1,0.9762414969953952
63723,1,1,0.9927485160964743
88191,1,1,0.9863041823237265
58125,1,1,0.976190191327643
101234,1,1,0.9873841872320794
21788,1,1,0.93882498525423
74331,1,1,0.9252154533547209
3327,1,1,0.9879285185659069
87442,1,1,0.9601521345235146
105803,1,1,0.9873750677806588
87783,1,1,0.976934179041706
45843,1,1,0.9033050063237379
107564,1,1,0.9858332189426444
36601,1,1,0.9162997623239811
85535,1,1,0.9841633944577116
37143,1,1,0.8723982275017506
91184,1,1,0.9600768656135704
70763,1,1,0.9840917614576956
43519,1,1,0.9520783588362501
106762,1,1,0.9618005593074909
61789,1,1,0.9704211576904489
48178,1,1,0.9868083336863874
55408,1,1,0.9815220447426486
107822,1,1,0.9807965773854622
62098,1,1,0.9642779684332508
57900,1,1,0.9806372625769797
99944,1,1,0.9522959533680804
53874,1,1,0.9837847442822382
61391,1,1,0.947336814116894
67324,1,1,0.982650798863352
108908,1,1,0.9861007579227631
29269,1,1,0.9650873935983071
72240,1,1,0.9291869503328701
73765,1,1,0.9683633553476378
90539,0,1,0.92894958989377
29521,1,1,0.9817019392864996
55631,1,1,0.9485005660003639
99577,1,1,0.9421445205989539
39646,1,1,0.9832928507959722
86776,0,1,0.9463178457950907
54505,1,1,0.9828342677124972
31262,1,1,0.9848579314452655
80578,1,1,0.9830549346941553
88443,1,1,0.9896825644090681
51706,1,1,0.9747178164188858
38940,1,1,0.9517916874155046
62170,1,1,0.9843723655319548
9579,1,1,0.9809893921208921
99244,1,1,0.9846818235499757
77933,1,1,0.9806019902369376
29027,0,1,0.9728372482460323
67557,1,1,0.7288800483173568
80011,1,1,0.8241174067670809
56285,1,1,0.885164186975201
18036,1,1,0.988052862563646
42473,1,1,0.9905711350697225
39140,1,1,0.9650374408986833
26570,1,1,0.97132349892468
84432,1,1,0.99365659559598
95861,1,1,0.9841457373046548
43763,1,1,0.9850696829759015
32699,1,1,0.9859003219816773
19276,1,1,0.9523508276071663
50414,1,1,0.9798817656822175
80596,1,1,0.9880622942683922
20486,1,1,0.9750299461404507
1209,1,1,0.8903662345824204
112544,1,1,0.9888869137608152
112311,0,1,0.9266604458004785
10163,1,1,0.9545827380877315
35454,1,1,0.9646931876580117
111185,1,1,0.982558602648735
53865,1,1,0.9741189806748013
106018,1,1,0.9766354112178566
100357,1,1,0.9758010920581719
39589,1,1,0.91500582317494
46850,1,1,0.979275272735595
76099,1,1,0.9772383057934375
80493,1,1,0.9846667617400324
106963,1,1,0.9838789485514482
50897,1,1,0.975086461687714
107497,1,1,0.9039263852859041
88403,1,1,0.9666284246264596
7630,1,0,0.40022859954728596
64799,1,1,0.9779813693909674
60670,1,1,0.9826653073563265
25695,1,1,0.9632334672705154
32881,1,1,0.9829252908375292
105600,1,1,0.8968543338067758
40553,1,1,0.9899056971429284
28995,1,1,0.7588210738669894
35479,1,1,0.9403076601519541
54796,1,1,0.9811653102724156
79751,1,1,0.8241938786619808
10660,1,1,0.8785589402934662
95246,1,1,0.9599518626201093
14524,1,1,0.9552355680151974
18045,0,0,0.4925590577304722
44617,1,1,0.9848065049230763
112695,1,1,0.9787214110843319
100615,1,1,0.9916521925803808
61796,1,1,0.9709959106876789
87004,1,1,0.9447197591106319
105518,1,1,0.970479781156427
44373,1,1,0.9769382945267363
81910,0,1,0.9397210995037389
14633,1,1,0.9256697351541358
100024,1,1,0.9708943257344905
44483,1,1,0.9651482678681433
25166,1,1,0.9366830511776082
58387,1,1,0.9818290778295355
90420,1,1,0.9743600488594115
27613,1,1,0.9101592590538017
54893,1,1,0.9867323342448255
9090,1,1,0.9757265476902799
77174,1,1,0.9220179032754582
54969,1,1,0.9867051786051493
15752,0,1,0.9470601656052591
11703,1,1,0.98259519434488
28497,1,1,0.9883147642977039
22911,1,1,0.8354705410412088
83605,1,1,0.9793853619120375
17828,1,1,0.9758938570829018
58759,1,1,0.9804472205095062
34443,0,1,0.9411313619441964
35463,1,1,0.8888778481292723
47343,1,1,0.9801943520665833
1334,1,1,0.9076320194893429
84051,1,1,0.9088607740815152
10241,1,1,0.9163516246849407
48606,1,1,0.9351136689549079
85269,1,1,0.9868258529101065
108015,0,1,0.9490391163889688
89541,1,1,0.982457251101981
32680,1,1,0.984668878299708
91380,1,1,0.9410860088573301
70356,1,1,0.7811090598650202
10309,1,1,0.9461439760466408
14841,1,1,0.8590330699184322
39948,1,1,0.9685029715338412
7576,1,1,0.9816327656407339
81104,1,1,0.9692796523358558
7029,1,1,0.9834682437159946
16310,1,1,0.9582048957903214
99932,1,1,0.9737409929353935
111484,1,1,0.9716779404737294
17064,1,1,0.9864829667155998
106160,1,1,0.9604300899329646
80797,1,1,0.9769432290126914
92945,1,1,0.9858294100329511
113767,1,1,0.9853679306084044
89632,1,1,0.954678222281834
577,1,1,0.5945103777195734
60758,1,1,0.9582147101793934
108333,1,1,0.9699491433774196
63178,1,1,0.9525301910958563
47834,1,1,0.9300369455763277
46336,1,1,0.9835167233606926
44070,1,1,0.9805504944157266
96598,1,1,0.9893452005931841
23760,1,1,0.9804438177746663
60062,1,1,0.9881910678529459
12150,1,1,0.9033258706468971
102837,1,1,0.9777007513597621
5951,1,1,0.8901242483364428
6646,1,1,0.9698483749208336
3094,1,1,0.9472757370179868
21718,1,1,0.9380830922305282
15405,1,1,0.9721272264010369
16931,1,1,0.9775061422409181
100925,1,1,0.9867905815947863
67732,1,1,0.9845497829080425
88329,1,1,0.9675325371708049
53575,1,1,0.9436103220944837
4747,1,1,0.9798714434021341
71595,1,1,0.9797369387674362
11947,1,1,0.9789351948720124
37166,1,1,0.9053017014161696
96275,1,1,0.9814371031787463
15916,1,1,0.9795422733747513
9674,1,1,0.9741548286252838
26875,1,1,0.9886178885362852
14396,1,1,0.983385020338583
90834,1,1,0.9897599400390528
107308,1,1,0.960252087058895
103798,0,1,0.9878080114629171
79953,1,1,0.8893435794328439
29379,1,1,0.9833595848568144
47456,1,1,0.9435773951910602
80147,1,1,0.9725835841820765
68589,1,1,0.9066285111376345
48693,1,1,0.810943979066152
21152,1,1,0.8906208142442196
90028,1,1,0.9768445594825781
4258,1,1,0.9541869931407642
70339,1,1,0.9173260963965199
79803,1,1,0.5427912408216461
81235,1,1,0.9448902662311535
29762,1,1,0.9538774497777571
36926,1,1,0.9494702651451506
79630,1,1,0.8655532548756042
36930,1,1,0.9636063375110364
60567,1,1,0.9784392140154137
98287,1,1,0.985487271171137
112223,1,1,0.9817067425608546
12923,1,1,0.9748189485768455
78821,1,1,0.9627692844583524
51,1,1,0.9492494292721841
44679,1,1,0.9377594025442859
58033,1,1,0.9753889433986025
91027,1,1,0.9032992875879796
94547,1,1,0.8376838670112386
26417,1,1,0.9756466419429819
59809,1,1,0.9276493365994399
16452,1,1,0.890258940996656
57347,1,1,0.8652436304574647
58030,1,1,0.9319066225678737
62993,1,1,0.9585487830151069
109808,1,1,0.9835651131036149
26324,0,1,0.8035349729232993
56864,1,1,0.984695038667973
71153,1,1,0.9449666415050814
97041,1,1,0.9264001604781247
38727,1,1,0.9312011947712062
100279,1,1,0.7703838453593548
98412,0,1,0.9605696646273402
31275,1,1,0.9384257988234606
6019,1,1,0.9851509555987153
92083,1,1,0.9827357155269709
18897,1,1,0.9362124404109959
99909,1,1,0.9640223345784923
70756,1,1,0.9652773382219977
45376,1,1,0.976114471317648
108716,0,1,0.9266288086555827
81666,1,1,0.9843633824048642
29314,1,1,0.975591654121617
113065,1,1,0.7873503039821762
113529,1,1,0.9773819750797184
86271,1,1,0.9234045323394532
85722,1,1,0.9724693578363431
19695,1,1,0.9352217686683676
1165,1,1,0.9621057732634216
66843,1,1,0.9706509359322044
34603,1,1,0.9780834016734024
86761,1,1,0.978280632986404
42137,1,1,0.9056209348044232
109934,1,1,0.9892254618216106
77666,1,1,0.8706571464214341
25961,1,1,0.9092075105084346
63299,1,1,0.9774268060788551
112107,1,1,0.9612815222011577
105905,1,1,0.9814811462347741
105912,1,1,0.9881768957750435
26141,1,1,0.9703783893275455
73357,1,1,0.7418438316155098
89060,1,1,0.986685474340107
113365,1,1,0.9826019754655145
45645,1,1,0.982286325867743
3295,1,1,0.9888608660678622
50499,1,1,0.9768700051805219
30533,1,1,0.8822686890872167
17524,1,1,0.7766912845439008
31459,1,1,0.7520379681627449
25027,1,1,0.9800689177027228
41049,0,1,0.8051083769742087
49927,1,1,0.9693101345638141
97624,1,1,0.9742601387826119
26883,1,1,0.9572118111198725
101392,1,1,0.8532486546193517
31093,1,1,0.9765929248065326
88257,1,1,0.9642462000574794
22322,1,1,0.9603749413075898
77450,1,1,0.9893161576188332
101052,0,1,0.9276883822663631
105405,1,1,0.8655657942081944
59112,1,1,0.9864870058970558
76240,0,1,0.7830783442405936
95353,1,1,0.9894076078984827
56061,1,1,0.8916407445826806
10247,1,1,0.963399746498519
33393,0,1,0.8288113944697453
216,1,1,0.9835677715245474
41250,1,1,0.9754543037962531
88279,1,1,0.9848011670871397
42962,1,1,0.9822224930325374
3001,1,1,0.9512831739325001
13958,1,1,0.9919789637007849
95615,1,1,0.9696730057449457
68653,1,1,0.9899885912228613
80731,1,1,0.9690426063780481
79099,1,1,0.9700817163567058
61921,1,1,0.9721310814542841
81269,1,1,0.9867245609680432
76301,0,1,0.9826421913979153
74818,1,1,0.9700735137404203
109783,1,1,0.9821437715512242
63224,1,1,0.980743533948714
32495,1,1,0.8680102058381632
101251,1,1,0.9600380686338775
104603,1,1,0.9797815968699091
104671,1,1,0.9484472585743366
43473,1,1,0.9874087902942831
690,1,1,0.9151245766221219
19431,1,1,0.941386914477496
50035,1,1,0.9786504738915985
12848,1,1,0.8250732496798271
63481,1,1,0.9143879625289617
78903,1,1,0.9814953548218182
109106,1,1,0.9831291777162535
13700,1,1,0.9602590362139093
8984,1,1,0.9706428983580313
103388,1,1,0.9874100822347136
84220,1,1,0.980516333731774
81796,1,1,0.9781315740148346
18253,1,1,0.9798532561939192
16017,1,1,0.9648790896814295
8031,1,1,0.9870056527014028
19542,1,1,0.9201348502253469
30843,1,1,0.9812707610909086
80405,1,1,0.9179707498143662
21560,1,1,0.9429403577621316
107341,0,1,0.8408246308026839
55543,1,1,0.9654051117621468
43996,1,1,0.9772681827714216
34077,1,1,0.8541240630010892
13812,1,1,0.9692595186422657
34881,0,1,0.945148789992214
62772,1,1,0.9844175240244925
50069,1,1,0.9750225546321778
103652,1,1,0.9619285079821173
40762,1,1,0.9667924212341004
533,1,1,0.9334755640278349
67409,1,1,0.9778951703339525
49714,1,1,0.9598044943331366
107088,1,1,0.963699622511859
99089,1,1,0.9833264258358365
52396,1,1,0.9426408078086531
99079,1,1,0.9366418907047953
49170,1,1,0.9149569027820055
13489,1,1,0.9531761808711936
8960,1,1,0.9838105257324131
38168,1,1,0.9762621166020818
12865,1,1,0.9213652576679867
66998,1,0,0.3328692366695561
77042,1,1,0.9876221511883575
113991,1,1,0.9766821007856316
26250,1,1,0.9807975851505898
86043,1,1,0.987116863518361
26284,1,1,0.9323363350060462
79944,1,1,0.9842744253329672
77224,1,1,0.9546486048285795
15664,1,1,0.9674392734980295
110720,1,1,0.9478250067374274
65511,1,1,0.8978975288804028
57597,1,1,0.8607456808313106
24058,0,0,0.04126197746364538
57258,1,1,0.9424172336135174
72215,1,1,0.9768175319538477
19522,1,1,0.9830809367270172
27396,1,1,0.983923256889591
70394,1,1,0.9874505085858963
41473,1,1,0.9788586417189478
48412,1,1,0.9678052391184541
10037,0,1,0.8799477670332819
20976,1,1,0.9849584786231947
66629,1,1,0.9820416781193357
44389,1,1,0.90707179005512
39389,1,1,0.9828643666759951
11912,1,1,0.9868163096681726
1063,1,1,0.9850857368399312
86445,1,1,0.9633001901057628
110288,1,1,0.9654383703994563
44418,1,1,0.9643990180150691
40099,1,1,0.9870458186823637
16929,1,1,0.9199330035127411
98256,1,1,0.9778297053759955
88058,1,1,0.9854065461046659
65474,1,1,0.9554803211460452
45069,1,1,0.9917246979476386
31562,1,1,0.9857465334039602
28,1,1,0.9674218440115365
4004,1,1,0.9834549150071223
55157,1,1,0.9862182383800766
7928,1,1,0.9712922925563313
70466,1,1,0.9789448224548186
97367,1,1,0.9466792642206094
5351,1,1,0.9056256598532421
111736,1,1,0.9281242700591201
62441,1,1,0.9891450463142745
103046,1,1,0.9840518373927041
99666,1,1,0.9639732415615389
94613,1,1,0.9693367386462798
19445,1,1,0.9462559018394279
59880,1,1,0.9839724840977588
23729,0,1,0.9651779298458008
23366,1,1,0.9404519416440057
5002,1,1,0.8565825520645415
85573,1,1,0.9516785100383466
95529,1,1,0.8837394845907526
99753,1,1,0.9703070601807448
112998,1,1,0.8414977558986227
108916,1,1,0.9661567723894371
45126,1,1,0.9425243530022028
70055,1,1,0.9298343661703548
9015,1,1,0.9871747176012959
106737,1,1,0.9790983290772357
97925,1,1,0.8142537232466719
108272,1,1,0.975931947610507
80791,1,1,0.9877448586666391
77317,1,1,0.9893098062544055
13986,1,1,0.9705381192253745
107067,1,1,0.9607885386206919
41846,1,1,0.9694187288878786
62462,1,1,0.9601160143117878
113846,1,1,0.9826255286832634
87411,1,1,0.9776620811707927
91300,1,1,0.974201414773407
57776,1,1,0.9818001508927651
72426,1,1,0.8912213777065283
99494,1,1,0.9697735745324565
10344,1,1,0.9797685770570508
82297,1,1,0.981143873658671
43072,1,1,0.9489358934023749
85047,1,1,0.5469213317276183
12026,1,1,0.9550316704138924
29475,1,1,0.9691834866528786
37941,1,1,0.9544365958996869
31880,1,1,0.8655151558491004
21032,1,1,0.9753524024314191
39655,1,1,0.9536724511052431
53880,1,1,0.973623811500948
95905,1,1,0.9806582375695206
96134,1,1,0.988681349428486
65866,1,1,0.9701130262241594
76101,1,1,0.9749837404117142
55342,1,1,0.9821701421390024
17990,1,1,0.9763441058258375
107453,1,1,0.9803979868720606
108072,1,1,0.9873914445949328
107486,1,1,0.9236946006832994
70122,1,1,0.9034883933768232
2045,1,1,0.8767267182821276
42785,1,1,0.9764875763995354
43346,0,1,0.5730862114321721
67961,1,1,0.9695940068131643
66358,1,1,0.9747071427528412
33065,1,1,0.9582059139154303
68182,1,1,0.9753440600849482
7426,1,1,0.9875411754364403
58624,1,1,0.933285381719071
14327,1,1,0.9765374355549545
100502,1,1,0.9889643282546103
14005,1,1,0.9858325517972965
67433,1,1,0.9869613670642444
35306,1,1,0.9034655920616975
96901,1,1,0.9593699024361081
52029,1,1,0.982770047776921
10707,1,1,0.9846993889095246
93302,1,1,0.9476766923326414
2911,1,1,0.985985168790387
53342,1,1,0.893655504939064
17079,1,1,0.9826699233004262
6930,0,1,0.9330532302989257
70071,1,1,0.9834330278843902
62218,1,1,0.9840580238205994
29380,1,1,0.9025563671768256
70125,1,0,0.2757325527902342
27015,1,1,0.8501161372818149
56707,1,1,0.9804432973547342
101091,1,1,0.8805403572799834
74416,1,1,0.9414149396799686
41380,1,1,0.9827263146713382
65872,1,1,0.9805224587924228
3554,1,1,0.9753542480572593
88777,1,1,0.9051380156327674
83812,1,1,0.9642008570178592
97790,1,1,0.7171547152496015
17596,1,1,0.980109114929209
21428,1,1,0.8717375981169231
84022,1,1,0.8497201832730579
95272,1,1,0.9832711269544838
15146,1,1,0.9740472337497039
34437,1,1,0.9712381894769694
105018,1,1,0.9366973505143901
84199,1,1,0.894052159860599
30128,1,1,0.9853070594284755
58612,1,1,0.9858801085970075
27875,1,1,0.9889917713360253
107499,1,1,0.9827113036552986
112462,1,1,0.9556857112435995
98654,0,1,0.834740574529434
44135,1,1,0.9770981546607721
33954,1,1,0.9393056477344923
11056,0,1,0.965781270321838
59704,1,1,0.9847442358444274
61793,1,1,0.9818992518805865
62845,1,1,0.9731833805943435
47392,1,1,0.9652444981635115
34642,1,1,0.9839398051571261
92590,1,1,0.9669061419309155
34650,1,1,0.9795507593758276
110229,1,1,0.9848351999510851
105444,1,1,0.9886065250352767
55023,1,1,0.9769305934446306
62944,1,1,0.9831188497528915
58274,1,1,0.9894162511159742
30096,1,1,0.9882754174836034
99527,1,1,0.9880350517244727
31121,1,1,0.9776565905795263
66446,1,1,0.9788943733028639
67586,1,1,0.9720387881242308
62141,1,1,0.986811184845257
78239,1,1,0.9830631538327234
41961,1,1,0.9761393950175875
57200,1,1,0.9421466290772417
74774,1,1,0.9853197410004823
87822,1,1,0.9749312301544967
15387,1,1,0.9740880584917203
109411,1,1,0.9234962305649903
8936,1,1,0.96489930445172
88110,1,1,0.9650483888856952
77225,1,1,0.9748076341231429
11774,1,1,0.9794938974273002
91954,1,1,0.937173617501203
111987,1,1,0.9276594282991235
38379,1,1,0.9830685157700527
9313,1,1,0.9734783758213438
9021,1,1,0.9202216628159197
10384,1,1,0.9767017302931873
40857,1,1,0.9829744070336752
45187,1,1,0.9702444579812681
66454,1,1,0.9314036538998364
41347,1,1,0.9797515341709997
81279,1,1,0.9828501628948707
80524,1,1,0.9746774805646368
29091,1,1,0.8734127006695191
28022,1,1,0.9804707922342486
9923,1,1,0.952936789123077
37194,1,1,0.9614995311571827
96518,1,1,0.9906350261219639
93856,1,1,0.9809962002536028
107323,1,1,0.9133995746596407
12436,1,1,0.9652900671565858
36879,1,1,0.8801752418265711
112164,1,1,0.871212479535195
10780,1,1,0.9661908070717952
19454,0,1,0.918806928376353
40382,0,1,0.9643149329824219
111276,1,1,0.96381406257673
21515,1,1,0.9637331116915806
1034,1,1,0.8555844260419859
38046,1,1,0.9682381404248938
72583,1,1,0.9192450775074176
111721,1,1,0.9416850698186309
112556,1,1,0.8723557751912744
25220,1,1,0.7799471244963798
36231,1,1,0.9767937583219807
85717,1,1,0.9255795584583628
71550,1,1,0.9703101582470139
50063,1,1,0.9864585828889775
30117,1,1,0.9710655368208185
6094,1,1,0.982812380462199
102844,1,1,0.9460817784743073
3817,1,1,0.9856400275565839
38928,1,0,0.44416857699427315
45548,1,1,0.9620902952169494
26436,0,1,0.9394832663900895
37360,1,1,0.9702294867086253
4675,1,1,0.9734339155691534
49204,1,1,0.9846869916173735
86717,1,1,0.97638925379382
70373,1,1,0.9720908479978402
11843,1,1,0.9816187886919684
64173,0,1,0.984052439601453
5854,1,1,0.9879534018800293
80145,1,1,0.9749734055615038
79984,1,1,0.9352040686615254
6889,1,1,0.9536664559830351
65268,1,1,0.8570727167257741
25405,1,1,0.9484916120986755
46909,0,1,0.941844443915693
16175,1,1,0.9824679617173496
68812,1,1,0.9226183789255894
52772,1,1,0.9380745343306566
83585,1,1,0.9454209464798469
31951,1,1,0.9599441061110676
59950,1,1,0.9782834788980335
13412,1,1,0.9168488852825848
88627,1,0,0.41989255494580907
394,1,1,0.9847535199506658
75267,1,1,0.9867642313216083
90918,1,1,0.8865943741450303
45504,1,1,0.9480465294124483
95492,1,1,0.9041462782575962
61985,1,1,0.972966531361933
105004,1,1,0.8565941568417332
45756,1,1,0.9633408394822995
8812,1,1,0.9205044205886904
40644,1,1,0.9879411368294965
60424,1,1,0.984702711640148
21582,1,1,0.9735882567583695
65174,1,1,0.959945203827299
104963,1,1,0.9863921181571432
98711,1,1,0.9550607013001665
21474,1,1,0.9362703490872399
62249,1,1,0.977414208955653
41878,1,1,0.9899716434345556
77265,1,1,0.9801811222201536
102485,1,1,0.9902166468170562
109080,1,1,0.9562997321013365
77707,1,1,0.8623785796307131
58756,1,1,0.956987090525629
2640,1,1,0.9424819349563355
106187,1,1,0.9737358342793967
69715,1,1,0.9836135521048567
36592,1,1,0.9333921665485253
59468,1,1,0.9564491374413777
104627,1,1,0.9644711114613208
95357,1,1,0.9806596625992892
98116,1,1,0.9859146625034807
49982,1,1,0.9851290003227829
10809,1,1,0.9898759816444076
94431,1,1,0.908664170978909
110226,1,1,0.9679541801094754
54925,1,1,0.9758061236686422
86068,1,1,0.9836216387321203
81750,1,1,0.9532116332025402
96083,1,1,0.9900653000132491
8869,1,1,0.9889866585780258
42410,1,1,0.9289399408978912
100361,1,1,0.9436668363144118
6466,1,1,0.9849093109065062
16909,1,1,0.9876578809614543
95341,1,1,0.9726382146307465
79620,0,1,0.8115520176257904
27699,1,1,0.9165255495678344
52809,1,1,0.9727634300258774
9041,1,1,0.9757230921744564
3054,1,1,0.9438371613328643
104476,1,1,0.9625736321530578
24366,1,1,0.9256388402429044
78457,1,1,0.9533184862633388
60937,1,1,0.9727056602199271
37013,1,1,0.9800740613475492
49371,1,1,0.9879574912074836
35365,0,1,0.9153905159749464
59669,1,1,0.9673093288635259
58200,1,1,0.5910293792123741
69182,1,1,0.9579213247484288
65237,1,1,0.9031293850677428
15864,0,1,0.8584352228227135
40396,1,1,0.9023002960938536
8275,1,1,0.9747895519520763
4290,1,1,0.9526993174231223
2155,1,1,0.9764123667555016
36450,1,1,0.926904624372782
103257,1,1,0.8938726581190602
29994,1,1,0.9233760534740847
35032,1,1,0.9886101177151283
16994,1,1,0.9862253651675015
113720,1,1,0.9835187724810986
36439,1,0,0.37775191021390425
86700,1,1,0.9755027566852076
73421,1,1,0.9646560139540982
34049,1,1,0.9774836818939286
1716,1,1,0.9831292763200683
109400,1,1,0.8229520604893082
45535,1,1,0.9834848499873946
36295,1,1,0.9873156971472534
718,1,1,0.9497212937490692
13862,1,1,0.8985600194493252
55655,1,1,0.9849903427838544
91142,1,1,0.9723657624141356
30655,1,1,0.9545246630159998
60301,1,1,0.9777142924249068
67590,1,1,0.9710563397664962
46091,1,1,0.9573566924365846
76298,1,1,0.9849940557295737
17433,1,1,0.9764345270607877
72758,1,1,0.9855171231001004
85523,1,1,0.9470726897879613
30717,1,1,0.9826273107378635
61855,1,1,0.9340657455792408
2462,1,1,0.9844022588121213
410,1,1,0.9851406663812599
1663,1,1,0.9864962371296611
64640,1,1,0.9795399638679552
21971,1,1,0.905323318856315
63548,1,1,0.9878584401646628
31398,1,1,0.5983363086170217
20703,1,0,0.49797439020093365
51655,1,1,0.8946329056098794
54720,1,1,0.8819494061359733
84092,1,1,0.8474665158510156
87249,1,1,0.9656809753286955
2482,1,1,0.970799357874481
93954,1,1,0.874134446127249
34970,1,1,0.9728557174124974
8843,1,1,0.9773693114541829
52728,1,1,0.9414370947981381
22248,1,1,0.9057930386010041
30803,1,1,0.9872672779111994
112578,1,1,0.9824012009182447
23401,1,1,0.9471903992679884
46645,0,1,0.980122310231389
25544,1,1,0.9874691597327162
7701,1,1,0.9549187320816906
99148,1,1,0.9694085716626988
103625,1,1,0.9859079919846113
54947,1,1,0.911336203009432
83175,1,1,0.9639659458371319
101269,1,1,0.9502768796644839
90021,1,1,0.9515205916658672
74408,1,1,0.8792123835364011
58320,1,1,0.9770314853207342
10011,1,1,0.865951315488441
49976,1,1,0.9421468757835008
98061,1,1,0.9717481183247756
112817,0,1,0.9675009016135375
61918,1,1,0.985655598431263
16504,1,1,0.9797331503751948
27231,1,1,0.9785639532695021
39718,1,1,0.9856427670344924
96132,1,1,0.9846443719032184
91168,1,1,0.956367511283496
70632,1,1,0.9870165205720851
19665,1,1,0.9351691919039481
73025,1,1,0.9863601675422816
7995,0,1,0.8000159476046412
73260,1,1,0.9900348185509522
6522,1,1,0.971976066306786
17145,0,1,0.8111616238038503
77322,1,1,0.9527406197137728
47242,1,1,0.8515975406662174
39266,1,1,0.9165723219833575
82518,1,1,0.9720235504981538
45197,1,1,0.9015338406619462
76471,1,1,0.9761150427629834
208,1,1,0.8524868495966392
18755,1,0,0.2333377036031788
105919,1,1,0.9763186351116003
96952,1,1,0.889062907229356
81676,1,1,0.9739300638885571
38846,1,1,0.649644251223206
87184,1,1,0.970216261869963
6664,1,1,0.9905542274754916
64149,1,1,0.9147252294755581
37366,1,1,0.9833377436434779
56815,1,1,0.9857202929690618
10318,1,1,0.9860108065647879
50693,1,1,0.9517521544398683
93240,1,1,0.7806925875544328
33665,1,1,0.8616360214242934
26693,1,1,0.9822722888035261
40847,0,1,0.8257251964011036
5587,1,1,0.9830016993767045
93465,1,1,0.9852686346963493
580,1,1,0.8785132151613858
103949,1,1,0.7826444641691627
43698,1,1,0.9809421270700421
27012,1,1,0.9778615389171543
109836,1,1,0.9703646767896765
74815,1,1,0.917794450494601
89619,1,1,0.9773170233140435
45738,1,1,0.9768562790107435
95368,1,1,0.9864733063456764
269,1,1,0.985378047621572
32034,1,1,0.9693869626544951
53363,1,1,0.9868634705943392
56816,1,1,0.9431241333317644
55145,1,1,0.8865894238828564
30137,1,1,0.9843577842841014
95819,1,1,0.9661981436664174
89362,1,1,0.9741331968728953
108381,1,1,0.9827670354075634
40155,1,1,0.9671068169804503
110498,1,1,0.9672234862208299
67241,1,1,0.9660083147912186
28737,1,1,0.9659713580466606
20774,1,1,0.9828153242042177
777,1,1,0.9690150233734649
33428,0,1,0.9120586104813411
95677,1,1,0.9733639476454693
30736,1,1,0.911437231024613
24495,1,1,0.7076705037044261
51985,1,1,0.8787663418273808
68709,1,1,0.8780706708028916
12503,1,1,0.8519309573440181
98036,1,1,0.9826319353972447
43412,1,1,0.9916977616411251
50045,1,0,0.3255531347702156
69837,1,1,0.9793549781051897
65443,1,1,0.9884049155374772
15848,1,1,0.9384007966491801
54322,1,1,0.9350051063822215
76900,1,1,0.9631996023298246
44999,1,1,0.990060083965849
88454,1,1,0.9593720649055093
108773,1,1,0.9810412491246767
445,1,1,0.9571744786598543
30209,1,1,0.8954399163279588
25720,1,1,0.8798682772363404
23001,1,1,0.8868198127998823
92399,1,1,0.9314428766356183
70090,1,1,0.9781029847433798
38073,1,1,0.9275273235151303
76766,0,1,0.9721411391072728
81383,1,1,0.9452763040907778
21822,1,1,0.9486279861543051
6888,1,1,0.9480774028740185
42184,1,1,0.9794498282355115
4781,1,1,0.9847607191731444
37267,1,1,0.9858939805430869
62634,1,1,0.9877002846764192
82060,1,1,0.9791073353311522
86857,1,1,0.9349179880419075
105156,1,1,0.9276352457861685
37278,0,1,0.9630037128989708
53532,1,1,0.9074429234770152
50720,1,1,0.9817719878653376
56304,1,1,0.960356346834122
43683,1,1,0.9774718598776464
93553,1,1,0.9320296640965174
41369,1,1,0.9725517154213197
42288,1,1,0.9682906130664432
49237,1,1,0.9843273522978242
111008,1,1,0.9451982150802225
26232,0,0,0.1496851347552285
107660,1,1,0.9731574090648065
90642,1,1,0.9856585620007273
105997,1,1,0.9009009147585898
102468,1,1,0.89062986169398
37035,1,1,0.951482982139607
28175,1,1,0.9263818319717658
113925,1,1,0.9846547961654528
91150,1,1,0.9829385768425164
100296,1,1,0.9809242719759572
24127,1,1,0.9716393619276261
24919,1,1,0.968242941481965
42964,1,1,0.9262591482678142
63141,1,1,0.9849358145267174
41295,1,1,0.9863738134670131
13829,1,1,0.9834770560242156
7162,1,1,0.9401823401508017
113403,0,1,0.6222993180483409
112790,1,1,0.9874881649792534
98947,0,1,0.8888811996746845
73752,1,1,0.979539339985374
97188,1,1,0.929670205206337
85048,1,1,0.9392991215207821
84568,0,1,0.7046682798756015
14161,1,1,0.9867393483038511
51813,0,1,0.6714222145172651
68358,1,1,0.9108085941664045
105670,1,1,0.9863017832529126
11889,1,1,0.9431529925607771
67256,1,1,0.9775826569271746
52913,1,1,0.7138144283601047
64990,1,1,0.98429095723276
83447,1,1,0.8915723629493079
29323,1,1,0.983201680080031
17086,1,1,0.9758440231499951
71563,1,1,0.9768906787751981
77301,1,1,0.9264023033435168
13710,1,1,0.9741478573186959
18283,1,1,0.8636596481868826
40756,1,1,0.9702301380181092
32432,1,1,0.9875239083355679
33516,1,1,0.9780856610478078
7583,1,1,0.9891154899772024
11488,1,1,0.99105161760357
73810,1,1,0.9860604772086974
66916,1,1,0.7813199032629585
105813,1,1,0.8002704725001928
84701,1,1,0.7900123268490438
75557,1,1,0.9354669670703797
40234,1,1,0.9343527860958436
87998,1,0,0.4503612714902086
24554,1,1,0.9625666462348329
100886,1,1,0.9845977779488313
98083,1,1,0.9867344317757344
35843,1,1,0.9893953281933277
783,1,1,0.9074433717206946
30941,1,1,0.9756331695775867
73054,1,1,0.9538849776196848
47782,1,1,0.9854092149954783
84995,1,1,0.9568595284781279
65008,1,1,0.981026173814478
21804,1,1,0.9228604376261818
29001,1,1,0.9642058920520514
91413,1,1,0.9867383066740892
41175,1,1,0.9736691192889916
85205,1,1,0.9723861631109454
100512,1,1,0.9394977771410455
3934,1,1,0.9789080568392382
5612,1,1,0.9824538811483838
55756,1,1,0.9917336432722759
4212,1,1,0.9922444123119055
47741,1,1,0.9287884948968532
48808,1,1,0.7784220603919614
45977,1,1,0.9806350693376769
83796,0,0,0.1886368614219863
34089,0,1,0.8927411396557355
97508,1,1,0.7361706364419504
70201,1,1,0.9362241300608858
37594,1,1,0.9802719014035368
77644,1,1,0.9722634744541919
81440,1,1,0.9752620311402841
112711,1,1,0.9911742497209134
28707,1,1,0.9728174840358925
72494,1,1,0.9828621541587903
14314,1,1,0.9751731710528637
91595,1,1,0.9822714818462857
62742,1,1,0.9776792390919599
100422,1,1,0.934435399334
64923,1,1,0.9461305609357198
80194,1,1,0.930765396143189
2068,1,1,0.8496144697905957
54972,1,1,0.9854623636624569
101650,1,1,0.9881351390844592
40886,1,1,0.9352818520499042
53650,1,1,0.9778728079509953
77267,1,1,0.9802410737306505
30029,1,1,0.9367382483141425
14456,1,1,0.9803242134242707
23683,1,1,0.7267336473534461
112484,1,1,0.9855108488140026
77198,1,1,0.9437376434231399
108298,1,1,0.9673692160920775
69943,1,1,0.9285759513113817
72351,1,1,0.9718237806485895
94573,1,1,0.9790055121530176
87875,1,1,0.9876614905079864
9097,1,1,0.9749215778835097
102955,1,1,0.9638283771474252
52147,0,0,0.4753494318506503
52863,1,1,0.9693426739322529
60482,1,1,0.9802622701651608
96163,1,1,0.767884237213596
38913,1,1,0.9627003725184914
25673,1,1,0.9720554076519445
297,1,1,0.9845476554680503
52650,1,1,0.9685541250553837
107359,1,1,0.8718523955988451
77831,1,1,0.9784149791508686
63948,1,1,0.9853631846562573
100119,1,1,0.979341811272674
31006,1,1,0.9837904486721838
12629,1,1,0.9834680494508141
76479,1,1,0.9540981765096136
90686,1,1,0.9529532813073133
55801,1,1,0.9771225170509513
88338,1,1,0.986826058249419
91807,1,1,0.8748280690457815
91345,1,1,0.9448291225990235
57649,1,1,0.9866070252193082
96162,1,1,0.9897756358377743
2346,1,1,0.9609255481565723
14322,1,1,0.9740957663869677
66308,1,1,0.9765702510163626
53168,1,1,0.9853872670100158
57208,1,1,0.9845655397475435
25748,0,0,0.0007733057064201579
56169,1,1,0.9830791452448834
43838,1,1,0.9785297469711377
13940,1,1,0.9864316046616064
11050,1,1,0.9714200091664253
53043,1,1,0.9469620906588282
716,0,1,0.9765853137536935
110342,1,1,0.985163457392236
13734,0,1,0.8396764531019366
101252,1,1,0.5871070272750912
61410,1,1,0.9808137607086083
82965,1,1,0.9624797511656472
88118,1,1,0.8388159698921274
63601,1,1,0.9899820292716892
72962,1,1,0.9168727366835807
90631,1,1,0.975712561625784
53835,1,1,0.98038416877731
6791,1,1,0.9841392311836931
5009,1,1,0.9751179817650545
8820,1,1,0.9876451379906129
46193,1,1,0.8121947440264878
21957,1,1,0.9824818999731156
23128,1,1,0.9791181617172233
47430,1,1,0.9227217783701298
67659,1,1,0.9504891408783745
8846,1,1,0.8201359038671477
63763,1,1,0.915761780770048
69400,1,1,0.84728239822308
96655,1,1,0.9842268538002822
34218,1,1,0.9658851093126849
102731,1,1,0.9878932157668922
44821,0,0,0.004760396104707095
71310,0,1,0.9334710671881584
70443,1,1,0.9058063559316992
5691,1,1,0.6432284051114439
7671,1,1,0.9578663896865068
40694,1,1,0.9729183447883032
60832,1,1,0.9764606767967118
23106,1,1,0.9715709821758843
56268,0,1,0.9549156685194142
105077,1,1,0.9851794847274331
41740,1,1,0.9792949663688204
82759,1,1,0.917105825158095
35648,1,1,0.624738055751864
59486,1,1,0.9078468239101569
48530,1,1,0.9814993171411471
50173,1,1,0.9458691302733622
72991,1,1,0.9742100745765643
22276,1,1,0.9835011729548353
54020,1,1,0.9858081882478944
30075,1,1,0.9731951963412134
3203,1,1,0.9898298957346933
27972,1,1,0.883593910959792
54751,1,1,0.886217100086348
58272,1,1,0.9744130800421142
13479,1,1,0.9876238803282426
14642,1,1,0.9791575529921838
76447,1,1,0.9518902381508869
13133,1,1,0.9597011462306697
84951,1,1,0.9388021134586793
94829,1,1,0.9874454393538797
107778,1,1,0.8743252756791049
94146,1,1,0.9771110093542293
44768,0,1,0.6994779520835247
80143,1,1,0.9759065722742974
64819,1,1,0.9824468464742623
59642,1,1,0.9892415261054067
53855,1,1,0.9284464068610404
39034,1,1,0.9619057131626683
82987,0,1,0.9021743198150509
21734,1,1,0.9773088753816517
14485,1,1,0.9707446273939383
77372,1,1,0.9855646058285008
24803,1,1,0.9566669608498755
81875,1,1,0.9525155272577979
38325,1,1,0.946913554956165
20715,1,1,0.9824908815589971
27949,1,1,0.9684832818664114
63779,1,1,0.9870800326000104
49632,1,1,0.9884135088677932
112222,1,1,0.848002146529738
54877,1,1,0.9568186740723991
77478,1,1,0.9730325343300952
68178,1,1,0.9501939460316411
90739,1,1,0.9526607862753904
83362,1,1,0.97291734205664
79138,1,1,0.8973661646514574
57910,1,1,0.9742115965622351
56493,1,1,0.9800661772118502
816,1,1,0.9794600440233602
73197,1,1,0.8741963408866285
68802,1,1,0.9756113609079882
69981,1,1,0.9567394768672329
19592,1,1,0.9536528763958357
108564,0,1,0.8324463754259374
62760,1,1,0.94766926254009
63697,1,1,0.984399793093094
75152,1,1,0.7335192400343751
22219,1,1,0.9871783209703696
107126,1,1,0.9844859636308108
97734,1,1,0.9796193389631689
90665,1,1,0.9740986373726546
23863,1,1,0.9704356336065101
30185,1,1,0.9658911058291936
89248,1,1,0.9577306195693559
22366,1,1,0.9872938720176796
94490,1,1,0.9768231446164284
83960,1,1,0.9766773797219352
18829,1,1,0.967295431764993
78876,1,1,0.9684577332884273
106529,1,1,0.8794692524575999
17758,1,1,0.9699409602800839
36841,1,1,0.9259207985119282
60686,1,1,0.978995856390754
9892,1,1,0.9874154555417824
32918,1,1,0.9141116448720459
73066,1,1,0.9814050286760111
3621,1,1,0.9883292264327138
1584,1,1,0.9813070158898486
42863,1,1,0.9749361327859046
43939,1,1,0.9785538663901331
83521,1,1,0.980487945087848
3059,1,1,0.9827684110486593
63806,1,1,0.98307477415429
28464,1,1,0.9842031774497868
84907,1,1,0.9884465892659297
112621,1,1,0.9081228230716294
9315,1,1,0.9385594904904051
45422,1,1,0.9616124580381262
29730,1,1,0.9359182460585316
94590,1,1,0.8848553741480799
30130,1,1,0.9744699882022243
40776,0,1,0.9576417117546606
95219,1,1,0.9270702401504105
75858,0,1,0.8651030248445489
106146,1,1,0.9770348071067326
106841,1,1,0.9605276310928695
36937,1,1,0.9637627309509543
32143,1,1,0.9869483047983865
107031,1,1,0.9722422424189445
72978,1,1,0.9857658311575598
34760,1,1,0.9365479804658969
52138,1,1,0.9412383511571559
58277,0,1,0.8792308888368817
9666,1,1,0.9811356470849735
80216,1,1,0.9818771502767645
42030,1,1,0.9886691567356581
83215,1,1,0.8850842760899656
22851,1,1,0.9405705179663046
112550,1,1,0.9599790294401201
50452,1,1,0.9527680901796646
89003,1,1,0.8491853761374721
55955,1,1,0.980645339668401
67525,1,1,0.9626701245627621
107299,1,1,0.9482689646259871
69004,1,1,0.9081736383413138
97679,1,1,0.9654387823906984
29363,1,1,0.9578228696741107
59973,1,1,0.9755956115138716
109067,1,1,0.9796155197855353
53226,1,1,0.9636167454715607
20830,1,1,0.9620519779055146
77397,1,1,0.975929575996225
36704,1,1,0.9851475181332587
82869,1,1,0.9856184873964621
86745,1,1,0.9823499023756043
93256,1,1,0.9394151775921332
41182,1,1,0.9832070290881907
98380,1,1,0.8236195446218888
61559,1,1,0.9888892674895545
85962,1,1,0.9733176873686542
106168,1,1,0.974665259679913
103044,1,1,0.9825647256148454
89319,1,1,0.9504192378162214
19587,1,1,0.9707491791366166
95056,1,1,0.9721070254685431
83071,1,1,0.922395805706685
19626,1,1,0.8317113128191742
74277,1,1,0.9358283980949341
101232,1,1,0.9864686741099001
39310,1,1,0.7675497190143316
111960,1,1,0.9875675532655123
30713,1,1,0.8669833766351016
25393,1,1,0.9843143024622866
84181,1,1,0.9646253771048748
2342,1,1,0.8980250331293201
112774,1,1,0.9760610403712735
76511,1,1,0.9211125516568147
92914,1,1,0.8889116064493071
2215,1,1,0.9830114380989462
87528,1,1,0.9744292346596686
1336,1,1,0.7834884021710734
108174,1,1,0.9240681608740459
86300,1,1,0.9691948953735915
38531,1,1,0.9826975587576223
75524,1,1,0.9758654417052833
78032,1,1,0.9781273889714561
35038,1,1,0.9662794379786505
18401,1,1,0.9818996713546133
85629,1,1,0.9505346177142593
3284,1,1,0.9799086374886308
41781,1,1,0.9735067523158886
71718,1,1,0.8859200891613201
20535,1,1,0.985805685531234
4507,1,1,0.9249947695771153
109472,1,1,0.9572569069412561
38431,1,1,0.8650067277044232
75435,1,1,0.9637532602110784
82902,1,1,0.8963194694271663
13785,1,1,0.9813841589637338
54007,1,1,0.9693725253863799
56337,1,1,0.8199926284558284
39885,1,1,0.9811204986889076
100363,1,1,0.9485055965433304
14957,1,1,0.9028867567667934
102230,1,1,0.9397110770383792
38614,0,1,0.8775851869499197
24930,1,1,0.984754226510734
28947,1,1,0.9460719897178109
45455,1,1,0.9703335983818956
86606,1,1,0.9873977738882523
77454,1,1,0.9614788574209315
55675,1,1,0.9578613247474709
23956,1,1,0.9873204595510879
71008,1,1,0.972671910641932
108963,1,1,0.9193790176820255
40569,1,1,0.9287121550405992
71970,1,1,0.7842263594472435
104571,0,0,0.16432450606415144
62951,1,1,0.8886729418330926
101240,1,1,0.9567968164547976
83785,1,1,0.9668050878832555
89631,1,1,0.9851451835105294
106128,1,1,0.9730705765660359
110528,1,1,0.988759521905554
57446,1,1,0.9481093461491861
58964,1,1,0.9508399380147353
60856,1,1,0.7647819845345973
33857,1,1,0.9871390918322672
45125,1,1,0.9761535922335257
54820,1,1,0.9273001303586713
90375,1,1,0.9806338171095194
73337,1,1,0.9752438094358562
88471,1,1,0.9766608560966176
47359,1,1,0.9556025605634957
106080,1,1,0.9843275054699131
2619,1,1,0.9829717049586627
28981,1,1,0.9613378024696864
98403,1,1,0.9442892009574427
88793,1,1,0.9716541680732167
26980,1,1,0.9726774827746202
3627,1,1,0.9718038145298876
105368,1,1,0.9834291375439838
66953,1,1,0.9029949488351424
63826,1,1,0.9744377368199317
33827,1,1,0.9856604251090202
87029,1,1,0.9746124553713321
68519,1,1,0.9877580956253729
57850,1,1,0.9670239506475931
36809,1,1,0.9744957003789326
56659,1,1,0.9887493843085625
29265,1,1,0.9299421231926727
97295,1,1,0.9805716117578953
13067,1,1,0.9900767326592682
103923,1,1,0.974726631569573
57997,1,1,0.9814214408939494
64628,1,1,0.9433383958927258
104354,1,1,0.9759508437044642
91488,1,1,0.9611147154019892
42627,1,1,0.9824174508811664
41100,0,1,0.7013095319503545
110277,1,1,0.9678353835333681
48320,1,1,0.961671020526983
37372,1,1,0.9721759753955653
34537,1,1,0.9731914396768827
57253,1,1,0.9758083171731579
53946,1,1,0.9603108849047435
952,1,1,0.5399544133100518
27356,1,1,0.9873403933827709
44528,1,1,0.9464135110692468
2830,1,1,0.987982435056996
108329,1,1,0.9788069400475312
44060,1,1,0.9468851910568178
72980,1,1,0.9703989087292354
107155,1,0,0.4614895525564799
10958,1,1,0.9713518161745688
43382,1,1,0.967748599757082
53577,1,1,0.9212982767804301
61413,0,1,0.9587116243538473
55828,1,1,0.990137480833335
23287,1,1,0.9605764770057124
37583,1,1,0.9770084092320904
28800,1,1,0.9785852805051617
62720,1,1,0.9746811162902993
26164,1,1,0.9791427988749316
10066,1,1,0.9851258213835095
46022,1,1,0.98126117940955
76388,1,1,0.9507053969874704
30547,1,1,0.9667727900870468
49057,0,1,0.7741090315045345
60710,1,1,0.9774654834130565
21592,1,1,0.9441650659742349
81332,0,1,0.9751776653991576
19048,1,1,0.8587175410234847
45453,1,1,0.9228302172436914
29525,1,1,0.9692806177198386
14534,1,1,0.9756988933601453
80813,0,1,0.9709686713501238
110846,1,1,0.9339368353136689
74073,0,1,0.9674189062857654
98241,0,1,0.9453429011317167
58992,1,1,0.8791461510931263
98531,1,1,0.9205136769373247
28580,1,1,0.9669541321234288
37229,1,1,0.9369697296227157
71381,1,1,0.940400364224373
107933,1,1,0.9876303396700072
30023,1,1,0.9639814194471026
11338,1,1,0.9685704849277162
68908,1,1,0.9718822040286844
43093,1,1,0.9835291766345092
32119,1,1,0.9813180561185743
91286,1,1,0.9635369575548329
73910,1,1,0.9763302649596841
22434,1,1,0.981360409436661
91815,1,1,0.9859952585273015
59154,1,1,0.9561392560106737
94591,1,1,0.9848417306750459
25425,1,1,0.9498320309848622
101155,1,1,0.9737428973497596
25669,1,1,0.9091044794373959
23575,0,1,0.9207938443469533
5743,1,1,0.9786864255962365
24962,1,1,0.987426551921838
10800,1,1,0.9760159523865007
64851,1,1,0.9596212308982406
49713,1,1,0.9282234661064127
67456,1,1,0.9875664051514922
106362,1,1,0.9847142629168671
8247,0,1,0.8851748819530737
110294,1,1,0.9840831573298184
105523,1,1,0.9816239938579647
108598,1,1,0.9833391754825197
52140,1,1,0.9734199379275333
86264,1,1,0.8132866126545893
99863,0,1,0.6538000085538275
110129,1,1,0.9785038439797764
6830,1,1,0.9663883262070392
110252,1,1,0.9887234885310808
105325,1,1,0.9687544248801605
58052,1,1,0.9794491950560311
64135,1,1,0.9604085687784876
100601,1,1,0.9451729676848691
13235,0,1,0.9448216697045786
51004,0,1,0.6377775685626453
6375,1,1,0.9114707216995199
56869,0,1,0.671915893359648
2667,1,1,0.9559431213375392
96690,1,1,0.9758860745960052
23711,1,1,0.9771034638856622
103406,1,1,0.9840694001102142
157,1,1,0.9639409626202602
109135,0,1,0.8423710499840577
17980,1,1,0.9629021977257561
21113,1,1,0.9693814911848375
80764,1,1,0.9761003903078904
97984,1,1,0.9809151092537656
106302,1,1,0.9810934397407853
18213,0,1,0.947380641234434
47822,1,1,0.9675063738972975
44957,1,1,0.9776743251225339
77335,1,1,0.991417116180743
44703,1,1,0.9804203315518265
83267,1,1,0.9435743854064282
83598,1,1,0.9324792491259228
13510,1,1,0.9495216890247775
53302,0,0,0.16914653293728146
58301,1,1,0.9713228886821494
103392,1,1,0.9684178962725184
52026,1,1,0.9759273259865641
113226,1,1,0.9343735800041924
35943,1,1,0.9876159022940428
55845,1,1,0.9098753962003527
42635,1,1,0.8405017523075818
112596,1,1,0.9775518917615583
36010,1,1,0.9825246331910078
71365,1,1,0.9775528229733215
52493,1,1,0.9673430885942195
70269,1,1,0.9553078020880544
39353,1,1,0.9811454432709775
76972,1,1,0.9873117039263415
58406,1,1,0.9144339423556076
53293,1,1,0.9559025835862751
80074,1,1,0.906809889836639
14064,1,1,0.9350737812496953
104307,1,1,0.9764593998172715
112840,1,1,0.9324696423686619
90308,1,1,0.9627391173502562
554,1,1,0.9846459851852419
60547,1,1,0.9830519750691895
9618,1,1,0.9766886372532025
8431,0,1,0.9053029386172375
26393,1,1,0.9857247679920788
23928,1,1,0.8886169578871345
5697,1,1,0.9843158070445405
40802,1,1,0.9606769864620391
101504,1,1,0.9411556951181561
51643,1,1,0.8138980195294542
28946,1,1,0.617574914581986
106118,1,1,0.9827854097203439
24354,1,1,0.8258071131868445
48772,1,0,0.3123719758317246
20131,1,1,0.9803063745080859
41190,1,1,0.9508332643871232
88790,1,1,0.9806395055893575
57620,1,1,0.9777915099436397
40198,1,1,0.9227242913190343
78559,1,1,0.9832195436998167
50613,1,1,0.8972155449984055
90056,1,1,0.9861150592126295
105120,0,1,0.8584661382076829
60485,1,1,0.727768440387695
4029,1,1,0.9729283026313492
61487,1,1,0.9050168016647263
3612,1,1,0.9364831250934536
16213,1,1,0.9863790443901711
42751,1,1,0.9335954982468861
19197,1,1,0.981438671160527
12791,1,1,0.9613400974401725
26566,1,1,0.9824679558787844
25761,0,1,0.9014361191075256
36242,1,1,0.9843590343638936
24771,1,0,0.46480703342809077
13266,1,1,0.9833162158549804
82814,1,1,0.9835134661731295
109546,1,1,0.9303516968872713
108528,1,1,0.9684276560959846
108343,1,1,0.9376276809036969
42302,1,1,0.9832707423336987
26348,1,1,0.98516146497137
92364,1,1,0.9669254049366671
44119,1,1,0.9774569828250026
66317,1,1,0.9829046400404123
93549,1,1,0.9767559242904807
51414,1,1,0.9829733801300518
15957,1,1,0.955284431376183
40866,1,1,0.9745032479875632
61498,1,1,0.8673433563048728
14228,1,1,0.8969202249504272
37747,1,1,0.9427038681948059
55827,1,1,0.9658169890252214
16787,1,1,0.9860603966319028
17647,0,1,0.9760506942437926
61085,1,1,0.9556588101193371
50184,1,1,0.9815912947450544
94798,1,1,0.8395532247057185
11591,1,1,0.956016816834128
10683,1,1,0.983016788035731
42394,1,1,0.9731838540137899
13405,1,1,0.9737111382849913
51153,1,1,0.8187807189828282
56092,1,1,0.9377987037395146
29426,1,1,0.9870210078751719
29581,1,1,0.9412787343864931
100130,1,1,0.9658731513965676
5871,1,1,0.9875158913703909
101275,1,1,0.9840057292614299
10896,0,1,0.9793307801936705
83107,1,1,0.9781604606658498
76315,1,1,0.9768176572405324
86806,1,1,0.8320110702720064
102054,1,1,0.6842536000991319
46142,1,1,0.9788366126990329
294,1,1,0.9812594726129416
33888,1,1,0.9527359231205973
103656,1,1,0.9842155156163696
6700,1,1,0.9273818760203162
107475,1,1,0.9636021768319059
109663,1,0,0.49960571733298687
85513,1,1,0.9102898639730733
18545,1,1,0.9703803568103049
105883,1,1,0.9299846796781414
63847,1,1,0.9606212144904476
43133,1,1,0.973209657179346
40308,1,1,0.9483613086998427
109709,1,1,0.9822199424998386
100281,1,1,0.9815733686495012
103468,1,1,0.9808291324808186
78042,1,1,0.9669819616950577
15049,1,1,0.9857285157518723
56870,1,1,0.9618285989468788
4956,1,1,0.9731165682681601
67332,1,1,0.9640270790950144
33647,1,1,0.9834092471822496
53635,1,1,0.9833323885259146
38300,1,1,0.9744697508631193
93863,1,1,0.9851279809194081
2311,1,1,0.9019397335820176
54083,1,1,0.9750752239618573
54543,1,1,0.7043280126703714
56976,1,1,0.9544607189034198
89485,1,1,0.9799131973068932
93128,1,1,0.9811014395951694
10072,1,1,0.9766666826896605
66726,1,1,0.979311978605543
32400,1,1,0.7492226058465016
57270,1,1,0.9790650839486541
83540,1,1,0.9387043472403953
40271,1,1,0.9301817771244653
44056,1,1,0.9786670433435959
84225,1,1,0.9730222293651766
59361,0,1,0.7956219498653887
84656,1,1,0.9693039017710199
28418,1,1,0.8618830956991894
80044,1,1,0.9815369102059871
25265,1,1,0.9547730773453065
29205,1,1,0.9333306988138618
45054,1,1,0.9775802897005943
103965,1,1,0.934864589813113
12102,1,1,0.9839094007475214
7555,1,1,0.8954681011907774
1507,1,1,0.9781811010777122
111047,1,1,0.8525626187244563
51160,1,1,0.9825487608419187
2218,1,1,0.6385781199585016
5031,1,1,0.9824346215993983
95869,1,1,0.9808954252209457
29789,1,1,0.9762884834520683
64471,1,1,0.9837100670850462
48146,1,1,0.9877504040414602
106042,1,1,0.9754021858110912
60869,1,1,0.9133418404385351
27383,1,1,0.965293937499126
82083,1,1,0.8339525338579454
76651,1,1,0.9859271372905268
80908,1,1,0.9895705548410749
52986,1,1,0.9794827426478818
861,1,1,0.9879377203001196
51584,1,1,0.9867958082064776
66191,1,1,0.9816706115752358
62625,1,1,0.9836713180980203
16643,1,1,0.9843260933632431
48576,1,1,0.9762248696243472
61398,0,1,0.8491832550684438
83845,0,1,0.7974816452358263
73962,1,1,0.9591117370001496
37912,1,1,0.7715963149605736
100957,1,1,0.9833658740655944
13467,1,1,0.9759814832395286
64653,1,1,0.9847735029422436
77555,1,1,0.980825794488874
24861,1,1,0.9874370373794827
29429,1,1,0.8420368913199292
14583,1,1,0.97486673105439
33451,1,1,0.8628643012904795
28562,1,1,0.9759764559586325
4994,1,1,0.979876966111937
25844,1,1,0.9256095869310081
68665,1,1,0.8638380541203368
83636,0,1,0.9853894760050018
31214,1,1,0.9795578859325583
43148,1,1,0.9739235852071936
5758,1,1,0.9770035545835264
94257,1,1,0.986382262275392
46073,0,0,0.37853809781747005
1250,1,1,0.9754971247703026
42082,1,1,0.856193556059317
39924,1,1,0.9762935695109015
100492,1,1,0.9724018096167352
51386,1,1,0.9493269349004778
9572,1,1,0.9850924670452569
3982,1,1,0.9880636450223442
105641,1,1,0.9836169645139454
48268,1,1,0.943365467395572
20462,1,1,0.9677905565011524
45142,1,1,0.9626498978292688
47121,1,1,0.9446558432678804
101402,1,1,0.982924832266029
108170,1,1,0.9638890971110785
49798,1,1,0.8930792266444308
24262,1,1,0.981166390705434
21528,1,1,0.8803934911340016
93035,1,1,0.9002545301501719
78010,0,1,0.8071872046284301
102018,1,1,0.9763089803317212
9440,1,1,0.9842028988152302
52909,1,1,0.9336736686930915
95212,1,1,0.9764982060880234
11635,1,1,0.9590170184093326
67521,1,1,0.9108331137348693
82316,1,1,0.9770488309221261
1956,1,1,0.7409714106106664
98786,1,1,0.9797272871785478
98927,1,1,0.9792834845669688
89918,1,1,0.8868087812980688
54873,1,1,0.9183673471532064
56392,1,1,0.9881574112148427
20394,1,1,0.9873315246593093
24553,1,1,0.9579345968643065
16704,0,1,0.8335254949330125
47957,0,1,0.9736236170922747
37507,0,1,0.8784204934951779
13551,1,1,0.9732019509012355
9493,1,1,0.8236644994509866
87345,1,1,0.9844169890059261
54665,1,1,0.9863806941548194
4404,1,1,0.9773391953714035
41825,1,1,0.9600116285275815
19576,1,1,0.973300499698707
3199,1,1,0.9262368338270209
96316,1,1,0.9758282988526513
92366,1,1,0.9832126354784672
79646,1,1,0.9845430653702282
14774,1,1,0.9804067825214723
91686,1,1,0.9550423835224103
84129,1,1,0.9694313387375695
43362,1,1,0.9536945505971516
64470,1,1,0.9643088085247803
39401,0,1,0.8414269435991503
49293,1,1,0.9832023563040465
28107,1,1,0.9902507569999132
105154,1,1,0.9764898774532446
11896,1,1,0.9692830015496323
1089,1,1,0.9553054921992666
61294,1,1,0.9061829704175467
84713,1,1,0.9556325549964856
24017,1,1,0.9587348851132312
64862,1,1,0.9009832866773518
12765,1,1,0.9790143735366605
34821,1,1,0.980497823317543
1242,1,1,0.9794341450570148
79848,1,1,0.9805689128167754
30403,1,1,0.953909190400981
77819,1,1,0.9695160179266099
83143,1,1,0.7467023902750275
52121,1,1,0.974142627077514
94738,1,1,0.9710460677371402
70274,1,1,0.9474155030758937
28360,1,1,0.9865130657027489
41268,1,1,0.9893564332008216
90787,1,1,0.9786029741103682
50085,1,1,0.9822360086716617
24763,1,1,0.7540561039820154
96489,1,1,0.9762543635519465
2788,1,1,0.9490667171601251
46158,1,1,0.9796246778236444
53217,1,1,0.8848851077958931
109880,1,1,0.948081039215859
17136,1,1,0.8792099602953283
4094,1,1,0.9776237329061122
40817,1,1,0.9230820957699263
21063,1,1,0.9862834281070975
57444,1,1,0.9440550968502998
11711,1,1,0.9541650351934563
61319,1,1,0.9708244130835731
50729,1,1,0.7012362106944727
45347,1,1,0.9834052133043301
57858,1,1,0.9717522506329039
99360,1,1,0.9850298265576389
80569,1,1,0.979461060095409
6901,1,1,0.9517883992767491
57013,1,1,0.9805928102610294
101367,1,1,0.9788986064664391
75386,1,1,0.9290955167259508
43973,1,1,0.8428061252244116
108501,1,1,0.9640214955768891
20702,1,1,0.9805266905731633
15675,1,1,0.9802748912563339
101811,1,1,0.9798689096899628
36801,1,1,0.9809662915274902
30675,0,1,0.5169852686651198
79715,1,1,0.9780763140028746
34641,1,1,0.8639690990619148
36495,1,1,0.9795839386610817
85827,1,1,0.8224700303126231
84866,1,1,0.9647937553217941
88291,1,1,0.9821162973441043
48378,1,1,0.9787699261584043
72304,1,1,0.9593425982897718
56380,1,1,0.9770632634251477
76490,1,1,0.9870194704757896
59580,1,1,0.734103597205568
40137,1,1,0.9889663355817162
47536,1,1,0.9822934186496511
72030,1,1,0.9793985342708973
58893,1,1,0.9879380328748667
59151,1,1,0.9479673008622038
18505,1,1,0.9702129683665556
567,1,1,0.9782622619262142
95089,1,1,0.9383577051096743
94457,1,1,0.9738370306785644
57321,1,1,0.950508765437478
96563,1,1,0.9356787448728984
52899,1,1,0.9776664286244794
20588,1,1,0.9786507166127004
95645,1,1,0.9622451990093588
17481,1,1,0.9864135090244412
29906,1,1,0.9651555081906457
72088,1,1,0.8365310521660347
54033,1,1,0.9434927287403893
63044,1,1,0.9258482505208023
67013,1,1,0.979581162316557
30312,1,1,0.9718831697166358
88606,1,1,0.9778157473217541
44777,1,1,0.8642530411129188
63086,1,1,0.9243575176750403
42571,1,1,0.8926866419473236
25934,1,1,0.9164042987827133
9988,1,1,0.985693553668009
61597,1,1,0.8837718011519852
16857,1,1,0.9829449455762347
63415,1,1,0.8750864205561207
21587,1,1,0.9154757897797854
21595,1,1,0.9089305462105751
34899,1,1,0.9752922529012911
1171,1,1,0.9105909888774212
28259,1,1,0.9757868533910663
63502,1,1,0.9799501426719058
32916,1,1,0.9865359833802241
51492,1,1,0.6015970515588772
73736,1,1,0.9478235036230863
12119,1,1,0.8006850662980926
74607,1,1,0.9381300285578164
25856,1,1,0.9796986994568329
60240,1,1,0.9732348589877419
101821,1,1,0.9783341318398342
33791,1,1,0.953121229348584
16887,1,1,0.9170451543161802
89114,1,1,0.9796909141058978
14252,1,1,0.9834321841603672
34851,1,1,0.910478592295367
73014,1,1,0.9780673874710336
34651,1,1,0.9776020647088466
110542,1,1,0.9617498676731494
77558,1,1,0.9811313067768708
20005,1,1,0.9793958244684263
84532,1,1,0.9879981561071234
81082,0,1,0.8458038178983721
101801,1,1,0.9844024872258581
103812,1,1,0.7077029809417151
40639,1,1,0.980258300611584
19839,1,1,0.9354860802082254
44915,1,1,0.9755963374269091
59133,1,1,0.7492033673342179
34103,1,1,0.9452407739058934
12094,1,1,0.933377413224752
99477,1,1,0.9725005895033019
24044,1,1,0.973137340233279
70472,1,1,0.9667501540992388
56509,1,1,0.9555403794405555
59527,1,1,0.9827975454770123
89065,1,1,0.9163754618782061
6944,1,1,0.9092033659708849
112154,1,1,0.9513008232949971
20295,1,1,0.9812968258971042
43707,1,1,0.9642147704488127
5835,1,1,0.9700331639337166
110383,1,1,0.9814488135339962
81816,1,1,0.8399711510122326
97196,1,1,0.9790298161539093
15992,1,1,0.9732908408804067
92646,1,1,0.9792518295660396
45086,1,1,0.9848123373816783
16232,1,1,0.9351222355641944
53926,1,1,0.9709740873493463
67872,1,1,0.9669412945411757
36393,1,1,0.9748623281673616
57497,1,1,0.9428865318381907
49086,1,1,0.9716484849622753
14464,1,1,0.9532280151661351
96942,0,1,0.8132904648811571
10722,1,1,0.9719033225195917
50265,1,1,0.8989256617122098
111620,1,1,0.981895861839516
49908,1,1,0.8850261445056152
105965,1,1,0.973730090329605
44319,1,1,0.8897280224756505
42387,1,1,0.9680599637227729
16923,1,1,0.9764237292706544
86509,1,1,0.9377748184843787
101311,1,1,0.9706125142709908
64407,0,1,0.976336820374572
24301,1,1,0.9746184277316204
21068,1,1,0.9828888759319064
113480,1,1,0.9340857960738681
90300,1,1,0.9773628731243249
1794,1,1,0.9515633495009519
94006,1,1,0.9712589662640697
28061,1,1,0.971220657953495
96977,0,1,0.8371611959086132
3585,0,1,0.6863859696231686
17628,1,1,0.9352678350488011
11244,1,1,0.9888112854854888
81193,1,1,0.907008951991118
98454,1,1,0.9876817482677066
112334,1,1,0.9848617643997696
90193,0,1,0.9467503695297678
85017,1,1,0.9566622711011222
31305,1,1,0.9897167359767524
44859,0,1,0.5591541495827153
89524,0,1,0.9802171099763586
90945,1,1,0.9513035196344977
81339,1,1,0.9475565321447684
80151,1,1,0.9783241915635709
4429,1,1,0.970758276257624
63167,0,1,0.8859689762807653
751,1,1,0.9743546340902817
104166,1,1,0.9117102240495357
84185,1,1,0.9357684575936732
50672,1,1,0.9886009464705455
103058,1,1,0.9851556823054324
20250,1,1,0.9867539482612919
102095,1,1,0.9649896708397164
44143,1,1,0.9776030731939341
45801,1,1,0.9484538891681156
27201,1,1,0.9042206968068025
7002,1,1,0.9780722987553045
71693,1,1,0.9839217989271603
105241,1,1,0.957213654028764
77337,1,1,0.9855386454920956
43947,1,1,0.9088305726669889
41639,1,1,0.9593867462623503
70007,1,1,0.9654059876585833
52236,1,1,0.9755044979938932
30479,1,1,0.867870043038305
93514,0,1,0.6778598880561661
90126,1,1,0.8778886536966192
58791,1,1,0.9728813639322537
100764,1,1,0.9611467265080591
87857,1,1,0.9560775094009218
94145,1,1,0.9839668943775974
3301,1,1,0.9640229299770382
1035,1,1,0.9845262216003952
109053,1,1,0.9879507695706415
89759,1,1,0.9859113841082623
77258,1,1,0.9864131123806512
81377,0,1,0.9320615684591366
20227,1,1,0.9841628676124556
1966,1,1,0.9429254725961556
34044,1,1,0.9763154764496564
27876,1,1,0.9731153159295306
18696,1,1,0.9743698661192743
19144,1,1,0.9646239412206921
106357,1,1,0.9764965384975987
91934,1,1,0.9749565099352329
19386,1,1,0.9876182946664671
111884,1,1,0.9680604935354146
99391,1,1,0.9812637066692661
87617,1,1,0.9818216448621878
61385,1,1,0.982280113142859
41464,1,1,0.7852248081519796
104081,1,1,0.9783372030062467
40004,1,1,0.9782501476383479
29783,1,1,0.8981790176566385
64384,1,1,0.9815152423646261
4567,1,1,0.9768476485602482
45128,1,1,0.9737107519744571
87871,1,1,0.9744914270680918
53242,1,1,0.9837005695029567
31778,1,1,0.9770494562892155
21058,1,1,0.9236426487909648
18184,1,1,0.9845298717395877
92949,1,1,0.9759599796974062
59807,1,1,0.9573575439893109
74267,1,1,0.9820558585851544
26678,1,1,0.864063977314757
107224,1,1,0.8785894948628453
98184,1,1,0.9777902139298497
38782,1,1,0.9090987731540238
97604,1,1,0.9654639701470701
39699,1,1,0.875830264450689
113494,1,1,0.9524628212734183
100029,1,1,0.9707545154011242
17895,1,1,0.986749298000157
104227,1,1,0.9873423904353261
96476,1,1,0.9891880416849764
62456,1,1,0.9776614187453777
29884,1,1,0.8733797001022112
88134,1,1,0.9729302603613856
107584,1,1,0.9637615798184015
80676,1,1,0.9528627408686606
78900,1,1,0.9857268360367311
24863,1,1,0.977390106224798
45507,1,1,0.9664521286824719
82581,1,1,0.9720535802839586
61794,0,1,0.9294456107066961
23484,1,1,0.9135616698601633
80240,1,1,0.9882340428022288
107729,1,1,0.9863246112114007
52283,1,1,0.9839582001453624
95989,0,1,0.9506058398781023
106966,1,1,0.9762291123607693
18418,1,1,0.980609955752311
48586,1,1,0.9658519811696686
38101,1,1,0.9840273453796062
40394,1,1,0.978886674798025
68011,1,1,0.915162988541427
4170,0,1,0.9725855760726693
57342,0,1,0.9289435673457411
60191,1,1,0.9543853836623261
87185,1,1,0.9777351745299744
7019,1,1,0.9727371497957872
63371,1,1,0.9885551212343002
39100,1,1,0.9667508027155195
104960,1,1,0.9250388559282398
95264,1,1,0.9133710186161986
38569,1,1,0.9427937336067677
102565,1,1,0.9847470093401981
32705,1,1,0.9866683687020543
80719,1,1,0.9769006130611871
44849,1,1,0.9777782314282706
20161,1,1,0.9850763691378813
18058,1,1,0.913008466642499
49054,1,1,0.9716960730749532
96935,1,1,0.9854599561853694
63350,1,1,0.9673102935206527
524,0,1,0.917147636919861
50468,1,1,0.9736839196070404
69142,1,1,0.9291607069759089
51003,1,1,0.9671036448421023
10160,1,1,0.9820248484750927
52926,1,1,0.9896581376379251
105385,1,1,0.9602617275517936
16589,1,1,0.9448913268461311
106403,1,1,0.9841598976545476
29140,1,1,0.9876596025235003
20008,1,1,0.8717378063894419
103151,1,1,0.9790315678441226
26109,1,1,0.9652220238744617
51807,1,1,0.8295730787439537
62883,1,1,0.9825289865568605
28166,1,1,0.9281397526319614
105075,1,1,0.97423480053187
106794,1,1,0.9566585434752817
106791,1,1,0.9509757530772348
97895,1,1,0.9049515894228656
84137,1,1,0.981368231780621
15008,0,1,0.7608106372961023
99546,1,1,0.9689773568465968
7981,1,1,0.9652231293516692
43172,1,1,0.9824760534357276
2301,1,1,0.971219677610322
111178,1,1,0.8867850726870793
23932,1,1,0.8706555166827687
91163,1,1,0.9404371419462572
24692,1,1,0.6717526779864058
38111,1,1,0.9884652890367914
53523,1,1,0.9827594138038899
11141,1,1,0.9484694611895954
68333,1,1,0.9814871553536281
53720,1,1,0.9425566927660048
49194,1,1,0.9840687280410078
96823,1,1,0.8912039817959598
106487,1,1,0.9831158100063276
104451,1,1,0.9821588864731123
60879,1,1,0.7796356740318544
3789,1,1,0.851813196559694
44810,1,1,0.9892857576422843
84146,1,1,0.9610588227912249
94950,1,1,0.9849635813233703
113729,0,1,0.6976437174491902
31546,1,1,0.973419028172506
22174,1,1,0.9821167969733177
84980,1,1,0.9833138447972377
89527,1,1,0.9085291024099966
78883,1,1,0.9802818053225321
64970,1,1,0.9247772717428824
66459,1,1,0.969822299819391
44208,1,1,0.9835226767394517
108942,1,1,0.9799464881462318
49118,1,1,0.9552641212297475
51237,1,1,0.9885248517561989
42031,1,1,0.9817671383962355
97259,1,1,0.9836851208293926
84086,1,1,0.9758869138617731
31140,1,1,0.9230005524379149
69645,1,1,0.9826661282003594
37829,1,1,0.9522498395865514
31423,1,1,0.9729758967951971
76108,1,1,0.9360763355003012
11576,1,1,0.9826957609260706
47931,1,1,0.980071404352559
4919,1,1,0.8790758621964566
46536,1,1,0.9763118558346557
97195,1,1,0.9198542888535846
10825,1,1,0.9672159336303898
71127,1,1,0.966489762444473
102646,1,1,0.9826284128777774
99190,1,1,0.944984464464899
64326,1,1,0.9747510778617633
2779,1,1,0.9807624620904591
104676,0,1,0.9363251892949052
83145,1,1,0.9396614728325028
102186,0,1,0.7924375874733255
67949,1,1,0.9684530528722178
47849,1,1,0.9780140120898969
95147,1,1,0.9620447249686878
14245,1,1,0.9262236864857359
93879,1,1,0.9366364824946865
4904,1,1,0.9875855888938001
21763,1,1,0.9848183537404614
58260,1,1,0.9629316223198989
88968,1,1,0.9571473727717417
107897,1,1,0.9777577667225658
75860,0,0,0.4677372999798029
68945,1,1,0.96421201032449
60144,1,1,0.9625852396318515
75338,1,1,0.9831214152262668
48126,1,1,0.9854931783399267
28024,1,1,0.9808186257790761
57122,1,1,0.8878583506952642
112977,1,1,0.9660177628528125
104943,1,1,0.7436089321345543
98259,1,1,0.982113068430232
6107,1,1,0.9727235986848942
72370,1,1,0.954909382400854
54225,1,1,0.9554568234358098
98707,1,1,0.9845915895496148
79392,1,1,0.8900088069929841
50196,1,1,0.9184145257088429
14994,1,1,0.9684308284404162
108488,1,1,0.9621110035985768
46610,1,1,0.9258706562492038
331,1,1,0.9863359624098297
36237,1,1,0.9748665194797435
54155,1,1,0.9452627923095653
57301,1,1,0.9807306065510109
67133,1,0,0.46428072485223776
83721,1,1,0.9825219550525542
17265,1,1,0.9884725321883207
106892,1,1,0.9874692710712284
61960,1,1,0.980076521713993
35725,1,1,0.9499183297442814
3232,1,1,0.9625764089276647
53875,1,1,0.8828281464863373
76109,1,1,0.9460131301857791
51116,0,1,0.8840678038169213
97913,1,1,0.9806339946435765
94568,0,1,0.8563645398566919
46868,1,1,0.9827132547518559
52516,1,1,0.9725518802011442
16534,1,1,0.9760432099368715
34734,1,1,0.9839007938018306
58894,0,1,0.8217539651523889
108013,1,1,0.9578463723467479
10224,0,1,0.937010162654564
69697,1,1,0.9835971321689597
106876,1,1,0.8629064824605509
85746,0,1,0.9107351719335465
106,1,1,0.9812271335315695
13985,1,1,0.8328134262762112
75134,1,1,0.9779141197840161
102397,1,1,0.9331393416820914
11189,1,1,0.9846600631059058
34498,1,1,0.9399958800328682
23726,1,1,0.9802585763816467
75353,1,1,0.9763956447642956
14438,1,1,0.9855247431090913
65276,1,1,0.9757916367589908
48846,1,1,0.9392613631505063
54368,1,1,0.9224735592102357
39905,1,1,0.9819736939560535
37674,1,1,0.9851413602282176
4555,1,1,0.986163803071668
39207,1,1,0.9610783180567473
74958,1,1,0.9545011188459722
24074,1,1,0.9800931515999995
106243,1,1,0.9522509319886587
109001,1,1,0.9433464396877332
30286,1,1,0.9843477521990158
113410,1,1,0.9126573576721593
74386,1,1,0.9857552862094007
57255,1,1,0.9812601079782058
78386,0,1,0.7414160167131447
83606,1,1,0.958398781054029
99627,1,1,0.9158651519846268
27132,1,1,0.7360782073077603
90223,1,1,0.8857503266694037
112664,1,1,0.9624303098172513
29805,1,1,0.9775753464156901
69998,1,1,0.9507681014621644
59326,1,1,0.9547425173161117
42679,1,1,0.8202569770448659
11887,1,1,0.8695705590207001
80972,1,1,0.8954221802441076
50209,1,1,0.8720854158924254
16366,1,1,0.9772059994533959
77874,1,1,0.9679556062469046
90585,1,1,0.9181367293386145
7589,1,0,0.3163048487506605
77396,1,1,0.9821054462579707
93820,1,1,0.9826312219772083
4363,1,1,0.9022663033645744
51040,1,1,0.9419404323278299
15674,1,1,0.9467969546313452
45584,1,1,0.9376875788878145
89356,1,1,0.937759706385865
104573,1,1,0.9815318720074293
102145,1,1,0.9636279450661861
99892,1,1,0.975230164684914
28848,1,1,0.9722780592318154
29580,1,1,0.9788549438125547
33075,1,1,0.9790642087106248
109480,1,1,0.937189223930368
2686,1,1,0.990361451559481
105066,1,1,0.9914845070065172
94682,1,1,0.9840802812539898
12740,1,1,0.9854000703244934
1783,1,1,0.9773154441675121
86607,1,1,0.9888265453299461
83049,1,1,0.9800613748347011
95920,1,1,0.9815584910671846
54049,1,1,0.9710800741490235
95257,1,1,0.9837596146004559
76383,1,1,0.9811846173221985
67767,1,1,0.8900398373823626
87341,1,1,0.9691173084102536
7351,1,1,0.9730825334397553
49541,1,1,0.9772135221039518
44190,1,1,0.9762829595184693
65979,1,1,0.9704793021823629
56046,1,1,0.9785649187854607
42597,1,1,0.9893454743718818
87430,1,1,0.9695387530471009
109617,1,1,0.9543535392159825
54964,1,1,0.8788244747936396
16843,1,1,0.9777932137114207
86622,1,1,0.9653214310696069
9550,1,1,0.9837141302732256
93487,1,1,0.9616138589291423
45607,1,1,0.9247610356545578
89982,1,1,0.9833932717387901
14910,1,1,0.9594438314258786
86934,1,1,0.9811389117989575
18662,1,1,0.971842191590667
103874,1,1,0.8813623245229428
99859,1,1,0.9903592587804375
60615,1,1,0.9898670205300987
90119,1,1,0.9497330555553427
80727,1,1,0.9716488683171448
2331,1,1,0.9855472513247796
14931,1,1,0.9815341302300505
81112,1,1,0.9759442724689654
51165,1,1,0.7094573728873259
79319,1,1,0.9578115359848485
36306,1,1,0.9766517489092598
53897,1,1,0.9820982846837021
91687,1,1,0.9787344705785961
88143,1,1,0.9340247010359533
59895,1,1,0.8122518613580629
83393,1,1,0.8660902843969345
72704,1,1,0.9674934655949744
109705,1,1,0.9750389480951969
13806,1,1,0.9481341802052057
35769,1,1,0.8974146559332781
82594,1,1,0.9039863777834015
74924,1,1,0.799702522995102
69368,1,1,0.9323550860194205
29998,1,1,0.9796249351798956
84413,1,1,0.9346360996736259
36781,1,1,0.9806393812833909
112892,1,1,0.9680999616171438
24465,1,1,0.901117654948556
76269,1,1,0.7719027319487056
25355,1,1,0.9277996361009813
91138,1,1,0.9697707652655536
49737,1,1,0.9843924434329305
48456,1,1,0.9855228321776447
22883,1,1,0.9820303695347191
82446,1,1,0.973913973936043
102562,1,1,0.9563438250353377
70468,1,1,0.8692125425169485
20815,0,1,0.8760752065856515
101008,1,1,0.9862125739932951
86516,1,1,0.976549327741773
7364,1,1,0.9697113166762216
105650,1,1,0.9859782841879192
53047,1,1,0.9783450600744183
36360,1,1,0.898136026256393
25705,1,1,0.9289293949622415
75363,1,1,0.9825367258746709
75896,1,1,0.9640126104850761
60649,1,1,0.9652906834293132
76066,1,1,0.9781062276237747
5635,1,1,0.9775914530340015
69080,1,1,0.9534103214946278
32036,1,1,0.9854386113260929
1309,1,1,0.963250224524431
78402,0,1,0.9540947952999703
77237,1,1,0.7400319742898591
11874,1,1,0.9599828314166328
111935,1,1,0.9364025132186049
9710,1,1,0.9805776735820778
16172,1,1,0.9726567431253792
112752,1,1,0.9440807836613094
18586,1,1,0.9693596317513663
61107,1,1,0.9817168738573291
74705,1,1,0.9752477005381937
83777,1,1,0.9772842984755352
78614,1,1,0.9622836142276128
112810,1,1,0.9760616458901942
82975,0,1,0.9762291659430299
81744,1,1,0.9854123850507552
27541,0,1,0.9373314922897792
74020,1,0,0.4523853660916325
86667,1,1,0.9756433757689159
16043,1,1,0.9739396807669578
84550,1,1,0.988356510134645
80754,1,1,0.9667295876108843
108069,1,1,0.9368422112275134
54113,1,1,0.9611938031362128
84989,0,1,0.8902819569086557
106938,1,1,0.9870971838183171
58424,1,1,0.985109807101796
105490,1,1,0.9866847003809518
108039,1,1,0.979456719142276
92059,1,1,0.9521981147395433
62208,1,1,0.9445044819846592
58615,1,1,0.9821580217867921
91491,1,1,0.9699960749255105
16282,1,1,0.8462225511223912
100692,1,1,0.9866653248646788
51745,1,1,0.9581879564494354
13027,1,1,0.971914080390576
30625,1,1,0.976830743753927
53741,0,1,0.9041458747515999
2578,1,1,0.9852643777288553
60706,1,1,0.9789138796819246
12215,1,1,0.9727602305748835
40263,1,1,0.9847738288289561
67898,1,1,0.9799126495469608
43329,1,1,0.9813466809673238
26662,1,1,0.9840806261833538
10064,1,1,0.9732097484715744
1275,1,1,0.9806182328374213
96999,1,1,0.9660501608739793
62043,1,1,0.9031305536058978
100432,1,1,0.9868909749418318
2861,1,1,0.9755065748511903
74388,1,1,0.9872513984462652
31092,1,1,0.9709633154930034
59402,1,1,0.9314250609381811
2981,1,1,0.9826637974658259
86612,1,1,0.8777442574072315
15995,1,1,0.9491469089731986
1103,1,1,0.9704303827348932
104465,1,1,0.9787498636584491
26900,1,1,0.978582645721228
46781,1,1,0.9490720935338033
77080,1,1,0.9808151586565731
42661,1,1,0.9061860001222808
88485,1,1,0.7344647060059704
69047,0,1,0.9627731258495306
73915,1,1,0.9867451099909681
57151,1,1,0.8716390499653366
19208,1,1,0.9690168486156358
73172,1,1,0.9776502688163872
18684,1,1,0.9761193433696461
28394,1,1,0.9384857883844445
42106,1,1,0.9872576420344923
63301,1,1,0.9404653132651006
113300,1,1,0.9275212235721658
79198,1,1,0.9826450822893008
91495,1,1,0.9815405708217982
82806,1,1,0.9695603381276582
17084,1,1,0.6124527903121488
23003,1,1,0.974281815010887
41022,1,1,0.9830869759083064
74208,1,1,0.9498467218622453
29284,1,1,0.9817511791791049
19007,1,1,0.941250606057704
91683,1,1,0.9881838110222022
62370,1,1,0.9783478513936774
39853,1,1,0.8589722496658819
32701,1,1,0.9873604012861423
47873,1,1,0.880821369573445
2748,1,1,0.8740744138464348
28635,1,1,0.9395322885158909
42973,1,1,0.982215931284926
17624,1,1,0.9266375380647496
54756,1,1,0.9915586582219182
111176,1,1,0.9883323347548113
80327,1,1,0.9401718285276757
23709,1,1,0.9538037534095501
45063,1,1,0.9129613600133141
76442,1,1,0.9899226854515343
90237,1,1,0.986076125643405
44429,1,1,0.8782850016133614
90224,1,1,0.9355923386455474
39333,1,1,0.984881767156454
19795,1,1,0.9529517786660081
24509,1,1,0.8805723002592226
66882,1,1,0.974364672253453
25070,1,1,0.9844888490209427
24720,1,1,0.9839925353870478
25195,1,1,0.9796385862977155
62187,1,1,0.9911992788808892
36468,1,1,0.9833756892378005
75388,1,1,0.9904652694958485
38833,1,1,0.9644849677529248
37320,1,1,0.8807121249584259
29589,1,1,0.9705007674750346
111233,1,1,0.9761183266777214
14325,1,1,0.9866876664993129
47010,1,1,0.9689872584654106
31811,1,1,0.9855703189401753
104491,1,1,0.9387070249056059
12612,1,1,0.9840864466559675
69291,1,1,0.7841514628707705
111020,1,1,0.9748258870385915
57523,1,1,0.7179152988233014
54178,1,1,0.9700638087441846
2789,1,1,0.9916704078398988
17862,1,1,0.8406455320300891
2804,1,1,0.9828044141906607
48532,1,1,0.9851137131874642
22815,1,1,0.9828976976579267
20087,1,1,0.984964794833452
78773,1,1,0.9731132120386622
106661,1,1,0.9597968276710953
106038,1,1,0.9440466192887137
10062,1,1,0.9640184081376638
88137,1,1,0.9691906814649144
109927,1,1,0.9686645558110544
7905,1,1,0.9818034086280807
21714,1,1,0.9604780754903817
100489,1,1,0.9874334280519662
23849,1,1,0.9908733034320747
52002,1,1,0.6796777801209835
59744,1,1,0.9521097902608262
52017,1,1,0.8832650899283524
66289,1,1,0.960994352391652
66045,1,1,0.9887222840672472
93783,1,1,0.9514880271757591
71714,1,1,0.9887277281858363
74358,1,1,0.9443315082872447
89767,1,1,0.9028297669433042
10982,1,1,0.9566511582319399
81183,1,1,0.9803548081424422
54185,1,1,0.9763962768991248
30003,0,1,0.8725472637316009
79052,1,1,0.9755610474785176
23699,1,1,0.9628417352349788
64119,1,1,0.9727918671186274
71441,1,1,0.9491660450977859
97740,1,1,0.9806193492582128
94929,1,1,0.9834724630064833
75369,1,1,0.9875827933816641
104595,1,1,0.9794724408401697
98586,1,1,0.965361635122423
60569,1,1,0.967678166607447
33045,1,1,0.9063688539081779
23412,1,1,0.9865381293252214
58747,1,1,0.9386176468233507
70716,1,1,0.975961443348412
78568,1,1,0.9830519420740644
59247,1,1,0.6911440643622454
30201,1,1,0.971377539286303
68120,1,1,0.969558611734637
2610,1,1,0.961160796696726
49605,1,1,0.9761277164996602
6650,1,1,0.9736302681898354
78744,1,1,0.9801584801318579
28759,1,1,0.9725078842034908
78134,1,1,0.975820920494307
18562,1,1,0.8986202657380691
4987,1,1,0.955541752712808
65352,1,1,0.9755944741085887
29733,1,1,0.9764586892388595
75810,0,1,0.8973463281582564
10092,1,1,0.9782512262502138
95373,1,0,0.48644589828227347
5167,1,1,0.9315624712562078
82628,1,1,0.9647431226580213
56342,1,1,0.9718841891247373
90432,1,1,0.970084369898906
79300,1,1,0.9204198662468661
21090,1,1,0.8923331573968748
96418,1,1,0.9509499284109255
46039,1,1,0.9323625943096973
114048,1,1,0.9773734940525325
14901,1,1,0.8964286848146613
25246,1,1,0.9836739324165249
97949,1,1,0.9822234635298215
4213,1,1,0.9739522803966867
11522,1,1,0.9828145690315196
44561,1,1,0.9779939933052845
86843,1,1,0.9641372723217444
90262,1,1,0.9821555676156561
60818,0,1,0.8882653667987263
1163,0,1,0.9492090303912407
33719,1,1,0.9687431246452299
12340,1,1,0.9787811355064079
103992,0,1,0.8435737544634535
13713,1,1,0.9877028768319189
737,1,1,0.9853015201814852
103157,0,1,0.8786367387938592
37821,1,1,0.9890951463785288
25678,1,1,0.9332917117415682
85790,0,1,0.9569702781817883
94985,1,1,0.9429862855680541
71141,1,1,0.9871729487027139
94847,1,1,0.9461315177425019
34458,1,1,0.9785382090788725
16318,1,1,0.9867735726531196
109213,1,1,0.9760070301138288
26555,1,1,0.918462486493022
50565,1,1,0.9799003379290894
61821,1,1,0.9567857666093539
95338,1,1,0.9240519327813712
66976,0,1,0.9807989075358101
104742,1,1,0.9801179762084213
30931,1,1,0.9557244689545553
102914,1,1,0.9779248927266925
65763,1,1,0.9794662442877894
32096,1,1,0.5581584637172936
107077,1,1,0.9832098672278436
57394,1,1,0.9832365469905976
68599,1,1,0.9851647873250741
24870,1,1,0.947886681007581
92607,1,1,0.9757005811592326
112386,1,1,0.9517723845109723
72985,1,1,0.9745017994558005
108196,1,1,0.9666915815136852
49584,1,1,0.9820258567899326
68447,1,1,0.9769181131287922
69350,1,1,0.9612074129463591
112441,1,1,0.9742421969800998
36138,1,1,0.9655333918591675
1515,1,1,0.9657217834472882
4802,1,1,0.941537566632342
77461,1,1,0.9375447300024871
85338,1,1,0.9303612389467303
6414,1,1,0.9392357523146213
73939,1,1,0.9858375576310822
109463,1,1,0.8874516140117027
111832,1,1,0.9782908446053196
27713,1,1,0.8752318644862912
56024,1,1,0.9767262578485203
38279,1,1,0.9903695446324262
28849,1,1,0.8724633085483375
83313,1,1,0.9770073743122241
91310,0,1,0.6757832038998796
91127,1,1,0.9823820026460544
30562,1,1,0.981250517898461
27070,1,1,0.980655047176458
28613,1,1,0.9763129587832665
99649,1,1,0.9377807298038309
26504,0,1,0.6406875433997643
44498,1,1,0.8718929039447154
24945,1,1,0.9647476329291369
39510,1,1,0.8804501471168853
95596,0,0,0.4861683483221693
29455,1,1,0.9882580886325357
54389,1,1,0.9796346038313077
63001,1,1,0.9693528462854815
80717,1,1,0.9765772163463305
91049,1,1,0.9646858045405146
93816,1,1,0.9844158928073485
61211,1,1,0.9835041472880123
7619,1,1,0.9884859771779703
52782,1,1,0.9793505754382068
61043,1,1,0.9689736938966199
59664,1,1,0.9812318480020408
84764,1,1,0.9654593231549825
16484,1,1,0.9402302704422884
51344,1,1,0.9879736039828761
89635,1,1,0.9725583111576634
93694,1,1,0.8678004896401648
46747,1,1,0.9210333915383274
67029,0,1,0.9283653314347446
76489,1,1,0.9355741873442671
56914,1,1,0.8976545723004996
75665,1,1,0.9493188119498789
57952,1,1,0.9093260230558737
56542,1,1,0.9745828284317596
73717,1,1,0.9199343037567502
46810,1,1,0.8297840148818467
94360,1,1,0.9836825948860037
144,1,1,0.9318237646003499
23399,1,1,0.9797877029291735
81791,1,1,0.9777060090861887
12059,1,1,0.9891930425883011
1548,1,1,0.9847324446218473
64380,1,1,0.9824161913857534
28266,1,1,0.879729990830989
12489,1,1,0.9340084612783316
11649,1,1,0.9887420933916358
102193,1,1,0.6437333126210204
107207,1,1,0.9776652364653639
29879,1,1,0.9303173289999893
56462,1,1,0.9786449282269092
91120,1,1,0.951032274209985
31550,1,1,0.9787740520454964
10795,1,1,0.980597958067881
28501,1,1,0.9812671448204332
17861,1,1,0.9559197381146579
59698,1,1,0.9518032520558246
35405,1,1,0.7764960744494864
17516,1,1,0.9829860225686067
44213,1,1,0.9857175483776117
77656,1,1,0.984658112093054
61139,1,1,0.8729984725813407
90909,1,1,0.9505120352185135
103161,1,1,0.867285176583702
14693,0,1,0.9666580843838929
7913,0,1,0.9433432395595457
3138,1,1,0.9429501222238007
32654,1,1,0.9861642318013676
51585,0,1,0.7595944755205575
63148,1,1,0.9500525212086233
69223,1,1,0.9381906287335569
54407,1,1,0.9710604357633212
43955,1,1,0.9754426706919657
101350,1,1,0.9819658158909674
16423,1,1,0.9560664687894299
12867,1,1,0.9844934656957094
18260,0,1,0.9723327190859765
97509,1,1,0.9793737320876275
17910,1,1,0.971213090974092
81605,1,1,0.9620415211946185
62169,1,1,0.9882027459738025
52378,1,1,0.9723512955222509
51870,1,1,0.9017495814450229
57602,1,1,0.9827965249520403
31866,1,1,0.9172327033057779
72943,1,1,0.9896482772249713
66930,1,1,0.9880015138166744
6988,1,1,0.9910887179902391
93381,0,0,0.08111425021683986
111207,1,1,0.9806310746432665
79818,1,1,0.9721829750561071
7118,1,1,0.9897299023430912
96389,1,1,0.9807328442665678
93419,1,1,0.9056321279709769
23500,0,1,0.8828072343477688
25019,1,1,0.9771819305385376
75908,0,1,0.8827367417508537
59203,1,1,0.8576502353040918
64669,1,1,0.9753796693356286
82656,1,1,0.9791156701391591
112912,1,1,0.7220691631228795
46362,1,1,0.9403157478465537
66677,1,1,0.9626497851876176
93545,1,1,0.9465173762291073
40304,1,1,0.9882814302122785
38858,1,1,0.9679795197586016
10663,1,1,0.9846908389131447
21637,1,1,0.9688545356968951
96046,1,1,0.9866734207251617
109627,1,1,0.9700563260606426
24599,1,1,0.9856629020043254
71446,1,1,0.9833694952944808
98351,1,1,0.9797209211668562
28818,1,1,0.9845260755437218
63642,1,1,0.9496988052099642
106514,1,1,0.9834508303253369
111544,1,1,0.9828348219175641
10964,1,1,0.9380502562508738
67997,1,1,0.9693781437065034
3399,1,1,0.8888466202199551
19803,1,1,0.9771870924660483
23186,1,1,0.981674114416948
24637,1,1,0.8566503683040371
63609,1,1,0.983947896322308
1838,1,1,0.9700396359006564
39698,1,1,0.9425251022621373
64818,1,1,0.9684120557672077
81473,0,1,0.9194884963690931
76556,1,1,0.977166521230183
56276,1,1,0.9634504193859381
103265,1,1,0.9447275793131887
46050,1,1,0.9586884734588447
78082,1,1,0.8517554449919043
78247,0,1,0.9539260915401325
104829,1,1,0.959394593462623
88690,1,1,0.9075760934268018
48487,1,1,0.9869667660298208
42857,1,1,0.9798842009574499
51002,1,1,0.9754763653102931
93224,1,1,0.9691118473688796
11252,1,1,0.9679076832453742
91786,1,1,0.9722278395038516
8720,1,1,0.8866584960364949
34144,1,1,0.9737440483055048
29652,1,1,0.982021629555543
72643,1,1,0.9485723770179315
63134,1,1,0.9802254017872633
40153,1,1,0.7125552823232302
1108,1,1,0.9856029322028352
59627,1,1,0.9837213424455994
20432,1,1,0.9495620413003774
63038,1,1,0.9764867424705785
61465,1,1,0.9819690922805477
2890,1,1,0.9152669522125952
107212,1,1,0.9773343586061068
51274,0,1,0.9342440376832919
108654,1,1,0.9666689678356739
33885,1,1,0.9774155618044441
12497,0,1,0.953924649073434
69470,1,1,0.9777335179468105
8508,1,1,0.9732539913263516
42492,1,1,0.9777274287287607
37139,1,1,0.985380425864706
74000,1,1,0.9282163190050904
79902,1,1,0.935696570041037
114016,1,1,0.9473824973342707
34622,1,1,0.9668714738061325
18512,1,1,0.9639164960577455
14298,1,1,0.9682277362523897
58495,1,1,0.9775802273998926
15310,1,1,0.9708428840675624
7948,1,1,0.9848169636265935
18673,1,1,0.9879285139590607
11237,0,1,0.8486259249776585
88470,1,1,0.9390498042804964
5839,1,1,0.9793993803238492
79256,1,1,0.9672056040297408
257,1,1,0.9720976786795221
14313,1,1,0.9756444225777656
94820,1,1,0.9771401847750744
71432,1,1,0.9848046320164913
22523,1,1,0.9752389612092242
44938,1,1,0.52857711857574
70288,1,1,0.9775107132908012
99727,1,0,0.09780431658647834
78140,1,1,0.95032572127935
84529,1,1,0.9842416275568033
82447,1,1,0.9675720546898662
4220,1,1,0.985258592528845
52877,1,1,0.9675165539416677
8451,1,1,0.9812136271606392
31344,1,1,0.979789796275567
18605,1,1,0.9639727745146429
111679,1,1,0.9574202005885876
52344,1,1,0.9736474947756458
11902,1,1,0.9623484088125238
51929,1,1,0.9908016156419333
55020,1,1,0.7900728747169558
83874,1,1,0.9636211115600476
84747,1,1,0.9647595502158176
91643,0,1,0.8677227288304512
22884,1,1,0.9823386794296809
22144,1,1,0.8580559862146238
76258,1,1,0.9567959308078193
76350,1,1,0.6623812635263203
58626,1,1,0.9872833296751486
106679,1,1,0.9776895532518785
47289,1,1,0.9785208277930196
16664,1,1,0.979638492735517
80888,1,1,0.9862909811912329
36895,1,1,0.9617875119378758
91585,1,1,0.9398180870320978
78847,1,1,0.9830311791912806
101073,1,1,0.9809452453845442
4274,1,1,0.9902801366896883
68270,1,1,0.9603534018948329
77510,1,1,0.9801619484003204
85343,1,1,0.9721116185065933
47686,1,1,0.9448486003068347
72655,1,1,0.974049634645404
9421,1,1,0.9912796057953203
28916,1,1,0.977792948737163
106456,1,1,0.957441161698025
41480,1,1,0.9780335601713097
22394,1,1,0.9879227622664092
95333,1,1,0.9711066825071805
108035,1,1,0.9383023283567928
44103,1,1,0.9865743172745826
22789,1,1,0.9786775180532735
71544,1,1,0.9794701090212817
20514,1,1,0.9487154878067631
30534,1,1,0.9800437111028708
21129,0,1,0.751371063716493
59111,1,1,0.913543063588513
98037,1,1,0.978507150730503
108042,1,1,0.9832844893984639
76305,1,1,0.9328900965905433
576,1,1,0.9823859654317416
94054,1,1,0.9841917180467031
41183,1,1,0.9776143838385658
23899,1,1,0.9805665464137692
112832,1,1,0.9826258792837063
104525,1,1,0.5595348077367209
25292,1,1,0.9096490626692103
20070,1,1,0.9646698204816956
58393,1,1,0.9802012269842443
27122,1,1,0.9009472856537926
66704,1,1,0.984210006946946
98569,0,1,0.866538977271302
112644,1,1,0.9624458399890355
113020,1,1,0.9798527606849958
102883,1,1,0.9049675510197699
72855,1,1,0.9376025765802408
108355,1,1,0.8966114370253889
77157,1,1,0.9595910650425872
104470,1,1,0.9896409609728521
93414,1,1,0.936641262696426
14036,1,1,0.9663551875926449
58222,1,1,0.9466467106014382
77333,1,1,0.9821916817425592
65332,1,1,0.9791228045421242
43705,1,1,0.7165000059388964
3974,0,1,0.9365508698874989
32747,1,1,0.9615449111952926
33273,1,1,0.9806627189049114
19814,1,1,0.962373522402109
52405,1,1,0.9821577783018929
77606,1,1,0.9637633674629901
27484,1,1,0.9799778918238287
48645,1,1,0.9309946078192145
104262,1,1,0.9477760563203113
1393,1,1,0.9497416288348365
108016,1,1,0.958057583071749
88838,1,1,0.9872711142216399
49782,1,1,0.9791899717110136
88754,1,1,0.8809762661609215
109571,1,1,0.9829227593846727
10289,1,1,0.9441602752080843
86407,1,1,0.9681506722265808
86774,1,1,0.9359882667553114
37368,1,1,0.9670394184261605
87937,1,1,0.9679992652862541
80694,1,1,0.9452003240390403
100693,1,1,0.9220380957702554
67028,1,1,0.9750278277650519
42825,1,1,0.9671231448778477
17964,1,1,0.9520346151508515
47762,1,1,0.972536849902875
80507,1,1,0.9833070223898157
49368,1,1,0.989288170351328
100878,1,1,0.9575932766118888
64415,1,1,0.9800314221681475
11401,1,1,0.8808951890486826
1581,1,1,0.9838742140323918
8801,1,1,0.9211213693946995
99283,1,1,0.9893951267754677
104850,1,1,0.9226332014967827
16215,1,1,0.9746928100305902
103813,1,1,0.9614924260817528
5321,1,1,0.9786921003348817
24749,1,1,0.9756014510423249
50264,1,1,0.9854153408155822
41086,1,1,0.9583396697957085
71253,0,0,0.48479037151113186
62690,0,0,0.24042457029096573
105726,1,1,0.8622777294926111
31103,1,1,0.8814987585670602
21508,0,1,0.7151892807558976
78793,1,1,0.9740424027532434
10835,1,1,0.9638249183573504
102367,1,1,0.9850317686364694
82089,0,1,0.9866543168885984
108970,1,1,0.9871000499297254
10288,1,1,0.948203718143809
63078,1,1,0.9773002167380084
80767,1,1,0.897432401362934
17466,1,1,0.9818487139923538
24327,1,1,0.9857793315609896
104747,1,1,0.9590421424829509
80653,1,1,0.9781330781564309
61839,1,1,0.8814299057792295
6110,1,1,0.9878492181672552
4078,1,1,0.7710613490010597
40918,1,1,0.9721096305191166
102135,1,0,0.05974920505739596
60936,1,1,0.9642707853693995
86727,1,1,0.9362303246136352
109191,1,1,0.9137337712690274
24875,1,1,0.9841132735337609
37588,1,1,0.8687906408538963
69216,1,1,0.9594326216140007
43127,1,1,0.9184289558636972
37172,1,1,0.9680400175475398
94981,1,1,0.9597328212987731
94275,1,1,0.9851100691705659
27811,1,1,0.9774995490979371
90551,1,1,0.9555336582413351
68461,1,1,0.9859996039479042
42681,1,1,0.9839225589205496
70474,0,1,0.9415215798443527
84769,1,1,0.9650909206951187
5097,1,1,0.959000091091134
81539,1,1,0.9713740193591064
87620,1,1,0.9778000304621495
78865,1,1,0.9845688125685045
