y_true,y_pred,prob
1,1,0.7652572147337157
1,1,0.8205159641664282
1,1,0.7879942570269884
1,0,0.08363954302135304
1,1,0.8036285135345573
0,0,0.17609298966253026
1,0,0.2553329361425708
1,1,0.6079830167495311
0,1,0.6245159042042777
1,1,0.8855326635807329
1,1,0.6341190444793892
1,1,0.8299325681261426
1,1,0.797490592789845
1,1,0.6344104494158304
1,1,0.8773335577121109
1,1,0.8763257700517858
1,1,0.7612152250531566
1,0,0.46616711591130067
1,1,0.5449606864915529
1,1,0.798615513343692
1,1,0.8328497273395326
1,0,0.40873302383697746
1,1,0.8960482332004301
0,1,0.72814120024364
1,1,0.7949841651371146
1,1,0.8352126445421667
1,0,0.33793133058454855
1,1,0.5401370484512373
1,1,0.7562675568892617
1,1,0.8932040902807635
1,1,0.6258276940402042
1,1,0.5540339002801433
1,1,0.6914311366674433
1,1,0.7867126561729936
1,1,0.8684772664040439
1,1,0.7916238394836325
0,0,0.07054074797540713
1,1,0.7510683567920885
1,0,0.39955275214625974
1,1,0.8709281152258718
1,1,0.7411587021487362
1,1,0.6853460163838508
1,1,0.5592215325370463
1,0,0.20975700694466237
1,0,0.217730393915049
1,1,0.8945356227073609
1,1,0.5800600963462328
1,1,0.7813160785063517
1,1,0.8701297197607132
1,1,0.8071278742163532
1,0,0.36851567161334975
1,0,0.3364754990390754
1,0,0.03871588043904657
1,1,0.8619947550400742
1,1,0.7644373962288395
1,1,0.6778977724845844
1,0,0.17177281908873082
1,1,0.7390765367258674
1,0,0.4793426162626868
1,1,0.5009187073796743
1,1,0.5998463280798604
1,1,0.7592270015277992
1,1,0.6401994141880221
1,1,0.6781850813689928
1,1,0.776039222633397
1,1,0.5760100753305614
0,1,0.7863120001663774
1,1,0.8875072193797547
1,1,0.7491556600162741
1,1,0.5121351762428312
1,0,0.4189471500571544
1,1,0.7660283644205278
1,1,0.7349214285168608
1,1,0.7743355509891929
1,0,0.13886094737939259
1,1,0.7213323362836499
1,1,0.8009895545449637
1,1,0.6632260464313287
1,1,0.884745932185469
1,0,0.3491624522766281
0,0,0.39266338090491393
1,1,0.8409719134247602
1,1,0.7862600753027655
1,1,0.7463269128806499
1,1,0.8571059435601452
1,0,0.036245830965052885
1,1,0.7325653147494852
1,1,0.8986668492507796
1,1,0.8783873229906087
1,1,0.8403715626587092
0,0,0.30032849659755567
1,1,0.5197830243087209
1,0,0.4798337359043499
1,0,0.3840238428468017
1,0,0.43193883240386477
1,0,0.3301540224310569
1,0,0.35324172417768956
1,1,0.6667528334731128
1,1,0.7145158430083898
1,0,0.367996676825655
0,0,0.00015424460936798944
1,1,0.7421014339880263
0,0,0.20512335992424652
1,0,0.3687457362643031
1,0,0.3917821619794954
1,0,0.48384889044554674
1,1,0.8286545108395404
1,1,0.8463168572814255
1,1,0.7768108526073347
1,0,0.27952999690527636
1,1,0.634426855989657
1,1,0.8147781150301829
0,0,0.4807195999558499
1,1,0.872339470025326
1,1,0.5883257311784688
1,1,0.8573687413450293
1,1,0.6450415473274371
1,1,0.6363757488503029
1,0,0.42147028077895365
1,1,0.7535161551439661
1,1,0.8613752511040362
1,1,0.7431428039487412
1,1,0.7535093491481716
1,1,0.7456663634763001
1,1,0.8030789332182229
0,0,0.38379252963901567
0,0,0.012452276411810004
0,0,0.19914761811032117
1,1,0.5764606369019533
1,1,0.6449162664105665
1,0,0.38890835458826445
1,1,0.7824853633779704
1,0,0.38569714798160826
1,1,0.8787775853050164
1,1,0.6631360301438265
1,1,0.7111715822952497
1,1,0.7868563380162437
1,1,0.8279863618969383
1,1,0.6072866331293167
1,0,0.30258083554410603
1,1,0.5294675197666923
1,1,0.5046043111940839
1,1,0.7749670345793925
1,0,0.49677992820339056
1,1,0.8371089675169001
1,1,0.6618388708099614
1,1,0.816648836671944
1,1,0.6711753185443736
1,0,0.41930001087569846
1,1,0.7600170559139053
1,0,0.12745590561097345
1,1,0.7953720237904391
0,0,0.33462980698043115
1,0,0.30335891195598
1,1,0.6212408895690738
1,1,0.5756706015997396
0,0,0.0001433067888384714
1,0,0.4466265352650468
1,0,0.30663611337837227
1,1,0.551161187448397
1,0,0.4324762353184928
1,1,0.6262845367867546
1,1,0.6356429960187822
1,1,0.809083359897691
1,1,0.8335643726546103
1,1,0.7832392694895187
1,1,0.5681418323738893
1,1,0.7427767550088563
1,1,0.6308731199267757
1,1,0.8749199551217278
1,1,0.6296369501801848
1,1,0.7630662227576173
1,1,0.648507389021862
1,1,0.7022995304691799
1,1,0.543509423016091
1,1,0.5049341127583968
1,0,0.34763825935350845
1,0,0.4161853462364757
1,1,0.8096161971451806
1,1,0.7849878318403193
1,1,0.6787177061817377
1,1,0.8778349361790011
1,1,0.7562790626604313
1,1,0.8806908508275438
1,1,0.6624595603813946
1,1,0.8515252589982331
1,1,0.8809349001169074
1,1,0.5923534326882607
1,1,0.8428997829136489
1,1,0.8852694493879082
1,1,0.7688069805624318
1,0,0.2242884902491023
1,1,0.5817190122886389
1,1,0.8063302275260987
1,1,0.5154512183477075
1,0,0.24701236397792425
1,0,0.4792940746015738
1,0,0.44651504891634547
1,0,0.4558641036212717
1,1,0.736463958586584
1,1,0.8734192662508103
1,0,0.40999264083583503
1,0,0.391154114320841
1,1,0.7140673780825102
1,0,0.3746962288276539
1,1,0.7923135984754345
1,1,0.7177767534979053
1,1,0.6341539376022834
1,1,0.6007526768134561
0,1,0.6940679506755604
1,1,0.6469598945358113
1,1,0.5699205964345454
1,1,0.7009205182336041
1,1,0.6866078064784732
1,1,0.7658216058593406
1,1,0.9118151820631197
1,1,0.5807520222227653
1,1,0.7683196957244282
1,1,0.5272222742055086
1,1,0.8836329001229072
1,1,0.6056701126591054
1,0,0.43084297391977927
1,0,0.496511577419145
1,1,0.9028801261485125
1,1,0.5375853097654176
1,0,0.3760022885938462
1,0,0.061486389065697124
1,1,0.6043325991686562
1,0,0.32876719956126005
0,0,0.04110373760418679
1,1,0.8150231568796504
1,1,0.8879886941107038
1,1,0.7438458541141111
1,1,0.8494474516438655
1,1,0.7156005298604754
1,1,0.7800752741138797
1,0,0.3228204379110127
1,1,0.7435189148228374
1,1,0.6714796686907131
1,1,0.7877013545591827
1,1,0.7937409240575249
1,1,0.7019591800324497
1,1,0.8376448249238179
1,1,0.8292820086142219
1,0,0.3540488079222827
1,1,0.5189238397124244
1,1,0.6832449295379093
1,1,0.8009012122004111
1,1,0.7624768767264116
1,1,0.5425624425412361
0,0,0.05478800961409617
1,1,0.8819928718100407
1,1,0.8352030830545103
1,1,0.8349570768871748
1,0,0.4627159264465581
1,1,0.7707045480176785
0,0,0.2725951985339122
0,1,0.8047842232696589
1,1,0.7982116632077195
1,0,0.43616054008278177
1,0,0.1767789548223275
1,1,0.7806237795442946
1,1,0.8614053982696916
1,1,0.7331310223107578
1,1,0.7275419786440684
1,1,0.7442102038029416
1,0,0.40577598083287436
1,0,0.3422419768492759
1,1,0.7133954098034744
1,0,0.018493528481549528
1,1,0.8075597251191551
1,1,0.7396549056844914
1,1,0.7195461008223836
1,1,0.7953512032555681
1,1,0.8684457187028114
1,1,0.7837261194965425
1,1,0.9404159605328465
1,1,0.6342304253220477
1,1,0.8238558664940876
1,0,0.45233617768872564
1,1,0.7376333515926232
1,1,0.8208147867623705
1,1,0.8753825759622802
1,0,0.31401641046606754
1,1,0.9156338201290674
1,0,0.163648302426882
1,0,0.4530898485638038
1,1,0.5015327257203949
1,1,0.511484560095708
1,0,0.42183338059553926
1,1,0.8874014884052795
1,0,0.11553706261812527
1,1,0.8088744069172863
1,1,0.9200503700451447
1,1,0.6492261360040374
1,1,0.7415163919551075
1,1,0.828214802473322
1,1,0.7044980314162597
1,1,0.7911882549459572
1,1,0.5895587956763206
0,0,0.12605911232223588
1,1,0.8045673374888856
0,0,0.06604233562307738
1,1,0.6019115889903389
1,1,0.8936108542887868
1,0,0.49635781681404817
1,0,0.21772992949366468
1,1,0.8670342472654612
1,1,0.7933121560641125
1,1,0.7519466201989062
1,1,0.7740670971114822
1,1,0.9030923538454639
1,1,0.7235003731509839
1,1,0.6356133967414369
1,1,0.8368516105388096
0,1,0.59611096791502
1,1,0.8325437234451492
1,1,0.8118594297741675
1,1,0.8412831271744348
1,0,0.4898006850439416
1,1,0.8733864524774432
1,1,0.7325861292573207
1,1,0.6096767653799764
1,1,0.7878670039088705
1,1,0.7297782594166706
1,1,0.7818719003403657
1,1,0.8887898739505253
1,1,0.7340238143549767
1,1,0.8288985569618132
1,1,0.5135699750349002
1,1,0.7773843507771567
1,0,0.4680269628205695
1,1,0.8756455203331933
0,0,0.018395528484728876
1,1,0.5700131366606668
1,1,0.5583176721864658
1,0,0.3919486314798712
1,1,0.7538629932713149
1,1,0.902679124425999
1,1,0.7487328116063199
1,1,0.5222743809687809
1,1,0.8158909950919886
1,1,0.7925590358621174
1,1,0.7424095762194327
1,1,0.7928807827764348
1,1,0.8044262291695734
1,1,0.6272113529339364
1,1,0.8252256895263733
1,1,0.8040740388434373
1,1,0.7349813683768377
1,1,0.7029520179248155
1,1,0.6771747879550926
1,1,0.7688221143879147
1,1,0.6404500683984956
1,1,0.844746238128036
1,1,0.6638507358396173
1,1,0.8320385963458701
1,1,0.8455332736927965
1,1,0.7670028941410709
1,0,0.25256688958990897
1,1,0.6996090720648106
1,1,0.5832052180362035
1,1,0.7463835552136794
1,1,0.8314008715080444
1,0,0.04731369671177654
1,0,0.4688308479283365
0,0,0.13523824389705436
1,1,0.8709995314195074
1,1,0.8003187693292314
1,0,0.08059661243638296
1,1,0.7338943863892613
1,1,0.6898982680285792
1,0,0.4115852194602593
1,1,0.8085372367341653
1,1,0.5100848759333662
1,1,0.5645962490569961
1,1,0.865929385400562
1,0,0.42336018916427337
1,0,0.43051005532315206
1,0,0.42955986589210354
1,0,0.31492820903793806
1,0,0.34583995428340925
1,1,0.8545868498433964
1,1,0.919774094094859
1,1,0.8194437418888325
1,1,0.6379999557930994
1,1,0.8557220003344579
1,1,0.8340844043015141
1,1,0.6766769911855617
1,1,0.6928787139359605
0,1,0.5988991096276187
1,0,0.4476698837448219
1,1,0.8551455558851688
1,1,0.8737706197415088
1,1,0.8344503755989103
1,1,0.5620146714859422
1,1,0.6735761018860459
1,1,0.8131194237861673
1,1,0.8926563136550631
1,1,0.6690619542004363
1,1,0.7057325499181035
1,0,0.2999336525224886
0,0,0.11862387522770966
1,0,0.14056379746407427
1,1,0.7371608210158833
1,0,0.152243031067554
1,1,0.8877789198405498
0,0,0.07412292685122082
1,1,0.8006972896553789
1,1,0.6464466731722532
1,1,0.775994899689148
1,1,0.8123291935690462
1,1,0.7022909159946027
1,1,0.8543885817277057
1,1,0.7894486513882029
1,1,0.7316514174822097
1,1,0.7386441810842432
1,1,0.8406310638866005
1,1,0.8402760456704002
0,1,0.6583526798649958
1,0,0.28391985493674143
1,0,0.11635072549957204
1,0,0.014661986963728047
1,1,0.5922141315419372
1,0,0.3383303867035314
1,1,0.7277328061509911
1,1,0.6315663238574417
1,1,0.8379670006543114
1,1,0.6239248977095625
0,0,0.11136599929003657
1,1,0.6678418701455185
1,1,0.6617070351765532
1,0,0.4120465841057329
1,1,0.7522882210873826
1,1,0.5913578966172345
1,1,0.8257650392206215
1,1,0.8466745360969704
1,1,0.5636324643501592
1,0,0.4470126957842103
1,1,0.8638470712828231
1,1,0.6793978188539097
1,1,0.8615191500598623
1,1,0.8478635724164597
1,1,0.7593753356945973
1,1,0.6480695992658992
1,1,0.7543423587642908
1,1,0.7110815903801989
1,0,0.30170368260103514
1,1,0.7184960039468662
1,1,0.8278470633060862
1,1,0.8388990992564362
1,0,0.2036565934291579
1,1,0.7920976250225136
1,1,0.7136387910745968
1,1,0.5936298476663089
0,1,0.6627395358734122
1,0,0.44026721676414765
0,0,0.0434581451123883
1,1,0.8814274875204734
1,0,0.006834590648012628
1,1,0.8134114504426412
1,1,0.7577428218027266
1,0,0.4616982983580898
1,0,0.27231186896242693
1,0,0.35936054855936755
1,0,0.48818590551646446
1,1,0.8666563800146949
1,1,0.6843269497238627
1,1,0.8538484192401745
1,1,0.7878109949863438
1,1,0.8192831825920346
1,1,0.5711401943854334
1,1,0.7358095885263907
1,1,0.6489237670748688
1,0,0.3108035439137252
1,1,0.751231185703614
1,1,0.7399881488529911
1,1,0.8186807109208902
1,0,0.45756364142231304
0,0,0.419288787558551
1,1,0.8649085606112176
1,1,0.7972199956185778
1,1,0.8926005545729456
1,1,0.6294931060948322
1,0,0.3520563843147092
1,0,0.3825682142667202
1,1,0.8574376712024885
1,1,0.9036559403023585
1,1,0.5505265426907004
1,0,0.39832378554963405
1,1,0.8064173496773406
1,1,0.8274980235551544
1,0,0.4616573210156938
1,1,0.8707001234943816
1,1,0.867183523118355
1,1,0.7681950034824578
1,1,0.6083865155904766
0,1,0.6178657068754959
1,1,0.8564377894045299
1,1,0.814917895824973
1,0,0.415082689180793
1,1,0.7181748813212048
1,1,0.5790077592155283
1,1,0.7440689839869085
1,1,0.5886245596183826
1,1,0.8017829135543033
1,1,0.9236102675578994
1,1,0.598815408566836
1,0,0.30191952168571906
1,1,0.6137922584410253
1,1,0.731601762374816
1,0,0.2672223524737307
1,0,0.2580334644769357
1,1,0.5534811725778453
1,1,0.7172788270611081
0,0,0.23531578438314535
1,1,0.8811902248408919
1,1,0.5455625943652372
1,1,0.7838598520795592
1,1,0.6820265693264934
1,1,0.521270604124064
1,1,0.5190150554893291
1,1,0.6243250531833202
1,1,0.5729671473209011
1,1,0.9042737780145457
1,1,0.7694051694693659
1,1,0.6813288078295693
1,1,0.8086091257126402
1,1,0.8184461569088664
1,1,0.8572520499542093
1,1,0.5515632626807714
1,1,0.6637716943569214
1,1,0.8315344601182791
1,1,0.8005766460991663
1,1,0.7441586845592775
0,0,0.46499437522065334
1,1,0.7032317433169919
1,1,0.851509977639652
1,1,0.733893746753262
1,1,0.7240291774894236
1,1,0.7778791951202404
1,1,0.8187156698852601
1,1,0.6472454283851405
1,1,0.6395328705947234
1,1,0.8874081009491366
0,1,0.7016125981783227
1,0,0.25175791463886493
1,1,0.8497482218653761
1,1,0.6689416526781761
1,1,0.6200310242150111
1,1,0.8387043583030936
1,1,0.5508305417966068
1,1,0.7088345202719051
1,0,0.13590535712318835
0,0,0.23101218894695866
1,0,0.4934693007018597
0,0,0.006898338655793165
1,1,0.7468514022654685
1,1,0.5870107828552642
1,0,0.33790011783197
1,0,0.1202791202290355
1,1,0.843656511001774
1,1,0.6494117454670659
1,1,0.8382548152104742
1,1,0.7103031630552269
0,1,0.8179183345058172
1,1,0.8147788510180811
0,1,0.5334224519475994
1,1,0.8566384431189838
1,0,0.2526218542652269
1,1,0.7659983644801965
1,1,0.8168363455196685
1,0,0.15404215800915705
1,1,0.8173730809082392
1,1,0.6226224650625206
0,0,0.4276429921548178
1,0,0.46686911276714604
1,1,0.8193491672932117
1,1,0.8021409750220293
1,1,0.5354191836846569
1,1,0.6862087157171451
0,1,0.6276788368275935
1,1,0.6745870007734297
1,1,0.5571594955138013
1,0,0.3887488985835334
1,1,0.8609518350162415
1,0,0.35746058759175053
1,0,0.24819911884133894
1,1,0.6927289142925298
1,1,0.8061972656544505
1,1,0.5031134399845155
1,1,0.747712443611071
0,0,0.19101809049272023
1,0,0.314459511722697
1,1,0.5813849110526643
1,0,0.29275376233109196
1,1,0.8237905537724634
1,1,0.7643744301848023
1,1,0.764340751749609
1,1,0.8164446378746459
1,0,0.46317707548692444
1,1,0.8945442446952723
1,1,0.8743470662668742
1,1,0.7288348258932033
1,1,0.844782182746386
1,1,0.7755223532858572
1,0,0.38607844552336446
1,1,0.7641808614554664
1,1,0.6201292567899807
0,0,0.040622216228368306
1,1,0.6679635378563081
1,1,0.7848153115001307
1,1,0.5983716680997847
1,1,0.7756179250751475
1,1,0.7450284974015989
0,0,0.017593279958333242
1,1,0.7147558705447358
1,1,0.8547396026502865
1,1,0.736387559672974
1,0,0.48749780935075393
1,1,0.8101143632879014
1,1,0.9214802455380317
1,1,0.5864765476578602
1,1,0.6458348603934903
1,1,0.5681874070504768
1,1,0.7973632754830039
1,0,0.33577718181050986
1,1,0.8090535766459274
1,1,0.7436244214491666
1,1,0.5883896697860943
1,0,0.46911193834678117
1,1,0.7165127785339557
1,1,0.7309269637603922
1,0,0.3727248151599948
1,0,0.46427807234386237
1,1,0.7967136784821963
1,0,0.47364323985505297
1,1,0.8885904027715433
1,0,0.1910241633936935
1,0,0.3060521062696859
1,1,0.8987837202360061
1,1,0.5927866949891079
1,1,0.5558554013104479
1,0,0.3636319654316112
1,1,0.5406744056295031
1,0,0.12700272743461072
1,1,0.8153933206561131
1,1,0.5786311472643655
1,1,0.6340207602208067
1,0,0.3878590774701813
1,1,0.8575247268438726
1,0,0.40850796405746737
1,1,0.8013750376339378
1,1,0.5971844811437587
1,1,0.7320900833086561
1,0,0.27224420369319596
1,1,0.6412952558741994
1,1,0.8632256535209524
1,0,0.2085378016943401
1,0,0.4088577937315608
1,1,0.6105332980912509
1,0,0.4412006704732456
1,1,0.8805274300119393
1,0,0.3149696792568172
1,1,0.7348239146158626
1,1,0.5192531923938688
1,1,0.7891646654636658
1,1,0.7215672837012854
1,1,0.8147959790933375
1,1,0.7076103931851191
1,1,0.5960681413067499
1,1,0.7371653033743801
1,1,0.8722254132645436
1,1,0.7998723153393573
0,0,0.23030019161526616
1,1,0.7844019236750421
1,1,0.7521148606986146
1,1,0.5591458959026623
1,1,0.7742919575260611
1,1,0.77099170809523
1,1,0.8809831168643252
1,1,0.5491057932502544
0,0,0.41266827010840834
1,0,0.4871783527338915
1,0,0.34300333245950526
1,1,0.8050930603786896
1,1,0.7771110408529863
1,1,0.7923572514235053
1,0,0.36070330326204963
1,0,0.2687391611249733
1,1,0.7967436632608879
1,1,0.7230114565905429
1,1,0.885912187885863
1,1,0.7961436014988998
1,1,0.8841774596486329
1,1,0.8491350035680748
0,0,0.40648159538048023
1,0,0.06978996913613707
1,0,0.0715504989027307
1,1,0.8947145695924338
1,1,0.7914535513736091
0,0,0.4390323372097191
1,0,0.436042048154229
1,1,0.7681975327499444
1,1,0.8887746479626304
1,1,0.8119426034791095
0,0,0.27283193241630466
1,0,0.17163686270814432
1,1,0.8030255057872194
1,1,0.5097294399794513
1,1,0.8179284446493841
1,0,0.46728631436096935
1,1,0.6815341790957355
1,0,0.011701967140575201
1,1,0.8870100332586581
1,1,0.8220671673411043
1,1,0.705602467860933
1,1,0.8134819379389407
1,1,0.8170933465275672
1,1,0.6623587461905741
1,0,0.3153672041996153
1,1,0.7825971011719646
1,1,0.812552157293838
1,0,0.333204909916388
1,0,0.07383149676298666
1,1,0.6249215939773275
1,1,0.8521374336918002
1,1,0.913814320696119
1,1,0.7750517847411924
1,0,0.4151714580247379
1,1,0.5910402758510332
1,1,0.8811542818422461
1,1,0.8282471537942039
1,0,0.4835863954713901
1,1,0.6899679531098601
1,0,0.4789938563511895
1,1,0.8788542404774303
1,0,0.4167137894840524
1,1,0.517783804468222
1,1,0.7689847424366733
1,1,0.5653627788461141
1,1,0.5985255554612499
1,1,0.7073178565937316
1,1,0.8707080956668869
1,1,0.8302079703018244
1,0,0.36284634997940046
1,1,0.6781248564050317
1,1,0.7171315823557634
1,1,0.640670974006878
1,1,0.678561761915576
1,0,0.4066329301362181
1,1,0.7131093938367999
1,1,0.7753945505540776
1,1,0.7538882215866519
0,0,0.36991513395596237
1,1,0.8381758398439869
1,0,0.42134931049390345
1,0,0.439375967235796
1,1,0.7595854472868767
1,1,0.8486121209891171
1,1,0.8556491006869589
1,1,0.8552403213603165
1,1,0.8202259379013527
1,1,0.8424592291757065
0,0,0.24352860651945687
1,0,0.42049391569364203
1,1,0.8345246885886322
1,1,0.7862438806606833
1,0,0.49034462480986984
1,1,0.7467458638234099
1,1,0.8178497628511822
1,1,0.5634646394632497
0,0,0.4054835621133045
1,1,0.7811687436713071
1,1,0.6104467531119304
1,1,0.8876989526508605
1,1,0.8797687647024607
1,1,0.7471892122573993
1,1,0.5848046988151777
1,1,0.8404221155619926
1,1,0.6753026988750772
1,0,0.4620895190849917
1,1,0.5307541706178803
1,1,0.62257244114147
1,1,0.7595299779838537
1,0,0.19218850296152362
1,1,0.7705416013804978
1,0,0.05257484519443819
1,1,0.7660875266867763
1,1,0.8122930724993938
1,1,0.8007401245555508
1,1,0.7803650149197044
1,1,0.852899137526816
1,0,0.44367231715644595
1,1,0.8490099835491005
1,1,0.8432369541576035
1,1,0.9034089356365465
1,1,0.8735608757062212
1,1,0.8344219686807138
1,1,0.7991601092916258
1,1,0.599916250083291
1,1,0.7238510341259919
1,1,0.7287197323007939
1,1,0.5920230104206767
1,1,0.8426883344916435
1,1,0.7731950519894266
1,1,0.8778857002697296
1,0,0.49413824496478737
1,1,0.5310827020888417
1,1,0.8808209225991144
1,1,0.677884949490959
1,1,0.8511706302310723
1,1,0.7749166336179475
1,0,0.3114765972680903
1,1,0.7574969125238269
1,1,0.8508450377918475
1,1,0.8463099248826558
1,1,0.6111879479814711
1,1,0.7709982818869568
1,1,0.7825794634558627
1,1,0.8479067964681184
1,1,0.7485604352122069
0,1,0.7710182226255617
1,1,0.8203210188466044
1,1,0.8500078139218146
1,1,0.6974467792807145
1,1,0.8653534366116519
1,1,0.833070738047489
1,1,0.7959241802086724
1,1,0.7148001885348229
1,1,0.6801245125710003
1,1,0.8491262288766003
0,1,0.6274990478769221
1,1,0.7152169916448358
1,1,0.592562587543478
1,1,0.8791278291161877
1,1,0.6013404998006299
1,1,0.7563021957370548
1,1,0.6302853583145265
1,1,0.5942950659705767
1,1,0.667360843035071
1,1,0.8533660398410611
1,1,0.6962807872972725
1,1,0.8453189261389513
1,1,0.8368120949031191
1,1,0.8521156841056213
1,1,0.58612744675452
1,1,0.6944797211576356
1,1,0.7623012728196852
1,1,0.5611382718058935
1,1,0.6421591367077072
1,1,0.8065592398963498
1,1,0.8984653251394077
1,0,0.4848270310851937
1,0,0.2099945046851661
1,1,0.8452149768001648
1,1,0.7799436754539248
1,1,0.6180946777493398
1,1,0.6348044002814595
1,1,0.7755065418036156
1,1,0.7512497810651053
1,1,0.8001388142170666
1,1,0.5384712782727938
1,0,0.38943868290107647
1,1,0.8437963135867989
1,1,0.5682764643510224
0,1,0.7163676160061574
1,0,0.3936151849521943
1,1,0.6157425031349648
1,1,0.878799951552147
1,1,0.7922058991489127
1,1,0.8927128649884142
1,1,0.7089074265547659
1,1,0.8582582928138286
1,0,0.3904434291038263
1,1,0.7759287580535189
1,1,0.6420214202398637
1,1,0.8418708364888274
1,1,0.5598476742077805
1,0,0.3293273197243112
1,1,0.8490137005961597
1,0,0.46710215495675833
1,0,0.3540949971762718
1,1,0.8727173892369849
1,1,0.7073233409231864
1,1,0.7703920555203927
1,1,0.8016035423994183
1,1,0.5801100358548313
1,1,0.5501181788628057
1,1,0.6175351276095495
1,1,0.529403270062147
1,1,0.6975408484893094
1,1,0.7636884904687956
1,1,0.8097841006700891
1,1,0.7738312525960215
1,0,0.45294233441013054
1,1,0.8144183217127637
0,0,0.032910095397109713
1,1,0.7239346602114916
1,1,0.6570273486485276
0,1,0.6379014337163396
1,1,0.6540094990086455
1,1,0.8149790874133843
1,1,0.7641186906528984
1,1,0.8176561844344299
1,1,0.8525004991336529
1,1,0.8566961336800545
1,1,0.7958354564097614
1,1,0.6737500410212596
1,0,0.46842898326638827
1,1,0.6323722757809478
1,1,0.8182801797778988
0,1,0.8229354187638994
1,1,0.7797598992569615
1,1,0.5579001575313082
1,1,0.841327697293492
1,1,0.8606709178692252
1,1,0.7435246253673854
1,1,0.6739401434854667
1,0,0.45164941701820105
1,0,0.4332104458831705
1,1,0.8262080284996283
0,0,0.12737818639866114
1,0,0.4199468125003897
1,0,0.4946136883548234
1,1,0.7846852437262495
1,1,0.8046598710392849
1,1,0.7162808200139353
1,1,0.6262081415109018
1,1,0.8662012121136707
1,1,0.8687800718131866
1,1,0.5137134948675336
1,1,0.5246742534184308
1,1,0.6318894939265413
1,1,0.8631860681861951
1,1,0.8593200227716664
1,1,0.7331995972360071
1,1,0.8296310518862339
1,1,0.7943077490949144
1,1,0.6221537716317243
1,1,0.7171356018978118
1,1,0.8629438869470016
1,1,0.891460676621924
1,1,0.7478424466880642
1,1,0.7796425275066657
1,1,0.7795826692760761
1,1,0.7233009220825569
1,1,0.5641792160761874
1,1,0.7657667344504561
1,1,0.7716316699762251
1,1,0.7709415149372059
1,1,0.7161010962233718
1,1,0.8488712790972146
1,1,0.6802340133360957
1,0,0.2672847129558546
1,1,0.8982048986160275
1,0,0.4107492163915228
1,1,0.665366903631572
1,1,0.6821805441178896
1,0,0.2954336014846985
1,1,0.8386576659987725
1,1,0.7766608122212819
1,1,0.6411068146180673
1,1,0.7437503206369809
1,1,0.8172616662907108
1,1,0.7653790740272883
1,0,0.4575820792455449
1,1,0.7924267106400621
0,0,0.4636547504806311
1,1,0.6447566363207985
1,1,0.8031128185106338
1,1,0.8087249709949308
1,1,0.7727700123980747
1,0,0.3586561013820359
1,1,0.8274046281813421
1,1,0.6600164928046657
1,1,0.8074446358180312
1,0,0.06080608000640146
1,1,0.7599102696381479
1,1,0.8511193452981461
1,0,0.4395949197447491
1,1,0.7172470240112023
1,1,0.8088400800131819
1,1,0.5335403967242647
1,0,0.3183292416597997
1,1,0.6082482509004645
1,1,0.8089678062197441
1,1,0.7552562581344774
1,1,0.6333736236099917
1,1,0.7865003671834039
1,1,0.5494704408207325
1,1,0.8332379159397729
1,1,0.6072215956398389
1,0,0.48638463408723775
1,1,0.848855380443288
0,0,0.11011876950432264
1,1,0.7862001975610149
1,1,0.6322126019507118
1,1,0.7966938556333765
1,0,0.33965605497915213
1,1,0.7708437675392756
1,1,0.8302431582079063
1,1,0.6467299374464918
1,1,0.8448206170397405
1,1,0.57999949532688
1,1,0.7308966585139801
1,1,0.7584541405718753
1,1,0.6984959954580651
1,1,0.8004648170915036
1,0,0.33004736551175196
1,0,0.002632603173134809
1,1,0.576118123916241
0,0,0.0031182638584035683
1,1,0.6291305853644235
1,1,0.7429780416971816
1,0,0.4657768923646211
1,1,0.5068920106074958
1,1,0.7092026429646542
1,0,0.3974839159583087
1,1,0.8831654786077131
1,1,0.7540592258243193
1,1,0.8850366538444796
1,1,0.8089454442053368
1,0,0.4311450583745398
1,1,0.8655574885283103
1,1,0.5556882703941503
1,1,0.7635594019779127
1,1,0.5660436455639632
1,1,0.7334731474478952
1,1,0.8070515326579725
1,1,0.7138376164316478
1,1,0.7700016589209085
0,0,0.07021944280787439
1,0,0.3041335256593003
1,1,0.7815891120522727
1,1,0.5552718840638317
1,1,0.6325397423159493
1,0,0.12815245411188342
1,1,0.8109449469551335
1,1,0.6610343891830445
1,1,0.8284949037308506
1,1,0.7684382117853701
1,0,0.23867237769291208
1,1,0.8843523934827779
1,0,0.380253880379865
1,1,0.5497519538249294
1,1,0.614967262473616
1,1,0.8141653091691019
1,1,0.9035435745354607
1,1,0.7458714700754804
1,1,0.7523925730301492
1,0,0.43108410775113404
1,1,0.8212828376364216
1,1,0.8160596022068256
1,1,0.7547770920996426
1,1,0.8003886277052147
1,1,0.839688558646458
1,1,0.5086129009267579
1,1,0.6746409013071677
1,0,0.4804855571704665
1,1,0.8483738563542328
1,1,0.8172604120109899
1,0,0.09893686514993018
1,0,0.4926220290251218
1,1,0.6165049006455243
1,1,0.8153386381527481
1,0,0.46775620707859616
1,1,0.7515509679018458
1,1,0.8233275027076976
1,0,0.19195969637388915
1,1,0.7865499135187625
1,1,0.8313406830980636
1,1,0.6303602044604827
1,1,0.6719709448494591
1,1,0.8109867658371297
0,0,0.04637189631189745
1,1,0.8453295279762983
1,0,0.25647352669553936
1,1,0.7097713792116879
1,0,0.48983347298269525
1,0,0.24384795181666233
1,1,0.7823275538739642
1,1,0.8261359143083721
1,1,0.8368524019508757
1,1,0.852957674522648
1,1,0.804765209389925
1,1,0.7176272693926337
1,1,0.6943431924219478
1,1,0.7885779175953419
1,1,0.6754730087334597
1,1,0.7651472724252629
1,0,0.37210967791165755
1,1,0.5994515778406947
1,0,0.4419573494097927
1,0,0.12747617336480077
1,1,0.6811044937533307
1,1,0.7495808829077714
1,1,0.7359913844604669
1,1,0.8228168387568162
1,1,0.5981164372061604
1,1,0.781884227250534
1,1,0.7814984171658071
1,1,0.8384933453337072
1,1,0.861575691543354
1,0,0.026996212334118884
1,1,0.7540840864620162
1,1,0.5077679110517243
1,1,0.6552875297821057
1,0,0.3423808033268532
1,1,0.6550993936039637
1,1,0.781792114924164
1,1,0.7803037935909832
0,0,0.16634314486341675
1,1,0.6323125848477219
1,1,0.5626976719967548
1,1,0.8162202553619884
1,1,0.865475020047957
1,1,0.8461852208039096
1,1,0.5482392940104128
1,1,0.7072110023562157
1,1,0.7899919517800807
1,1,0.8321750742748641
1,1,0.7979837135192894
0,1,0.5598274083311914
1,1,0.8622780274336659
1,1,0.5832171000798907
1,1,0.7607657229643784
0,1,0.6558791430035599
1,1,0.7946974024725322
1,0,0.10997401195230334
1,1,0.7630978083613656
1,1,0.5286594563833393
1,1,0.8742403859916408
1,1,0.8840736433575322
0,1,0.5587927491827613
1,1,0.7601257173780374
1,1,0.7295508204315942
0,0,0.2686630652422481
1,1,0.8825775961643567
1,1,0.5794741404581738
1,1,0.7730784698191707
1,1,0.7766775627411668
1,1,0.7926978825838884
1,1,0.6914275405453618
1,1,0.5211029941297423
1,0,0.4230766854833794
1,1,0.8985350810427616
1,1,0.6709339310645684
0,0,0.2770175771454176
1,1,0.6381728565115622
1,1,0.6536685879771953
1,1,0.8693148271437947
1,0,0.3745830711221221
0,0,0.19061861553730305
1,1,0.7327182548903182
1,1,0.8502019816067934
1,0,0.4933634915551085
1,1,0.8017907068307669
1,0,0.15440661193442262
1,1,0.6125475059187203
1,1,0.8171918092219838
1,0,0.45993068649145813
0,1,0.5395710912998155
1,1,0.8956844542504815
1,1,0.7615402027386259
1,1,0.5064487220935235
1,0,0.4918669427097293
1,1,0.8736035665257915
1,1,0.7962550335608555
1,0,0.44239567601504637
1,0,0.4858944367745072
1,1,0.5310728543754871
1,1,0.7152073078250634
1,1,0.8271097653349888
1,1,0.6799275898806407
1,1,0.864568576798085
0,0,0.04021400869577413
1,0,0.009706635641032677
1,1,0.7914904075937892
1,1,0.7571726997633179
1,1,0.7727239589168496
1,1,0.868998667624493
1,1,0.757841836100026
1,1,0.8224623849786681
1,1,0.8753067727492015
1,1,0.6910104101091225
1,1,0.8085801220243825
1,1,0.7771875374142659
1,1,0.8655192951936798
1,1,0.7760270877614269
1,1,0.7816913257879124
1,1,0.8435744869735563
1,1,0.6108788336737999
1,1,0.8138616202175051
1,0,0.48243017375444297
1,1,0.7183807936468443
1,1,0.8667682245477594
1,1,0.6990036657109273
1,0,0.35995684544735046
1,1,0.8359865380077142
1,1,0.5851537092537347
1,0,0.45978017846087615
1,0,0.38651083637988587
1,1,0.8480337617137322
1,1,0.5633557267346845
1,1,0.8208112434527006
1,1,0.7133374047676423
0,1,0.5513192959054961
1,1,0.6788399362639919
1,1,0.6897952072056186
1,0,0.4749605680964162
1,1,0.6964729262259626
0,1,0.7449932056457212
1,0,0.2658791873503385
1,1,0.5432114162396597
1,1,0.779285957395372
1,1,0.7679469318759982
1,1,0.6939271919471924
1,1,0.8379844451275328
1,0,0.2449072979643028
1,1,0.8373357420537786
1,1,0.8806741779725747
1,0,0.3453739774120931
1,1,0.7563842717379675
1,1,0.8545889004663125
1,1,0.5977293134757824
1,0,0.16381961146877172
1,1,0.7936551497659239
1,1,0.7813198450010039
1,1,0.590366630881042
1,1,0.7637769699972098
1,0,0.39990552510469896
1,1,0.8869166811924308
1,1,0.8401289820528348
1,1,0.7342226465795652
1,0,0.27385093674124594
1,1,0.8643525673966866
1,1,0.5671829549397329
1,1,0.7922410864808335
1,1,0.8866836288585702
1,1,0.7234282680977844
1,0,0.012875949917531094
1,1,0.8729993238120104
1,0,0.46823232484646504
1,1,0.5833652006792202
1,1,0.5983507124147306
0,0,0.04320253994815053
1,1,0.7794378086350614
1,1,0.7682353765682974
1,1,0.5660400616435324
1,0,0.4379659991607886
1,0,0.4257946580758689
1,1,0.8326844553103451
1,1,0.6631393227624022
1,1,0.6790930814930353
1,0,0.499453441660462
1,1,0.791452068672745
1,1,0.7137760006090623
1,1,0.8256089739889794
1,1,0.88634785141452
1,1,0.5898047979288262
1,1,0.6478902001467768
1,0,0.40614256813198535
1,1,0.7560649119353361
1,1,0.7746472413623409
1,1,0.7028714520927496
1,1,0.643931790400458
1,1,0.8422015923410706
1,1,0.7110513380015075
0,1,0.5617450177819819
1,1,0.892649489115685
1,0,0.370132600217264
0,0,0.40411339950354536
1,0,0.4881195303760587
1,1,0.8271070393040676
1,0,0.1020594244597313
1,1,0.8944718735248125
1,1,0.521461363069875
1,1,0.8401729477640363
1,1,0.6545619797678832
1,1,0.8178687135498902
1,1,0.6967504589811123
1,1,0.6157088446708381
1,1,0.792599006002604
1,1,0.6891213804896215
1,1,0.714999948569815
1,0,0.3317630599922887
1,1,0.9134801685066287
1,1,0.8271850370231311
1,1,0.8040812249035715
1,1,0.6151541325624308
1,1,0.7401066107654546
0,1,0.5996172793692093
1,1,0.8981690507645164
1,1,0.8694561827968379
1,1,0.7612601470957527
1,1,0.651091092038783
1,1,0.8295312227264409
1,1,0.6330669528857035
1,1,0.8765356491187195
1,1,0.8878363529290914
1,0,0.32472043274027357
1,1,0.7877260001450128
1,0,0.3290989873901121
1,1,0.5204574468646478
1,1,0.5375152101059562
1,0,0.45534377810135157
1,0,0.37077874012970835
1,1,0.8884390970833935
1,1,0.5608908060684175
1,1,0.6629021211170413
1,1,0.7288756990959581
1,1,0.870876600266585
1,0,0.4844501129756766
1,1,0.521864708279384
1,1,0.7103023528441271
1,1,0.7677458083040424
1,1,0.5001470167294646
1,1,0.8485103554713248
1,1,0.5826194087866575
1,0,0.34143562111817355
1,1,0.6028911288603658
1,1,0.7562860890276271
1,1,0.6966370647042298
1,0,0.19061604745082555
1,1,0.8709665160390249
1,0,0.4137077822211142
1,1,0.8863849671182767
1,1,0.6488177263636908
1,0,0.22462566030585135
1,1,0.8746654361411627
1,1,0.6905744666637588
1,1,0.5693293283120816
1,1,0.5254232455789177
1,1,0.8510152499398962
1,1,0.7437426064219704
1,1,0.8256601046941118
1,1,0.8024929468793645
1,1,0.6145042510582638
1,1,0.5343039946268857
1,0,0.017563406494789248
1,1,0.7794543753524602
1,1,0.8720779973665496
1,1,0.8375851485492455
1,1,0.7607487244653713
1,1,0.696813038281148
0,1,0.8564763113373169
1,1,0.8122529741618546
1,1,0.8521848554438541
1,1,0.631527190221437
1,1,0.5297591737806557
1,0,0.3401680923631842
1,1,0.7086557182689653
1,1,0.83976280346027
1,1,0.7469669353165569
1,1,0.6456933457253319
1,1,0.5521132081074223
1,1,0.7586983423843601
1,1,0.7886405362432882
1,0,0.0017098562371844481
1,1,0.772559547138745
1,1,0.8829506703205546
1,1,0.8849231290914804
1,0,0.3527261978648334
1,1,0.7301269923457775
1,1,0.8005329741756563
1,1,0.5428575253026308
1,0,0.3866047760615396
1,1,0.5319213111492482
1,1,0.8436679890284012
1,1,0.8101356879738034
1,1,0.8109246148772499
1,1,0.8649359390181577
0,0,0.27624571537678505
1,0,0.46276343581036095
1,1,0.8514190391154028
1,0,0.42941427425956474
1,1,0.8154810934590044
0,0,0.354962100429082
1,1,0.7005872619522102
1,1,0.8173793735652106
1,1,0.7126401424212749
1,1,0.7579577183957025
1,1,0.8412532520211999
1,0,0.32437894618720514
1,1,0.6842359584508506
1,0,0.3726650971379099
0,0,0.03878496599030545
1,1,0.8251692287122173
1,0,0.45855687605711676
1,1,0.5358796194044065
1,1,0.8925729327422818
1,1,0.8924526544674444
1,1,0.5367978116950167
1,1,0.7654133601270643
1,1,0.8184238027693181
1,1,0.5383268428317265
1,0,0.3135213084891858
0,0,0.48073955562728304
1,0,0.17964577251444355
1,1,0.5170784589744859
1,1,0.8095054097969084
1,1,0.8292334561492786
1,1,0.7746394370048535
1,1,0.8020970530273925
1,1,0.8437620519269329
1,1,0.5563796703016858
1,0,0.33530848751317416
1,1,0.5318919124086224
1,1,0.8936688750790076
1,0,0.15501488662034002
1,1,0.7892517576497387
1,1,0.664419364618103
1,1,0.667414817227106
1,1,0.537932595206623
1,1,0.7138031804296473
1,1,0.6957722093209802
1,1,0.7991475800993348
1,1,0.8018111694053882
1,1,0.8784376350971848
1,1,0.8851005196025727
1,1,0.718085368263121
1,1,0.7704929067633701
1,0,0.3932780486955177
1,1,0.6843066420414216
1,1,0.5146695938943351
1,0,0.006773962497554566
1,1,0.736631800456495
1,0,0.47684934946734087
1,1,0.849082051991069
1,1,0.6544033814346749
1,0,0.15058738489801324
1,0,0.15587622200149215
1,0,0.47863847979018087
1,1,0.8544785622754755
1,1,0.5922348244186482
1,1,0.5641409949838373
1,1,0.7754406070433281
1,0,0.44182817775504674
1,1,0.5886606972544063
1,1,0.8006008148282419
1,1,0.6652933858492078
1,1,0.5602554359307833
1,1,0.7913294778097094
1,1,0.8496009359673766
1,1,0.5275251564721861
0,0,0.18744070084697817
1,0,0.4852140250709466
1,0,0.3601600665962776
1,1,0.6670056608635839
1,1,0.519990280376042
1,1,0.7666650184005906
0,0,0.061492521379714775
1,1,0.5315698257952379
1,1,0.8891195871724055
1,1,0.6965238243730687
1,1,0.7709374081821143
1,1,0.5304031999585349
1,1,0.6070484403629585
1,1,0.6521126949179399
1,1,0.5640060713965293
1,1,0.5451718928043575
1,1,0.6416883506204609
1,1,0.510631776536479
1,1,0.6284954985704108
1,1,0.8411408931109965
1,1,0.7741884880964969
1,1,0.8575148986028902
1,1,0.6881297843496196
1,1,0.8882373605569034
1,1,0.7620533074563378
1,1,0.6477574627079564
1,0,0.4884527198895993
1,0,0.49947884905021867
1,1,0.7672093360891369
1,1,0.8695689294893645
0,0,0.4862254233182938
0,0,0.47185953147077864
1,1,0.8085288636770711
1,1,0.7170278490488479
1,1,0.5924963434691769
1,1,0.6832291680635173
1,1,0.5622570776269541
0,0,0.13533175861606767
1,1,0.6152850200638634
1,1,0.7587377130201969
1,1,0.5384115208604308
1,1,0.5843641949088483
1,1,0.6009004909594549
1,1,0.6786310068374989
1,1,0.7032043571605969
1,1,0.8781353615321021
1,0,0.3581714144921593
1,1,0.7218533414951435
1,1,0.6928027956597129
1,1,0.8072436590503378
1,1,0.716643958786078
1,1,0.632087091014088
1,1,0.8651139960039383
1,1,0.7805071596177715
1,0,0.16760646561608034
1,1,0.8782197142176028
1,1,0.7590620586254879
1,1,0.6218660803026703
1,0,0.46786244762034523
1,1,0.5041422327793929
1,0,0.10624970585999331
1,0,0.44925974111954975
1,1,0.8341273176716039
1,1,0.5769111350826436
1,1,0.8339721405354514
0,0,0.37622937874839296
1,1,0.80924461354376
1,1,0.6962966954718482
1,1,0.6589715181761608
1,1,0.745718886966193
0,0,0.20735623934127345
1,1,0.8461600818933603
1,1,0.8631299735820881
0,0,0.314454076244303
1,1,0.8886216450662735
1,0,0.1981056940728625
1,0,0.4525091994397322
1,1,0.8650733562778207
1,1,0.7701209206407784
1,1,0.8191950577693352
1,1,0.901584961485051
1,0,0.3314124700630842
1,1,0.7597455648553085
1,1,0.5829857996062233
1,1,0.6341658984380147
1,1,0.69661960660137
1,1,0.8131230060168312
1,0,0.31685564318580967
1,1,0.5044331556461219
1,1,0.5527666073950399
1,1,0.8557441601140464
1,0,0.3007310037800004
1,1,0.60178984838693
1,1,0.5518421498680753
1,1,0.5129324614465999
1,0,0.00826684627875722
1,1,0.7939371984051218
1,1,0.758380578321019
1,1,0.8033623481062283
1,1,0.8789533197598879
1,1,0.8495720098746521
1,1,0.6847756475508726
1,0,0.2024174454875844
1,0,0.4396953583646222
0,0,0.00023657363941081226
1,1,0.8820206410250565
1,1,0.8443802079388528
1,0,0.2663226491450109
1,1,0.6778926745392639
1,1,0.7768533070168602
1,1,0.522590161830177
1,1,0.5735293530752402
1,1,0.8367617751877464
0,0,0.263593845721218
1,1,0.912597544429883
1,1,0.703679751703068
1,1,0.5555769572034249
1,1,0.7668609157635602
1,1,0.6324178266456097
0,0,0.44105553271820663
1,1,0.797831704216651
1,1,0.8769330556578404
1,1,0.5529387694426711
1,1,0.6066881537895018
1,0,0.3868204982998026
1,1,0.605539693267117
0,1,0.7061256101026232
1,1,0.8941783246924614
1,1,0.823545969889139
1,1,0.5228260752188281
1,1,0.6665374716340721
1,1,0.746349891799783
1,1,0.6024085496512291
1,1,0.8212890030343061
1,1,0.7294030420671177
1,0,0.45291993639394695
1,0,0.4455808566923936
1,0,0.47617011866346054
1,1,0.7822234908185383
1,1,0.8163652607086263
1,1,0.5521873864061964
1,1,0.7032729666985574
1,0,0.430704362396314
0,1,0.668464683284641
1,1,0.6265901583779595
1,1,0.8384369514315605
1,1,0.5731516757680231
1,1,0.7872421513113558
1,0,0.08044514600551703
1,1,0.6260227205143846
1,1,0.6425613068966037
1,1,0.8290646653775627
1,1,0.6036646367522878
1,1,0.8497311856178732
1,1,0.661140619564722
1,1,0.6205554468712114
1,0,0.03809838246094363
1,1,0.7554537223360442
1,1,0.886637713278341
1,1,0.5545554849415923
1,1,0.503111096166534
1,1,0.7841211453528564
1,1,0.6284538311548287
1,0,0.4456961047027703
1,1,0.834855559652275
1,0,0.434850997223464
1,1,0.6642453334648964
1,1,0.5135172167512488
1,0,0.4415903199396867
1,1,0.602306850303888
0,1,0.6471293482281081
1,1,0.6608120411987055
1,0,0.4898674389611415
1,1,0.6217918768837527
1,1,0.5299115731133853
1,1,0.8203559520828028
1,0,0.44801930367188253
0,0,0.3624788075269942
1,1,0.6494162264566828
1,1,0.5438949522537243
1,1,0.7382186245081649
1,1,0.5298180293230302
1,1,0.8003686324284017
1,1,0.8727230897517632
1,1,0.8156317234112019
0,1,0.6186060157564325
1,1,0.5306489040120773
1,1,0.7657862873349444
1,1,0.7156727217398673
1,1,0.8002886588086242
1,1,0.5496586783357257
1,1,0.6964245671547825
1,1,0.7956810690822813
1,1,0.7100975937122946
1,1,0.7326842266913
0,0,0.41453799694225063
1,1,0.7933040049230441
1,1,0.6985112696591795
1,1,0.8732955791802446
1,1,0.8161975578211943
1,1,0.802800706233223
0,0,0.17048223319312544
1,1,0.6903167783542861
1,1,0.8018636811783288
1,1,0.7805333651285957
1,1,0.8772233513693715
1,1,0.701046933846007
1,1,0.8005409834767765
0,0,0.4496815314006636
1,1,0.686551241758019
1,0,0.4204193363222791
1,1,0.5105942038720196
1,1,0.7560225003690181
1,1,0.7703547628611261
1,1,0.5739125668880983
1,1,0.7796773149360887
1,1,0.7020612123633704
1,1,0.8380865562378448
1,1,0.7942451700713706
1,1,0.8508282045203376
1,1,0.7823381610875428
1,1,0.7761139149455946
1,1,0.7405474752350132
1,1,0.8910278607409703
1,1,0.6259728374742574
1,1,0.579967986824397
1,1,0.8511236145179291
1,1,0.7128335027870526
1,1,0.7267932899557972
1,1,0.8640200141879475
1,1,0.7025545201733493
1,1,0.6404238339670705
1,1,0.7714012201267172
1,1,0.6353563337894358
1,0,0.2490125559932033
1,1,0.7646530672183062
1,1,0.7420376771238156
1,1,0.6988253002803738
1,1,0.8665475020181023
1,1,0.6031125197472342
0,0,0.4047490891242071
1,1,0.5947556502905522
1,1,0.9200252085728029
1,1,0.8274647435998133
1,1,0.7896823703630735
1,1,0.5809560111758639
1,0,0.44033625456563846
1,1,0.7834321194152487
1,1,0.8049269937241192
1,0,0.42109488823307023
1,0,0.49589115739515666
1,1,0.5488053663505408
1,1,0.7443812876307259
1,1,0.5659857955177766
1,1,0.5290135374764428
1,1,0.8588546968238915
1,1,0.7884153261684911
1,1,0.8409530322005615
1,1,0.6809930153194302
1,1,0.7638163845504751
1,1,0.8741945363065138
1,1,0.6764908791966878
1,1,0.7936113322161311
1,1,0.8215217163707246
1,0,0.3639474186555191
1,1,0.8520039424909039
1,1,0.6478315646744482
1,1,0.5630309769704827
1,1,0.8932298709961051
1,0,0.47292159040828924
1,1,0.806878284778948
1,1,0.6192952319497675
0,1,0.5979065965845991
1,1,0.6627138786505392
0,0,0.2867879585522447
0,0,0.008694486296839311
1,1,0.6916606002284876
1,1,0.814904940124967
1,1,0.5555294281874722
1,1,0.8967845157878602
1,1,0.7213803275961674
1,1,0.7938758048508695
1,0,0.11648745264970024
1,0,0.3238227929522365
1,1,0.7138959958173275
1,1,0.5640340680152198
1,1,0.635077830085122
1,1,0.5115221435308528
1,0,0.3998453228272535
1,1,0.7986362514272556
1,1,0.8807903514957535
1,0,0.3771405443959699
1,1,0.8576818880010361
1,1,0.5662461402966013
1,1,0.5866725947425476
1,1,0.8773362874855554
1,1,0.510113789597607
1,1,0.8628924030559056
1,1,0.8482467385152942
1,1,0.8479090530875938
1,1,0.581076803605071
1,1,0.8643023098188795
1,1,0.8273970973969288
1,0,0.47631107894853797
1,0,0.4047016892282758
0,0,0.4843844863376643
1,1,0.6159768859772017
1,1,0.7766404320184157
1,1,0.7926911384854063
1,1,0.8073932192306388
1,1,0.5419308434111948
0,1,0.816427200253833
1,1,0.873837492536508
1,1,0.5376751319508603
1,1,0.6539522491891246
1,0,0.2589515020593316
1,1,0.6987183947868765
1,0,0.36650909023261546
1,1,0.8356612011388649
1,0,0.23527339972086247
0,0,0.43899898940686216
1,1,0.6301757275963833
1,1,0.7995300892706285
1,1,0.7785179792733834
1,1,0.8411324647629107
1,1,0.7695223310437095
1,1,0.842377532794846
1,1,0.6921764062822147
1,1,0.8959368906636139
1,1,0.8519989259644296
1,1,0.8149870648241901
1,1,0.8030785424487814
1,0,0.18016347162905674
1,1,0.5705535785712839
1,1,0.889378320015044
1,1,0.7570398860678307
1,0,0.05896814661898122
1,0,0.34100099605431733
1,1,0.7573799179903015
1,1,0.7659721014651637
1,0,0.42208682447949647
1,1,0.5754334724612817
1,1,0.8642341945422092
0,0,0.17579853890298364
1,1,0.7481467659561537
1,1,0.5710359789876103
1,1,0.7546585128842361
1,0,0.013332553929733617
1,1,0.7916445663766862
1,1,0.7581420311395632
1,0,0.06396610194911831
1,1,0.5443812948131315
1,1,0.7402926265030868
1,1,0.9140406382532353
1,1,0.8605683757796654
1,1,0.8259452218862978
1,1,0.6157588941034828
1,1,0.6291393354355479
1,0,0.48017943088920295
1,0,0.12606244019178264
1,1,0.7934469019012264
1,1,0.8574059136520419
1,1,0.8216172214759543
0,0,0.4011269666177146
1,1,0.8614339072747874
1,1,0.8831460242726504
1,0,0.10536169616494513
1,1,0.7489687073566416
1,1,0.8185356022136405
1,1,0.5276237772840204
0,1,0.6823752837093615
1,1,0.6090894096663604
1,0,0.10408017025519642
1,1,0.5022941932536248
1,1,0.8469610888384101
1,1,0.6938407780673533
1,1,0.5269629272307986
1,1,0.8096223934104343
1,1,0.8631524550284768
1,1,0.7745499799832822
1,1,0.5778602848743907
1,0,0.4007160726313469
1,1,0.9095736338708538
1,1,0.8124637017555392
1,1,0.7091137336640124
1,1,0.7141236516268704
1,0,0.008643025289669407
1,0,0.37423378312608596
1,1,0.7596762232568659
1,1,0.5083026578961629
1,1,0.7200315049333295
1,0,0.2470541871646995
1,1,0.8068229534501185
1,1,0.7547162491032416
1,1,0.7280929746837069
1,1,0.5255069171927995
1,0,0.13734318789037034
1,1,0.7948745110274733
1,1,0.6257109971932685
1,0,0.35349228772914765
1,1,0.7589875068290739
1,1,0.8849952461051106
1,1,0.8696317616833465
1,1,0.8559673274775159
1,1,0.6271876473888148
1,0,0.3335675759634203
1,1,0.8281926629040318
1,1,0.7961118136024212
1,1,0.5491555712494288
1,1,0.8544725880453417
1,1,0.7659268395616653
1,1,0.6501974343221399
1,0,0.19478144174051407
1,1,0.8732043013770341
1,1,0.7794160491831577
1,1,0.8824688042487473
1,0,0.3846300315044488
1,1,0.6926349884187387
1,1,0.7819144423570613
1,1,0.6311297277664252
1,0,0.4880193928946934
1,1,0.6602499369039329
1,0,0.37996859498032226
1,1,0.587003503129867
0,0,0.4655035292529329
1,1,0.8708501598506677
1,1,0.8874908354918194
0,0,0.23580850055478939
1,1,0.607232833122136
1,1,0.7292554937292582
1,1,0.7927003296092544
1,1,0.909307140489947
1,0,0.4725865573250922
1,1,0.8845752196611221
1,1,0.8051344730116754
1,1,0.7864326254039455
1,1,0.5883032518050074
1,1,0.5671916449315356
1,0,0.18255777620739858
1,0,0.41152490098071476
1,1,0.5525713017752479
1,1,0.8318130282627575
1,1,0.6721506268863904
1,1,0.5025835691633859
1,0,0.4475090096123803
1,1,0.6272695409524617
1,1,0.7903625753636184
1,0,0.1853649303505216
1,1,0.812641123258928
1,1,0.5708603988068923
1,0,0.017862160323701286
1,1,0.6101773835086525
1,0,0.17138124870971075
1,1,0.6029143499918053
1,0,0.36911563104901257
1,1,0.7214950425236868
1,1,0.7711644630410964
1,1,0.8562216310209534
1,1,0.7848884611709468
1,1,0.5909676012060506
1,1,0.8042507662102975
1,1,0.6644786934081458
1,1,0.8023552165599178
1,1,0.764291720530084
1,1,0.6260543875210958
1,1,0.5415633219704453
1,1,0.8106497762947525
1,1,0.610887412124625
1,1,0.8211086409051875
1,1,0.8339527892715336
1,1,0.5981258805050478
1,1,0.9081570478951925
1,1,0.5549697729843713
1,1,0.9101446461088462
1,1,0.8007643554947893
1,1,0.7977446973217011
1,1,0.8072149247360189
1,0,0.41381995457559617
1,1,0.551368033127479
0,1,0.6255324419559292
1,1,0.7858060053541613
1,1,0.8105867841290012
1,1,0.7148825639263013
1,1,0.8336673649568138
1,0,0.02395229377976221
1,0,0.2218393773792923
1,1,0.8102602066439534
1,1,0.8227348534566236
1,1,0.8600531869733834
1,1,0.8645489717799563
1,1,0.7861217433550186
1,1,0.721186609961441
1,1,0.5185687740327186
1,1,0.8122633766541335
1,1,0.7917501915255704
1,1,0.6688101849403616
1,1,0.5557841993382969
1,1,0.7600731930243153
1,1,0.672701039207924
1,1,0.7107904495027803
1,0,0.26652978229583874
1,1,0.7978860451076735
1,0,0.3443127795028321
1,0,0.46272150857003136
1,1,0.8478088922266791
0,0,0.007387499130195145
1,1,0.7669133092075242
1,1,0.8770808361354395
1,0,0.4028131557330073
1,0,0.09889353450335633
1,1,0.5497431347808582
1,1,0.8220945461193176
1,1,0.702195348789298
1,1,0.7794500311801406
1,1,0.7129347179589945
1,0,0.4425508438134783
1,0,0.30598027858695387
1,1,0.8092729332025862
1,1,0.6698265149116344
1,1,0.558135149040631
1,1,0.7490881602509302
1,1,0.6353952555184804
1,1,0.8036954488868212
1,1,0.8323480589698508
1,1,0.5276175887103753
1,1,0.828621193073813
1,0,0.3710139460223561
1,0,0.49806755946371367
1,1,0.821378291952214
1,1,0.7917684078761049
1,0,0.31237689597415785
1,0,0.24394321348446432
1,1,0.7387372545072283
1,0,0.33013000709661333
1,0,0.369884149560453
1,1,0.7458817686591735
1,1,0.6233541558871024
1,1,0.7360866282317021
1,1,0.7246612969138273
1,1,0.7596734151137227
1,0,0.4265074587157255
1,1,0.6299146623334179
1,1,0.8848891905261693
1,1,0.8697806168875025
1,0,0.3653904016774289
1,1,0.735349162581618
1,1,0.7906464374308116
1,1,0.7749097578605002
1,1,0.7288888584785678
1,1,0.6893972454180604
0,1,0.653982846317064
1,0,0.4934300997813981
1,1,0.838788877654905
1,1,0.8766121038820227
0,0,0.4061657629272482
1,0,0.11567285295995791
1,1,0.7792708577770382
1,1,0.6746821937830643
0,0,0.4319491460940284
0,0,0.02871636298984991
1,1,0.8278545432110255
1,1,0.5015190690913396
1,1,0.8700359150761783
1,1,0.7059399681300278
1,1,0.7304622553972702
1,1,0.8452906508946955
0,1,0.6611057951278093
1,1,0.8022607935416035
0,0,0.28712848979478306
1,0,0.19491505263628398
1,1,0.8346925133979499
0,1,0.7744745597242765
1,1,0.8441888506278483
1,0,0.49226755851697784
1,1,0.752058544174715
1,1,0.8241409323307805
1,1,0.8444985098633297
1,1,0.8311730650400839
1,1,0.8570092128644944
1,1,0.7360771192050366
1,0,0.33670182214967426
1,1,0.8706804928762655
0,0,0.2643582423015025
1,0,0.4109700175586391
1,1,0.8218568966794154
1,1,0.8081402288458104
1,0,0.47203061944084057
1,0,0.18769531192466365
1,1,0.8217080967213791
1,1,0.5687678980613129
1,1,0.6832171713711158
1,0,0.2783866891630223
1,1,0.8744353930023715
1,1,0.5516879485786924
1,1,0.8135291534789428
1,1,0.6774266002887046
1,1,0.6916342519438333
1,1,0.8542173075735371
0,1,0.5507330105341515
1,0,0.2342254993518897
1,1,0.7105387156832049
1,1,0.7780459790954249
1,1,0.743133503972165
1,1,0.8935200644410625
0,1,0.6491233262086971
1,1,0.7969445983133935
1,1,0.6516274711593228
1,1,0.7471519190348196
1,1,0.8062236366647887
0,0,0.06795248160081407
1,1,0.8740671934941423
1,1,0.7882204364363594
1,1,0.8083943164152655
1,1,0.8063418963959665
1,1,0.8421180073763278
1,0,0.4074479073331523
1,0,0.09871974398160299
1,1,0.7680891536892612
1,0,0.4528384260314573
1,1,0.5018093918445792
1,0,0.40269197177785565
1,0,0.3048622377665189
1,1,0.6864749956983123
1,1,0.7879445722770609
1,1,0.6938400483108308
1,1,0.8653200217202226
1,1,0.5557070430699103
1,1,0.8001008533470645
1,0,0.38386485833620476
1,1,0.8038419352987504
1,1,0.7557585713292376
1,1,0.5304286355661114
1,0,0.4567182982780856
1,1,0.7606951714318586
1,1,0.8614226823221574
1,0,0.2614655308454578
1,1,0.6712435656910305
1,1,0.6537386203395594
1,0,0.42330820521165474
1,1,0.8750827572616114
1,1,0.7614555125753312
1,1,0.661782585945048
1,1,0.7298356750907122
1,0,0.3721913117367206
1,1,0.7852718401015588
1,1,0.7122637125560863
1,1,0.715159538937062
1,1,0.8081324658981622
1,1,0.7102607082424978
1,1,0.7686184400848884
1,0,0.48314898017162206
1,0,0.16910057622479416
1,0,0.26413749160746963
1,1,0.7599053611440699
1,1,0.573642677255236
1,1,0.6842411725345539
1,1,0.5837662974571478
1,1,0.7284003932683395
1,1,0.8353615756257162
1,1,0.7980920744236666
1,1,0.6950377391827979
1,0,0.3822239163226739
1,1,0.7252561731619552
1,1,0.910079340424603
1,1,0.5737408330522283
1,1,0.7339703478851721
1,1,0.8235728295903324
1,1,0.8560226638898307
1,1,0.5297349458835912
1,0,0.462269950752606
1,1,0.765893434656255
1,1,0.7881012396583608
1,1,0.8075439650051849
1,1,0.8506234102398037
1,1,0.5376339375188859
1,1,0.8610780584479493
1,0,0.4843371170851388
0,0,0.09382886670827811
1,1,0.7630511415023613
1,1,0.5997240234853639
1,0,0.02343402636878054
1,1,0.5143306919877558
1,1,0.5488461930279033
1,1,0.7243799810746262
1,0,0.1480391497127146
1,1,0.721207428991307
0,0,0.22390440297086273
1,0,0.3618333816538884
1,1,0.7721767736570114
1,1,0.7795482373583237
1,1,0.811084040421667
1,1,0.7199081974404338
1,1,0.8393680940726027
1,0,0.31197717410835213
1,1,0.699151559976474
1,1,0.88115448382223
1,1,0.5745004337984111
1,1,0.8819582780945663
1,1,0.8778278746591519
1,1,0.5565072382482323
1,1,0.817745158056243
1,1,0.5968510556141033
1,0,0.475464556097524
1,1,0.847949728794708
1,1,0.8063587027690706
1,1,0.6582987179911485
1,1,0.7366854784385438
1,0,0.36431398902788537
1,0,0.34927531243240156
1,1,0.8823324750330637
1,1,0.5987613964924621
1,1,0.8752306809377168
1,0,0.4360240084253692
1,1,0.6771134856591535
1,1,0.7872050140346373
1,1,0.7226530587392697
1,1,0.7250942086183904
1,1,0.8042264195292289
1,1,0.534599866532952
1,1,0.7482437489409508
1,0,0.3909026559974966
1,0,0.48705314238653535
1,1,0.7993677212831408
1,1,0.7710574441684214
1,1,0.9194305195788415
1,1,0.7185581497534742
1,1,0.6135251648676862
1,1,0.6292208782167527
1,1,0.6632433403823773
1,1,0.65482493599556
1,0,0.24571102477574736
1,0,0.38960292867876384
1,1,0.8594408585728829
1,1,0.5959943947322086
1,1,0.8871373360228783
1,1,0.6776330343269693
1,1,0.8659244680570466
1,0,0.2099531437502864
1,1,0.6777342470083365
1,1,0.5472563784394499
1,1,0.6656947531365879
1,1,0.8243684601419333
1,1,0.5114726334499441
1,1,0.5840997255240449
1,1,0.7952984159787221
1,1,0.6462149956507719
1,1,0.6069025698954882
1,1,0.8577641886396462
1,1,0.8600294391632938
0,0,0.3984428873559578
0,1,0.6709001954014424
1,1,0.5575974093094155
1,1,0.6889645167988202
1,1,0.8288044221227993
1,1,0.8120606310316957
1,1,0.7533980467562434
1,1,0.8172797144819581
1,1,0.8130212992557229
1,1,0.6876876561861465
1,1,0.7943376000128575
1,0,0.44012628333390985
1,1,0.7024732640683847
1,1,0.5370626145300756
1,0,0.2170673609397412
1,0,0.24643700622045764
1,1,0.7309438642009259
1,1,0.7811462817220551
1,1,0.5188061330219178
1,1,0.5756091397266752
1,0,0.19344098510075944
1,1,0.770730415539783
1,1,0.7662302511375427
1,1,0.6501385470076663
1,0,0.4447699221776137
0,1,0.7625683499178193
1,1,0.7446528325416468
1,0,0.3655110759708152
1,0,0.07594604249030422
1,1,0.8588475518570371
1,0,0.3898467409922858
0,1,0.8733356896823707
1,0,0.4394387141608452
1,1,0.6544946519286037
1,1,0.6894778488531166
1,1,0.7596635356010398
1,1,0.9055121988177399
0,0,0.15379199858436773
1,1,0.8917239239002113
1,0,0.4310405362975357
1,0,0.15859388572353927
1,1,0.7881855539745296
1,1,0.8778509643957543
1,1,0.8682354423734902
1,1,0.8285048779559048
1,1,0.6891798099888009
1,1,0.7545369159375624
1,1,0.6636877595632857
1,1,0.7907434970102021
1,1,0.7244908090900859
1,1,0.8439844700973729
1,1,0.8449263815317616
1,1,0.6823947749772228
1,1,0.8070218638358202
1,1,0.7033625975489186
1,1,0.8969394727610087
0,1,0.6003923555724083
1,0,0.19177671777654937
1,1,0.7915379708712605
1,0,0.43119016234921775
1,0,0.49926729668387304
1,1,0.6838641977781953
1,1,0.8430322392022738
1,1,0.6289702900238405
1,1,0.5822957517471328
1,1,0.8305134090239052
1,1,0.5410459804726444
1,1,0.8208350884800406
1,1,0.6634325065327351
1,1,0.6137160627018698
1,1,0.7250705816388547
1,1,0.55040784699144
1,1,0.7420607583096653
1,0,0.3347732589053355
1,0,0.337869703987767
1,1,0.5254452063233082
1,1,0.7888011976598698
1,1,0.8300213231988421
1,0,0.23114481319321703
1,1,0.8458264289291276
1,1,0.6682204048240233
1,1,0.526643105156165
1,0,0.1721132559415923
1,1,0.5750116313419158
1,0,0.2577551492462976
1,1,0.6242171925872944
1,1,0.8160835986961192
1,1,0.9072294313015846
1,1,0.7461074570340738
1,1,0.7859315353028401
1,1,0.8842952084619606
1,0,0.42167245358337985
1,0,0.3494678064261923
1,0,0.09085670617556249
1,1,0.7285380458403423
1,1,0.7819899977330591
1,0,0.3753444884740334
1,1,0.6386386430139365
1,1,0.5323096532715901
1,0,0.4542155265065883
1,1,0.7040524500356345
1,1,0.8739258034164054
1,0,0.17759529281015485
1,1,0.8508201732270707
1,1,0.5696726456776211
1,1,0.5808268946608345
1,0,0.03382935669701136
1,1,0.8584200334398944
1,1,0.7466176758330189
1,1,0.7725627601585866
1,1,0.8751203910559622
1,1,0.54547711821358
1,1,0.8515094425377593
1,1,0.9064039578059678
1,1,0.7261769304923631
1,1,0.7362377992720297
1,1,0.5736286030798579
1,1,0.7541061913323349
1,1,0.674245489032018
1,1,0.8458560551958504
1,1,0.8478799306737929
1,1,0.8357343972999098
1,1,0.8550661866593284
1,1,0.8579583312451338
1,1,0.671996146156926
1,1,0.8114760956410121
1,1,0.6115770820600235
1,1,0.6881412488106522
1,1,0.7849316512569107
1,1,0.5465100527187003
1,0,0.1963425951208326
0,0,0.039392629342389615
1,1,0.7053552889976302
1,0,0.26621923372355594
1,1,0.6251959939167772
1,1,0.5021152531582597
1,1,0.6887214118644128
1,1,0.7202410568583145
1,0,0.41624611909770415
1,0,0.4375540211513064
1,1,0.7627203924925681
0,0,0.1308410070931893
1,0,0.423492969626487
1,1,0.7454801437862724
1,1,0.8361167765783949
0,0,0.00498510853640466
1,1,0.8721701530489087
1,1,0.5153962006419586
1,1,0.8026453544738876
1,1,0.5409748798242289
1,1,0.5055645664821639
1,1,0.8798508949407992
1,1,0.8671716601903018
1,1,0.7399768454760546
1,1,0.8119319049432902
1,0,0.4629205502270148
0,0,0.4469251160349665
1,1,0.7987270472227205
1,1,0.7706218684557652
1,1,0.8242978352132225
1,1,0.6701245609471966
1,1,0.8921840273147775
1,1,0.9043103698563343
1,1,0.740311690450738
1,0,0.29550406589295564
0,1,0.5857392180511118
1,1,0.6531830904977687
1,1,0.7834268566842256
1,1,0.7226996280501697
1,1,0.8810122770498368
1,1,0.6587614774638191
1,1,0.7649845325526827
1,1,0.6181154537510691
1,1,0.7863232306042546
1,1,0.882554732130847
1,1,0.599776730492809
1,1,0.5709511873698143
1,1,0.8491043861867769
1,1,0.7705222840079332
1,0,0.4206259896527006
1,1,0.6976681667173917
1,1,0.5672781316659994
1,0,0.4797408304077705
1,1,0.7810636090824082
1,1,0.9139108182198294
1,1,0.7306478339928921
1,1,0.7486788792843734
1,0,0.36165700742026546
1,1,0.6460212514085566
1,0,0.45239552122003857
1,1,0.5698038270778114
1,1,0.8457019099579315
0,0,0.13520707417692795
1,1,0.5898124537505552
1,1,0.5528168319964689
1,1,0.7222268192634114
1,1,0.8060259796425485
1,1,0.8375745613044168
1,1,0.7590855346857602
1,1,0.8315058560114099
1,0,0.4018435926139328
1,1,0.7283112497408462
1,0,0.467128358923345
1,1,0.579040739185543
1,1,0.5227481470965377
1,1,0.7618557005088429
1,1,0.8295241349233741
1,1,0.6418243521038663
1,0,0.4314856455370743
1,0,0.31212185656956476
1,1,0.6368396807970416
1,1,0.8296544793316784
1,0,0.4233285431123992
1,0,0.38694011488712277
1,1,0.6476808739776877
1,1,0.6944713112992749
1,1,0.9131067645009098
1,1,0.8164601044410904
1,1,0.745961399416324
1,1,0.6889695040935243
1,1,0.6446760407790543
1,0,0.08860312115726701
1,1,0.7942972384454109
1,0,0.35151959068261274
0,0,0.1254981516887431
1,1,0.8123783665165685
1,0,0.1995362546825696
0,0,0.20033782429863237
1,1,0.5024121256841948
1,1,0.7512384707445189
1,1,0.6637020924968193
1,0,0.1412933309911121
1,1,0.6783812068527154
1,1,0.5868160079742166
1,1,0.782665958305553
0,1,0.5438605546204968
1,0,0.4984564606360908
1,1,0.7913158282207935
1,1,0.5686356701554104
0,1,0.5878170816232554
1,1,0.8475597508787891
1,1,0.5424387096198907
1,1,0.8463463187779148
1,1,0.6658880591196628
1,1,0.8730160961463882
1,1,0.8109593745107792
1,0,0.46850998511913294
1,1,0.7277215327149118
0,0,0.4369569515207454
1,0,0.25067665581098636
1,1,0.6451498250729581
1,1,0.7281836428799603
0,0,0.37891372079200014
1,0,0.2364446045800536
1,0,0.48003910731135796
1,1,0.8250909127045509
1,1,0.8383785120586894
1,1,0.708168215734026
1,1,0.799365363614491
1,1,0.7326365147578503
1,1,0.7235586002905392
1,0,0.009510986334823453
1,1,0.5097186906467362
1,0,0.49881317884351056
1,1,0.559249372808801
1,1,0.7297230294986677
1,1,0.6976789335331854
1,1,0.6302124949226139
1,1,0.8359305637945894
0,1,0.5426809318367608
1,0,0.33279887627721805
1,1,0.5538310759342854
1,0,0.4857747614107151
1,1,0.8451631524169027
1,0,0.1506016767278147
1,1,0.7267932423919546
1,1,0.7111688836471803
1,0,0.3143001411194269
0,0,0.0010861697016311058
1,1,0.8023628755468
1,1,0.5262666398763272
0,0,0.4107860881961248
1,1,0.5362549022685468
1,1,0.8901746817350782
1,1,0.8393526078139516
1,1,0.8763025625982916
1,1,0.9189502985242116
1,1,0.6540254059108157
1,1,0.7332897713514835
1,1,0.801446683300105
1,1,0.8219490963808759
1,1,0.6790414099312859
1,1,0.8854859804585244
0,0,0.0986108448580939
1,1,0.8497919172875696
1,0,0.33602946440059384
1,1,0.6919252231281059
1,1,0.8377650671672477
1,0,0.25452127851887724
1,1,0.7638137640843208
1,1,0.7761406372193672
1,1,0.8561871393702317
1,1,0.7780898263588751
0,0,0.046491762201398175
1,1,0.6939757508273878
0,0,0.4535792292327005
1,1,0.8095306659211546
1,1,0.6236805030026249
1,1,0.8019586496982812
1,1,0.7345318093563263
1,0,0.4443361313002019
1,1,0.8201030946553521
1,1,0.5396518338563496
1,0,0.3682215052685767
1,1,0.8863218987293021
1,1,0.8346740447143497
1,1,0.7489583497168498
1,1,0.8137825084510361
1,1,0.8026646194872296
1,1,0.8299744528916884
1,1,0.7028129893414707
1,1,0.8197550171437205
1,1,0.7346495457831083
1,1,0.519112362662295
0,1,0.6149288523253332
1,1,0.5534713623821627
1,1,0.5857741941503599
1,1,0.9022148983036666
1,1,0.8689544998348867
1,1,0.6180272081278152
1,1,0.6487797830888827
1,1,0.6132722357607523
1,1,0.8277640831109203
1,1,0.7008152401546244
0,0,0.016296027691300948
0,0,0.11706014331672526
1,1,0.8905537322548707
1,1,0.6052606268259139
1,1,0.6528312261897533
1,1,0.8060024758115778
1,1,0.5226967355009923
1,1,0.5733039809580781
1,0,0.12114826225949997
1,0,0.39523089586296545
1,1,0.7234497919547476
1,1,0.5309193250743394
1,1,0.6797057319606232
1,1,0.7172834776158542
1,0,0.12583448497940658
1,1,0.8596647056458327
1,1,0.6747819242458656
1,1,0.7800202113638038
1,1,0.7096159460986893
0,0,0.43396348694595305
1,1,0.6001914201212705
1,1,0.7010071375458082
1,0,0.41816891014126806
1,1,0.7272206681898732
1,1,0.8320875161271393
1,1,0.8347049404434034
1,0,0.3822689195553358
1,1,0.7370121567741198
1,1,0.7681581566864542
1,0,0.415763329379482
1,1,0.8123486220539795
1,0,0.33421095604073986
1,1,0.8064408235624199
1,1,0.6127662498422999
0,1,0.5031440772263531
1,1,0.866899674397833
1,1,0.7351560499706982
1,1,0.527058754731325
1,0,0.4225442101431212
1,1,0.5939398552962563
1,1,0.8418786613939792
1,1,0.7922146097482112
1,1,0.7867723419064945
1,1,0.8430144583750891
1,1,0.7607693638037457
1,0,0.46924132964812204
1,1,0.7386279415673334
1,0,0.45170196536232965
1,0,0.4675659489945372
1,1,0.5632579036603773
1,1,0.858985067599843
0,0,0.3727438791105641
1,1,0.8250816403138787
1,1,0.8488164292816124
1,1,0.574164761537775
1,0,0.43568320726336546
1,1,0.8292931504323771
1,1,0.5376334784580162
1,1,0.8765910937075985
1,1,0.8250737144667677
1,1,0.8979920778979337
1,1,0.7168170065331662
1,1,0.6256568739560181
1,1,0.7419078802222763
1,1,0.6141216231886508
1,1,0.7766489914079536
1,1,0.7966462500081924
1,1,0.6019131608853058
1,1,0.7540332022854059
1,1,0.5846627308408869
1,1,0.8055993771340033
1,0,0.3981391990294002
1,1,0.9065366722904938
1,1,0.5761032860727222
1,1,0.6791217438262542
1,1,0.7660191237711951
1,1,0.5823824730346048
1,0,0.4156740373576824
1,1,0.8016253157875247
1,1,0.7760966219917044
1,1,0.8090801061954295
1,1,0.8844838461835841
1,1,0.7616651695449504
1,0,0.35633727465455234
1,1,0.7555345268073167
0,0,0.3946440758695294
1,1,0.7304683172228562
1,1,0.7324714507811129
1,1,0.8417390456659682
1,1,0.8221149394887393
1,1,0.5861164724781878
1,1,0.8757016420768123
1,1,0.5559791905164233
1,0,0.15303136265300793
1,1,0.8310576154477384
1,1,0.7437301654717188
1,1,0.7675936901325012
1,0,0.3322938152960982
1,1,0.7472803950057453
1,0,0.3406195654487273
0,0,0.3884471718346242
1,0,0.4834122062034437
1,0,0.4266026760536792
1,1,0.7450599994515442
1,1,0.5821374353764566
1,1,0.6442986193959407
1,1,0.774558713804827
1,1,0.7359320135286211
1,1,0.7948545696851046
1,1,0.8775640815045435
1,1,0.8811433182462441
1,0,0.42638812376279545
1,1,0.7782207599637777
1,1,0.7961576066138948
1,1,0.714355174693683
1,1,0.5543994030414217
1,1,0.5785477011074289
1,0,0.22255233883739187
0,0,0.2738932646062978
1,1,0.7114351948558955
1,1,0.7050704239147257
1,1,0.746145650834185
1,1,0.7332949902703766
0,0,0.1288874052822995
1,1,0.8124919598126064
1,0,0.42190988033587556
1,1,0.5811952017513059
1,1,0.9018271123857359
1,1,0.669183424130634
1,0,0.33207620702855334
1,1,0.7968605807313065
1,1,0.8632218230882077
1,1,0.6018863809093877
1,1,0.858348602448766
1,1,0.6044207523401612
1,1,0.7741932547277858
1,1,0.6394568049833477
1,1,0.6983905131532058
1,0,0.32985863649478825
1,1,0.7995435377740628
1,1,0.5825570239473327
1,1,0.7899126516437283
1,1,0.8864661264898562
1,1,0.8187410840596882
0,0,0.016004662111237286
1,0,0.46212576882263007
0,0,0.05065215223000383
1,1,0.6591485337834362
1,1,0.8198206153414194
1,1,0.8154134187847103
1,0,0.21590419327563878
1,1,0.7230351095650656
1,0,0.40679183093763643
1,1,0.6882028039480902
1,1,0.6083714601851459
1,1,0.8171258300455155
1,1,0.8511282207541602
1,0,0.47125387995495926
1,1,0.6580675884304865
1,1,0.6120141782694062
1,1,0.6061046928396452
1,0,0.3730300305576295
1,1,0.7652444168588758
1,1,0.7974939452049994
1,1,0.7654593670089356
1,0,0.16838448763856276
1,0,0.15743926780718445
1,1,0.7845952576313009
1,1,0.7954973340362349
1,1,0.7598456180295111
1,0,0.3499746304873091
1,0,0.3006362044407171
1,1,0.7617117023882226
1,1,0.7707206956660086
1,1,0.6435184071182396
1,1,0.8203908235199904
1,1,0.7430828066746675
0,0,0.06271638060233944
1,0,0.05295377673968935
1,1,0.8536593932282966
1,1,0.6367121451125601
1,1,0.8172420422669652
1,1,0.555255857103566
1,1,0.5985284721279609
1,1,0.641494074713994
1,1,0.8456972197938135
0,0,0.4726447232514833
1,1,0.8584974161228254
1,1,0.8427858173004785
1,0,0.2071708806320779
1,1,0.7502588705188369
1,0,0.3394798880059978
1,1,0.8323330749215712
1,0,0.06662456530793626
1,1,0.5409965186969535
1,0,0.43093564122922423
1,1,0.7746120276578341
1,1,0.643785971490319
1,1,0.8435759257409564
1,1,0.8535214853314844
1,1,0.7099822308809949
1,1,0.7765821885260098
1,1,0.8800866436495909
1,1,0.630721788352159
1,0,0.46394409256740804
1,1,0.7083543189633542
1,0,0.40443358250674344
1,1,0.7849483294249031
1,1,0.6302206096630503
1,1,0.7817258837664764
1,0,0.40511822715818957
1,0,0.216097752434077
1,0,0.09837832419816173
1,0,0.43924824005400365
1,1,0.7497398252510166
1,1,0.8713607862930208
1,1,0.5759909407026385
1,1,0.7924656427702121
1,1,0.769887102662804
1,1,0.8704162407983591
1,1,0.72730075206641
1,1,0.8031666425201907
1,0,0.4503259412263749
1,1,0.8472382407400701
1,1,0.7999802136619206
1,1,0.7923014602954781
1,1,0.8710804706624709
1,0,0.3640520681552894
1,1,0.9006184460752423
1,1,0.7801279139801467
1,1,0.81578556767283
1,1,0.7730427282084738
1,1,0.8457344042329912
1,1,0.5883002684286166
1,0,0.37586481639255126
1,0,0.19215775903407517
1,1,0.7252466451228493
1,1,0.6564619764890988
1,1,0.8698188487393973
1,1,0.7257617230569114
1,1,0.733766924863917
1,1,0.7652875670148068
1,1,0.7901325008595785
1,1,0.7136237724614396
1,1,0.7651136477322668
1,1,0.8423796739513942
1,1,0.8801401951486254
1,1,0.7280226366012797
0,1,0.6961260515316816
1,1,0.663999015508974
0,0,0.08447220258044037
1,1,0.6789126469436806
1,1,0.7230247614229646
1,1,0.6936818186449747
1,1,0.8261009974934675
0,0,0.11787684548472623
1,1,0.7152220813101027
1,0,0.1667508815157438
1,1,0.5342414515059327
1,1,0.8314763992311044
1,1,0.7207413582993246
1,1,0.7445328531755975
1,1,0.840824238784675
1,1,0.599715047424567
1,1,0.751229898943954
1,0,0.4259194396553735
1,1,0.8105889846391813
0,0,0.40037576471534225
1,1,0.8194241076639976
1,0,0.46322439682680616
1,1,0.8369524008589698
1,1,0.7733870620429731
1,0,0.2685190911634069
0,0,0.05268251594406484
1,1,0.8723363986219348
1,1,0.7768810190441034
1,0,0.4324773034796263
1,1,0.7331342978058221
1,1,0.8524364871846285
1,1,0.8042373044426171
1,1,0.7506749640719008
1,1,0.8787326856455623
1,1,0.7598856461100639
1,1,0.7100905808712494
1,1,0.6256042736231898
1,1,0.8473388405452843
1,1,0.8403607302797199
1,1,0.5510807381333478
1,1,0.5234363070479313
1,1,0.8033784038495952
1,0,0.323414973772336
1,1,0.8051498479422186
1,1,0.7984458244512584
1,0,0.44796477543485297
0,0,0.10952199992487227
1,0,0.4528776482272283
1,1,0.7854371715508509
1,1,0.8287300950186659
1,1,0.8188603907307045
1,1,0.8913002040250192
1,1,0.8239216292054841
1,1,0.7341028946516921
1,0,0.4990305604977349
1,1,0.7764675403331951
1,0,0.418378192933574
1,1,0.8142139399055902
1,1,0.7384313343028318
1,1,0.7610486825612458
1,0,0.3288951786571515
1,0,0.26057877260346285
1,0,0.3338661144270869
1,1,0.7168978186139567
1,1,0.7797150840173873
0,0,0.48828717503694036
1,1,0.7593465976445325
1,1,0.7681490174640603
1,1,0.6553315326861581
1,0,0.4165431715023997
1,1,0.6651092832616471
1,0,0.4308789402710908
1,1,0.82426128251395
1,1,0.5396668820204271
1,1,0.5937828510942763
1,1,0.8549715646862526
1,1,0.778318399429561
1,0,0.43715139108332646
1,0,0.48655914864880195
0,0,0.08696667893401182
1,1,0.8588209063056325
1,1,0.7997879087879015
1,1,0.8668265092051111
1,1,0.7195897151148515
1,0,0.35371158283499105
1,0,0.03869837145609334
1,1,0.8713384911604906
1,1,0.8316784050875501
1,0,0.23326702878929645
1,0,0.34456343680615503
1,1,0.798008027485862
1,0,0.4457318362448119
1,0,0.4813191580279924
1,1,0.8343123270226084
1,1,0.5083635461542216
1,1,0.7874264668113136
1,1,0.5037919106398313
1,1,0.9198138468835494
1,0,0.18212696401526837
1,1,0.5447117050014318
1,1,0.8127923035580881
1,1,0.6330327246772808
1,1,0.5537656009248593
1,1,0.7622812445783501
1,1,0.7634617131923824
1,1,0.7095447108597078
1,1,0.9038548717709887
1,1,0.9222078823390517
1,1,0.741701493653801
1,1,0.6750276754599516
1,1,0.6266227806798151
1,1,0.8395194506749452
1,0,0.2892799721937847
1,1,0.8511740936252583
1,1,0.7498359392895084
1,1,0.8299665660438224
1,1,0.8130414300936514
1,1,0.6873617785048314
1,1,0.6457203505173809
1,0,0.4450033413826092
1,1,0.7183497738975347
1,0,0.15074184396993845
0,0,0.01960834915050337
1,1,0.650712295914889
1,1,0.7355495636228677
1,1,0.7499723879387542
1,1,0.8714229736934618
1,1,0.7747509984655762
1,1,0.7556524866997468
1,0,0.20467220770515682
1,1,0.8077241479630736
1,1,0.848898710814491
1,0,0.4269213569649671
1,1,0.8359051106540445
1,1,0.7712029838823893
1,1,0.7876699481595489
1,1,0.7260700294320238
1,0,0.19281368142079763
1,1,0.7875298611299333
1,1,0.5090204700019959
1,0,0.2876856142318392
1,1,0.7217764581140396
1,1,0.763011051884195
0,0,0.43656523195615
1,1,0.6617203231233619
1,1,0.6986289196527491
1,0,0.4441791512199514
1,1,0.7497263391390646
1,1,0.5311779197763973
1,0,0.17491473483926284
1,1,0.8076604355290649
1,1,0.6235115946807103
1,0,0.16448222287655773
1,1,0.8698533295992825
1,0,0.36548275618707793
1,0,0.49150510816592313
1,1,0.7861242858787565
0,0,0.22459251947487818
1,0,0.3478881213899793
1,1,0.8480414126221235
1,1,0.7676092028111974
1,1,0.8318499165726816
1,1,0.778648424264172
1,1,0.6255732855781652
1,1,0.8723584186672583
1,1,0.8182587993603891
1,1,0.7870395149596977
1,1,0.5716013323618446
1,0,0.006332990336901021
1,1,0.5246239246157043
1,0,0.4251151617057308
1,1,0.8092300598685154
1,1,0.7471241538294767
0,0,0.3802261465839423
1,1,0.8542661432552136
1,1,0.7245607159241589
1,1,0.6957566019448277
1,0,0.07247217356737123
1,0,0.4383224732615611
1,1,0.5708869649337392
1,1,0.7402255036443497
0,0,0.07858767410007118
1,0,0.4237826165574841
1,1,0.7978381461245376
1,1,0.6520608713705119
1,1,0.7660997750033014
1,1,0.6951486857572242
1,0,0.4056460611725569
1,1,0.7624969542823987
1,1,0.5376561487392045
1,1,0.7898535539452809
1,0,0.3833575932147763
1,1,0.7780815172487974
1,1,0.6662723569178141
1,1,0.6867981944980094
1,1,0.6712975651627202
1,0,0.37743409661685223
1,1,0.704263181039512
1,1,0.700588372782474
1,1,0.6896805764524253
1,1,0.6204061651875682
1,1,0.6991489553260077
1,0,0.31459516037508783
1,1,0.9051796124172302
1,1,0.78688865906238
1,0,0.3179975197304788
1,1,0.5882995342348072
1,0,0.07070810820751462
1,1,0.8742273150761352
1,0,0.3273384386319847
1,1,0.6647628631503151
1,1,0.7858694999974273
1,1,0.7537724883024519
1,1,0.6683104088720563
1,1,0.8158392352151091
1,1,0.6829298915216178
1,1,0.7988922609905748
1,0,0.11100045696252915
1,1,0.7418119305592913
0,0,0.005288791963247913
1,1,0.6841006179346109
1,1,0.6447273067286586
1,1,0.6083011532642205
1,1,0.7703588851146755
1,0,0.4882105664866768
1,1,0.841471868312731
1,1,0.5824357537945717
1,1,0.7896853913283925
1,1,0.5281123377773297
0,0,0.33310723001476455
1,1,0.8112057596943058
1,1,0.7400566463766934
1,1,0.595599393755316
1,1,0.5938475877260955
1,1,0.6710893152964855
1,1,0.8130565476272125
1,1,0.8759202456421161
1,1,0.70298316467949
1,1,0.6824249750984028
1,1,0.8165054713859552
1,1,0.8545957001189459
1,1,0.7329054252457804
1,1,0.7884860880509
1,1,0.7643658813221031
1,1,0.8187900049573488
1,1,0.7198630724181889
1,1,0.8479640955321307
1,1,0.8267301770802402
1,1,0.8421017592859337
1,1,0.710728888012667
1,1,0.7803329581093872
1,1,0.6837461962936694
1,1,0.5094325904478698
1,1,0.5755350169690822
1,1,0.7925905383921675
1,1,0.8049817716177846
1,1,0.7888833382784878
1,1,0.8097525623492383
1,1,0.6472533158556312
1,1,0.8580905537395621
1,0,0.3801798330853699
1,0,0.40409753846646024
1,1,0.6694539735031029
1,1,0.7738714247524129
1,1,0.7717650358160149
1,0,0.37740202533679007
1,1,0.8103186562395998
1,0,0.05882931631298557
1,1,0.7737274045124297
1,1,0.6762517328108888
1,1,0.5066002557814872
1,1,0.8115211048122956
1,1,0.5875525385694661
1,1,0.511143623102235
1,1,0.7690371055783959
1,1,0.831542460016964
1,1,0.7536529880367525
1,1,0.5733797609170895
1,0,0.41227189193614033
1,1,0.7160470555682713
1,1,0.8617470994212775
1,0,0.3312748399459541
1,1,0.8080224610125009
1,1,0.7996563361104938
1,1,0.7543369162388168
1,1,0.7508009100649553
1,1,0.7750171181763031
1,0,0.49278613536400806
1,1,0.8224267814298496
1,1,0.6370997401401647
1,1,0.6505793707602907
1,1,0.6510228367379927
1,1,0.8718712769539981
1,1,0.8648642472631307
1,1,0.8286152076529749
1,1,0.8252014915343177
1,1,0.500093565873062
1,1,0.8309822989979642
1,0,0.366629433717677
1,0,0.27656425712956234
1,1,0.63515223951662
1,0,0.403010202282
1,1,0.7918149322789861
1,0,0.40392410395660044
1,1,0.856541781846103
1,0,0.3044495103777582
0,0,0.031175503258625423
1,1,0.7052914852586056
1,1,0.8688198313584874
1,0,0.2770088071244597
1,1,0.7282945007905326
1,1,0.8053234811818774
1,1,0.5791750883368507
1,1,0.6548482168489268
1,0,0.3783111255099543
1,0,0.4677889313874158
1,0,0.2484686811964701
0,0,0.4660585226317227
1,1,0.688496153742776
1,1,0.7837631579834102
1,1,0.7602332462386352
1,1,0.7906364838675944
1,1,0.6765524038997237
1,0,0.4655124065122694
1,0,0.21891257617890972
1,1,0.7327805339889504
1,0,0.2695438226574322
1,1,0.794745716065791
1,1,0.7563481327376094
1,1,0.5517700759380625
1,1,0.6985203015407581
1,0,0.16172745064967076
1,1,0.7378381713728439
1,1,0.6319414720036802
1,0,0.29373984104976897
1,1,0.8738794455908202
1,1,0.8166827962938392
1,1,0.5115949195970229
0,0,0.01999582177827816
1,1,0.7799741642945579
1,1,0.8312832155423415
1,1,0.8853163299310307
1,1,0.5521813523794038
1,1,0.897058707029045
1,0,0.3438583375164043
1,1,0.6345675748943229
1,1,0.5739329916897928
0,1,0.5193937462513245
1,1,0.7696285173499019
1,1,0.6567460407637096
1,1,0.8409473080934012
1,1,0.6985604269285947
1,1,0.6523911881998276
1,1,0.6588874595796864
1,1,0.5240406399891365
1,0,0.40939651074476474
1,1,0.7040155725046107
0,1,0.6044082516201736
1,1,0.5494920748534927
1,1,0.8686342345497859
1,1,0.7387696443357142
1,1,0.6373989679803683
1,1,0.7064332767566249
1,1,0.8802699401341573
1,1,0.6729340276911203
1,1,0.6069096740079412
1,1,0.7975802771609659
1,1,0.5113351159892862
1,1,0.7639763285580977
1,1,0.7076493562666923
1,1,0.8160588036285068
1,1,0.7933149161027371
1,1,0.791343111249104
1,1,0.6054340106046758
1,1,0.8962418724311747
1,1,0.8460201910882129
1,1,0.7966186714403417
1,1,0.7330889703893639
1,1,0.7038229089704223
1,1,0.6785039257954261
1,0,0.2641194858035646
1,1,0.5404128656129337
1,1,0.7642386775931336
1,1,0.8165783051043943
1,1,0.7047304454583438
1,0,0.3126087703919774
1,1,0.7856278556748417
1,1,0.7515130215570768
1,1,0.75882916711917
1,1,0.8355019220525692
1,1,0.6506253214124328
1,0,0.09005946808704912
1,1,0.5417864735955426
1,1,0.6566401271060134
1,1,0.7819362969905644
1,0,0.3476749151936271
1,1,0.754213921343071
1,1,0.6622881486589299
1,1,0.750398231195177
1,1,0.7736576311994031
1,0,0.041603209933186516
1,1,0.8910773364412571
1,1,0.7133932357194339
1,1,0.5889719111731875
1,1,0.8183704257270833
1,0,0.4442857665432972
1,1,0.7342160297909155
1,1,0.8426377611952317
1,1,0.7587768822595718
1,1,0.7526908615038594
1,1,0.8784953098406321
1,1,0.8069168032471026
1,1,0.6337418276574552
1,1,0.7608744612027412
1,1,0.5981938405544095
1,1,0.5099593155361534
0,0,0.24085251956240952
1,0,0.06822095568710726
1,1,0.7711323525158058
0,0,0.30126662953406763
1,1,0.565643453278997
1,1,0.9016481501482942
1,1,0.7850476526645073
0,0,0.0009297456160036869
1,1,0.54115287398207
1,1,0.6447035037375235
0,0,0.1919952504062159
1,1,0.6701772170331736
1,1,0.861584732922055
0,0,0.29871617303153347
1,1,0.6096434936093921
0,0,0.33019043893165145
1,1,0.7772980586726363
1,1,0.8184992295231124
1,0,0.397059769697512
0,0,0.07928611666881524
1,0,0.3861275949957081
0,1,0.5225922837545929
1,1,0.892386261518042
1,1,0.8735026263690127
1,1,0.802874499634581
1,1,0.8680548586997808
1,1,0.7486145653061487
1,1,0.6890951166792695
1,1,0.8231718696168675
1,1,0.7669388599489422
1,0,0.22798670469193522
1,1,0.8390001024404175
1,0,0.4970056220377169
1,1,0.7363178247008489
1,1,0.8316958105144383
1,1,0.8336914726456944
1,1,0.6765133045177758
1,1,0.7775732558873392
1,1,0.7876784449440872
1,1,0.7455662807965864
1,1,0.5995598766440592
1,0,0.331987364964132
1,1,0.800735197816611
1,1,0.699650562703588
1,1,0.8089339277865525
1,1,0.6265931057162223
1,1,0.5387328608607124
1,1,0.7801624534183639
1,1,0.7235189727951936
1,1,0.7281133531619066
1,1,0.7344806030110236
1,1,0.8643642757474287
1,1,0.6705704816527924
1,1,0.9040110521828644
1,0,0.2789239628546795
1,1,0.7885129577062276
1,1,0.7902749879955299
1,0,0.1864616123608179
1,1,0.8014955366641472
1,0,0.313942137088665
1,0,0.08578032707591716
1,1,0.58126804521543
1,0,0.047782806247520536
1,0,0.33658627267653274
1,1,0.8838296415735264
1,1,0.6196472350959734
1,1,0.8545517793660057
1,1,0.8416269733941744
1,1,0.8523525976197599
1,0,0.1893684950399428
1,1,0.8353092378968526
1,1,0.81050515715418
0,0,0.18083170017652253
1,1,0.5325973575642305
1,1,0.6968049667844372
1,1,0.8825716308613525
1,1,0.6887640613983042
1,1,0.8650267824960984
1,1,0.6814851236731008
1,1,0.7258983333382314
1,1,0.8479794194464009
1,1,0.859589775890714
1,1,0.7566573405459427
1,1,0.8380196962566172
1,1,0.7372137378904088
1,1,0.7690278691450475
1,0,0.4419165595675569
1,1,0.7124407241408689
1,1,0.6246629033895089
1,1,0.8653109829193947
1,1,0.882233234740608
1,1,0.6726471121860678
1,1,0.5241197847247953
1,1,0.776992981994176
0,0,0.4148199420078479
1,1,0.7111430968405098
1,0,0.2852149729707091
1,1,0.7855048360048493
1,1,0.6903003843879684
1,1,0.8431338909232186
1,1,0.7240100942211543
1,1,0.5788560120694464
1,0,0.45234115680693465
1,1,0.5629485562455446
1,1,0.6580151523243982
1,0,0.4142036282129744
1,1,0.8985447525616795
1,1,0.5128161081465593
1,1,0.5124437591880623
1,0,0.3601866952973005
1,1,0.6004656427978059
1,1,0.7487241950762777
1,1,0.8170607906558088
1,0,0.1532993603367584
1,0,0.39169890767171567
1,0,0.4978633491625223
1,1,0.6264954801932531
1,0,0.4147914670845659
1,1,0.8359023627565542
1,1,0.6650024597934893
0,0,0.33564359164902513
1,1,0.8331874509990327
0,0,0.21451471937840674
0,0,0.12796840529549414
1,0,0.4227271814082804
1,1,0.7696291029789278
1,1,0.7499300443337391
1,1,0.7105478343191537
1,1,0.8562460486226712
1,1,0.8591164408249453
0,0,0.4120195393887748
1,1,0.5515792471681151
1,0,0.1200586861777772
1,1,0.8896389415090532
1,1,0.6411159486990882
1,1,0.8018873714056746
1,1,0.7270267756925334
1,1,0.6644076263735998
1,0,0.06689477826474852
1,1,0.5597888610401347
1,1,0.7859787618937645
1,1,0.7200136099373445
1,1,0.8486299896798021
1,1,0.6966307277851799
1,1,0.8236217874313275
1,1,0.9305716876926409
1,1,0.8351151244086966
1,1,0.6240473918029109
1,1,0.8528283560083163
1,1,0.8171536638579844
1,1,0.8635740211492607
1,0,0.1675015229283388
1,0,0.1404172903207037
1,1,0.6017435296542447
1,1,0.7681166538579727
1,1,0.7929613097576151
1,0,0.26098127598919396
0,0,0.13077825947983196
1,0,0.3842817439400451
1,0,0.2162275111334904
1,0,0.48260917230764666
1,1,0.8005960162480155
1,1,0.6605798981942363
1,1,0.6394148913364537
1,1,0.8509711512863257
1,1,0.7418382305927532
1,0,0.40686920846226937
1,1,0.5720660568384157
1,1,0.7697917064956673
1,1,0.7990418766848417
1,1,0.8223247633978079
1,1,0.670664158281707
1,0,0.3571579315012234
1,1,0.7675216917385286
1,1,0.8473601273348506
1,1,0.7940487407926903
1,1,0.8457993605143065
1,0,0.37757360939248735
0,0,0.41462800655772275
1,0,0.37727346583451615
1,1,0.8250055947879743
1,0,0.4717334919595603
1,1,0.7065014362208596
1,1,0.6751989544029963
1,1,0.8258976992332652
0,1,0.5914334428805766
1,1,0.6116328204749819
1,1,0.719319603372753
1,1,0.8565799731681476
1,1,0.6886282149084781
1,0,0.2506152143408269
1,1,0.6642394770086868
1,1,0.500080196281615
1,1,0.6775317730371391
1,1,0.8128968801559219
0,0,0.3942057646231777
1,0,0.3094803226718766
1,1,0.5388744105366864
0,1,0.6347308071575202
1,0,0.4995424093026881
1,1,0.7896388192042163
1,1,0.7837950645681363
1,1,0.7748864145891743
0,1,0.5711479149693669
1,1,0.808981814041366
1,1,0.738565493560932
1,1,0.8610466315157788
1,1,0.8160067220083503
1,1,0.6969977146911399
1,1,0.8343313412614923
1,1,0.7118491529494597
1,1,0.5585141761538905
1,1,0.8387967224140257
1,1,0.6088358262899364
1,1,0.6858873037063105
1,1,0.5510584428572896
1,0,0.3217682028344814
1,1,0.5891949562384378
1,1,0.8408731754738943
1,1,0.8346933086209972
1,1,0.6007728555945393
1,0,0.43583278227074834
1,1,0.5560995451525611
1,1,0.8147231428594889
1,1,0.785351230711279
1,1,0.8946760901241537
1,0,0.37118741107129966
1,1,0.635681394195738
0,1,0.5858267017166756
1,1,0.8538522871615801
1,1,0.8296117423554141
1,1,0.7618602262825395
1,1,0.7719043749868416
1,1,0.6207555721592314
0,0,0.03566133555760379
1,1,0.6809003301489223
1,1,0.7890940046699273
1,1,0.8033732770395836
1,1,0.8772117458478748
1,1,0.8823604265019483
1,1,0.7724129061121253
0,1,0.5505593761915911
1,0,0.40501953678012254
1,1,0.8124391891297273
1,0,0.46930052402704786
1,0,0.45742301265320745
1,1,0.5973186284534828
0,0,0.2903471631516115
1,0,0.3499394385846119
1,1,0.5356515822961865
1,1,0.6732665144022721
1,1,0.7423002690868182
1,1,0.8122160457039789
1,1,0.6347085702721242
0,0,0.014364983157026596
1,1,0.8646250315089421
1,1,0.7938996943896496
1,1,0.7961674250351372
1,1,0.7577022642846988
1,1,0.6585803298411363
1,1,0.5619391439100152
1,1,0.6548626877412179
1,0,0.4747952435403521
1,1,0.6851807621306509
1,1,0.6264827924398665
1,1,0.7477369295384905
0,0,0.03585924107438768
0,0,0.019208209690708578
1,1,0.6620054814694083
1,1,0.8408024744265808
1,1,0.7716236034284555
1,1,0.7127545931736137
1,1,0.7488599910181921
1,0,0.3557482844168867
1,1,0.771636637291269
1,0,0.4634476742811936
1,1,0.8685276692462354
1,1,0.7430793871110872
1,1,0.8311648508640698
1,1,0.6251485887257916
0,0,0.42053754413889394
1,1,0.8103944303844067
1,1,0.9128836903729133
1,1,0.7626340524445712
1,0,0.4674519147988397
1,1,0.7706196162741469
1,0,0.4616295612393169
1,1,0.8177044617274475
1,1,0.540723215044453
1,1,0.8180954242118121
1,0,0.36268710423874123
1,1,0.7500025284587011
1,1,0.6791262603789902
1,0,0.42693275841774453
1,1,0.6207339171129248
1,1,0.7478854703942304
1,1,0.5267229757695057
1,1,0.8681968551870212
1,0,0.3358809846429302
1,1,0.500829088122969
1,1,0.7605720459021704
1,1,0.8392324568494532
1,1,0.9159587534091204
1,0,0.2208677795925733
1,1,0.7722695699839054
1,1,0.7474090845759025
1,1,0.5461224382151724
1,1,0.8455171552105512
1,1,0.8000424662188954
1,1,0.902755869155799
1,1,0.848670120168143
1,1,0.7692055359336044
1,1,0.6560191701709326
1,1,0.6582268503389702
1,1,0.8480670938119944
1,0,0.3009474060486226
1,1,0.7999269268821808
1,1,0.8313229448917842
1,1,0.7862555525804837
1,0,0.495662011232929
1,1,0.8756682132892923
1,1,0.9219691223409474
0,0,0.0038774500676887844
1,1,0.7088457154742085
1,1,0.7781045671034256
1,1,0.8560929767952542
1,1,0.9187972181204995
1,1,0.8578634124518116
1,1,0.8293119046861847
1,0,0.3281229438135216
1,1,0.73016946753864
1,1,0.6689659380157436
1,0,0.3727275121110893
1,1,0.8574938265445788
1,1,0.8685569313174556
0,1,0.5792320807832453
1,1,0.8968603009032636
1,0,0.4405954771986902
1,0,0.13460265038920088
0,0,0.36317368654266874
1,1,0.7480635503821594
1,0,0.29820598841149304
0,0,0.13655904596315685
1,1,0.589119749761494
1,1,0.7852254921765149
1,1,0.5105054941792986
1,1,0.5504196033516361
1,1,0.644574595640852
1,1,0.812734605360336
1,1,0.5880148739151785
1,1,0.8283442931546482
1,1,0.8610846752369808
1,1,0.7949126150035704
1,1,0.7291414187097933
1,0,0.32689537747871317
1,1,0.752973940722072
1,0,0.14014981344289945
1,1,0.7618247077715012
1,0,0.17805021842001864
1,0,0.37798550889435806
1,0,0.49654259578030135
1,1,0.6721488641519247
1,1,0.7579081884346445
1,1,0.6562792625869566
1,1,0.9136186880098631
1,1,0.7586862529337013
1,1,0.7372114681434406
1,1,0.8542173555819912
1,0,0.38933290429572526
1,1,0.8553648146109571
1,1,0.8174643714382387
1,1,0.5174262878840546
1,0,0.3716278797146836
1,1,0.8468807261449304
1,1,0.5587267642359802
1,1,0.5408012729928019
1,1,0.8354356558834194
1,1,0.8128986853775663
1,1,0.6723597972247901
1,1,0.5340223753010803
1,1,0.8813892993275121
0,0,0.008813968992180678
1,1,0.6805557154951397
1,1,0.8199955414008572
1,0,0.018850272196734057
1,1,0.8775300866889457
0,0,0.30136735186937286
0,0,0.11687352166402754
1,1,0.832863501367057
1,1,0.7902080692775455
1,0,0.4451551525899313
1,0,0.33937731389855796
1,0,0.10844682129191578
1,1,0.6466449041969372
1,1,0.7150654250344431
1,1,0.8386131526575226
1,0,0.4732624259936099
1,1,0.7570883174290849
1,1,0.7353126228465585
1,1,0.7111695677497595
1,0,0.08541207747350538
1,1,0.757248129757081
1,1,0.8175343214620111
1,1,0.5405856913532929
1,0,0.3670032705697181
1,1,0.8786433930444563
1,1,0.7767497365868858
1,1,0.8716154687362975
0,0,0.28398709025731106
1,1,0.8607641521868955
1,1,0.8415168668470098
1,1,0.5627690755636177
1,1,0.5855834713217896
1,1,0.8314501204488038
1,1,0.8379882221868842
0,0,0.2156854170472275
1,1,0.5833480972947255
1,1,0.730809816222909
1,1,0.7404006642688128
1,1,0.6146463351688303
1,1,0.8689335635453589
1,1,0.8974644096167698
1,1,0.8381556773826541
1,1,0.8937283343581158
1,0,0.3255046131676298
1,0,0.1902457373565803
1,1,0.826535081863857
1,0,0.3790034447716523
0,0,0.010479033382831458
1,0,0.36327240569683994
1,0,0.33381577378609684
1,1,0.7635657442924495
1,0,0.10365213165723813
1,1,0.7324339305056904
1,1,0.8533859106374614
1,0,0.29879437960719296
1,1,0.6240362370266516
1,1,0.8847971616147227
1,0,0.4646681393318226
1,1,0.7365810272226864
1,1,0.5070051175617948
1,1,0.6992463910336004
1,1,0.7924234292984947
1,0,0.39906686597290003
1,1,0.8215782228200907
1,1,0.8500655662511155
1,1,0.6864158131722067
1,0,0.4850161809602703
1,1,0.8037244926796041
1,1,0.6895622378382902
1,1,0.805848904236409
1,1,0.8468057188831372
1,1,0.8385635985040621
1,1,0.7678308762824806
1,1,0.668220828179684
1,1,0.8460221061326555
1,1,0.6431984224280585
1,1,0.7251222242288247
1,1,0.5491238113115507
1,1,0.640056470968195
1,0,0.3031156282533505
1,1,0.7247336028342236
1,0,0.15124264969804235
1,1,0.9215025052243306
1,0,0.4686080460886852
1,0,0.1874788302357153
1,1,0.7133045474095946
1,0,0.4260605079726409
1,1,0.7224412711513886
1,1,0.868175036692815
1,1,0.8208727039892119
1,1,0.8425776363596382
0,1,0.6955526032632093
1,1,0.6498654717165919
1,0,0.3236434223576531
1,0,0.45545572208811064
1,1,0.8310899022790544
1,1,0.9120729615760992
1,0,0.3206436045417533
1,1,0.8038922086264492
1,1,0.7518921633161535
1,0,0.4311049743451005
1,1,0.8874316754241532
1,1,0.8529334743552089
1,1,0.7752593857293035
1,1,0.7973724705036445
1,1,0.5900434975997182
1,1,0.8035182409217244
1,1,0.7336230452783764
1,1,0.7212173098628681
1,0,0.4273142085630715
1,1,0.8305393906120937
1,1,0.7260516439236042
1,1,0.5960095284344341
1,1,0.7282639373644878
1,0,0.3447632850373933
1,0,0.2532316084320989
1,1,0.861067156371502
1,1,0.8025235498953812
1,1,0.7935688021384415
1,1,0.8775698041692902
1,1,0.8884484294604221
1,0,0.04609308541712019
1,1,0.5844960469600246
1,0,0.2946052341352179
1,1,0.7214437235457778
0,0,0.24990453004100935
1,1,0.8705436616850131
1,1,0.7469238934300778
1,0,0.19398596766736623
0,0,0.3596072906544376
1,1,0.7479608763017374
1,1,0.6992685024741813
1,1,0.8330194353937206
1,1,0.5212381593419241
1,0,0.4000881300247964
1,1,0.8406514845526517
1,1,0.9150146333080502
1,1,0.7970571224298237
1,1,0.8236239485693397
1,1,0.6111986168036578
1,1,0.84090833891497
1,1,0.8512688806397867
0,0,0.36801662367403726
1,0,0.4236200591827284
1,1,0.7452646734458807
1,1,0.6078487073831417
1,1,0.5081090423920889
1,1,0.8530691174070482
1,0,0.2911982392829566
1,1,0.8043896162631153
1,1,0.5872475586218384
1,1,0.6280374534550075
1,1,0.5720130549549749
1,1,0.7759380454217023
1,1,0.6250420384699157
1,1,0.7562507295899167
1,1,0.8966675986082834
1,1,0.6284952581370523
1,0,0.45006487887998264
1,0,0.21287496659365449
1,1,0.7844647451312303
1,1,0.8612202185254747
1,1,0.9068067297384643
0,0,0.37777745614897107
1,1,0.893940378380916
1,1,0.7923738290191465
1,1,0.8373388716087466
1,1,0.8067845468668713
1,1,0.7497668245714358
1,1,0.7444927398100012
1,1,0.7091814819996126
1,1,0.8800233759332309
1,1,0.86625541790452
1,0,0.4063633547804772
1,1,0.8486786155854318
1,1,0.6138794896374122
1,1,0.8944553722224293
1,1,0.8034468670786852
1,1,0.6561627879518783
1,0,0.3485706735508082
1,1,0.820247563233498
1,1,0.8343322129597882
1,1,0.6138070029133982
1,1,0.5240347917476363
1,1,0.6998965027390712
1,0,0.4031865762407423
1,1,0.8695221493503237
1,1,0.7201958312702099
1,1,0.5626483228975653
1,0,0.45260335025655013
1,0,0.43527093498800495
1,1,0.8053530446201744
0,1,0.8569310557345304
1,1,0.693104152022335
1,0,0.42545169661774207
1,1,0.5981861481611163
1,0,0.34781813960473174
1,1,0.811818423506265
1,1,0.7119900932701919
1,1,0.7019960750521086
1,1,0.6047696965863768
0,0,0.39332242907791337
1,0,0.4479134815208757
1,1,0.8019520014719626
1,0,0.32713378281664846
1,0,0.4186346599773117
0,0,0.2243274735368608
1,0,0.44961920789425314
0,0,0.3572943540970815
1,1,0.6563374489747323
1,1,0.7054801902034082
1,1,0.5160070639647862
1,1,0.8353876112253392
1,0,0.42102386109478684
1,1,0.8054633542741633
1,0,0.48319080287993654
1,1,0.8436931833818513
0,0,0.1314633516218915
1,0,0.2159677130510584
1,1,0.8238601785554954
1,0,0.1908248709701372
1,1,0.8528050142838025
1,1,0.6698473443889928
1,1,0.5500164000055473
0,0,0.33948111342855913
1,1,0.8803237654148847
1,0,0.1950607900164206
1,1,0.8750208802040077
1,1,0.8766520996127077
1,1,0.5437092143494139
1,0,0.34822746235739366
1,1,0.5625491970801915
1,1,0.8395822589143317
1,1,0.7248741392520355
1,1,0.5926995650984455
1,0,0.23129957781528873
1,1,0.7442707197314719
1,1,0.6731500418606022
1,1,0.7880458405200897
1,1,0.7660444725170471
1,1,0.6319766457359077
1,1,0.7717399493131227
1,0,0.11659194816782217
1,1,0.8292452844949971
1,1,0.5878832514006117
1,1,0.795781768691002
1,1,0.7318042804882647
1,1,0.6892830153453102
1,1,0.7969487565947807
1,1,0.6935311106903554
0,0,0.4739272749769356
1,0,0.4019797682652236
1,1,0.6550745334090954
1,0,0.03903622795413382
1,1,0.7178349563063811
1,1,0.8030911882328169
1,0,0.3666945380561941
1,1,0.5880070885209273
1,1,0.7914412896537051
1,1,0.7628766419521081
1,1,0.5596960507896227
1,1,0.5750340282807136
1,1,0.6014506750709226
1,1,0.7263498506965925
1,1,0.7070528879199188
1,0,0.35195462978542474
1,1,0.8019435334847171
1,1,0.8385470155549074
1,1,0.7486645916138536
1,1,0.708901518036131
1,1,0.7891461103295865
1,1,0.7150576698045442
1,1,0.6352301668282602
0,0,0.1953624408298333
1,1,0.8455963058771341
1,0,0.15073027438980433
1,0,0.40012269850175114
1,1,0.7548844695357938
1,1,0.6617858853179429
1,1,0.6051599142853835
1,0,0.3492019724084361
1,1,0.698501637160404
1,1,0.7897666178632374
1,1,0.884411613539466
1,1,0.6266432739136921
1,0,0.1421021572768682
1,1,0.655228195503843
1,1,0.6241690955043038
1,1,0.5059320881693911
1,1,0.548934009642307
1,1,0.8685975676654316
1,1,0.8311762253681559
1,1,0.6194131011688443
1,1,0.8234015625133421
1,1,0.8005895923746492
1,1,0.7904631219498842
0,0,0.10753412517289213
1,1,0.7056922874963557
1,1,0.8155264250859916
1,1,0.5340832865236317
0,0,0.11144072807618521
1,0,0.49547272233716516
1,1,0.8689256194097733
1,0,0.3503445773959246
1,0,0.2094768651312156
1,0,0.49258141221243856
1,1,0.828645662015925
0,0,0.0995820062097403
1,1,0.7135179906682099
1,0,0.3538130576269103
1,0,0.49781205660367644
1,1,0.6698119389129015
1,1,0.8920206473646694
1,1,0.7935155992072631
0,0,0.28752582493887985
1,1,0.8714239367453605
1,1,0.7681836494701759
1,0,0.41590531577853934
1,1,0.5075936362506106
1,1,0.6933187175403636
0,0,0.3489189028432345
1,1,0.6238011206772002
1,1,0.8747418162111451
1,0,0.35697125881915776
1,0,0.3438931884308803
1,1,0.6303356621691296
1,1,0.8363112233550832
1,1,0.73768544869664
0,0,0.14896301168253612
1,1,0.7489477110489092
1,1,0.7490047354064459
1,0,0.007763490952905352
1,1,0.7672516759402523
1,1,0.8197186642087636
1,1,0.8240480566642405
1,0,0.4145830452705614
1,1,0.7341500304831761
1,1,0.880823918869413
0,0,0.02087338816830508
1,1,0.5393047727080974
1,1,0.5720975189363608
1,1,0.7406516284440273
1,1,0.6790231154035569
1,1,0.7335652963185934
1,1,0.857975181880236
1,0,0.47049101596303583
1,1,0.8558712210752175
0,0,0.31265359864598113
1,0,0.3468144801953564
1,1,0.8621977962855069
1,1,0.8279915877309412
1,1,0.8253796008439568
1,1,0.5297592260273526
1,1,0.7740774582436317
1,0,0.2693495510723589
0,0,0.34605155211302313
1,1,0.8581699210821907
1,1,0.7890099015643889
1,1,0.6465823932039486
1,1,0.524096891627614
1,1,0.6602516717663126
1,1,0.7202352170503037
1,1,0.7362474772987245
0,0,0.4645910000643261
0,0,0.13810829422885154
1,1,0.5473828359830448
1,1,0.8230148292675638
1,1,0.8168648768364304
1,1,0.7891486392808563
1,1,0.7783103953310041
1,1,0.8553701022917689
1,0,0.44747034701213073
1,1,0.8025988774068711
1,1,0.7195752258794569
1,1,0.6281210260482597
1,1,0.8338793098109862
1,1,0.8640719734579755
1,1,0.728537439551455
1,0,0.49248154001492656
1,1,0.7889971192416884
1,0,0.27939109430971715
1,1,0.7803452624384893
1,0,0.3765196342862275
1,1,0.8110609193349776
1,0,0.42091002454887516
1,1,0.8075913962530271
1,1,0.7255979997932379
0,1,0.5922040831272448
1,1,0.5015609392684239
1,1,0.6773828984939811
1,1,0.6880104261200727
1,1,0.755198577743029
1,1,0.8806624283707734
1,1,0.7973323070065528
1,1,0.733592832956446
1,1,0.8105117306562821
1,1,0.6070094578577083
1,1,0.8763888458519186
1,1,0.8246888171528424
1,1,0.6352366942340878
1,0,0.44419069455994953
1,1,0.6291147305964947
1,1,0.8130059299578942
1,1,0.7931993607099146
1,1,0.7956166870153553
1,1,0.8252276923407826
1,1,0.6638875323538547
1,1,0.6426810283970825
1,1,0.595339399078143
1,0,0.3916613265714726
1,0,0.42119117143440493
1,1,0.6877306385037986
0,1,0.748422210833633
1,1,0.57540634599223
1,1,0.7143936122147827
1,1,0.6623344861840483
1,1,0.5538153629095273
1,1,0.799425289359975
1,1,0.8341593384088045
1,0,0.341976046444659
1,1,0.8946583952568148
1,1,0.7711323128607837
1,1,0.729600807634789
1,1,0.7462243613757867
1,1,0.6700878311211397
1,1,0.8351859212983824
1,1,0.6861403371853642
1,1,0.8940175236522199
1,1,0.8323772938743778
1,1,0.9099311578857133
1,0,0.3613848546199608
0,1,0.6421072057312233
1,1,0.90830892382854
1,1,0.8992964320501484
1,1,0.7231942217290842
1,1,0.9089579059354417
0,1,0.5546120620241878
1,1,0.9044035818361691
1,1,0.7198754907168321
1,1,0.6889037432272598
1,0,0.2931242834206963
1,1,0.8833006809635141
1,1,0.8347941891620266
0,0,0.06755288212789819
1,1,0.8790817465038374
1,1,0.8446813743153329
1,1,0.870171020894666
0,1,0.5086507330795639
1,0,0.3716796967352519
1,1,0.5769494473284947
1,1,0.5942745987269465
1,1,0.5532184976507958
1,1,0.6094927811717205
1,1,0.5997977612616654
1,1,0.5936045827412919
1,1,0.8062433878747404
1,1,0.8714854801763589
0,0,0.44158881897651675
1,1,0.8475446165368703
1,1,0.8010673585613115
1,1,0.6508986218536854
1,1,0.5505567269212677
1,0,0.04451830973921909
1,1,0.7779806141056762
1,0,0.27277214759009616
1,1,0.6874738512167023
1,1,0.7684134163656737
1,1,0.6677055640984316
1,1,0.750424748053116
1,1,0.9075487767950913
1,1,0.7110557385259382
1,1,0.8208616574830849
1,1,0.8319326893366887
1,0,0.4690143062103757
1,0,0.49500464877057077
1,1,0.5854585168333353
1,1,0.6697637244595648
1,1,0.7961680161563148
1,1,0.6181575310129184
1,1,0.8126952058808755
0,0,0.2917220625020402
1,1,0.7642957864147689
1,0,0.4504250705819963
1,1,0.5002919610180454
0,1,0.607572018557866
1,0,0.25029355600434045
1,1,0.8399837130404778
1,1,0.5647969653143744
1,1,0.8858469314003555
1,0,0.49469277262109573
1,1,0.8249423455702811
1,1,0.7041772149457415
1,0,0.372016101732238
1,1,0.9274598840596389
0,0,0.12899248339484193
1,1,0.8177186246884075
1,1,0.7328297335347044
1,1,0.8759574068911308
1,1,0.7482157144387266
1,0,0.23590722535149425
1,1,0.5008066647572312
1,1,0.5235869957769635
1,1,0.8065875931963965
1,1,0.8641034563255332
1,1,0.7040039352293879
1,0,0.20099860399154224
1,0,0.4517028372480233
1,0,0.23777139622225676
1,1,0.895396258701567
1,1,0.6434276721218811
1,1,0.8742577858599978
1,1,0.8657561881313295
1,1,0.7706328894509421
1,1,0.6091622569759003
1,1,0.5282832563064808
1,1,0.8073710628003841
1,1,0.8182821008586897
1,1,0.7147132209846428
1,1,0.8452493981539115
1,1,0.7064786789894231
1,1,0.8449237884154249
1,1,0.8725563129176543
1,1,0.8985574938704417
0,1,0.5468165413468069
1,1,0.7281051176844245
1,1,0.5872615056511269
1,1,0.78259975436281
1,0,0.3593775038400334
1,1,0.6853288537075486
1,1,0.658091977781131
1,1,0.8184923909281349
1,1,0.7279512240203931
1,1,0.7267219650957718
1,1,0.8494386491902002
1,1,0.7890677939090593
1,1,0.8344225070571971
1,0,0.4422475706547689
0,0,0.13496917458950658
1,1,0.8108024882916187
1,1,0.8432591830129149
1,1,0.888845617721237
1,0,0.47073525377945563
1,1,0.8687762141307247
1,1,0.8104663902865525
1,1,0.8022253411036994
1,1,0.8849552906885513
1,1,0.769690273109604
1,0,0.43172552804729614
1,1,0.731238706123058
1,1,0.7077100560713329
1,0,0.20199370842280195
1,1,0.7059966780223601
1,1,0.8289209131110319
1,1,0.7757179583010999
1,1,0.8285377047163694
1,1,0.6561547914809855
1,1,0.7950566472691862
1,0,0.335772544861369
1,0,0.4426725481868682
1,1,0.5057601458113765
1,1,0.810063915462847
1,1,0.7438732765099365
1,1,0.797285967524431
1,1,0.6069034333318657
1,1,0.780446652043472
1,1,0.7899132510950808
1,0,0.2114682258060481
0,0,0.39172655872787876
1,1,0.5912583000683486
1,1,0.7948980000998757
1,1,0.714433365589189
1,1,0.7828205047026903
1,1,0.820671643054816
1,1,0.6943621099628392
1,0,0.4353683927369734
1,0,0.2043944626220515
1,1,0.8158663992917966
1,1,0.7008168781979525
1,1,0.7152200499840793
1,0,0.34256158432454903
1,1,0.6860332705930277
1,1,0.8318187161206603
1,0,0.04842455676951678
1,1,0.8070195712639378
1,1,0.551886515948616
1,1,0.8446313346103641
1,1,0.5952810756446253
1,1,0.5429997516715148
1,1,0.6136356532215493
1,0,0.41309342893565665
1,1,0.8370792390071664
1,1,0.9039182265304362
1,1,0.8641724649911207
1,0,0.22780034545715008
1,1,0.5716163800339699
1,1,0.7840647298026887
1,0,0.3492256621763778
1,1,0.8332578625563187
1,1,0.8362332518943126
1,1,0.5785716907668869
1,1,0.7299512983737757
0,0,0.3950186418123721
1,1,0.7115425318195537
1,1,0.8638266721822118
1,1,0.8985752794514651
1,1,0.7503522075816075
1,1,0.7769963392196791
1,1,0.817682527155035
1,1,0.9195898338935025
1,0,0.42356122501101107
0,0,0.1124092738041819
1,1,0.728666428941147
1,1,0.8592518856763316
1,1,0.5615987133812457
1,1,0.8424176217890231
1,1,0.6789183290987441
1,1,0.6982292918449697
1,1,0.9148384584882975
0,1,0.7707810809805716
1,0,0.34501673089763596
1,1,0.8245085730180691
0,0,0.3795346809754318
1,1,0.765348879075946
1,1,0.8159338895937555
1,1,0.8206685034455722
1,1,0.8981356312190659
1,0,0.31043120152077835
1,1,0.5690005970916573
1,0,0.2809603765062683
1,1,0.6895892546976662
1,1,0.8067804579649668
1,1,0.698310433832671
1,1,0.7500285720967486
1,1,0.7726432615406542
1,1,0.6267526229384269
1,1,0.7279440084753498
1,1,0.7490816145676269
1,0,0.4281257695552423
1,0,0.4401811914031552
1,1,0.53580037914117
1,1,0.7995624106045776
1,1,0.7279842303128691
1,0,0.23870894582071753
1,1,0.5219140315227166
1,0,0.4567617313035132
1,0,0.30858178234376665
1,1,0.8630923075648049
0,0,0.3842552337727989
1,1,0.6051254144254249
1,1,0.9040786934418303
1,1,0.8263846855218452
1,1,0.8847299176240582
0,1,0.6635411020064358
1,1,0.6121413064102756
1,1,0.6297881195913899
1,1,0.8392960612339457
1,1,0.782307805748955
1,1,0.7902579290516181
0,0,0.038506026360467224
1,1,0.7238933728710822
0,0,0.06426754011495188
1,1,0.7309913639455966
1,1,0.7687695889972196
1,0,0.49054444317406487
1,1,0.8443268776536337
1,0,0.28615851728961594
1,1,0.6833525624315007
1,0,0.3935912396290823
1,0,0.43000090381142414
1,0,0.30072880891529924
1,1,0.8361879272255502
1,1,0.8383423154058719
1,1,0.7506779616112782
1,1,0.7849220873897723
1,1,0.7198712210154239
1,1,0.8668426718059564
1,1,0.8275327715639104
1,1,0.8758607092064886
1,1,0.7898894027113151
1,0,0.41851947085622854
1,1,0.6004440360916412
1,1,0.8816612757051575
1,1,0.6832954929209347
1,1,0.9144639995167497
1,1,0.7615467488669664
1,1,0.6755074504706239
1,1,0.5643349354656673
1,1,0.7162719686176974
1,1,0.7745898350784148
1,1,0.7689497537299564
1,1,0.8144582248115554
1,1,0.5505956625675054
1,0,0.45065756236358234
1,1,0.8375495819082295
1,1,0.9129124104910781
1,1,0.8569618593445205
1,1,0.7210374636473378
1,0,0.48608876046845917
1,0,0.036368484806317575
1,0,0.4312337498535298
1,1,0.732421421864001
1,1,0.5174655616567395
1,1,0.8873189281309782
1,1,0.9071806017089269
1,1,0.5444030249295156
1,1,0.8555015804126488
1,1,0.7010386527349082
1,1,0.5659368716433985
1,1,0.6497155666476437
1,0,0.46347001171828844
1,1,0.8751918736396941
1,1,0.7670525761274968
1,1,0.776680531195914
1,1,0.831888386453723
1,1,0.6558535474537905
1,1,0.6062356001805015
1,1,0.6760515385689816
1,1,0.7099614271412876
1,1,0.7860814946265006
1,1,0.63993504660912
0,0,0.3862959834566788
1,0,0.47468104172818626
1,0,0.2235924670101991
1,1,0.594597159405825
1,0,0.4548402537058525
1,0,0.4749666660611962
1,1,0.858194897856176
1,1,0.8210956321812559
1,1,0.7515774431102372
1,1,0.6306685701776574
1,0,0.42722885118087767
1,1,0.7966291180421969
1,0,0.3312503404953857
1,1,0.8957144071357548
0,0,0.1826127851912511
1,1,0.816116730980217
1,1,0.6424400169479747
1,1,0.8192194803600609
1,1,0.6504786562154226
1,1,0.8308121632315904
1,1,0.6944314055352053
1,1,0.8280494621909456
1,1,0.7176590527021044
1,1,0.8249807100818287
1,1,0.8698985893159501
1,1,0.6480920503488464
1,1,0.9073013231191682
1,1,0.8286910395397789
1,1,0.8458079187564189
1,1,0.7389486713333161
1,1,0.5507983874878437
1,0,0.36160424151676873
1,1,0.6998624016770173
1,1,0.8308723245102406
1,1,0.7801569924863214
1,1,0.858127043918461
1,1,0.5824128069455193
1,1,0.6348242065391845
1,1,0.829757441917997
1,1,0.7389833657714784
1,1,0.7537529355623248
1,0,0.32286899721166157
1,1,0.622893249968345
1,1,0.789255252112305
1,1,0.7563057313814815
0,0,0.44217534094888256
1,1,0.7030298857439784
1,1,0.5648162778020306
1,1,0.5743668544312781
1,1,0.8052288171011361
1,0,0.4573531372975939
1,1,0.7761225196838017
1,1,0.8249575311286643
0,0,0.41040123486298014
1,1,0.7905227582906866
1,0,0.22542034046257436
1,1,0.8606717579740267
1,1,0.5857060158429889
1,1,0.7076081089106343
1,1,0.7876434591948883
1,1,0.7864443265307243
1,0,0.08142798069158631
1,1,0.8276400988517564
1,1,0.7313066585089074
1,1,0.8248191181625958
1,1,0.7685523728643918
1,1,0.7623375738117061
1,1,0.7884839491308837
1,1,0.6338071890952403
1,1,0.7188759555750943
1,1,0.8223993482252562
1,0,0.07639920136188119
1,1,0.5540253419400323
1,1,0.8232653362209188
0,0,0.22135989730600103
1,0,0.4811589483788361
0,1,0.8012082481943036
1,1,0.536008615718099
1,1,0.8180234372566372
1,1,0.8441191217312215
1,1,0.6314410068121191
1,1,0.7139608909702175
0,1,0.6108583184982558
1,1,0.7253287922918747
1,1,0.834688769391263
1,1,0.7373181010181094
1,1,0.8498645793032481
1,1,0.8190939198431557
1,1,0.6255218808393435
1,1,0.8152574902169765
1,1,0.7740530343873373
1,1,0.7120596848212815
1,1,0.838468674291952
1,0,0.4933256704989343
1,1,0.7907410416539125
1,1,0.8632251578013825
1,1,0.8318972093444187
1,1,0.8450769112043566
1,0,0.2637378966730889
0,0,0.22502535621749442
0,0,0.4105537284313229
1,1,0.8442063567855977
1,1,0.9059797523616953
1,1,0.6100834424291179
1,1,0.6511138450680348
1,1,0.8450322495135442
1,1,0.7151715648821081
1,1,0.846048456802403
1,1,0.7415862407923587
1,1,0.8804582574445592
1,1,0.8516071228277567
1,1,0.7159171193137074
1,1,0.7115042792193316
1,1,0.5494465963314604
1,1,0.702668605071809
1,1,0.6518405595058115
1,1,0.592787514957727
1,1,0.7973439304810614
1,1,0.7844514910222472
1,0,0.36394628832565734
1,1,0.5894924376109304
1,1,0.5128096258469376
1,1,0.8225829053423008
0,0,0.1205963230748325
1,1,0.9047182625645014
1,0,0.25044173736297903
1,1,0.6562710802210283
1,1,0.8399142444929508
1,1,0.5328904585222957
1,1,0.7012630522116141
1,1,0.8067287004941842
1,1,0.5917405667730092
1,0,0.45361997412737676
0,0,0.23272556177877948
1,1,0.6636788627681722
1,1,0.8746954608490513
1,1,0.7912873730968611
1,1,0.6923078509319962
0,0,0.4452804684891735
1,1,0.8380070512627339
1,1,0.800315497141654
1,1,0.8484783060001391
1,0,0.32592094525954446
1,1,0.789486249388416
0,1,0.6026061727814032
1,1,0.5257962790068408
1,1,0.6971233946548779
1,1,0.6754254389056622
1,1,0.8223344569203285
1,0,0.3503067337937174
1,1,0.8011805752042543
1,1,0.7409571087973539
1,0,0.1472223974521795
1,1,0.7297746729829868
1,1,0.8659954625529477
1,1,0.7018475586666022
1,1,0.7901854190728699
1,1,0.7583985506105132
1,1,0.8747561629763538
1,0,0.4241934599866414
1,1,0.7269399662388681
1,0,0.18263707881239563
1,1,0.5058592182466585
1,1,0.57991229787684
1,1,0.6729606415287812
1,1,0.8050443573359507
1,1,0.8548852355057946
1,1,0.7527535711159379
1,0,0.4667203071685425
1,1,0.7566976060689141
1,1,0.7780337761560439
1,1,0.6622871552969607
1,0,0.4812088971749727
1,1,0.6948417322520082
1,0,0.33222867003621925
1,1,0.8629849857375345
1,1,0.7905665082823461
0,1,0.8247804201398405
1,1,0.7694565633095908
1,1,0.819545273310048
1,1,0.768804189548316
1,0,0.22541785132695957
1,1,0.7088749996667294
1,1,0.8001129512506183
1,1,0.8131976418777875
1,0,0.21904323576936774
1,1,0.5128269277106884
1,1,0.8978656438069911
1,1,0.8503131336027426
1,1,0.7015242323229788
1,1,0.8248847979239926
1,1,0.8117971687982632
1,1,0.7239542859326756
1,1,0.7955939315212749
1,1,0.8374642832118994
1,1,0.6299944598216015
1,1,0.8350572242627066
1,1,0.7265508609662199
1,1,0.7327063019478017
1,0,0.2725325609602179
1,1,0.7709980011740524
1,1,0.855119018123427
0,0,0.33278781766156584
1,0,0.4457752419531873
1,1,0.5765526628538483
1,0,0.3303174892105202
1,0,0.20869159359174297
1,0,0.4976131769756705
1,1,0.8402142193554519
0,1,0.5826323280509615
1,1,0.6774723521377304
1,0,0.4514164458858012
1,0,0.3667025020796591
1,1,0.7455154754008028
1,1,0.9278343156183523
1,0,0.4847296327814938
0,0,0.399769699291286
1,0,0.3787728290855062
1,1,0.9147548601148491
1,1,0.889074896793498
1,1,0.6985945283318415
1,1,0.5029549168349993
0,0,0.27288809830789684
1,0,0.19582184480256104
1,1,0.6248794999966112
1,1,0.8041847633928016
1,1,0.6432333768071298
1,1,0.8192704083302098
1,1,0.7054399457685995
1,1,0.6587966903437259
1,1,0.6742403920251198
1,0,0.14463344098152028
1,1,0.6855171758045758
1,1,0.8374191469734757
1,0,0.13955401409155213
1,1,0.7563955906292666
1,0,0.31787245310674156
1,0,0.4044792687546895
1,1,0.9179150076055743
1,0,0.3565747907031899
0,0,0.002686418943231132
1,1,0.7093003746629527
1,1,0.8872109711249938
1,1,0.8377999876880309
1,1,0.8002493122315669
1,1,0.6092264941054177
1,1,0.5814825361077359
1,1,0.856285069184731
1,1,0.8427786051733533
1,1,0.5704232479467662
1,1,0.5473084556878896
1,1,0.8106989512233407
1,1,0.6949358527361394
0,0,0.24453023382976172
1,0,0.47863089148904264
1,0,0.048246202543418874
1,1,0.6888775837318178
1,1,0.7939959708877845
1,1,0.8452248611601964
1,1,0.7740880510881998
1,1,0.7355280130143047
1,1,0.6856514955581153
1,1,0.7316358368776541
1,1,0.8728771515172513
1,1,0.5563313787352653
1,0,0.4933483780797779
1,0,0.26595499338999845
1,1,0.6549699207296777
1,1,0.588895797509517
1,1,0.8637757637065826
1,1,0.8044395536160154
1,1,0.5175849184480323
1,0,0.4267636347224964
1,1,0.5055300133400344
1,1,0.7988484942529035
1,0,0.46296529965971267
1,1,0.8392317001888487
1,1,0.8756344153343936
1,0,0.36103269266658844
1,1,0.6219541655737015
1,1,0.6599466109532336
1,1,0.5801479857264699
1,1,0.5002048742194077
1,1,0.7699266189786849
1,1,0.8374180132142226
1,1,0.7841890086862024
1,0,0.2484348389670871
1,1,0.8883377311226465
1,1,0.6015075553349285
1,1,0.6596862769550284
1,1,0.7128388520872293
1,0,0.2519872008009115
1,1,0.595849576972777
1,0,0.24582198125816962
1,1,0.7650091800637623
1,1,0.8063796849647671
1,1,0.8445719384678082
1,1,0.6432246794341037
1,1,0.6917562219282168
1,1,0.7102893390211809
1,0,0.1152786541008296
1,1,0.7557443430251969
1,1,0.8083438025355371
1,0,0.39804072674435387
1,1,0.7566124747611294
1,1,0.793997097717001
1,1,0.5952035540175675
1,0,0.37312496369598774
1,1,0.638237240815682
1,1,0.6361742425065907
1,1,0.8141634094138743
1,0,0.38316784399506265
1,1,0.8304057690746339
1,1,0.7766715104908375
1,0,0.16521240444879182
1,1,0.6780610761363615
1,1,0.8473840487257693
1,1,0.876927649245073
1,0,0.195804141188072
1,1,0.6914382201411207
1,1,0.8145315321691031
1,1,0.6358275689728886
1,0,0.17769549284697503
1,1,0.8333075397350673
1,1,0.7394414698728766
1,1,0.8594990175916942
0,0,0.03988221464637189
1,1,0.810793036793064
0,0,0.38667542620867024
0,0,0.028538079941759196
1,1,0.7174429397410087
1,1,0.574836406422539
1,1,0.5022609333157303
1,1,0.733718785966912
1,1,0.7735900499120043
1,1,0.7021940742243026
1,1,0.5969466241685472
1,1,0.7754320227964253
1,1,0.7075231036556066
1,1,0.8245207101883458
1,1,0.8311257695178593
1,1,0.6876145246331682
1,1,0.8264512344668978
1,0,0.11383865789956843
1,1,0.8925088821646183
1,1,0.7953164587377373
1,1,0.854181925365206
1,1,0.8833367142302508
1,1,0.7724521095698961
1,0,0.04678813471771931
1,1,0.8179220379757343
1,1,0.7689207682229172
0,0,0.2723122966555506
1,1,0.8504964944226134
1,1,0.8287596344975545
1,0,0.4434166014164882
0,0,0.12301906479759175
1,0,0.25372925392934276
1,1,0.625139192762025
1,1,0.8723278893532928
1,1,0.6514942951248349
1,1,0.6679928439452674
1,1,0.8776061618124003
1,1,0.6675783083959876
1,1,0.8819180067489683
1,1,0.5178079296998229
1,1,0.7660010453775642
1,1,0.6441887876332709
1,1,0.884480766855975
1,1,0.535819565386625
1,1,0.6881426809932578
1,1,0.9173911591060196
1,1,0.6418943166563109
0,1,0.535984711975147
1,1,0.8342998782234138
1,1,0.5849444293547944
1,1,0.7580107176036357
1,1,0.8371432966477427
1,1,0.6568039958428579
1,1,0.8333855261243845
1,1,0.8532180016767472
0,1,0.7237700777164084
1,1,0.6944385517145715
1,1,0.7978589985081369
1,1,0.6535886332487416
1,1,0.6958379685895616
1,1,0.5327262732930376
1,1,0.8272783649523701
1,1,0.917556119047069
1,0,0.08231526658003137
0,0,0.32587203020838035
1,1,0.8062191031013807
1,1,0.8392339557336965
1,1,0.8596994815134223
0,0,0.06286690193195199
1,1,0.6279476379484887
1,1,0.6412082788184392
1,1,0.770054875461547
1,0,0.4425230583488805
1,1,0.8777714016526946
1,1,0.8137000789036084
1,0,0.43770039994948773
1,1,0.640194306337191
1,1,0.8948162262723274
1,0,0.4642154357826408
1,0,0.00025896542202927383
1,0,0.3807753589823501
1,0,0.18768717412626237
0,1,0.7147881013173815
1,1,0.8164262694230081
1,1,0.8903042646942383
1,1,0.8278422425521055
0,1,0.6797814978521011
1,1,0.5447767305189212
1,0,0.43715095921144576
1,0,0.4374211604892823
1,1,0.5827575980897802
1,1,0.8593238153179334
1,0,0.483552105723784
1,1,0.7962888169954587
1,1,0.6885099174196544
0,0,0.11555230420919296
1,1,0.6010567671810563
1,1,0.8449927405318652
1,1,0.8773109589042746
1,1,0.8941907289056834
1,0,0.1548220606836094
1,0,0.46985632583337733
1,1,0.8243938599732525
1,0,0.4471228031417838
1,1,0.6925857237215298
1,1,0.7302470168613889
1,0,0.27524529590279784
1,1,0.6857112863291938
1,1,0.8896681634889109
1,1,0.6330596178744603
1,1,0.7475451673739006
1,1,0.6193510861308748
1,1,0.8675146607382493
1,1,0.5051306652264036
1,1,0.6284848489094387
1,1,0.8988373365296736
1,0,0.19076458274098593
1,1,0.5426291404977677
1,1,0.8528329160017694
1,1,0.8763476412315928
1,0,0.014311286252464589
1,1,0.671976054538161
1,1,0.8515562081078679
1,1,0.7336369829146532
1,1,0.7832579279670887
1,1,0.7046708885248485
1,1,0.7644071291138224
1,1,0.8588791676526226
1,1,0.6639122775496259
1,1,0.8128112350615035
1,1,0.7492755573834512
1,1,0.5305360854540534
1,1,0.8554445776244165
1,1,0.551203972536276
1,1,0.7057745716064374
1,1,0.7625461829805562
1,0,0.48794171607664555
0,0,0.25173678614037653
1,1,0.7582723384608366
1,1,0.846793411019708
1,1,0.76242243833699
1,1,0.7912865815143031
1,1,0.8212179820043116
1,1,0.6644123371319829
1,1,0.8757468651869761
1,0,0.34869593056238307
1,1,0.8061410718314272
1,1,0.744598494116117
1,1,0.6238326179193274
1,1,0.8160044074164787
1,1,0.8500002924936605
1,1,0.5380253142063514
1,1,0.5543613001357756
0,0,0.32681244899949957
1,1,0.7417472754476249
1,1,0.7767786226241858
1,1,0.5943907022486211
1,1,0.8599947985635996
1,1,0.6293867844387261
1,1,0.6993095197925131
1,0,0.3049242064411547
1,0,0.4874724235086532
1,0,0.24090179391379554
0,0,0.34624789214809926
1,0,0.18411756977499766
1,1,0.7340754785386153
1,1,0.7935676789548145
1,0,0.24980010302065797
1,1,0.7529280612701412
1,1,0.5817930060158113
0,0,0.4017923388015216
1,1,0.6453120515574147
1,1,0.6711071726648561
1,1,0.8501543610252442
1,1,0.785573458878492
1,1,0.7980535527080119
1,1,0.7310807967347227
1,1,0.7016781881896156
1,1,0.6419991006873424
1,1,0.5627017734514785
1,1,0.6009245025420018
1,0,0.3545878451736482
1,1,0.5009820023494272
1,1,0.7808055849258373
1,1,0.8106748882702631
1,1,0.5401094240127383
0,1,0.5428635020318214
1,1,0.6593803816709906
1,0,0.3982281648248933
0,1,0.6267274314783015
1,1,0.9083111306533526
1,0,0.20775390350484027
1,1,0.5577999336153568
1,0,0.22603458289256972
1,0,0.4402285982673105
1,1,0.5255230714467105
1,1,0.8374682496365651
1,1,0.9042327345800665
1,1,0.6304251989565413
1,1,0.6365473013005907
1,1,0.7362252411046206
0,0,0.08801024142947758
1,1,0.5781470242400442
1,0,0.4870269587998424
1,1,0.7444410594518932
1,1,0.749088015140958
1,1,0.6833935525984335
1,1,0.5090852983598808
1,1,0.6519912619825465
1,1,0.7884595454718761
1,1,0.7873884470535306
1,1,0.72545944167658
1,0,0.49672709479427724
1,1,0.6425107134297953
1,0,0.43488956715007576
1,0,0.16838531139955673
1,1,0.854303884773513
1,1,0.6872815027743656
1,1,0.7787797085954024
1,0,0.37987730689229443
1,1,0.5364180010700291
1,1,0.810756251080625
1,0,0.4253752769018965
1,0,0.37351337148683206
1,1,0.8943260763565843
1,1,0.7902064854583448
1,0,0.458333596604381
1,1,0.8661986299114605
1,1,0.6654854250867602
1,1,0.7506961241669591
0,1,0.6857355708132321
1,0,0.2720208001496589
1,1,0.7896588677056338
0,0,0.23543660516735498
1,1,0.7711964725070733
1,1,0.5767012751307301
1,1,0.5628842637937014
1,1,0.6322299047517502
1,1,0.7368251752874199
1,1,0.8995758412097421
1,1,0.8550175938180635
1,0,0.4058725138820088
1,1,0.6996080998256605
1,0,0.23031070992397776
1,0,0.43078038857859957
1,1,0.7705318498171649
1,0,0.38167804504954594
1,0,0.3317963487685529
1,1,0.7783258046820377
1,0,0.3818521786137804
1,0,0.3803324418319372
1,0,0.028415539027210467
1,1,0.8461238828218446
1,1,0.8141281601657312
1,1,0.791278544541492
1,1,0.8767398732866875
1,1,0.794282855659033
1,0,0.3258451186806609
1,1,0.7464155454903798
1,0,0.2871207125833725
1,1,0.6369569745924182
1,1,0.7474886633747497
1,1,0.7571229748693991
1,1,0.6935258477714704
1,1,0.811004922181024
1,0,0.4446114693115513
1,0,0.4110189468264353
1,1,0.6392523601310774
0,0,0.37149074186760844
1,1,0.8746292491826105
1,1,0.8935236891846726
1,1,0.772067072331743
1,1,0.7770243053206167
1,1,0.796013354403869
1,1,0.6298274712104784
1,0,0.2339365410215516
1,1,0.8571702440149385
1,1,0.6207322556265317
1,0,0.4543257884931271
1,1,0.89863741721861
1,1,0.8427842043615568
1,1,0.6122241696065258
1,1,0.8546342156678062
1,1,0.7421008230132365
1,1,0.8266029587656876
1,1,0.8792008932471697
1,1,0.8028903537365126
1,1,0.6875143826876008
0,0,0.2901345896182317
1,1,0.8072591233321081
1,1,0.7999525870076097
1,1,0.8559611010921837
1,0,0.42672113075648116
1,1,0.7591032852887523
1,0,0.2757475882821038
1,1,0.7713639805599601
1,1,0.8282062764426379
1,0,0.47727290993519644
1,1,0.5977368999022548
1,1,0.6654749135436219
1,1,0.7843598299488644
1,1,0.772730489729963
1,1,0.5303271540146345
1,1,0.6259355452706868
0,0,0.23798449127255988
1,0,0.3400610161830874
1,1,0.8186182117623119
1,1,0.8446809228211848
1,1,0.7238135773007319
1,1,0.8253528565133998
1,1,0.6703126287057665
1,1,0.5872932676477777
1,1,0.8402716510374773
0,0,0.04349537420230359
1,1,0.822620834081501
0,0,0.1770112593529849
1,1,0.8806676156343438
1,1,0.6803728045846112
1,1,0.7788336514159835
1,1,0.8188324728109874
1,1,0.7164374978873997
1,1,0.7841735756913297
1,1,0.7582392610613915
1,1,0.7904246641381798
1,1,0.7203210136345426
1,1,0.7033857698848444
1,0,0.4237719024875848
0,0,0.20059618386454442
1,1,0.8547265881735764
1,1,0.6736792166597341
1,1,0.7652969001678839
1,1,0.8571411654080929
1,1,0.6106902160912343
1,1,0.593893765657988
1,1,0.7445279117537412
1,1,0.8260268043746285
1,0,0.4039403303516514
1,1,0.6080649884055181
0,0,0.43339612869316785
1,0,0.35520242329581536
1,1,0.6383110211462844
1,1,0.537157518995445
1,0,0.4813309422147941
1,1,0.7313174093820908
1,1,0.6443368396672405
1,1,0.8464574547231811
1,1,0.7815982082970065
1,0,0.3255351304708544
0,1,0.7216309014486103
1,1,0.7738376186853119
1,1,0.8454922070956954
1,1,0.9009021900141186
0,1,0.7765092722443322
1,1,0.5763984386163374
1,1,0.7274595651185354
1,1,0.5629052505332544
1,0,0.15213366608726886
1,1,0.8403706630971246
1,1,0.6609433852150336
1,1,0.6015272041482614
1,1,0.8562783480696022
1,1,0.5658865513372474
1,1,0.642109006262307
1,1,0.6809893735441643
1,1,0.6511727960090121
1,0,0.020594727789535753
1,0,0.30368984882558053
1,1,0.7656457123229728
1,1,0.9014561587154348
1,1,0.637644150565367
1,1,0.8587664329252755
1,1,0.7961500392245822
1,1,0.510203471192952
1,1,0.6360163411408152
1,1,0.686950294584784
1,1,0.8405548619190926
1,0,0.38792462246839515
1,1,0.7905579291297146
1,1,0.5924691487958074
1,1,0.7268767686487971
0,0,0.03582921498510096
1,1,0.8034056769167369
1,1,0.8745704101061521
1,1,0.776552249094547
1,1,0.8181049020638291
1,1,0.8408478261572763
1,1,0.5008587702734134
1,1,0.9085511385465543
1,1,0.665253886328794
0,1,0.6175875947477766
1,1,0.7961179877010062
1,1,0.6584470495457174
1,1,0.6938677015846714
1,1,0.8120115373766906
1,0,0.20456003377175458
1,0,0.21425000651121356
1,1,0.7400984868796812
0,0,0.19884345621969446
1,1,0.7911114487814385
1,1,0.8689443403522233
1,1,0.7165416476111592
1,1,0.5109897087012664
1,1,0.591256315408896
1,1,0.7195916429576711
0,0,0.09621647509000801
1,1,0.7944105663895324
1,1,0.7645904650373825
1,1,0.5499347356087079
1,1,0.6376103394165684
1,1,0.885747842336855
1,1,0.5540802112760452
1,0,0.4243452017123605
1,1,0.781515924267102
1,1,0.7813642313466531
0,0,0.1313942121201103
1,0,0.2021579241919124
1,1,0.8308234769944115
1,1,0.5527704099211426
1,1,0.779648545860431
1,1,0.8736532686389077
1,0,0.4909769299601226
1,0,0.2002118389106119
1,1,0.8327082724834602
1,0,0.3402722672061804
0,0,0.26225585131373
1,1,0.8194441297217
1,0,0.41117319449803136
1,1,0.7198931811791477
1,1,0.822938576027962
0,0,0.025605840274055547
1,1,0.8424720035807841
1,1,0.8402900281953157
1,1,0.8168783193132534
1,1,0.9008401396075496
0,1,0.6226414371987958
1,1,0.8793111280389638
1,0,0.47142259564081995
1,1,0.5850327225763161
1,1,0.697724303046456
1,0,0.36452807044523033
1,0,0.3650556765820668
1,1,0.8231046885627482
1,1,0.7012292216648075
1,1,0.5707712820971801
1,0,0.23261229231727026
1,1,0.6082814091640852
1,1,0.5057280870653473
1,1,0.8175807764522326
1,0,0.31351061415247927
1,0,0.28832424277486485
1,1,0.6499954536204505
1,1,0.7748825896929877
1,1,0.8563896089331313
1,1,0.8242169696713685
1,1,0.8032805194158267
0,0,0.14177674802547985
1,1,0.7152579300277766
1,1,0.7503273377376337
0,0,0.10979853806652519
1,1,0.5989658585737072
1,1,0.8070488021859171
1,0,0.33895258613775137
1,0,0.417337961000481
1,1,0.8751866223621322
1,0,0.27950091302064917
1,1,0.766398489771806
1,1,0.7214426285284742
1,1,0.5362461791666513
1,1,0.8771159760712772
1,1,0.6599492317515087
1,1,0.772952905641245
1,1,0.7807811898627983
1,1,0.7523417056273487
1,1,0.564531947404388
1,1,0.7466473908535202
1,1,0.7619130555261034
1,1,0.8578508733361241
1,0,0.4797905312366404
1,1,0.8025815251885687
1,1,0.7044179710756309
1,1,0.8335260554493605
1,0,0.37666731761458044
1,1,0.7456918451599737
1,1,0.7204163026152163
1,1,0.8013843401689907
1,0,0.4328457457508879
1,1,0.6345311237768609
1,1,0.7986013893652749
1,1,0.5644682472734587
1,1,0.8129892286341649
1,1,0.8882837858878989
1,1,0.5861250379155328
1,0,0.25381004516786365
1,0,0.3687848723816309
1,1,0.8467481425308081
1,0,0.3583860154132075
1,1,0.8366068792849642
1,1,0.5406746308204579
1,1,0.6868761335108716
1,1,0.7501424891107834
1,1,0.8710966140725066
1,1,0.7413300104467679
1,1,0.8306299938831783
1,1,0.9084182293804675
0,1,0.8822298030125174
1,0,0.3877486653489032
1,1,0.8542220256173418
0,0,0.19493639515680758
1,1,0.7321137362301554
1,0,0.4334335152024358
1,1,0.8287587886078147
1,1,0.6775401101263926
1,1,0.828016725469071
1,1,0.5988614326424373
1,1,0.8963061779034005
1,0,0.07675088553910224
1,0,0.40434459661596917
1,1,0.7961657359066893
1,1,0.7974640937982231
1,1,0.8157375866169101
1,1,0.5341842902501236
1,1,0.5020843209119398
1,1,0.8542809582979113
1,1,0.8021851891143779
1,1,0.6591216721267992
1,1,0.8091857086754999
1,1,0.8230317550027949
1,1,0.7987354363656731
0,1,0.5474527412563931
1,1,0.5601219817194851
0,1,0.7222494834623249
1,0,0.4554182305615535
1,1,0.8101333953344702
1,0,0.4620525540968864
1,1,0.8353579999032251
1,1,0.7021680393174814
1,1,0.8864687120823377
1,1,0.7928146396986667
1,0,0.4242328399013877
1,1,0.8193870641770916
1,0,0.3466532183137461
1,1,0.6132741977568342
1,1,0.703379693770184
1,1,0.843470699496218
1,1,0.8500232737734118
1,1,0.842090743035552
1,1,0.7718456396281175
1,1,0.8188080423869293
1,1,0.8437417806025089
1,1,0.5958310702353616
0,0,0.005774994605744577
1,0,0.4708806641173957
1,1,0.806410385455903
1,0,0.006464839565645092
1,1,0.8282109220596856
1,1,0.7662564412813201
1,0,0.1631275501832135
1,1,0.7476826651658328
1,1,0.676011156700014
1,0,0.34276926245399053
1,1,0.6287274443929439
0,0,0.0887125559843272
1,0,0.4928689539905253
1,1,0.7556100895598298
1,1,0.8548313510377666
1,1,0.8711877390704661
1,1,0.7056291883293146
1,1,0.703859431017537
1,1,0.8751795645569608
1,0,0.46605428559392315
1,1,0.670397995864529
1,0,0.3266332326178084
1,0,0.4267618006521288
1,0,0.40395547713904356
1,1,0.8691414085056751
0,0,0.20662093382972388
0,0,0.01974948341676238
0,1,0.8640561916232024
1,0,0.4301337654498103
1,1,0.6442825696369671
1,1,0.9117395094485572
1,1,0.7349908321728958
1,1,0.7335415086503948
1,1,0.8937605141871372
1,1,0.8313526668868084
1,0,0.0023376503440150497
1,1,0.7352246663682792
1,0,0.25820135695848734
1,1,0.8124941537887742
1,0,0.00034381951833177603
1,1,0.8706387391978087
1,1,0.7658083354643946
1,0,0.42273985350253396
1,0,0.46544552430197356
1,1,0.7565340399209531
1,1,0.5226358288519731
1,1,0.5006320453187267
1,1,0.7180527541157272
1,0,0.041585045136374864
0,0,0.1959835208105432
1,1,0.852357534107547
1,1,0.8117867877984051
1,1,0.5744774990971621
1,1,0.6896825797580614
0,0,0.40126043431108954
1,1,0.7865566525994322
1,1,0.7299357989174674
1,1,0.8840030454065949
1,1,0.8804641328518938
1,1,0.886043459817534
1,0,0.31162276664930727
1,1,0.7350744993084488
1,1,0.8821688179081647
1,0,0.4917083108786972
1,1,0.7988782571743707
1,1,0.7540535472543469
1,1,0.7650288969387066
1,1,0.877074843311457
1,1,0.8422342716068933
0,0,0.002711549671013025
1,1,0.5442963317228727
1,1,0.8385754335004046
1,1,0.6473413184192466
1,0,0.07386370845350858
1,1,0.8143456146286729
1,1,0.6224179302808731
1,1,0.5716033354017379
1,1,0.8610184621170426
1,0,0.029965068636833247
1,1,0.8653713438688885
1,0,0.3625454779305091
1,1,0.5817087466370187
1,1,0.841403972878081
1,1,0.6041442995015402
1,0,0.45521883765682014
1,1,0.729666340896766
1,0,0.2862807449952495
1,1,0.7630654895896002
0,0,0.05160791622147627
1,0,0.3539699081955557
1,0,0.13562219960148567
1,1,0.6116569219406569
1,0,0.3340030700527544
1,0,0.4402429368561527
1,1,0.8142831431539883
1,1,0.7444934591316709
1,0,0.44682845551461464
1,0,0.4080149253063093
1,1,0.6956547698336958
1,1,0.6991480995261138
1,1,0.7983555754181344
1,1,0.8873990737246792
1,1,0.871047748672367
1,1,0.5889203709024285
1,0,0.32328620828717514
1,0,0.3890117369792446
1,1,0.7911098468462033
1,1,0.8096270236587729
1,1,0.5131707531069041
1,1,0.8224993998954486
1,1,0.6359016034840214
1,1,0.5095478793065877
1,0,0.44637835591693875
1,0,0.37499996474798564
0,1,0.7511625794555525
1,1,0.6617595182301003
1,0,0.4014322936216667
1,1,0.5670848153392356
1,1,0.6351870820117107
1,1,0.5557503216486811
1,0,0.3380221496117927
1,1,0.6440382214492658
1,0,0.15138471647193313
1,1,0.7393676147773296
1,1,0.7311213394098348
0,0,0.4361228382684949
1,1,0.7053666485528706
1,1,0.5159591566250108
1,1,0.7490686976884458
1,1,0.8334521429841152
1,1,0.8391454711667613
1,1,0.7642925157916621
1,0,0.18788122686021871
1,1,0.8604559000877336
1,1,0.8341852505853041
1,1,0.7110087120144829
1,0,0.45903330779674534
1,1,0.8678146668900683
1,1,0.8135622948433512
1,1,0.6649370230639997
1,1,0.8342998148250115
1,1,0.7096247420898081
1,1,0.8137320784000751
1,1,0.6393384708502289
1,1,0.8125153479616756
1,1,0.863521388556205
1,1,0.8573323076889774
1,1,0.8713832520056873
1,1,0.8713299962532594
1,0,0.13982359362942565
1,1,0.871239215374751
1,1,0.5751208948980122
1,1,0.8414513515693618
0,1,0.8195630240765295
0,0,0.19469754575070158
1,1,0.7902281010298937
1,0,0.10800768702093547
1,1,0.819119490180862
1,1,0.8601401478714327
1,1,0.816077070225753
1,1,0.72617470267273
1,1,0.7460511375130386
1,1,0.6292254024302159
1,1,0.7497218160982949
1,1,0.5979099241071878
1,1,0.5041881986290068
1,1,0.8341227736008399
1,0,0.16381501611066157
1,0,0.3568780057431511
1,1,0.8013237678114504
1,1,0.5347366724336376
1,1,0.9173886431586761
1,1,0.8583466934732481
1,1,0.7689595235462678
1,1,0.6040362605113697
1,1,0.8304435076596366
1,1,0.8189669667938351
1,0,0.24667104661898995
1,0,0.0648153358747789
1,0,0.2654488608834562
1,0,0.4128162250724679
1,1,0.7030923342637756
1,1,0.8652967207070249
1,0,0.09688580220753538
1,0,0.4381282205414317
1,1,0.8194827166959989
1,0,0.4526899536716986
1,1,0.6339306020682217
1,1,0.7234847166077337
1,1,0.7349414530894125
1,1,0.6818749268299398
1,1,0.7944801097383695
1,1,0.8137752786195491
1,1,0.7542081676773709
1,1,0.6400254767189245
1,1,0.8376946328927437
1,0,0.45211708302687253
1,1,0.9229956621975428
1,1,0.6138067231077432
1,1,0.6953609788056851
1,1,0.6864143578412625
0,1,0.5984949357416663
1,1,0.8440800795900048
1,1,0.7817641244021287
1,0,0.42984058000900377
1,0,0.4643008009894677
1,1,0.873644906694723
1,1,0.8745664358094593
1,1,0.7759846525657113
1,1,0.842623432924601
1,1,0.6340339612322199
1,1,0.7436846527121364
1,1,0.6415683863469187
1,0,0.28707819175654675
1,1,0.8287678977966594
1,1,0.6102918042707003
1,1,0.8810796446256388
1,1,0.8326786765115615
1,0,0.3056995876662175
0,0,0.07962586706802574
1,1,0.8545968202886777
0,0,0.007798159295375903
1,1,0.9035335868084041
1,0,0.015335083370521535
1,1,0.597958702182927
1,1,0.7785780759518504
1,1,0.7932025548574018
1,1,0.8379358761226485
1,1,0.8110144841436205
1,1,0.8059666926273584
1,1,0.5960786921886121
1,1,0.8113466598714169
1,1,0.8068721452126806
1,1,0.8203292116536168
1,1,0.8615224183258822
1,1,0.6224495230813347
1,1,0.7834460185809468
1,0,0.33542024905430157
1,0,0.43341059085698563
1,1,0.7085260769712416
1,1,0.8624187796433574
1,1,0.7716763159133362
1,1,0.7922898306834735
1,1,0.7827240999479099
1,0,0.16383453218527824
1,1,0.7491994210290764
1,1,0.8277039371785612
1,1,0.7293674918011017
1,1,0.5273319076926726
1,1,0.5834706065188382
1,1,0.8885426407368425
1,1,0.8390953305293816
1,1,0.8610060520871077
1,0,0.4445712841718609
1,1,0.5713012757647188
1,1,0.6966410575214739
1,1,0.5238763419474386
1,1,0.7408718280565899
1,1,0.8084290723037669
1,1,0.7226995815272261
1,1,0.6982016761283153
1,1,0.8114297944406703
1,1,0.6106390735124686
1,1,0.6051417301202366
1,1,0.6778777940713479
1,1,0.9102513952381356
1,1,0.7326202943896117
1,1,0.574195337558826
1,1,0.7395111156691788
1,1,0.7891317321604433
1,1,0.7461486029200475
1,1,0.851642215746897
1,1,0.8647448687630983
1,1,0.7834928306608184
1,1,0.7162536652783383
1,0,0.3574218905243764
1,1,0.7376089014890492
1,0,0.4587067955564945
1,1,0.9044622625663026
1,1,0.7407675621714105
1,1,0.8851665698200056
1,1,0.5508164339546313
1,1,0.849815562124818
1,1,0.8371518147137051
1,0,0.08544303402621087
1,1,0.5004493848809527
1,1,0.6437278854897814
1,1,0.8264160361348892
1,1,0.9223825232059757
1,1,0.8087539576705771
1,0,0.1462993153882708
1,1,0.8857876667880047
1,0,0.32495837591437976
1,1,0.876484870455779
1,1,0.8703552234377219
1,1,0.8695388545249729
1,1,0.6548838702212224
1,1,0.7940156120615589
1,1,0.8414275583907934
1,1,0.8284312307004343
1,0,0.010086151747060042
1,1,0.7247093679182878
1,1,0.8351560584342914
1,1,0.6690022282044301
1,0,0.130292310507003
1,1,0.9010826599853838
1,1,0.8343473795666058
1,1,0.7939021860421365
1,1,0.7382873947183809
1,1,0.5378728901825722
1,1,0.788001637190579
1,1,0.7587526981703727
1,1,0.8039358690500543
1,1,0.7805090670044192
1,1,0.6701120659131601
1,1,0.698169093828078
1,0,0.46849822553657383
1,1,0.7988111252466349
0,0,0.09843460837765554
1,1,0.699744986746591
1,1,0.8217011554079322
0,0,0.11820520024205544
1,1,0.5494147166685891
1,1,0.8090746779426405
1,1,0.6608707780849528
1,0,0.48051216451713585
1,1,0.7192950232404102
1,1,0.6829239375036339
1,1,0.792238398967868
1,1,0.7613008227177718
1,1,0.7614713998037751
1,0,0.3468638720946543
1,1,0.5443979124719739
1,1,0.7207163623570936
1,1,0.6771737945005054
1,1,0.6687103755778331
1,1,0.8006275032423453
1,1,0.8619923875361858
1,1,0.6783032924710554
1,1,0.8007393602494979
1,1,0.7536257938424454
1,1,0.7787023577612725
1,1,0.7140101471005551
1,1,0.82833857039829
1,1,0.5407165409338931
1,1,0.7432067202458316
1,1,0.7612287681359484
1,1,0.8159479625122826
1,1,0.7034291070021327
1,1,0.6229724592629158
1,1,0.8893487935272454
1,0,0.2189641091909456
1,1,0.6282401323510215
1,1,0.6611604103905367
1,1,0.7674390126549385
1,1,0.7654345330708322
1,1,0.8317196142556796
1,1,0.6981703001173926
1,0,0.23069451142418873
1,1,0.8288438081778693
1,1,0.9047274562788324
1,1,0.8481088605965476
1,1,0.5189499481271793
1,1,0.6076151138463269
1,1,0.664884047809836
1,1,0.7264124034184934
1,1,0.8991926676350164
1,1,0.6436100183429907
1,1,0.860450041435276
1,1,0.822942322900354
0,1,0.6025843519891481
1,1,0.6314823686797106
1,1,0.8663435661535963
1,1,0.6850203290666662
1,1,0.7126114646613025
1,1,0.8193331985049649
1,1,0.8686746265621403
1,1,0.901059274559639
1,1,0.7325399221242659
1,1,0.8525879599335484
1,1,0.8326284544911968
1,0,0.4945879187218796
1,1,0.7688974405299432
1,1,0.7236738909705687
1,1,0.7141398032289601
1,1,0.8699953831332258
1,1,0.9137493988243366
1,0,0.42021644513369366
1,1,0.8224610895621369
1,1,0.7574607767642381
1,1,0.7470190772713604
1,1,0.7813609194979207
1,1,0.8813728493422291
1,1,0.5715533702714675
1,1,0.6696997226949899
1,0,0.49322262599418876
1,1,0.8174729300568728
1,1,0.8613750196935729
1,1,0.7511677181557077
1,1,0.6769645461875852
1,0,0.39554711804639253
1,1,0.8523645915745842
1,1,0.6281609799905702
1,1,0.5648773144084801
1,1,0.7655754418548747
1,1,0.8515844184588518
1,1,0.8579888893140574
1,1,0.6965407541014819
1,1,0.8431362118520576
0,0,0.37274485658586065
1,1,0.6063698459377759
1,1,0.7833888389836859
1,1,0.7543299473259361
1,1,0.7786179441212535
1,1,0.79859420958789
1,1,0.895688706793647
1,1,0.774964170788339
1,1,0.7952490760032848
1,1,0.7564594842694329
1,1,0.726413538817226
1,1,0.621987112740468
1,1,0.5687230680589337
1,1,0.7003236932011401
1,0,0.07703112034327647
1,1,0.7254581613995245
1,1,0.7298280837287512
0,0,0.307612082203756
1,1,0.7958134257887488
1,1,0.8324837642716136
1,1,0.7025152437842569
1,1,0.693524334792744
1,1,0.8490374513564627
0,1,0.7989077997186962
1,0,0.416757227917995
0,0,0.3735060496926161
1,1,0.7819700489517909
1,1,0.780457568563642
1,1,0.87279359031349
1,0,0.3336011882870041
1,1,0.8512541055427225
1,1,0.8430226734758166
1,0,0.3435099436739532
1,1,0.7256970949954569
1,1,0.8473489905481961
0,0,0.3123768596701439
1,1,0.7710673698237892
1,1,0.5118971022705293
1,1,0.8908114133786776
1,1,0.8993281449157398
1,1,0.6671200717456399
1,0,0.4027079965816716
1,1,0.8655999243808347
1,1,0.542507191620162
1,1,0.7719295175651147
1,1,0.7337609270442884
1,1,0.7660140411746054
1,1,0.7998963893844121
1,1,0.7634220634532308
1,1,0.8907954439700942
1,1,0.7543685882314927
1,1,0.6385891005451291
1,1,0.7350978867739036
1,1,0.5036155343233409
0,0,0.09281459434191597
1,0,0.4987290876458832
1,1,0.7646864523971052
1,0,0.35114988942714537
1,1,0.8521602537357081
1,0,0.39561044747493335
1,1,0.7197326245819802
1,0,0.49666772274306015
1,1,0.7185587053890541
1,1,0.7369274736824536
1,1,0.7420792147266321
1,1,0.5901113203801419
1,1,0.7092024953240809
1,1,0.6996801625495043
1,1,0.7738703825128067
1,1,0.6262011375836987
1,1,0.7739260328156845
1,1,0.7098684731473778
1,1,0.901352001190006
1,0,0.041542302521307264
1,0,0.4557136688784044
1,1,0.7572965862286939
1,0,0.4639888745942802
1,1,0.7077470534105866
1,0,0.08635328834619449
1,1,0.8234541773790527
1,1,0.7305231215222819
1,1,0.8240126502023428
0,0,0.39804232985943916
1,1,0.8942961264544801
1,1,0.7700866518813273
1,1,0.6621918738434436
1,1,0.7436280262219026
1,0,0.2786068820879542
1,1,0.7814874574443892
1,0,0.381851398777336
1,1,0.7152695926894824
1,1,0.7916835961101486
1,1,0.7414427415359232
1,1,0.743051406246874
1,0,0.42673254740186234
1,1,0.6099606458273606
0,1,0.6380423579333829
1,1,0.6290107171139208
1,1,0.7607038489233379
1,0,0.44039230930555107
1,1,0.7000912597813209
1,1,0.8044195549010142
1,1,0.8408355699583236
1,1,0.8329642705546815
1,1,0.7821174896342964
1,1,0.8275024970458812
1,1,0.771892374070289
1,1,0.8510667387619266
1,1,0.788441766522703
1,1,0.5281292587828456
1,1,0.7673520271353881
1,1,0.8778864156045583
1,1,0.8773194952082736
1,1,0.7744840993324071
1,1,0.5621183766600458
1,1,0.5804153938651139
1,0,0.10859513942776887
1,1,0.6639657604525921
1,1,0.8199522215233508
1,1,0.6834002391295958
1,1,0.8117163002772172
1,1,0.869976115235113
1,1,0.6499363396603188
1,0,0.224296900877499
1,1,0.5416133651722339
1,1,0.8705090056004772
1,1,0.779028614223393
1,1,0.7771513595633269
1,1,0.7058538154837166
1,1,0.5341628822552813
1,0,0.4420598670853107
1,0,0.4208233018107119
1,0,0.4209804530813017
1,0,0.3441205204110412
1,1,0.59929781178215
1,1,0.8105321710998823
1,1,0.8727277658400693
1,1,0.5678226887628478
1,1,0.7730146564978199
1,0,0.4599760731754467
1,0,0.38818775297098007
1,1,0.8616141799957476
1,1,0.8688928490434662
1,1,0.7296785568999864
1,1,0.8617207414666489
1,1,0.6040818266317899
1,1,0.7172942953885248
1,1,0.7547918608081765
1,1,0.8624626418527902
1,1,0.6190871050887548
1,1,0.8348612337057726
1,1,0.8245136546555013
1,1,0.7704175158199491
1,1,0.7421457489939767
1,1,0.8841603055483565
1,1,0.6349459003502608
1,1,0.638121848872729
1,1,0.760649008206444
1,0,0.4775394351107669
1,1,0.7856453588637858
1,1,0.6779390631311093
1,1,0.7921666729423564
1,1,0.8533444000426527
1,1,0.7037165642548058
1,1,0.9144595368033693
1,1,0.6614963474418702
1,1,0.5585115621649378
1,0,0.0009330811075544585
1,1,0.8469217834177538
1,1,0.7083443627653042
1,0,0.3351673809895866
0,0,0.3513055486596802
1,1,0.5430977488607205
1,0,0.2237518610469336
1,1,0.8745520701102053
1,1,0.8487798929201428
1,1,0.7173181663187927
1,1,0.8660035873245083
1,1,0.8747430886071385
1,1,0.6617798368764616
1,1,0.855566006155222
1,0,0.3331472522516109
1,1,0.8829105614804873
1,0,0.33437078359838235
1,1,0.6593303228344919
1,1,0.8560722390006202
1,1,0.6786185134152753
1,1,0.8439581163156984
1,1,0.7652059853111316
1,1,0.7211772110710314
1,1,0.8394723534226115
1,1,0.758127383630624
1,1,0.8403810859331884
1,1,0.6232539241648448
0,1,0.6026154708344844
1,1,0.7643404712516693
1,1,0.7459983694431633
1,1,0.8165777708645313
1,1,0.821033497040252
1,1,0.8715303866765483
1,1,0.7764139888776144
1,1,0.8116225743696914
1,1,0.751250048593663
1,1,0.8740441246469888
1,0,0.23449471460554872
1,1,0.7171277089667282
1,1,0.6728379003692341
1,1,0.8191605593506284
1,0,0.4118399943911332
1,1,0.6376162224082631
1,1,0.6350989133779672
1,1,0.7710951568635057
1,1,0.6829400199724834
1,1,0.695242535350209
1,0,0.4767584850473272
1,1,0.8353250265791439
1,0,0.25736266575468936
1,1,0.5580832096141494
1,1,0.8154052392244892
1,1,0.7763832041191365
1,1,0.6886834843532428
1,1,0.7902635568722163
1,0,0.340174596597471
1,1,0.6117069930300432
1,1,0.7620569241903913
0,1,0.8255162599410816
1,0,0.41177974197725015
1,1,0.8129921843527858
1,1,0.8405608326916437
0,0,0.20671107128357388
1,1,0.7243967999186051
1,1,0.7780324581616302
1,1,0.7951624073641372
1,1,0.573533223028511
1,1,0.8293086755055517
1,1,0.8861312339696965
0,0,0.3336025473476135
1,1,0.9034355318656611
1,1,0.7141026822964465
1,1,0.5224764837660184
1,0,0.457796170244796
1,1,0.6797962027493244
1,1,0.7982765070921003
1,1,0.8914833552974957
1,0,0.23357385538827583
1,1,0.5145321700320953
1,1,0.9128079397099397
1,1,0.5321264869815215
1,0,0.3532834238338491
1,1,0.5223115909020561
1,0,0.4749507277731064
1,1,0.6896900930133627
1,1,0.8227450796412716
1,1,0.8734319689622098
1,1,0.5233575273890834
1,1,0.5942145878117547
1,0,0.48285420979973587
1,1,0.7695224639899239
1,1,0.5369861877628226
0,0,0.04488562092347008
1,1,0.7301160557912592
1,0,0.44896383109934285
1,0,0.4243363970003207
1,1,0.9073030856368977
1,1,0.6367524634541833
1,0,0.48785408048472345
1,0,0.2435385827170006
1,1,0.6481988074609505
1,1,0.6796650959118195
1,0,0.49990763483121053
1,1,0.6806500765259111
0,0,0.29468574775183204
1,1,0.7576614960494409
1,0,0.3906605230614803
1,1,0.761593654186815
1,1,0.5609827489046804
1,1,0.8743876785512018
1,0,0.42883940008310384
1,1,0.8779655006126837
1,1,0.8546331037069014
1,0,0.44814374151298064
1,1,0.8000892194625082
1,1,0.615674440805855
1,1,0.8991175187005062
1,1,0.7449859474792345
1,1,0.6628502007500984
1,0,0.3637922307173539
1,1,0.8234848123614154
1,1,0.651953783741532
1,1,0.7267150337027292
1,1,0.6896361338999514
1,0,0.4882064837542294
1,0,0.46562508597580826
1,1,0.8041437807337479
1,1,0.7220521045606058
0,1,0.869062878958662
1,1,0.7363319049866837
1,1,0.7771512308905413
1,0,0.49503277093548803
1,1,0.6344159975927454
1,1,0.6315242890762972
1,1,0.76417702079627
1,1,0.8280376680100399
1,1,0.6073601082739403
1,1,0.7988791521162533
1,1,0.7858839467756219
1,0,0.45038600440056714
1,1,0.7667251863374037
1,1,0.9219501969268858
1,1,0.7127288681528497
1,1,0.6322529946104375
1,1,0.5421374517511259
1,1,0.6964463980287777
0,0,0.45583794942402267
1,1,0.7924596270848059
1,1,0.8299354094469282
1,1,0.8554323406265082
1,1,0.7832718797842537
1,1,0.8438381953362297
1,0,0.4081096785921885
1,1,0.6820679109918035
1,1,0.6421111963742046
0,1,0.6342209377300784
1,1,0.6021418914188275
1,0,0.4271612576872877
1,1,0.6552036866576115
1,1,0.6617416493811188
1,1,0.8494333874886865
1,0,0.3236090024920218
0,0,0.4541593306917736
1,1,0.7082554342787862
1,1,0.816996729442414
1,1,0.833699655898745
1,1,0.6451181119873672
1,0,0.36953454432929217
1,0,0.4308333917991545
1,1,0.7804000883681128
1,0,0.4841132807485032
1,0,0.4728395731538694
1,1,0.7334327557556958
1,1,0.8480743551347789
0,0,0.28322520226528963
1,1,0.880988858356168
1,1,0.8187232253106612
1,1,0.655795391457231
1,1,0.6606626489969831
1,1,0.7480651104611806
1,1,0.6096094827648526
1,1,0.9005410836162103
1,0,0.3832248798701867
1,1,0.797578936748866
1,1,0.540806768700093
1,1,0.5786249816570874
1,1,0.8383978263614332
1,1,0.8087883160777316
1,1,0.8037670641846411
1,1,0.7083114564969901
1,1,0.7144085256795091
1,1,0.7724744568383021
1,1,0.5941480815265343
1,0,0.42257912126590685
1,1,0.6896988461359808
1,1,0.7771222137786906
1,0,0.43281524874097177
1,0,0.2921363859710653
0,0,0.027259617415369797
1,0,0.42016045490462417
1,1,0.8363789220485831
1,1,0.7527903870925033
1,1,0.8592817923186529
1,0,0.4212863703603993
1,1,0.7560675245747168
1,0,0.40660981935393015
1,1,0.7976587996986833
1,1,0.8407952830946298
1,1,0.9121392841914269
1,1,0.8259240488519686
1,1,0.6185573752287679
1,1,0.8117343353916059
1,1,0.7999777984919397
1,1,0.7874206592512337
1,0,0.47479738876293676
1,0,0.12928713328465014
1,1,0.581969523090104
1,1,0.6819863885624223
1,1,0.8529620132417348
1,1,0.8615429545546921
1,1,0.8156378925803178
1,0,0.49499768933413674
1,1,0.8140640460511178
1,1,0.7699413540225829
1,1,0.7014346761149844
1,1,0.5853098088732959
1,1,0.7745549551776819
1,1,0.8451740896128275
1,0,0.44987625369287065
1,1,0.6857228736705565
1,1,0.8066449056925434
1,0,0.17561589216164386
0,0,0.23321580387551205
1,1,0.7265279113977327
1,1,0.8297896482442254
1,1,0.7548391806298829
1,1,0.741232953276998
1,1,0.6740808687641712
1,1,0.9087545842838093
1,1,0.7145539130494833
1,1,0.7953217439548772
1,1,0.7832844491046289
1,1,0.8461663865004023
1,1,0.6421938495766358
1,1,0.6513359147794325
1,1,0.7087820828484759
1,1,0.8527183817467621
1,1,0.7391563051353852
1,1,0.7672935134314383
1,1,0.8808181621351442
1,1,0.8960427485281596
1,1,0.79540092991684
1,0,0.4419200195452992
1,1,0.7930190334901311
1,1,0.8455253900835167
1,1,0.8414962715916888
1,1,0.8483203898445375
1,0,0.3588092969794028
1,1,0.8274714796458771
1,1,0.7373072259555989
1,1,0.7278121769544429
1,1,0.747951949686434
1,1,0.5691489876418825
1,1,0.8298190389002682
1,1,0.7933646942116331
1,0,0.3123560021019851
1,0,0.3679874975957699
1,1,0.8322182528051875
1,1,0.7972200893983239
1,1,0.6238125436144277
1,0,0.035098373006700365
1,0,0.43856050188383944
1,0,0.4500113960185058
1,1,0.8093562115765709
1,1,0.7648659967949146
1,1,0.505529782219891
1,1,0.7791175668681759
1,1,0.7482011731423795
1,1,0.8569896681891689
1,0,0.3680780740572229
1,1,0.7048560512851786
1,1,0.7954284298633273
1,1,0.6355754754949802
1,1,0.8123238202226994
1,1,0.6896207248068035
1,1,0.8767240114810452
1,1,0.5033047581409513
1,1,0.7619454997923794
1,0,0.2560571142553733
1,1,0.6724108947604042
1,1,0.6891679764035336
1,1,0.6182297127515359
1,1,0.7361893071461604
1,1,0.799167051972614
1,1,0.8215009572017897
1,1,0.7717961232821579
1,1,0.6111509166076041
1,1,0.659157847078863
1,0,0.1552767193175581
1,1,0.7738523620989386
1,1,0.8524865220717005
1,1,0.5094013803836696
1,0,0.2877736335724387
1,1,0.7856406463750892
1,1,0.8544751490077638
1,1,0.6406025882743552
1,0,0.36789812946132117
1,1,0.8306911672997541
1,1,0.7309383047495326
1,1,0.5946695877434526
1,0,0.4771871620230355
1,1,0.6574073895473268
0,0,0.48922551454309005
0,0,0.09401179993916632
1,1,0.8466516055807272
1,1,0.8325035053731116
1,1,0.6827135226445626
1,1,0.7874965507143764
1,1,0.795735251763849
1,1,0.8525513427340508
1,1,0.6492975616749458
1,1,0.6256298380519069
1,0,0.43871947681196183
1,1,0.8587347324058437
1,1,0.6576754601770055
1,1,0.91143496724962
1,1,0.85530876114645
1,1,0.5761623294389826
1,0,0.3125627811000746
1,0,0.3620932552481442
1,0,0.251651513323779
1,1,0.7745520460055406
1,1,0.714083099844515
1,1,0.6684259131877629
1,1,0.8688808050701894
1,1,0.9130225369369912
1,1,0.6327918879752629
1,1,0.8123959937184395
1,1,0.7052809931578333
1,0,0.3532158251808986
1,1,0.7836795419953182
1,0,0.12800015987393193
1,1,0.7777197859804152
1,0,0.2075735976161276
1,1,0.791046175310431
1,1,0.9009862343303153
1,0,0.398903360071671
1,1,0.6665037268493793
1,1,0.768328931973942
1,1,0.8232391648622551
1,1,0.5343893537080436
1,0,0.215640287029721
1,1,0.8951007896527876
1,0,0.36464173182006293
1,1,0.698680290233044
1,1,0.8431963574101111
1,1,0.5827349192859548
1,1,0.5346870782898294
1,1,0.8483399469607824
1,1,0.838711323140599
0,0,0.055978099265767696
1,1,0.8324107835754457
1,1,0.5215414972685072
1,0,0.08602948941489921
1,1,0.6203319661515118
1,1,0.8880271798665414
1,0,0.4555498217912626
1,1,0.6797160255831906
1,1,0.8644422156304702
1,0,0.44440054005920165
1,1,0.8426921406893797
1,1,0.810565989416834
1,1,0.8702064821989198
1,1,0.8531434830199719
1,1,0.6418131422550354
1,1,0.8632682221478959
1,1,0.8017691462836805
1,1,0.8228425362824822
1,1,0.8469505293534081
1,1,0.5675131817116695
1,0,0.4802660400355696
1,1,0.6377567809777243
1,1,0.8730462852844467
1,1,0.733217561846022
0,1,0.6935753244252777
1,1,0.7084660853954228
0,0,0.13985504268287782
1,1,0.7702451650353189
0,0,0.0186229011641522
1,0,0.401942655089892
1,0,0.2687285590783328
1,1,0.7988838858365451
1,0,0.29951831453514793
1,1,0.5564762642615039
1,1,0.5314328271838974
1,1,0.7686063171340242
1,1,0.8650475406241318
1,1,0.7685674322673622
1,1,0.5571040532545276
1,0,0.3804875085746781
1,1,0.6155928741076871
1,1,0.725280735487304
1,0,0.4967838801998754
1,0,0.4845092166835412
1,1,0.8713338782807797
1,1,0.7133172228409892
1,1,0.7818649339844228
1,0,0.0026075566856041993
0,0,0.09405711158396746
1,1,0.8242190522645074
0,1,0.6693228487169137
1,1,0.8806301836687953
1,1,0.8107200118905603
1,1,0.6451452679887345
1,1,0.8119271968712068
1,1,0.8931913924379933
1,0,0.4854564702815615
1,0,0.3809759748432104
1,1,0.8159471089936886
1,1,0.6940991094750439
1,1,0.5370440978160435
1,1,0.7946796311202168
0,0,0.366099653515299
1,1,0.8232274162007653
0,0,0.19977877105904926
1,0,0.43033267633886446
1,0,0.38747535698557006
1,1,0.8956707819879387
1,1,0.5613789845157632
1,1,0.7798670014557149
1,1,0.7758884124060016
1,0,0.4664496831901898
1,1,0.8156801077134342
1,1,0.8570067768285279
1,1,0.6224449907654963
1,1,0.6905558651125807
1,1,0.6777726742120235
1,0,0.005967218044476469
1,1,0.6613582166731794
1,0,0.3504378135078213
1,1,0.6439174312980089
1,1,0.7125526637216216
1,1,0.7160402702538335
1,1,0.8175437747547216
1,1,0.7955322001687591
1,1,0.6640122232466461
1,1,0.7304925213491356
1,1,0.7952304779657013
1,1,0.5939685427932145
1,1,0.5701477031617069
1,1,0.8298286391738305
1,1,0.814271591898901
1,1,0.6402420953567044
1,1,0.7387092025620422
1,1,0.6794850718877263
1,0,0.027620338069044452
1,1,0.8576545162632431
1,1,0.8829522338898245
1,0,0.33931564006923426
1,0,0.48515991785385587
1,1,0.7320708205468653
0,0,0.1674736316746416
1,1,0.8236292683332296
1,1,0.727484118895137
1,1,0.6935018747148282
1,1,0.8251115769765838
1,1,0.8041225766291897
1,1,0.7591662703952801
1,0,0.40978374791774086
1,0,0.4315139482093811
1,0,0.30027144325401917
1,1,0.9045707509116906
1,1,0.6244938755183903
1,1,0.7162863835943595
1,0,0.2871198821608655
0,1,0.7082660752646146
1,0,0.38702953056149825
0,0,0.1258067925338078
1,1,0.7937591250440446
1,1,0.8745233276490183
1,1,0.5466079739920293
1,1,0.763148583889267
1,1,0.8082654588480817
1,1,0.7295814059306409
1,1,0.8059556525270043
1,1,0.6516168897597575
1,1,0.6637305707562117
1,1,0.8680393032670752
1,1,0.9096548312761522
1,1,0.7986260481016987
1,1,0.5639852215427901
1,1,0.8004759506638993
1,1,0.5546305623802453
1,1,0.6014431161443436
1,0,0.4819495416603829
1,1,0.777767212083172
1,0,0.41584370603134657
1,1,0.7057360837068876
1,1,0.8165214209201206
0,0,0.07433510598607575
1,1,0.7071168015613548
1,1,0.6830275329984861
1,1,0.7931392240895869
1,1,0.6434261348187973
1,1,0.7926132730236722
1,1,0.8338970158347196
1,1,0.8694280598918431
1,1,0.7572439583357925
1,1,0.8248740933657953
0,1,0.5426726673013166
1,1,0.7399103942737215
1,1,0.6394220422409524
1,0,0.48764473692719174
1,1,0.7766026582060374
1,1,0.6875723137079695
1,0,0.1293491583129069
1,1,0.6658727165430797
1,1,0.7135207978538747
1,1,0.9003067363020882
1,1,0.7235642223355112
1,1,0.5519481068445501
1,1,0.8360146524087375
1,0,0.4530277624505596
1,1,0.6812775177261589
1,1,0.5417187416378498
1,1,0.7417027405441742
1,1,0.8115773364935277
1,1,0.8709918634922243
1,1,0.6820764718671285
1,0,0.14295521890188095
1,1,0.7302572464768907
1,1,0.9033054666460703
1,1,0.8401001864438389
1,0,0.4893741392607232
1,1,0.7474417472943282
1,1,0.850774869307633
1,1,0.798860826796488
1,1,0.7888779981976123
1,0,0.4229263225866708
1,0,0.05829865970392105
1,0,0.2820456378986772
1,1,0.8761696173648006
1,1,0.6922649379603408
1,1,0.7648078687355064
1,1,0.5978462301229209
1,1,0.915968230433978
1,1,0.8087712801281417
1,1,0.7864206878608091
1,1,0.8092654788001764
1,1,0.5889129935821522
1,1,0.8493718436113256
1,1,0.5851887804329451
0,0,0.17616430489641663
1,0,0.2889401456849687
1,1,0.903795835215913
1,0,0.11333607969603965
1,1,0.7452845119369049
1,1,0.8584553540558013
1,1,0.7239324700617318
1,1,0.8547182229139804
1,1,0.699217761163301
1,1,0.7399846282995338
1,1,0.5228990977694787
1,1,0.7649128164411917
1,0,0.40384585379453736
1,1,0.5584655537917387
1,0,0.443052174148042
1,1,0.8126964057969691
1,0,0.3805466773704418
1,0,0.36433829599472967
1,0,0.38628253181880134
1,1,0.8361559615334078
1,1,0.5414963998816922
1,1,0.5573098205016901
1,1,0.8875346365724242
0,1,0.5044772575378008
1,1,0.8195710676459461
1,1,0.7232641066027014
1,1,0.8750944403897231
1,1,0.592176058270813
1,1,0.7381492496441315
1,0,0.41538887068263264
1,0,0.4280988236067523
1,1,0.7113375261847735
1,1,0.8575051212871845
1,1,0.8042583398965478
1,0,0.28463232959754897
1,1,0.7580423191041149
1,1,0.748780191336387
1,1,0.8407188130682387
1,0,0.013664482575576637
1,1,0.7595273273135841
1,1,0.774967551994625
1,1,0.874868013590528
1,1,0.7432867155860334
1,1,0.7877304657584834
1,1,0.6671144702531687
1,0,0.4553960326796234
1,1,0.6887897032178476
1,1,0.6866286631431204
1,1,0.7941342267688897
1,1,0.6937517516664111
1,1,0.8195224426542304
1,1,0.804140019882586
1,1,0.6422629359974277
1,1,0.7731476000388985
1,1,0.8476524357111294
1,1,0.6348504820345945
1,1,0.864183984559089
1,0,0.35752754474247334
1,1,0.7922241696853062
1,1,0.7421354492689063
1,1,0.8554559233444006
1,1,0.7605302117424544
1,1,0.5794511276331524
1,0,0.35264124069252645
1,1,0.7936149521749267
1,1,0.5456235307969782
1,1,0.7702022412082339
1,1,0.5683022085760577
1,1,0.6035184440200609
1,1,0.7160622880035419
1,1,0.9067728177568818
1,1,0.6254661245412712
1,1,0.735158031944746
1,1,0.8563849116774063
1,1,0.5269110337629935
1,1,0.8041634082324374
1,1,0.7021479651090484
1,1,0.6109012302990441
1,1,0.7939877706398838
1,1,0.7737839589409987
1,1,0.7905536432395045
1,1,0.8700311006940405
1,1,0.7784359913930192
1,1,0.7833097510611683
1,0,0.4181478578341275
1,1,0.5699310651414077
1,1,0.7083117060167654
1,1,0.8567278020968695
1,1,0.7355355650459234
1,0,0.49696970790773803
1,1,0.7145900262124942
1,1,0.7850416014443709
1,1,0.7858006660977099
1,0,0.40862674728477116
1,1,0.5487001098357559
1,1,0.6566530792401031
1,1,0.8193367226884987
1,1,0.6333805154405514
0,0,0.0074682785381513656
1,0,0.39739681838715896
1,1,0.6930303445765437
1,1,0.8458090826397352
1,0,0.44492973221042953
1,1,0.6349010847401949
1,1,0.633099771573328
1,1,0.6543924049939513
1,1,0.8766948032191402
1,0,0.2878686621295366
0,0,0.021299479037756062
1,1,0.5355972437889938
1,0,0.4904793877267012
1,1,0.804307520669409
1,1,0.8215826949510787
1,1,0.8672848585901394
0,1,0.8234651183824454
1,0,0.40241221873056804
1,1,0.5298447364285274
1,1,0.5210722927405126
1,1,0.5810585505051629
0,0,0.025292570470100084
1,1,0.8409655987351173
1,1,0.7171122457726017
1,1,0.7531604779547405
0,0,0.11765840113454559
1,0,0.4961383078478144
1,1,0.893478069425125
1,1,0.5420631439074151
1,1,0.8695539866466403
0,0,0.3171004329631177
1,1,0.5121855319106771
1,1,0.8657212338841919
1,1,0.7827960657622279
1,1,0.8652508659322001
1,1,0.7850660596380611
1,1,0.8815177973166746
1,0,0.3395430075250623
1,0,0.46028025829875524
1,1,0.6150728857129639
1,1,0.7584741225265599
1,1,0.8454715724095767
1,1,0.7074266121906477
1,1,0.776588866932391
1,1,0.7218330942337664
1,1,0.8023283629457356
1,1,0.5674582813299383
1,0,0.2792047166388252
1,1,0.8690913926012218
1,1,0.6322950204018482
0,1,0.630154709303486
1,1,0.7423705228094899
1,1,0.8708296818505857
1,1,0.7926101403174513
1,1,0.6575163912148354
1,1,0.8731357960279598
1,1,0.6902536425801139
1,0,0.4417156048325027
1,1,0.5435304080854271
1,1,0.8169743111505077
1,0,0.016713419375873412
1,1,0.8788315153619844
1,1,0.8417753173014176
1,0,0.32462828017123574
1,1,0.7535595565617683
1,0,0.06512845866881899
1,0,0.4607741123010032
1,1,0.8400704933815022
1,1,0.6781436128502424
1,1,0.7229502725827958
1,1,0.7216548770782154
1,1,0.8359352970405591
1,1,0.5627136994374328
1,1,0.8579109939854823
0,1,0.5773810808086359
1,1,0.5712112363668583
1,1,0.8722952141698819
1,1,0.5768891931098452
1,1,0.7991278180146401
1,0,0.3803812017656132
1,1,0.864153930365299
1,1,0.5239087091392333
1,1,0.8567358586829208
1,1,0.8085710092126985
1,1,0.8891276371275927
1,0,0.09659755455973773
0,0,0.03664035080559185
1,1,0.8493118184273062
1,0,0.4170493697259579
1,1,0.7875511358508382
1,1,0.8010098451512507
1,1,0.6665932446229541
1,1,0.7537714082059486
1,1,0.8919403149582874
1,1,0.6407377455209566
1,1,0.8257653192681645
1,1,0.8904913283425296
1,1,0.8470216538194681
1,1,0.7825336742318263
1,0,0.38291842154975714
1,1,0.6626985022987238
1,0,0.1357234619852968
1,1,0.5454835673493603
1,1,0.6614616954747683
1,1,0.7253439579085366
1,1,0.7234226175705462
1,1,0.908117371942661
1,1,0.7218105993349829
1,1,0.7872425004348574
1,1,0.8771542898920529
1,0,0.32365180897870505
1,1,0.5974166689558192
1,1,0.6377208625109834
1,1,0.7669715513980967
1,1,0.6925313113796949
1,1,0.6339696739967033
1,1,0.8580521981113401
1,1,0.8749582766961441
1,0,0.002371494940756014
1,0,0.43216993760772343
1,1,0.5826895242180299
1,1,0.7469486836913962
1,1,0.8832181093709423
1,0,0.475346627195236
1,1,0.7433920223183724
1,1,0.7754500212838632
1,1,0.6690091615213034
1,0,0.27366881662869474
1,1,0.8191478611990518
1,0,0.22850448731275588
1,1,0.5907571721465132
1,1,0.8472154930954701
1,1,0.5224556213366476
1,1,0.6233288179875048
1,1,0.693677221935929
1,0,0.2190080466939023
1,0,0.2096073764284997
1,1,0.7448398939366272
1,1,0.5489831198661969
1,1,0.8558083215545123
1,1,0.501087740905286
1,1,0.885544627300964
1,1,0.8965931732417974
1,1,0.8103831336529809
1,1,0.8088540670685999
1,1,0.8364855462795023
0,0,0.282892552042277
1,1,0.6315172518588597
1,1,0.5925074928396341
1,1,0.7399143246005175
1,1,0.8196758048143646
1,1,0.8096535564438068
1,0,0.061649469348653264
1,1,0.7431529245959051
1,1,0.7849024482791125
1,1,0.5321962952543181
1,0,0.15248165770483982
0,0,0.2075273300135131
1,1,0.8560910590075638
1,1,0.8139504126387991
1,1,0.7301324464564007
1,1,0.7050417280605213
1,0,0.20186284212093927
1,1,0.9208201959305705
0,0,0.329202520505162
1,1,0.7643215735358183
1,1,0.6177988854677683
1,0,0.4646040705023301
1,1,0.7293878846017031
1,1,0.7863209850641864
1,1,0.731939677110802
1,1,0.8556144835177375
1,1,0.7985299599585429
1,1,0.8435601763563592
0,0,0.3723329812648006
1,1,0.7834067364731218
1,1,0.7686824293632439
1,0,0.35033001581955847
1,1,0.6940402821589752
1,1,0.7983696947493747
0,0,0.07848154550578007
0,0,0.2928783931501279
1,1,0.7623535909405409
1,1,0.6966700588106485
1,1,0.7329368000311903
1,1,0.6349498581412498
1,1,0.8577541087127104
1,1,0.8636637432901689
1,1,0.7612500084665034
1,1,0.7682225657471546
1,1,0.8179489226907257
1,1,0.74453009553458
1,1,0.7599352661114145
1,1,0.5088082652965467
1,1,0.7666679404240586
1,1,0.8815121084860353
1,1,0.7467926488013275
1,1,0.8464975805556019
1,1,0.8252084286112648
1,1,0.7261218787813467
1,1,0.8011015569132487
1,1,0.7840669639680662
1,1,0.8017878938072621
1,1,0.849921391076252
1,1,0.6459676558199556
0,0,0.2824931077892302
1,1,0.826518089269369
1,0,0.31397879140940665
1,1,0.5601767748964521
1,1,0.7420947138206717
1,1,0.7949065697619262
1,1,0.8667075232260838
1,1,0.8586612259266218
1,1,0.6408713034924939
1,1,0.8549872424183633
1,1,0.7363950311754355
1,1,0.7132393836365606
1,1,0.6328903094039589
1,0,0.4709697908193581
1,1,0.877402976397121
1,1,0.6890754950679493
1,1,0.6771822745384267
1,1,0.752248063616066
1,0,0.4848657366929585
1,1,0.7119340940911446
1,1,0.7834713647625924
1,1,0.7502116964102784
1,1,0.7491699845922364
0,0,0.4287520806993466
1,1,0.5379863242411429
1,1,0.8644221038671202
1,0,0.40276221868405027
1,1,0.787828065385565
1,0,0.4283259679486477
1,0,0.42998706665779474
1,1,0.6714524110952859
1,1,0.8004954235487483
1,1,0.5500490395817873
1,0,0.38193115949876083
1,0,0.10492662081849642
1,1,0.8082116155148562
1,1,0.8841446322924191
1,1,0.785158230957653
1,1,0.8067324541239562
1,1,0.8629477681925819
1,0,0.4844870181226026
1,1,0.7296891229265356
1,1,0.567655962256064
1,0,0.24938677646195523
1,1,0.6247010060221422
1,1,0.5017660076966816
1,0,0.3754904982364345
1,0,0.4033097887769676
1,1,0.7180566300743302
1,1,0.808957055205446
1,1,0.6598294373549214
1,1,0.873410858722904
0,1,0.5542464233389651
1,1,0.8684063986521678
1,0,0.48181035246959086
1,1,0.5510649717701669
1,0,0.42090542240103496
1,1,0.6169791027983794
1,1,0.843461288246778
1,1,0.7244361898108568
1,1,0.523262845332443
0,0,0.09355472349055699
1,0,0.4788290460271967
1,0,0.09540428236547065
1,1,0.6590022402679405
1,0,0.20909712377594436
1,1,0.8652711659430257
1,0,0.3046050913806129
1,1,0.857079049304405
0,0,0.20414150816157553
1,1,0.5028871820727651
1,1,0.6342314431698288
1,1,0.828721794740319
1,1,0.8523728091538623
1,1,0.8818553983885419
0,0,0.2154193706312614
1,1,0.7744559575764643
1,1,0.7594655810725205
1,0,0.36723874088103736
1,0,0.3043843272564452
1,1,0.8586626260213495
1,1,0.816503619266906
1,1,0.6128687071545053
1,1,0.8926778059391639
1,1,0.8376590727630978
1,1,0.8182084514200513
1,0,0.44298900714383105
1,1,0.5672054731063798
1,1,0.7056582942694776
1,0,0.2566419638889035
1,1,0.5157554624287688
1,1,0.6705240915997558
0,1,0.8793012083535425
0,0,0.005150905966043027
1,1,0.5603992222472614
1,1,0.723396988199977
1,1,0.5503894299297254
1,0,0.39846014790797
1,1,0.8044548944534189
1,1,0.7557586712026044
1,1,0.8509983963991599
1,1,0.5189713516133919
1,0,0.4213080864645436
0,0,0.03175106752008783
1,0,0.021919537502048753
1,1,0.7505492298783675
1,1,0.7701640821437556
1,1,0.8504541317710452
1,1,0.8610718062896767
1,1,0.7821162413490627
1,1,0.7584898311196795
1,1,0.7816949080774838
1,1,0.7604887659520474
1,1,0.7965729481353825
1,1,0.8194975338436787
1,0,0.4456387430372531
1,1,0.7920690100920273
1,1,0.7798295414834008
0,0,0.4965618631299632
1,1,0.5061302606572133
1,1,0.8097374574312756
1,0,0.26827051424528114
1,0,0.31267793863499166
1,1,0.7431382748536386
0,0,0.19829550870396664
1,1,0.6875290812036158
1,1,0.8007715011825657
1,1,0.7589811881454311
1,1,0.840822473047714
1,1,0.5483665783594684
1,1,0.5511167215067788
1,1,0.7886863961937063
1,1,0.6801133838716021
1,1,0.5486158978049617
1,1,0.6785065138911963
1,1,0.7314434069041285
1,1,0.8563895313827444
1,0,0.20802346988964557
1,1,0.5020164838441884
1,0,0.4593377891740736
1,0,0.4931505897565733
1,1,0.6799147774770182
1,0,0.4048096375896307
1,1,0.596496344946608
1,1,0.6958146982912436
1,0,0.43192961455906514
1,1,0.7348173710688957
1,1,0.790267130092386
1,1,0.6035522091967874
1,0,0.2692828775672821
1,1,0.6468675486775273
1,1,0.6737103387915385
1,1,0.7535983600605056
1,0,0.4893647945814945
1,1,0.8128483939458259
0,0,0.24619100934775007
1,1,0.876500436108668
1,1,0.8097660070419695
1,1,0.8076518298148984
1,1,0.7153520252135891
1,1,0.8401798388828257
1,1,0.8188202619813502
0,0,0.0030068398682983857
1,1,0.8215646204651481
1,0,0.4946440070973513
1,1,0.7647667472143036
1,0,0.3907719496934602
1,1,0.5924055455463613
1,1,0.6711486681918195
1,1,0.8783899645408256
1,1,0.6393249994711709
1,1,0.8831691831729095
1,1,0.7421855865087618
1,1,0.7775405696335289
1,1,0.7839916976276707
1,1,0.7680525430040376
1,1,0.618111189521379
1,1,0.7178143603576186
1,1,0.6413582296446035
1,1,0.8300306395854393
1,1,0.739908916463624
1,1,0.7530270083447421
0,1,0.5107354281382437
1,0,0.376848370790852
1,1,0.8307286022802106
1,1,0.6864042623605783
1,1,0.8109696531412622
1,1,0.5420727893152513
1,1,0.8058519818076568
1,1,0.787950836940677
1,0,0.44531540307466866
1,1,0.7019324775783591
1,0,0.43940913645557755
0,0,0.12258777324263896
1,1,0.604362934998076
1,1,0.8559038686218694
1,1,0.8274837046377886
1,1,0.7013614127785932
0,0,0.01052288758682947
1,1,0.7710514439165363
1,1,0.8076839898138436
1,0,0.08575990126094006
1,0,0.09662614928212733
1,1,0.5823608735462478
0,0,0.4504678016063022
1,1,0.7510011439228247
0,1,0.5729742809528541
1,1,0.5531296661258907
1,1,0.7596437480150682
1,1,0.6638542309300184
1,1,0.7146726851219073
1,1,0.8168273494976576
1,1,0.7879010830200751
1,1,0.7444834932974841
1,1,0.8137909374773077
1,1,0.8779096945977958
1,0,0.3274545462264893
1,1,0.6362541185765325
1,1,0.8123785748989858
1,1,0.5879889643318784
1,1,0.7297392585073789
1,1,0.8596395069726479
1,1,0.781461360446639
1,1,0.5255719334574485
1,1,0.841116319876676
1,1,0.7794930179795571
1,1,0.6214465846901269
1,0,0.4193361418275459
1,1,0.7035493100977847
1,0,0.26198677923751523
1,1,0.8626315865236129
1,1,0.511092373094767
1,0,0.4557966175459994
1,1,0.7762829539555847
1,1,0.68327627842603
1,1,0.688437524076808
1,1,0.7028281184837947
1,1,0.8160373887520401
1,1,0.5418977121407685
1,1,0.5099284424299731
1,1,0.8474767057787262
1,1,0.8576340728154029
1,1,0.797020370080682
1,1,0.8288054893927449
1,1,0.7511704825520477
0,0,0.34717762301557703
1,1,0.802346161604356
1,0,0.4718146552427834
1,1,0.8231186301074431
1,1,0.8123307792979414
1,0,0.433443760237763
1,1,0.6209739161783019
1,1,0.5033138265319328
1,1,0.8928253757768732
1,0,0.496181519665042
1,1,0.7008913309797353
1,0,0.2772621547259834
0,0,0.06233981582498207
1,1,0.6896247678632516
1,1,0.5716826988033746
1,0,0.32710911855520447
1,1,0.8344718698335502
1,1,0.5936740440711462
0,1,0.7118978864959812
0,0,0.30669716046782824
1,1,0.7664621640400398
1,1,0.6194844805823432
1,1,0.6653609355599753
1,1,0.8231339076865561
1,1,0.7552761046020547
1,1,0.6434388842387357
1,1,0.7870429618833934
1,1,0.845947324204284
1,1,0.8320154485356833
1,1,0.5147369322307777
1,1,0.704102403560705
1,0,0.2032705962881525
1,0,0.49206904374761
1,1,0.6142813184512168
1,1,0.5379106307878919
0,0,0.03724542643230489
1,1,0.8010728642799225
1,0,0.38759847594434665
1,1,0.6803220149887238
1,1,0.7064095509910999
1,1,0.749832375353731
1,1,0.8154487927484054
1,1,0.7196935270652517
1,1,0.89644939950875
1,1,0.6144452112444094
1,1,0.7918623194390498
1,0,0.4104710891091762
1,1,0.8410900619187213
1,0,0.48066971497892547
0,0,0.11304567862871177
1,1,0.7597933977777334
1,1,0.8995381200578011
1,1,0.7311671496720799
1,1,0.7715290485327032
1,1,0.7422701695920639
1,1,0.8098034351461936
1,1,0.8446729007640493
1,1,0.8643935209158885
1,1,0.6776896356038121
1,1,0.5226031613424613
1,1,0.5280183036412974
1,1,0.6609965477189063
1,1,0.7589622388249317
1,1,0.8185839616995736
1,1,0.7410591603689132
1,0,0.26748073728020383
0,0,0.2882493037369107
1,0,0.27582249636160977
1,0,0.1966771288060466
1,1,0.7621217877374337
0,1,0.8134797596720575
1,1,0.599497767091273
1,1,0.8655894459412534
1,1,0.8471278657997197
1,1,0.6987605091805125
1,1,0.7365277880767652
1,1,0.6301627142241847
0,0,0.004233779827048801
1,1,0.876185116086644
1,1,0.5426953726997183
1,1,0.6767226081431864
1,0,0.45284253156096055
1,1,0.7982934287419375
1,1,0.7959901623386135
1,1,0.8064020361790218
1,1,0.7509576035846381
1,1,0.5683447189940367
1,1,0.6451217477693263
1,1,0.7550618736590344
1,1,0.7580211004625953
0,0,0.002665796328893235
0,1,0.7295996684799223
1,1,0.5803695173271212
1,0,0.0017582402942865772
1,1,0.877497891215745
1,1,0.7797505608278391
1,1,0.7458212765479798
1,1,0.8006764811640668
1,1,0.7971492380173336
1,1,0.7465473532169942
1,1,0.5124890749221963
1,1,0.8327444080216255
1,1,0.7695068079878898
1,1,0.7596326926298376
1,1,0.6732016669956439
1,1,0.5440054978265658
1,1,0.6403167714287387
1,1,0.8301813151163745
1,1,0.8566514939726715
1,1,0.7846700111444165
1,0,0.4069072751098022
1,1,0.7912883892333267
1,1,0.6333487766976871
1,1,0.8070976462089605
1,1,0.9163493667187455
1,1,0.7926494904771273
1,0,0.27931529605704325
1,1,0.8413464124676824
1,1,0.7147103141146922
1,1,0.5286696243818032
1,1,0.5516383719866126
1,0,0.17098934014795442
1,1,0.5783025208129049
1,1,0.7822040365817301
1,1,0.7844100106898896
1,1,0.8178103310697521
1,1,0.8550644763348889
1,1,0.8497656870334297
1,1,0.7897974975400943
1,1,0.7350629908981099
1,0,0.4199181464043455
1,1,0.795712989412156
1,1,0.7781889983157225
1,1,0.5989761260689855
1,1,0.7159397347294769
1,0,0.4988626027871649
1,1,0.7762438862935875
1,1,0.7418410217980453
1,1,0.8603391735249685
1,1,0.7586655642475808
1,0,0.10142244028066415
1,1,0.5775917718502664
1,1,0.7686399225738982
1,1,0.8566958095287197
1,1,0.5319941518681033
1,0,0.30613505924002743
1,1,0.8611661120131586
1,1,0.8481689519596946
1,0,0.26379424586128275
1,1,0.8096772812621347
1,1,0.7715288182953871
1,1,0.879846033957263
1,1,0.5598063300289461
1,1,0.7289831935809526
1,1,0.8358338944429894
1,1,0.751521853845061
1,1,0.5406648524866764
1,1,0.7956649925734222
1,1,0.7295938935934706
0,0,0.11846584454416983
1,1,0.8407778262518211
1,1,0.5032167385471592
1,1,0.7886385700921092
1,1,0.510601531901785
1,1,0.6845819058745262
1,0,0.08310670656619573
1,1,0.8691300176158592
1,1,0.82305663450322
1,1,0.849517109834149
1,1,0.5286986226210737
1,1,0.8501655744678832
1,1,0.5945101253084559
0,0,0.09296128559513142
1,1,0.7992810289879201
0,0,0.4259625021642975
1,0,0.4278269991176526
1,0,0.41324437190679314
1,1,0.660753878014296
1,0,0.4312870475921015
1,1,0.678576732189164
1,0,0.38551825598799433
1,1,0.837252964086232
1,0,0.16316395438285433
1,1,0.5324573614759288
1,1,0.5154785453860439
1,0,0.3198568802480396
1,1,0.6459941207074754
1,1,0.9170225748794169
0,0,0.017025830630223584
1,1,0.6295492465206031
1,1,0.8550061476036902
1,1,0.8342537465805091
1,1,0.7144230329051853
0,0,0.32717041441034567
1,1,0.7648326328402014
1,1,0.7002513070520591
1,1,0.5761234493881735
1,1,0.6559253932741566
1,0,0.488461095756118
1,0,0.3925203326921981
1,1,0.6021340705322824
1,0,0.383000414919853
0,1,0.5416725056000165
1,1,0.7615748066759775
0,0,0.3605748346693167
1,1,0.6090218094213539
1,1,0.6963499280132036
1,1,0.7789953389887017
0,0,0.23303549754855432
1,0,0.49321553907697785
1,0,0.4156730378165098
1,1,0.7944020341870754
1,1,0.5115058461688812
1,1,0.5776700125894723
1,0,0.10776345462831667
1,1,0.5499686434432443
1,1,0.7620059070210891
1,0,0.30025626116906806
1,0,0.3950088352061342
1,1,0.865066976464145
1,1,0.8231899778070424
1,1,0.5913419369154613
1,1,0.868654833773138
1,1,0.7207615062028963
1,1,0.7260811809266629
0,1,0.5246884205361645
1,0,0.41866581308316075
0,0,0.08358120504997325
1,1,0.6152152287836131
1,0,0.2764923203779669
0,0,0.3318327361395381
1,0,0.4453433618228757
0,1,0.877979597714725
1,1,0.5525828825120868
1,1,0.8514684884778158
1,1,0.7743741559218396
1,1,0.7634642840639612
1,1,0.5823617572022808
1,1,0.7462856434899684
1,1,0.8144256769094704
1,1,0.5756158434936145
1,1,0.8244525880643077
1,1,0.6660659595659577
1,1,0.6308779904693187
1,1,0.882351396843757
1,1,0.7084051182388255
1,1,0.8261140749066201
1,1,0.578625933893136
1,1,0.8779397136900705
1,1,0.8589602855456964
1,0,0.04436657315222995
1,0,0.34790794233844063
0,1,0.7134158249916741
1,1,0.6877831383027294
0,0,0.03667849336799102
1,1,0.7033690474355834
1,1,0.5917895084861585
0,0,0.07041539259272094
1,1,0.5456717682630857
1,0,0.377213709235044
0,1,0.7139847170625544
1,1,0.6354600810725788
1,1,0.7073385177402601
1,1,0.8764342968024809
1,1,0.8701962604938652
1,1,0.7770810111635831
1,0,1.4874059135837222e-07
1,0,0.1710897453694838
1,1,0.7739419334798903
1,1,0.8696551485998814
1,1,0.6673941119924981
1,1,0.8640061473325152
1,1,0.8157824018625085
1,1,0.8102726205315087
1,0,0.3063910990132564
1,1,0.8709584746289605
1,1,0.5395228549441601
1,0,0.4504030660835402
1,1,0.8137857745692025
1,0,0.3667186883122032
1,1,0.7339597421660098
1,1,0.7787450066595875
1,1,0.613752364351521
1,1,0.7844398955813224
1,1,0.6251614203992233
1,1,0.6803117427146681
1,0,0.25752151928349176
1,1,0.6802009150471827
1,1,0.8793843644808877
1,1,0.7595845868972809
1,1,0.8456693529980311
1,1,0.760597647439016
1,1,0.8068995559779448
1,1,0.6525599746827475
1,0,0.17145048790432504
1,1,0.8664676634104546
1,0,0.39133067382684217
1,1,0.816598920897838
1,1,0.6007406026752842
1,1,0.7922159909548644
1,1,0.6763870604395875
1,1,0.832051889936577
1,1,0.7250289869042889
1,1,0.5786961680664368
1,1,0.8421839305207031
1,1,0.719995806549129
1,1,0.7764304977750918
1,1,0.7200880186513653
1,1,0.912403172324562
1,1,0.6222665742693053
1,1,0.7378739888464411
1,1,0.7402924542735727
1,1,0.6840891045089524
1,1,0.7370282666692628
1,1,0.5303799078679803
1,1,0.6641733639150174
1,1,0.7841768640042532
1,1,0.8499279129247331
0,0,0.009830419860966381
1,1,0.82720515542514
1,0,0.33244301162703593
1,1,0.8466542270076585
1,1,0.5705980214887086
1,1,0.8427789280154373
1,1,0.6202494608751901
1,1,0.8263701545587089
1,1,0.5719200031004772
0,0,0.13375585589354785
1,1,0.7901678854924538
1,0,0.3420388728194331
1,1,0.7138788681196121
1,1,0.7012015553179024
1,1,0.824326710702688
1,1,0.840476184558505
1,1,0.9160586175062873
0,0,0.047655923322552605
0,0,0.40700451307131025
1,1,0.790564630745773
1,1,0.7400027124807883
1,1,0.7770388901967029
1,0,0.48513829457178215
1,0,0.09927651586906715
1,1,0.8405157897073697
1,1,0.8741938470137186
1,0,0.4168672556025087
1,1,0.7985600471656799
1,1,0.6542016717220746
1,1,0.7477462131320891
1,0,0.41967097525495345
1,1,0.752700848408965
1,1,0.7454019034725141
1,1,0.698858473039427
1,1,0.6165082815723483
1,0,0.40148574228359135
1,1,0.7645378928907344
1,0,0.4687493107524939
1,1,0.7249211663260018
1,1,0.5831622007909316
1,0,0.3701968541638218
1,1,0.7238687528591715
1,0,0.36623561682175976
1,1,0.685630915431537
1,1,0.6838739998417265
1,1,0.6757630089793297
1,1,0.7846259477612472
1,1,0.7593756777849868
1,0,0.3138491735982343
1,1,0.5146607970587725
1,1,0.5511865960066085
1,1,0.6621776732655715
1,0,0.376341497639735
1,1,0.7465307099178994
1,1,0.682328251195629
1,1,0.7807562449508952
1,1,0.8917756276811069
1,1,0.8524164733928035
1,1,0.8666060340891495
1,0,0.31222619871483576
1,0,0.45137949362283186
1,1,0.7893456240128376
1,1,0.7727157644906749
1,1,0.5199021774748674
1,1,0.7000468526752063
1,1,0.8931013826619298
1,1,0.7927215664882663
1,0,0.3016349159139028
1,1,0.5721677685517309
1,1,0.6830996735852808
1,0,0.4178700752982658
1,0,0.49569093299181277
1,1,0.8016361688183524
1,1,0.7712152899457402
1,1,0.6936454187570555
1,0,0.1464051972628456
1,1,0.5222199312842841
1,1,0.801950125788857
1,1,0.8100089736390886
1,1,0.7820155805966729
1,1,0.7465101272868926
1,1,0.8197641052666573
1,0,0.17106940654439698
1,1,0.8640342901237521
0,1,0.5984457827869643
1,1,0.8351952606221358
1,1,0.7711034200082408
1,1,0.8678202982879908
1,1,0.8461114188831679
1,0,0.015273304195656983
1,1,0.8322767654427723
1,1,0.7798966416799972
1,0,0.09675088260209538
1,1,0.8160582525146004
1,0,0.4562426770463741
1,1,0.6383096677838499
1,1,0.7907699102102266
1,1,0.8277049427357197
1,1,0.6199709017334403
0,0,0.2614563097385768
1,1,0.6577807842544066
1,1,0.8530124381401017
1,1,0.9144770579657286
1,1,0.8288437282643324
1,0,0.40630569205930406
1,1,0.7377239678091174
1,1,0.812427905051008
1,0,0.11234311865956598
1,1,0.7084516031842
1,0,0.034475183922662626
1,1,0.7765401861646346
1,1,0.6901595725932526
1,1,0.799258785028218
1,1,0.8922032644583523
1,0,0.17284902009328323
0,0,0.00035761540593985675
1,0,0.45733982261207456
1,1,0.7979135029918086
1,1,0.8608960680411276
1,1,0.8049541540567449
1,0,0.3594248390939859
1,1,0.7639144826483599
1,1,0.8285138555013636
1,1,0.8270051524840739
1,0,0.41580972159890683
1,1,0.6903669161891689
1,1,0.7119375136492759
1,0,0.3640748883573981
1,1,0.7015105623216876
0,0,0.11374521155935775
1,1,0.6265974170920139
1,1,0.8103486821929073
1,1,0.7798808919586985
1,1,0.7060072067397896
1,0,0.10715479971288248
0,1,0.8283569803322979
1,1,0.6496738515626327
1,0,0.45425554176735333
1,1,0.7263984731653282
1,1,0.6748709561245352
1,1,0.5557185634540666
1,1,0.6889767497849444
1,1,0.8198062444634269
1,1,0.9215305322106135
0,1,0.5287371305761921
1,1,0.7889154288563515
1,1,0.8299235680194987
1,0,0.4326440944949709
1,1,0.5561985706313096
1,1,0.6233776306826433
1,1,0.9013066880982871
1,1,0.7084890917643505
0,1,0.5899044256751577
1,1,0.8751429825260028
1,1,0.7150472799534279
1,1,0.5884251915984013
1,1,0.7125866322801301
1,1,0.718087106798266
1,1,0.7339085609488238
1,1,0.7499821342592358
1,1,0.7762642774561186
1,1,0.841822494225495
1,0,0.47794437599214584
1,1,0.7772723072053234
1,1,0.5303838476501984
1,0,0.16152474920770235
1,0,0.474944828297453
1,1,0.6776867125631559
0,1,0.6860276641185619
1,0,0.39858268449928247
1,1,0.8175275927060636
1,1,0.5865829311661137
1,1,0.7593282670080297
1,1,0.8627000308783946
1,0,0.38761389767696747
1,0,0.3916253984293278
1,1,0.8827449612198399
1,0,0.3714738318849769
1,1,0.6715904263136436
1,1,0.7452217021159214
1,1,0.7864816296406609
1,1,0.8399767162494068
1,1,0.849265675386024
1,1,0.5298167163498474
1,1,0.8809511919760867
1,1,0.8723502630680456
1,1,0.6062259769327765
1,1,0.8632216367865384
1,1,0.8826680737569952
1,1,0.6597550916758724
1,1,0.5687383165588322
1,0,0.4548702904429859
1,1,0.758407469767071
1,1,0.5948285115197404
1,1,0.7294853611672318
1,1,0.7532418784435468
1,0,0.44655610698771214
1,1,0.8722340805216462
1,0,0.0017536990102236265
0,0,0.00912272679222035
1,1,0.7728133240554349
1,1,0.7762608894888241
1,1,0.7848238538464606
1,0,0.03492562280763322
0,0,0.38152160393892515
1,1,0.6179986691006815
1,0,0.3087390372738705
1,1,0.7633881367145503
1,1,0.591924797256639
1,1,0.5601622251854989
1,1,0.8470088424850454
1,1,0.5773737018925884
1,1,0.8300299204607425
1,1,0.5173358027083758
1,1,0.8253996117771278
1,1,0.8840043817137895
1,1,0.7412605939677225
1,1,0.7437011598824207
1,0,0.3854552546151931
1,1,0.8665014099917676
1,1,0.8303718587965573
1,1,0.8357880881941724
1,0,0.36901848114497304
1,1,0.6738683307278541
1,1,0.7617364849513255
1,1,0.7927758731082396
1,1,0.5836805383876504
1,1,0.5895667603922168
1,0,0.29632061005701943
1,1,0.8172430537419254
1,0,0.46958611065931244
1,1,0.7368030099005456
1,0,0.31500276020961127
1,1,0.8597295176070566
1,0,0.2673789219626009
1,1,0.787759167084099
1,0,0.34862291566828024
1,1,0.7441701077674976
1,1,0.8312504974587166
1,1,0.7440823558825305
1,0,0.24818198507842976
1,0,0.3150458242889641
0,0,0.006882606250423495
1,1,0.6762380527881422
1,0,0.27205879111469594
1,1,0.821274727226355
1,1,0.8025419964221587
1,1,0.726752007147185
1,1,0.646835844110801
1,1,0.7509216338612952
1,0,0.42640190070560285
1,0,0.4778320519349996
1,1,0.696936859469215
1,1,0.7950538783069895
1,1,0.7110621183290948
0,1,0.5346134546307632
1,1,0.6256572837788709
0,0,0.033560054904792594
1,1,0.8050259415125596
1,1,0.7690565088328053
1,1,0.7423313965700578
1,1,0.7254660975639873
1,1,0.8852981532220185
1,1,0.7613512753644037
1,1,0.7949220058092742
0,0,0.048056460493383094
1,1,0.7833177364975227
1,1,0.6644010259044933
1,1,0.7980159491336665
1,0,0.28734567951639683
1,1,0.7410876180331765
1,1,0.5253161493751796
1,1,0.8081759984027904
1,1,0.5939824132854793
0,1,0.7947069772013744
1,1,0.6704051323725504
1,1,0.8200159111319543
1,1,0.7838349227688923
1,1,0.7338319110348108
1,1,0.7395688610265624
1,1,0.7514520730405707
1,1,0.8286689345950483
1,1,0.8734765355292666
1,0,0.268454135933523
1,1,0.5685180628928524
1,1,0.7199052493947968
0,1,0.5296588104773667
1,0,0.428299000501619
1,1,0.6354731294634122
0,0,0.16923078241021156
1,0,0.11777059686036195
1,1,0.6654287422850768
1,1,0.8712782232787138
1,1,0.7370035803065359
0,0,0.2685578759115659
1,1,0.7294565484665659
1,0,0.38998083233301256
1,0,0.37484310163806966
0,0,0.16145250431769523
1,1,0.6930230562832261
1,0,0.2647602408069752
1,0,0.20093771166596536
1,1,0.8183058073181063
1,1,0.6106739472047288
1,0,0.1890569636262113
1,1,0.8305419779773264
0,0,0.3317047585253986
0,0,0.005343830626797907
1,1,0.8838062599779671
1,1,0.8838018487589189
1,0,0.4048347867242865
1,1,0.7457084096995644
1,1,0.878882798458164
1,1,0.8248202309159925
1,0,0.24169134066237127
1,1,0.7536965623772911
1,1,0.6088845662382243
1,0,0.43343343102615983
1,1,0.698117300689799
1,1,0.8759899602897537
1,1,0.7616894569274245
1,1,0.8781705653761906
1,1,0.7379282607153871
1,1,0.6902649466994257
0,0,0.4171363936312967
1,1,0.7889056810024329
1,1,0.549452999980338
1,0,0.4161588524643609
1,0,0.4084117618937062
1,1,0.7804564780292232
0,0,0.012906318906397775
1,1,0.8581626583673786
1,0,0.375389979486129
1,1,0.8818663443520464
1,1,0.7288488672648219
1,0,0.34270001356663515
1,1,0.6655139180952812
1,1,0.8509403568544893
1,1,0.8081541148836657
1,1,0.7794039772663098
1,1,0.8907228407943331
1,1,0.8046170982159149
1,1,0.7530035647311198
1,1,0.8227615093001005
1,0,0.2926697888086718
1,1,0.7390066970036616
1,1,0.6476375717375359
1,1,0.7643471433142103
1,1,0.8249191425048074
1,1,0.8237637829842419
1,1,0.791760254340431
1,0,0.4247112183000676
1,0,0.47198672422470545
1,1,0.7606979167024794
1,1,0.7480277870669323
1,0,0.44948540690078514
1,1,0.5327979470174371
1,1,0.8278744953715228
1,1,0.8004970713682107
1,0,0.41378121960561376
1,1,0.517319191204113
1,1,0.8696919124125977
1,1,0.5853212624733105
1,1,0.6788742258919447
1,1,0.8669251010789797
0,0,0.04900364278987482
1,1,0.6260871554752088
1,0,0.4882102704887138
1,1,0.8317036462106158
1,1,0.780223513524606
1,1,0.6389616343344879
1,1,0.759972773595356
1,0,0.30538047186451983
1,1,0.8222949297943031
1,1,0.7353801532529994
1,1,0.8500966114519338
1,1,0.91388709176276
1,1,0.7417419860564478
1,1,0.76631997850554
1,1,0.6205588382150666
1,1,0.630249668190003
0,1,0.7163943112478567
1,1,0.744129349844832
1,1,0.7116388893843183
1,1,0.723611803915918
1,0,0.24078234626417613
1,1,0.7286133837082939
1,0,0.4715038875484111
1,1,0.8004377099989514
1,0,0.4681683257246074
1,1,0.7725661155258434
0,1,0.5455236643310882
1,1,0.8216729978218014
1,0,0.49529210887738706
1,1,0.8168977099477169
1,0,0.3712605226736707
1,1,0.8247630474647164
1,0,0.43841360074583285
1,1,0.877349057703823
1,0,0.43635229738931464
1,1,0.7191379840712111
1,1,0.6927130129740721
1,0,0.480693196229331
1,1,0.7370921451335459
1,1,0.7974622218698947
1,1,0.6629397810211832
1,1,0.7842335090191692
1,1,0.7486750662924365
1,1,0.7153336324502714
1,0,0.44100545006978925
1,1,0.8479331008748259
1,0,0.4455810074053367
1,1,0.5900653235331368
1,1,0.6535146543416671
1,0,0.43517195353607824
1,1,0.8655849155413234
1,1,0.8969338262218597
1,1,0.6795373875736056
1,1,0.8001236041497289
1,1,0.5094154732655859
1,1,0.6113720099024145
1,1,0.8481675329067215
1,0,0.44907504338972776
0,1,0.7556831725541897
1,0,0.4300530032265849
1,1,0.7297335976325698
1,1,0.6824556768261014
1,1,0.6149701189764399
1,1,0.673740387257759
1,1,0.7714872097231582
1,1,0.7766822952569115
1,1,0.7995053206665734
1,1,0.6830631527224927
1,1,0.7187391067822089
1,1,0.7615473829372137
1,1,0.841618112097495
1,1,0.8395233160618452
1,1,0.7318002820831687
1,1,0.7693463592350183
1,1,0.7381257946274987
1,1,0.8388956201607926
1,0,0.08861262244859901
1,1,0.8224431837482018
1,1,0.9140777423474363
1,0,0.4139117688830414
1,0,0.19914684336034258
1,1,0.8362558950054167
1,1,0.6485070272965985
1,1,0.7140013480682639
1,0,0.35399866774551064
1,1,0.8032785392143065
1,0,0.4337345897634974
1,0,0.39603757085172153
0,0,0.11924800773347033
1,1,0.8034592786338676
1,1,0.795509595834955
0,0,0.4298659212295362
1,0,0.31755468703746115
1,1,0.6309409539572691
1,1,0.9023309215888632
1,1,0.7362962007307434
1,1,0.7664231515450005
1,1,0.7484670433825147
1,0,0.46346751169083056
1,0,0.43795619332882146
1,0,0.4350056875422025
1,1,0.5296926986412142
0,1,0.7274061229400016
1,1,0.773218879883618
1,1,0.6526577150170602
1,1,0.76865979667644
1,1,0.5043473082301912
1,1,0.6739635366376018
1,0,0.3572110754557464
1,1,0.8024379434631419
1,1,0.8504935422129553
1,1,0.5949332201801046
1,1,0.8998302317892132
1,1,0.8824789798108009
1,1,0.5213871508993596
1,1,0.6701951012729048
1,1,0.628043344211185
1,1,0.6413933795755017
1,1,0.807401790635608
1,1,0.7467024872252312
1,1,0.7724102217725641
1,1,0.7331439331165261
1,0,0.3863563348153411
1,1,0.869110418816498
1,0,0.3948745467207812
1,0,0.08188103194326794
1,1,0.7413402900541862
1,1,0.6529528043661273
1,1,0.7684098377297572
1,1,0.7514721211562574
1,1,0.72216581796102
1,0,0.47066020599878383
1,1,0.6219856030389207
1,0,0.4614428266908993
1,1,0.7519693805214066
1,1,0.81549096056219
1,1,0.6157844923530631
1,0,0.008209917704550717
1,1,0.7670981300523338
1,1,0.6562956222299239
0,1,0.6200252843673645
1,1,0.7360834193092256
1,0,0.49183739809974064
1,1,0.5476545040780666
1,1,0.7840541683376737
1,1,0.7988288524068862
1,1,0.6373901170254366
1,1,0.7009750039090226
1,1,0.7855710959993345
1,1,0.7955624508674187
1,1,0.652814144964759
1,0,0.11957309244181609
1,1,0.790914228537958
1,1,0.8072871291483351
1,1,0.8659440920007742
0,0,0.1753663795414733
1,1,0.7771178819065296
1,0,0.35599883213374967
1,0,0.39732196149447735
1,1,0.5050779204568107
1,0,0.48358863259841794
1,1,0.6456593806716968
1,0,0.49679478997277743
1,1,0.6377845135703433
1,1,0.5445027728289168
1,0,0.31610334151166014
1,1,0.7078247089088654
1,1,0.803103624647187
1,1,0.7295360288629843
1,0,0.2167742401118031
1,1,0.747354681534535
1,0,0.39470220386087884
1,1,0.8936068564468376
1,1,0.8879275020005123
1,1,0.7924942608461518
1,1,0.9087887831897428
1,1,0.7529004458200537
1,1,0.7629352673322317
1,1,0.8110141746020609
1,0,0.4921684601514114
0,0,0.22996756800134202
1,0,0.4425588293140852
1,1,0.7029252245297088
1,0,0.44925771399871745
1,1,0.6905515371033494
1,1,0.765945696120324
1,1,0.7369421382822343
0,0,0.07583222812849302
1,1,0.8809072019194564
1,1,0.7937758622297955
1,1,0.8084804882005778
1,1,0.7800217891724525
1,1,0.826621467130992
1,1,0.6177148764646396
1,1,0.7673940478836241
1,1,0.9055482591567532
1,1,0.7491980565663992
1,1,0.7030734517465702
0,0,0.2599310001035566
1,1,0.6453498188136291
1,1,0.7918958309003937
1,1,0.662605570826959
1,0,0.3686149388788042
1,1,0.8407253064986112
1,1,0.8697946086992212
1,1,0.5592449158406136
1,0,0.34630609273362534
0,0,0.0135995370178854
1,0,0.2965545813212042
1,1,0.8280401799337163
1,1,0.6390984285551385
1,1,0.587301328155518
1,1,0.859639543884152
1,1,0.5936393213069464
1,1,0.7042648137643553
1,1,0.7845445961313109
1,1,0.8089594906092755
1,0,0.3846591254061359
1,1,0.7379485173822248
1,1,0.6811488238194914
1,1,0.6327235171416915
1,1,0.7421265152669771
0,0,0.34033831750417576
1,1,0.6771914927517616
1,1,0.7823024154099891
1,1,0.7281890995296082
0,0,0.09705478261726642
1,1,0.7662344333995641
1,1,0.8294339089543094
1,1,0.5301509529509597
1,1,0.6403268210232614
1,0,0.2273046476253139
1,1,0.6248979239204602
1,1,0.651757842264343
1,1,0.6712223841564403
1,0,0.25205580261093935
1,1,0.544644963079035
1,0,0.45443393189624715
0,0,0.02314767993754447
1,1,0.7770308930993006
1,1,0.8253577501486188
1,0,0.15905993346251457
1,1,0.5290434121813858
1,1,0.752745771537544
1,1,0.6460514634163713
1,1,0.6154809787446427
1,0,0.14257011880294812
1,1,0.8374070291668175
1,1,0.7959494973572038
1,1,0.7884529408861009
1,1,0.6927431431399146
1,1,0.8079652948515222
1,1,0.6145540598478634
1,0,0.49878402500755586
1,1,0.8007691391232337
1,0,0.46250404229473624
1,1,0.5015386533803111
0,1,0.7158938256703333
1,1,0.8062144764708125
1,1,0.6955614211002098
0,1,0.6608285067607409
1,0,0.46976549005968093
1,1,0.7373866782040724
1,0,0.03617243390830332
1,1,0.8634437570183123
1,0,0.37237283480509215
1,1,0.7823790782768356
1,1,0.5176511069169857
1,1,0.6701423751293013
1,1,0.5581628222150732
1,1,0.5538527746118985
1,0,0.49831248900996195
1,0,0.3687695769743783
1,1,0.5526205921574888
1,1,0.8371655922733021
1,1,0.694446405536738
1,1,0.5931306296181814
1,1,0.8214797101092145
1,1,0.5406590028007194
1,0,0.1632702417788681
1,1,0.7335847913850105
1,0,0.4320075858406879
1,1,0.7229914394060192
1,1,0.9228506146038424
1,1,0.8129581744066929
1,1,0.701819556828295
1,1,0.6100636936771916
1,1,0.8511998852557764
1,1,0.5869837305826366
1,1,0.573831235755565
1,1,0.6721927474138337
1,1,0.8131260454786972
1,1,0.7400722951197035
1,1,0.8261951326621068
1,1,0.7052184277770748
1,0,0.38470603997712177
1,1,0.7672844013032442
1,0,0.42703246227229913
1,1,0.8965426879172099
1,1,0.9103478677990572
1,1,0.8372382324298118
1,1,0.6523458239264408
1,1,0.5831538933451671
1,0,0.2491047318046584
1,1,0.6070429482625966
1,1,0.8169430132029838
1,1,0.584612373909754
0,0,0.09241016388902878
1,1,0.790208722412321
1,1,0.5746444332132
1,1,0.8240283581167782
1,1,0.807355791741508
1,1,0.6449906584288257
1,0,0.014554569296498654
1,1,0.9130356394995027
1,1,0.5077200814756357
1,1,0.6888477711737215
0,0,0.3328979416466492
1,1,0.822797964052821
1,0,0.14342384068809472
1,1,0.7946783471244059
1,1,0.500191112848365
1,0,0.16016307645466607
1,1,0.8745305338805006
1,0,0.19157622001456048
1,1,0.7801095707608813
1,0,0.470541351445645
1,0,0.2939649268942713
1,1,0.7598723821528807
1,1,0.79675892484162
1,0,0.39854961251239596
1,1,0.7252010700573142
1,1,0.8004898177761289
0,0,0.25061236558812644
1,1,0.6858816752953095
1,1,0.6628920121710232
1,1,0.8276471530558999
1,0,0.0066652888465575455
1,1,0.6432888689252385
1,1,0.7067343810310178
1,1,0.7527061186961634
1,1,0.7799360886686647
1,0,0.38770676229825574
1,0,0.28066635537333584
1,1,0.8352396835337857
1,1,0.8503206335818174
1,0,0.1292683754850719
1,1,0.8366530198153318
1,1,0.8175493345319803
1,1,0.5556480049963394
1,1,0.7953259569330453
1,0,0.4416910212521911
1,1,0.815397124480087
1,0,0.4399609612366997
1,1,0.790689419394989
1,1,0.592393268299466
0,0,0.11031491668905857
1,1,0.8148678568707518
0,1,0.7069804248821376
1,0,0.3931350060113513
1,1,0.861597108905037
1,1,0.800664413912975
1,0,0.22109271517951434
1,1,0.6934383355614008
1,1,0.8799939846606486
1,1,0.8880583097627347
1,1,0.8087534632998387
1,1,0.8860672221606185
1,1,0.6732212926733265
1,1,0.601231844599701
1,1,0.8680279621807259
1,1,0.8051432665831372
1,1,0.7705929539519251
1,1,0.8428773726006877
1,0,0.28638744384460285
1,1,0.6222244314512451
1,1,0.5593841385640557
1,1,0.7706596888031613
1,1,0.7451699728083325
1,1,0.9859997101915199
1,1,0.7792128888531029
1,0,0.46305488638490894
1,1,0.7415144991114025
1,1,0.8594525132611563
1,1,0.7984677619310423
1,1,0.651253037492566
1,1,0.7791125233196741
1,0,0.4692962264571895
1,1,0.7823671681642071
1,1,0.7971927731058075
1,0,0.2988377917372276
1,0,0.38656032869691787
1,0,0.28980924411299475
1,1,0.5414599517039577
1,1,0.652081839225836
1,1,0.6870622999976
1,1,0.7290572983350726
1,0,0.4688375787225458
1,1,0.5137851290560265
1,0,0.31098212025529437
1,1,0.6865558342876225
1,1,0.5247173323790849
1,1,0.8595945851865945
0,1,0.6591038097379465
0,1,0.6206224153210431
1,1,0.5684141080822932
0,0,0.3637439612137556
1,1,0.723445308816987
1,0,0.43753781461438923
1,1,0.8613031769196638
1,1,0.8369374296475514
1,1,0.6835044105281909
1,1,0.6428139722074263
1,1,0.577501601666019
1,0,0.11607606796492297
1,1,0.6210786931122321
0,0,0.05935938228413879
1,1,0.6486573326289943
1,0,0.46637753571461044
1,1,0.6228491513058844
1,0,0.21893981610129548
1,0,0.43797724124928905
1,1,0.6406994560501497
1,0,0.433911803421549
1,1,0.5050971239458888
0,1,0.5794580878358627
1,0,0.4659358242547793
1,1,0.6954499425676979
1,1,0.8442439709833781
1,1,0.8048066423764524
1,1,0.7851284837212869
1,1,0.6421784614450887
1,1,0.7419234985090017
1,1,0.5312241676611821
1,1,0.7083097997467049
1,1,0.8785474665201638
1,1,0.8536411224152098
1,1,0.5751598841335975
0,1,0.7754864083884694
1,1,0.7260402970783076
1,1,0.7119709554309136
1,1,0.8818267647602704
1,1,0.783542436865306
1,0,0.4833026564191049
1,1,0.7008434736044862
1,1,0.7934261187129001
0,0,0.013621562467298369
0,0,0.2045397081496636
1,0,0.38137026369946675
1,0,0.38810373697821315
1,1,0.773055873898821
1,1,0.6019449242729846
1,0,0.46597711486111476
1,0,0.3280870360181948
0,0,0.39244265549034923
1,1,0.6639010038439734
1,1,0.5435880903477942
1,1,0.8438709018592939
1,0,0.3103495268320943
1,0,0.3983390181992377
1,1,0.7569325436972472
1,1,0.696401960915545
1,0,0.3822926651902195
1,0,0.3908526629916959
1,1,0.6176595666107145
1,1,0.8158793366670996
1,1,0.6310621954817082
1,1,0.6425545082864585
1,1,0.8477385984757922
1,1,0.708373506155259
1,0,0.39758691366624815
1,0,0.3686059391987836
1,1,0.8025397398217995
1,1,0.5835347797110131
1,1,0.9068414773134764
1,1,0.7223317908477833
1,1,0.5110687107330418
1,1,0.8404161175835125
1,1,0.8268258635481486
1,1,0.7255876527194529
1,0,0.21447158874109784
1,0,0.024681395278442982
1,1,0.7077558793367347
1,1,0.8432240766173632
1,1,0.7536539812665811
1,1,0.8645139075196083
1,1,0.8385976189609124
1,1,0.7190149301318652
1,1,0.6769640279586462
1,1,0.854244091126379
1,1,0.839292946632629
1,1,0.7388471752641167
1,1,0.6107352491943088
1,1,0.6796760951984258
1,1,0.8207882956322174
1,1,0.7732991005264189
1,1,0.794149171176299
1,1,0.8886533762702226
1,1,0.851904994935458
1,1,0.7108218936688866
1,1,0.7780933628883854
1,1,0.9191672826159483
1,1,0.8883493012712248
1,1,0.5860811152274006
1,1,0.8772757177731236
1,1,0.6125832007237304
1,1,0.7176396746097049
1,0,0.048343102618838514
1,0,0.4574169931676344
1,1,0.8697381702641178
1,1,0.8446956142773261
1,0,0.4721393361838394
1,1,0.769884857195977
1,1,0.5667279955675775
1,1,0.7104126038662109
1,1,0.6295745479988574
1,1,0.6772101377542723
1,1,0.7782137589411989
1,0,0.17076061774097004
1,1,0.5544520193833704
1,1,0.7851588511633179
1,0,0.4987954020659094
1,1,0.8988766776826805
0,0,0.05210396086594073
1,1,0.7818767729386098
0,0,0.09845055249799611
0,0,0.0006872550440477044
1,1,0.7459023744280131
1,1,0.8428841188433844
1,1,0.8194644763523129
1,1,0.7802818018790583
1,1,0.7897288123981254
1,1,0.6397082570062012
0,0,0.20785893033030453
1,0,0.3853351527599241
1,1,0.7079317573579164
1,0,0.47392317352308233
1,1,0.543530178676555
1,1,0.7773758232407518
1,1,0.5747826437775169
0,1,0.8174234500706601
1,1,0.8877321250508275
1,1,0.6539506767011715
1,1,0.725094263564327
1,1,0.7255250823020218
1,0,0.4437034282757202
1,1,0.5560902377910516
1,0,0.46595326937301335
1,1,0.8861800755746251
1,1,0.8398650347804688
1,1,0.8160432032059328
1,0,0.22406246904858532
1,1,0.807618218505054
1,1,0.6452602060750097
1,1,0.7925061787385346
1,1,0.5934260720104995
1,1,0.8119077401080192
1,1,0.8573577296253305
1,1,0.7761009145135215
1,1,0.774967085849375
1,0,0.21629044519978896
1,1,0.5937930403893846
1,1,0.6660068937285896
1,1,0.8664518706363419
1,1,0.8718871378829433
1,1,0.8284076363359847
1,1,0.8345164564982596
1,0,0.49201857298416757
1,1,0.7530135001630813
1,0,0.378880251378649
1,1,0.7296827261832639
1,1,0.6949197174629727
1,0,0.35844445707908235
1,1,0.8316108481527696
1,1,0.8073792341828322
1,1,0.6882587832085594
1,0,0.2849341065052324
1,1,0.850889802737552
1,1,0.6323610172035086
1,1,0.7579576213655713
1,0,0.38668853434762573
1,1,0.8834200393141759
1,0,0.06911381817325288
1,1,0.6718484198310526
1,0,0.47652276379578107
1,1,0.8089184486952856
1,1,0.8424586285894547
1,0,0.3728257273339623
1,1,0.8862380534999756
1,1,0.7474363555479722
1,0,0.4667975459388963
1,1,0.8647254996418045
0,0,0.02985382471626974
1,1,0.7643833970795528
1,1,0.7586101617860364
1,0,0.2658573024333806
1,1,0.8011068281220725
1,1,0.6893152183190239
1,1,0.7795612339271547
1,1,0.8001356700677125
1,1,0.6545432471660849
1,1,0.5209078015530861
0,0,0.010896571888552675
1,1,0.7895182446311579
1,0,0.4737077101954758
1,1,0.7647598042058149
1,1,0.8293125656217339
1,1,0.7157272564425876
1,1,0.7504728941890367
1,1,0.8466008030778966
1,1,0.5966961585461995
1,1,0.7927882007500396
1,1,0.8369474619109281
1,1,0.8824032591473744
1,1,0.6673741138427833
1,1,0.7190095593039818
1,0,0.3314401522492104
1,1,0.7713741399959728
1,1,0.5004501903151605
1,1,0.8283928341046539
1,0,0.01666056319259514
1,1,0.8586107682015416
1,1,0.7745967294064156
1,1,0.7425040543378172
1,1,0.9109668816019698
1,0,0.4031578927143278
1,1,0.697087361257076
1,1,0.8284709431095599
1,1,0.8167857411665149
1,0,0.3835464618071911
1,1,0.8842572581867407
0,0,0.12482566103687477
1,1,0.6195701690605296
1,1,0.7334084804815716
0,1,0.5804593406657036
1,1,0.5420031057976813
1,0,0.36739887200087984
1,1,0.5710883122224021
1,1,0.9005586273910312
1,1,0.829782057914842
1,1,0.6678740024820243
1,1,0.8367335422012768
1,1,0.7216182346755854
1,1,0.7797191667051343
1,1,0.7915507206617659
1,0,0.3920667698647627
1,1,0.622069822669478
1,0,0.4535872004428223
1,1,0.6677528363568787
1,1,0.7580659153816126
1,0,0.2610935296684268
1,1,0.6892054116417707
1,1,0.816397717785505
1,1,0.9024364714791826
1,1,0.8490051245510263
1,1,0.7335430355666045
1,0,0.4908478113417607
1,0,0.1840563479213342
1,1,0.8086888945330686
1,1,0.7131219771218894
0,1,0.6693882695897274
1,1,0.7386987749448956
1,1,0.7709909775910501
1,1,0.8505477264528954
1,1,0.8155136135666831
1,1,0.832491567244485
1,1,0.507742679339407
1,0,0.16734943230824845
1,1,0.5627501416139381
1,1,0.8695915700078182
1,1,0.8191074348017614
1,0,0.12628225427880804
1,0,0.39184704021055866
1,1,0.5713337617856777
1,1,0.8925717089012105
1,1,0.7675883456884279
1,1,0.8706807914925031
1,1,0.7637551893232115
1,1,0.7671322423494641
1,1,0.875323787210757
0,0,0.4649097044623002
1,1,0.8025423189157687
1,1,0.8620682736725155
1,1,0.864110479822121
1,1,0.8732616254801887
1,1,0.644351611454838
1,1,0.6915919174427405
1,1,0.6422738790138585
1,1,0.7883515822112562
1,0,0.39033269290123623
1,1,0.6165501676583733
1,1,0.7000285050448877
1,1,0.756287517279317
1,1,0.7034381299709676
1,1,0.850689089780547
1,0,0.30378817540980735
1,0,0.3473855068472595
0,1,0.5853973710395556
1,0,0.4028369166581062
1,1,0.7860923240801656
1,1,0.684402540611263
1,0,0.3475456168816761
1,1,0.7761800346095339
0,0,0.2072970777839203
1,1,0.5844028122767447
1,0,0.41603243333020856
1,1,0.5286200060057052
1,0,0.4494789668495025
1,1,0.8658325837930907
1,1,0.825184180061227
0,0,0.010556054382087792
1,0,0.07289680955485713
1,1,0.7904370868047741
1,1,0.7326831444024904
1,1,0.806875779049724
1,1,0.7242300235904562
1,1,0.7777403067996245
1,1,0.8649520268886183
1,1,0.876850444098496
0,0,0.4028311367404645
1,0,0.4407954326125675
1,1,0.6372390390962726
1,1,0.7987529185511665
0,1,0.6561985723699254
0,1,0.6719593349173487
1,0,0.2317437586078881
1,1,0.590161887848055
1,0,0.29550674675582644
1,1,0.6283249357661878
1,1,0.850472931623767
1,1,0.5818086129644011
1,1,0.7302782980843635
1,1,0.7458744670505604
1,0,0.43180375612507677
1,1,0.572205474679166
1,0,0.4180698030354986
1,0,0.45444092959555654
1,1,0.7151571949798378
1,1,0.7546255730554793
1,1,0.765601549974718
1,0,0.3658805112003832
1,0,0.3312557264217213
1,1,0.8409865955294176
1,0,0.499883593600919
1,1,0.8779679248037497
1,1,0.8034772170762617
1,1,0.8202846892667007
1,0,0.37721779336814426
1,1,0.5416510201271875
1,1,0.6406673412375492
1,1,0.8828856851613927
1,1,0.7857436292602146
0,0,0.20825518692154352
0,1,0.7723072261330722
1,1,0.6392098470465176
1,1,0.7660021712286282
1,1,0.6295433416369257
1,1,0.654209223268125
1,0,0.49641314949192417
1,1,0.7544526626736043
1,1,0.7986192481506011
1,1,0.8139878813445272
1,1,0.5006519156279766
1,1,0.5775377987423528
1,1,0.7350754186077694
1,1,0.8832459746299626
1,1,0.8448952488899321
1,1,0.5358316112516378
1,0,0.4650977869484565
1,1,0.8338634896831737
1,1,0.824103258481072
0,1,0.5165349345460787
1,1,0.8645270836338294
1,1,0.859174691657596
1,0,0.19849926898749568
1,1,0.8010360302781406
1,1,0.5960090129403846
1,1,0.7851692112744189
1,1,0.8481651182607378
1,1,0.5256793305514463
1,1,0.8424713613501912
1,0,0.44237603175905527
1,0,0.4492858721875781
1,1,0.7670248978024993
1,1,0.5026119803410402
1,1,0.7462086192138576
1,1,0.8240383000371965
1,1,0.7769961342080385
0,1,0.7204463430411165
1,0,0.2853809054431233
1,1,0.8780527246124795
1,0,0.3956578766042591
0,1,0.7094747227752066
1,1,0.8277200952287567
1,1,0.5052163877285238
1,1,0.7369952494291887
1,1,0.852682648576026
1,1,0.582320791177436
1,1,0.7319288720443455
1,1,0.5769530170014361
1,1,0.8487100617859484
1,0,0.4844791566822696
1,1,0.8354137270344504
1,1,0.6372517011656033
1,1,0.6876010996208394
1,1,0.7645846420501748
1,1,0.6085262863448896
0,0,0.001069163018403337
1,1,0.5278257821537343
1,1,0.7455315524093261
1,1,0.8468438972271313
1,1,0.8135604728492316
1,1,0.6945216411729851
1,1,0.8008594241904964
1,0,0.20576155484733333
1,1,0.6272636097696835
1,1,0.7514537958243352
1,1,0.5542110071806855
1,1,0.8352284509850235
1,1,0.7428044924060436
1,1,0.7368072411035322
1,0,0.3781499861237335
1,0,0.3795409374416749
1,1,0.6886675377358255
1,1,0.71548737690085
1,1,0.7614528247589475
1,1,0.8370958663121756
0,1,0.5435223170103561
1,1,0.8640063047212762
1,1,0.7802960026736051
1,1,0.6316602665046878
1,1,0.8261139936797732
0,1,0.7085396964601126
1,0,0.3782085020950425
1,1,0.7037944827166802
1,1,0.8048901887094354
1,0,0.19026613911338724
1,1,0.8202553120545094
1,1,0.7131648395935829
1,1,0.7702800538098523
1,1,0.8470388434953563
1,1,0.719744944808013
1,1,0.6026954417529324
1,1,0.7551774482595738
1,0,0.48395468511683043
1,1,0.8267421761072588
1,1,0.569407202003416
0,0,0.3929724466252031
1,1,0.5301168202742539
1,1,0.5815642988489402
1,1,0.7102030041376187
1,1,0.7292543345808646
1,1,0.7590948517318412
1,1,0.8564652329374507
1,0,0.36467970160226243
1,1,0.798709670344571
1,1,0.7781515166757242
1,0,0.3966077150959469
1,1,0.8372775439765807
1,1,0.6592400316773416
1,1,0.5652783105029947
1,1,0.7154466622448024
1,1,0.5133044384851881
1,0,0.4656237581791724
1,1,0.7390501626476379
1,1,0.8039498748550311
1,1,0.8605356957547138
1,1,0.7944358465986192
0,1,0.8821434153001042
0,0,0.4298775562870007
1,0,0.19832854345922554
1,1,0.8466884194540628
1,1,0.5392294465803726
1,1,0.7710676758718458
1,0,0.3600041206731553
1,1,0.6141181273161681
1,0,0.47379208850901755
1,1,0.8421191344270027
1,0,0.4077126842856203
1,1,0.5534587553461124
1,0,0.2220446795593796
1,0,0.37489560852845866
1,1,0.8246727500818485
1,1,0.8255684190044875
1,1,0.7402056784152591
1,1,0.7024996415889978
1,1,0.5661629232660756
1,0,0.33912972253454005
1,0,0.24876424058894764
1,1,0.7021622515717173
1,0,0.2709069058887053
1,0,0.4305700084522551
1,0,0.15680726376367107
1,0,0.4806032365181768
1,1,0.8246420447676479
1,1,0.6736600050681718
1,1,0.691699381461508
1,1,0.8543549997377519
1,1,0.7145351886429202
1,1,0.8400796984202203
1,1,0.562080250425761
1,1,0.6449666232520307
1,1,0.7301465289696002
1,1,0.8317006045634302
1,0,0.40749845469175744
1,1,0.6193760162492618
1,0,0.1924522586387369
1,1,0.7487802484646532
1,1,0.867723637036733
1,1,0.6484709217660276
1,1,0.7975998208433139
1,1,0.6036442208688878
1,0,0.2090875990255358
1,0,0.4710480119448509
1,1,0.6677041586772662
1,0,0.3585914358134988
1,1,0.8848678635954192
0,0,0.07970123515037061
1,1,0.8320876402166688
1,1,0.643952906954221
1,1,0.8151257245404703
1,1,0.5648317865547765
1,1,0.5232708592514513
1,1,0.8138089330052748
1,0,0.4222738403584976
0,1,0.5225634699872995
1,0,0.39936684671968514
1,1,0.7039890765664868
1,1,0.5239681050282777
1,0,0.2910854979575525
1,1,0.7749970180439532
1,0,0.4740564538853019
1,1,0.7155361064556792
1,1,0.757631414387501
1,1,0.5468104356432427
1,1,0.876859013742238
1,1,0.8948450256266656
1,0,0.31517913822480137
1,1,0.7483660920639487
1,1,0.8354830787012706
1,0,0.45352169717386603
1,1,0.9184860399001583
1,1,0.6908775655398155
1,0,0.3922509209180229
1,1,0.8871880865013915
1,1,0.8744547238081081
1,1,0.8410179349043442
0,1,0.6083147445516335
1,1,0.683170090715869
1,1,0.5658840253652985
1,1,0.709545833886954
1,0,0.08939719282066069
1,1,0.8338522053019775
1,1,0.8300797661446623
1,1,0.8585678129753883
1,0,0.15493712054669884
1,0,0.3559428797052343
1,1,0.5067432465901083
1,1,0.8025551375093759
1,1,0.8637978031274577
1,1,0.8419047264641174
1,0,0.3051484246382824
1,1,0.5867236973501974
1,1,0.8737158340168224
1,1,0.6214149541922825
1,1,0.7824284975680542
1,1,0.7511368120207831
1,0,0.44887182448440355
1,1,0.6397405753792919
1,0,0.4693462714930307
1,1,0.766737333134475
0,0,0.25859035812839043
1,1,0.7323419932591876
1,1,0.538180569693171
1,1,0.8343865716781165
1,1,0.6400179684293015
1,1,0.6867538801127108
0,0,0.24083364053992223
1,1,0.7636255033066505
1,1,0.6284519438066174
1,1,0.8006677340280275
1,1,0.6016201147162472
1,1,0.7305995968550574
1,1,0.7326563274135837
1,1,0.8474572157896135
1,1,0.818045471575583
1,1,0.7330629398952873
1,1,0.645458556160595
1,1,0.8472272859266368
1,1,0.7516885606312371
0,0,0.27010462091651205
1,1,0.6163552660532992
1,1,0.5778624056428445
1,1,0.826963715974619
1,1,0.5541499419323217
1,1,0.8344045020164558
1,1,0.6555504857350456
1,0,0.28161495257538544
0,0,0.28650531524771655
1,0,0.39798579529400474
0,0,0.20421785632008735
1,1,0.707506825522291
1,1,0.7942713566153837
1,1,0.8814100618093971
1,1,0.653304686078028
1,1,0.8233067125394837
1,1,0.5763665312772185
0,0,0.2560350143526439
1,1,0.5175881704571873
1,1,0.8609765396025575
1,1,0.7003536655250147
0,0,0.3697940487930774
1,1,0.7836826164178171
1,1,0.5461072117218513
1,1,0.8717326347856332
1,1,0.6059544812284682
1,1,0.5635575727673923
1,0,0.057808871735858317
1,1,0.7418737445377306
1,1,0.8020968627214868
1,1,0.7223798292257543
1,0,0.48471804592072615
1,1,0.81421082979531
1,1,0.8649971292570158
1,1,0.6572413552504098
1,1,0.5713442528002068
1,1,0.7076811137518207
1,1,0.7941715453966289
1,1,0.7713400905554987
0,0,0.049408313286944144
1,0,0.4811719607526099
1,1,0.6265666115840306
1,1,0.7953225146760726
1,1,0.7910444663165402
1,1,0.8652632875594904
1,1,0.7083610781634923
1,1,0.8123449394459803
1,0,0.4888702000594421
1,1,0.7083430488829578
1,1,0.6394644172624213
1,0,0.4262035693128846
1,1,0.792262367288062
0,0,0.004982633286313304
1,1,0.8299466534821366
1,0,0.21843622705030544
1,0,0.36478787884130565
1,1,0.6016803082060224
1,1,0.5238992053605763
1,0,0.3278532322551643
0,0,0.21748870366244194
1,1,0.7720260981402641
1,1,0.8916652147326534
1,1,0.8781574007333056
1,1,0.8008729159066665
1,1,0.8348775536778834
1,1,0.7701891692511178
1,1,0.7234425687131637
1,0,0.391271904893091
1,1,0.5819838030348115
1,0,0.11230657695285023
1,1,0.9234552839612689
1,1,0.8608858482405582
1,1,0.7943222664357025
1,1,0.8140553635460335
1,1,0.7986590152934295
1,1,0.8463660772489231
1,1,0.5756040412872828
1,1,0.8122582399666124
1,1,0.5406513001232947
1,0,0.40176112766803007
1,0,0.3595963371191828
1,0,0.4878817208087424
1,1,0.7215714469738727
1,0,0.0947226714289468
1,0,0.238064729313966
1,1,0.7677843075734743
1,0,0.1098437752136927
1,1,0.8448103757530344
1,0,0.45677131761210205
1,1,0.8019229709175592
1,1,0.8208729619639021
1,1,0.8076774766615255
1,0,0.4547146750358214
1,1,0.816579818262957
1,1,0.6990335138266557
1,0,0.47243169602524676
1,1,0.5247176712363735
1,1,0.8586552236340789
1,0,0.23354007281774047
1,1,0.6457897900212257
1,1,0.8718193336972352
1,1,0.6066023176655035
1,1,0.7942373586594071
1,1,0.8681547132607329
1,1,0.8290877393427722
1,1,0.7460197818957686
1,1,0.7840830894491333
1,0,0.15382941900784436
1,0,0.46486224885947824
1,1,0.522267557355438
1,1,0.762584773520661
0,1,0.8048058053549982
1,1,0.6637111745859003
1,1,0.7098302281462745
1,1,0.8214175861558999
1,1,0.8215841109226916
1,1,0.8123087102338434
1,1,0.6937095125066391
1,1,0.795516832700891
1,1,0.7942851686435817
1,1,0.8740163726633398
1,1,0.7016981483607412
1,1,0.7681062088147576
1,1,0.685672615577605
1,1,0.7747544130909171
1,1,0.6068083607711129
1,1,0.8506610729683665
1,1,0.8309997364583941
1,1,0.7913091396410953
0,0,0.06591329604060572
0,1,0.7228304415277073
1,1,0.7914807457895267
1,1,0.7911212043941827
1,1,0.5417499313493792
1,1,0.8131532854588928
1,1,0.776377202209477
1,0,0.28946693787688543
1,1,0.8358102722161144
0,0,0.17524360885535478
1,0,0.2842374904774192
1,0,0.28575462010389474
1,1,0.8228570369637451
1,1,0.8259355060846462
0,0,0.04181852873295591
1,1,0.6665087859812268
1,0,0.1190395371798927
1,0,0.4795098154057465
1,0,0.03918660615259632
1,1,0.7088010824486657
1,1,0.7653674621324101
1,1,0.564560762933413
1,1,0.7968670627203345
1,1,0.6371367812406507
1,0,0.00023252153965512543
1,1,0.6931072656874652
1,1,0.8331316961199045
1,1,0.8524343447155038
1,1,0.8778084487784152
1,1,0.7818587396525277
1,1,0.8958642221676495
1,1,0.8865952128612158
1,1,0.7901099377623315
1,1,0.7882081959219615
1,1,0.7176959760986322
1,1,0.6867925596418573
1,1,0.7873427339627593
1,0,0.12721772718110394
1,1,0.8528234730617766
1,1,0.6351944439156556
1,1,0.786429297468733
0,0,0.48226601262411645
0,0,0.13221426598263278
1,1,0.7522142646619565
1,0,0.4298123260101464
1,1,0.6644492070099649
1,1,0.731821360495474
1,1,0.7509633860968474
1,1,0.6165488508037077
1,1,0.554125716667263
1,1,0.8290217451989736
1,1,0.7906015904333881
1,1,0.7723206110057742
1,0,0.3471283644032403
1,1,0.5520278022326941
1,1,0.5241421882043893
1,0,0.4848573774560919
1,1,0.8096425550526867
1,0,0.318446944627761
1,0,0.3096395964989761
1,1,0.6367688949713882
1,1,0.8565907224377776
1,0,0.422801507888394
1,1,0.8122021912493589
1,0,0.08727665390584667
1,1,0.8441307058902079
1,0,0.47006793469062297
1,1,0.6151921937931263
1,0,0.3270104996192541
1,0,0.25693807875597285
1,1,0.8119992975007274
1,0,0.48568618243774253
1,1,0.7369059156195411
1,1,0.6910422443366607
1,1,0.8683480854599142
1,1,0.8493145274455225
0,1,0.6710799244387259
1,1,0.7780363312092856
1,1,0.7164199962484588
1,1,0.8787668134652771
1,1,0.8420735285705171
1,0,0.2815715759072701
1,1,0.7158328780473224
1,1,0.7740521475470574
1,0,0.420661424732986
1,1,0.8686358869031134
1,1,0.7987554011373231
1,1,0.6903113256888105
1,0,0.46449235197540434
1,0,0.47281213294280666
1,0,0.4741204899655228
1,0,0.4101262560707156
1,1,0.7549078073812325
1,1,0.818813220982613
1,1,0.824420112804089
1,0,0.13117419778387632
1,1,0.5715425253937636
1,0,0.4142179306011481
1,0,0.48142798898381944
1,1,0.5212290898135513
1,1,0.8309892652486011
1,1,0.6837305453143512
1,1,0.6750198220700513
1,1,0.826200223923067
1,0,0.41771384966624464
1,1,0.6299583109012604
1,1,0.7193965692323393
1,1,0.82499471251632
1,1,0.597023756496437
1,1,0.5034007580984097
1,1,0.7464607500780006
1,0,0.4475896410023017
1,1,0.7150708865627934
0,1,0.6323513479070586
1,0,0.4084807632500855
1,1,0.7740211087552987
1,1,0.7942547196795801
1,1,0.8973972368530851
1,1,0.7475224584166339
1,0,0.32047656360739996
1,1,0.7883057452372509
1,1,0.7429385309854813
1,1,0.6905186683685061
1,1,0.7748026655427993
1,1,0.7976065084862984
1,0,0.4670023812320213
1,1,0.7310899680162843
1,1,0.716881613999833
1,1,0.8565300445297777
1,0,0.4830201051819575
1,1,0.7934597901088347
1,1,0.8659865339939442
1,1,0.7640495286069834
1,1,0.5841218994348141
1,1,0.5062557035382109
1,1,0.8465513210418459
1,1,0.7575125622896764
1,1,0.7945546985595453
0,1,0.7017580365670131
1,1,0.8252176541369125
1,1,0.5129361760477709
1,0,0.41442197574849676
1,1,0.7669785077952478
1,1,0.5902732855551206
0,1,0.540100261862624
0,0,0.3540886688367441
1,1,0.529084157715087
1,0,0.1272839241438233
1,1,0.8526306572165078
1,1,0.5441985027809783
1,1,0.7554517927962021
1,0,0.30585033114520127
1,1,0.7927879659307414
1,1,0.8474621679438324
0,1,0.7359788243115714
1,1,0.8313686561289835
1,0,0.38405427933173336
1,1,0.7968902663889863
1,0,0.4086071140143465
1,0,0.3446827108714166
1,1,0.5952751998148655
1,1,0.5908277454870421
1,1,0.7387984939947917
1,1,0.7204978495028918
1,0,0.16265721039063435
1,1,0.8112342891548738
1,1,0.7439583344842801
0,0,0.10884674467934191
1,1,0.7236818516767812
1,0,0.20594165413355123
1,1,0.8395347750519186
1,1,0.769183943896039
1,1,0.8774879975457548
1,1,0.549372256718161
1,1,0.8372157564504872
1,1,0.8849036126261435
1,0,0.49238787868162615
1,0,0.16963507916849274
1,1,0.7128246042976891
1,1,0.7676927151684639
1,0,0.4806452190342277
1,1,0.7076885558339573
1,0,0.27785294351431966
1,1,0.6413075589483823
1,0,0.2937768458458553
1,1,0.8254753339718979
1,1,0.7141336178063719
1,0,0.3314417331573443
1,1,0.6789131786875432
1,1,0.5906451701590627
1,1,0.7728064234148735
1,0,0.4613222886536808
1,1,0.8214479013872342
1,1,0.7997008538099653
0,1,0.8957706789077112
1,1,0.8625754431795618
0,0,0.04773870353342584
1,0,0.22511059738043934
1,1,0.8328011529944832
1,1,0.6303356654176384
1,0,0.30354757348396344
1,0,0.013526512760303137
0,0,0.1564805204104302
1,1,0.7399284115889802
1,1,0.7284953799477915
1,0,0.4159409919035583
1,1,0.676296247959604
1,1,0.7476974435560397
1,1,0.7087770172765712
1,0,0.011609864584350128
1,1,0.8470768806929831
1,0,0.32614040978170183
1,1,0.8524134522241403
1,0,0.40234790204829746
1,1,0.6509645611345237
1,0,0.2740669448091568
1,1,0.8457051528506704
1,0,0.49658209383634266
1,0,0.46471912445435926
1,0,0.17274250129071628
1,1,0.7894252183068008
1,1,0.5525440551287796
1,1,0.5390390570418985
1,1,0.7965848510592384
1,1,0.6058265886462505
1,1,0.8826417908444435
1,0,0.26524367754997824
1,0,0.398907837342105
1,1,0.6189114730645623
0,0,0.00018504135862531276
1,1,0.501752041139597
1,0,0.2782771084566765
1,1,0.6944585105699824
1,1,0.7019854036629515
1,1,0.8534916107892466
1,0,0.4538553698454441
1,1,0.5086836807547632
1,0,0.4817907341210933
1,1,0.5309714346043504
1,1,0.7346759876970121
1,1,0.7593553108319928
1,1,0.8368218503130413
1,1,0.7388328630143375
1,1,0.7005675330498891
1,1,0.8663059691164539
1,1,0.8354582694322912
1,1,0.8689949856491317
1,1,0.7741167009463225
1,1,0.6148898088930543
1,0,0.2965631519387167
1,1,0.5821276858410988
1,1,0.7811174550213584
1,1,0.5805502564576521
1,1,0.8004005405361827
1,0,0.2681419441930044
1,1,0.5817012571278815
1,1,0.7962508900464912
1,1,0.5621174244436488
1,1,0.8595266028270723
0,0,0.001952712359631013
1,1,0.6859512723633534
1,1,0.8196510426402718
1,1,0.7228065048242923
1,1,0.8581916783435383
1,1,0.8324901289716659
1,1,0.7548843431814434
1,1,0.6542040984872227
1,1,0.9204201506675911
1,1,0.732574890751748
1,1,0.8842590692645886
1,1,0.7187645000295365
1,1,0.8273819806154854
1,1,0.8971251115731478
1,1,0.6421635771114987
1,1,0.6933606124860159
1,0,0.4044304864546851
1,1,0.7900233895085118
1,1,0.8167313593423227
1,0,0.4697435222504918
1,1,0.5531244250884163
1,1,0.8628746933984863
1,1,0.5725873032729022
1,1,0.6731646081326623
1,1,0.7624441137311485
1,0,0.37560435398077835
1,1,0.5854574629279236
1,1,0.8866668324477636
1,1,0.5927366783488952
1,1,0.8619257341303505
1,1,0.5644303526475221
1,1,0.5499564492299025
1,1,0.737101285691391
1,1,0.6626758862549986
1,0,0.4227335669629665
0,1,0.706857196680036
1,1,0.5869417487521936
1,1,0.8938979720798146
1,1,0.9025239747305026
1,1,0.6953714516201331
1,1,0.6324265770276449
1,1,0.6518050132847972
1,0,0.49328072864152467
1,1,0.7839365060873417
1,1,0.7360609961359338
1,1,0.8482691226872836
1,1,0.7718557626190109
1,1,0.8426201788216898
1,1,0.6174551747553022
1,0,0.22412246046343345
1,1,0.864213092175896
1,1,0.7268409779530538
1,0,0.32629028593761633
1,1,0.8984050986992975
1,0,0.4087866131440845
1,1,0.7987815571694585
1,1,0.7956144240642539
1,1,0.7299476036482022
1,1,0.8505005145099314
1,0,0.32345514850896906
1,1,0.7680923222808961
1,1,0.7368479617739276
1,0,0.09848966931910084
1,1,0.6771626651303508
1,1,0.8429398537667511
1,1,0.6215217415048497
1,1,0.7442987208927341
1,1,0.8635798715876168
1,1,0.8475272022363985
1,1,0.789448132346136
1,1,0.8158403544563307
1,1,0.7463925632952938
1,1,0.8450359326449675
1,1,0.6954804314453016
1,0,0.3731442774582163
1,1,0.7961627789560869
1,0,0.49967239694721743
1,1,0.6260217679636231
1,1,0.8416342100485223
1,1,0.7747684310033542
1,1,0.8082222984253161
1,1,0.7091215469014305
1,1,0.8493755916523482
1,0,0.03431863130547975
1,1,0.5161077839328316
1,1,0.6424012419751414
1,1,0.720269481145793
1,0,0.45056484716674
1,1,0.6803025122969759
1,0,0.4715118017191995
1,1,0.8390775299834098
1,1,0.8811961800186864
1,0,0.3060814258019824
1,1,0.8843263306916597
1,1,0.7075335639240801
1,1,0.7714185541605977
1,1,0.9028512473570455
1,0,0.271409953318446
1,0,0.45122950036641263
1,1,0.6593719880263638
1,1,0.8913216851688662
1,0,0.31651609378465795
1,0,0.1640899087976913
1,0,0.2850124071207815
1,0,0.39975340773005685
1,1,0.7817020997558398
1,1,0.7319758907641382
1,1,0.8835775307834309
1,1,0.6891882744853476
1,1,0.5427950441358006
1,1,0.8235959770449621
0,1,0.6890551906520466
1,1,0.7004018115880799
1,0,0.43016082746178036
1,1,0.7880530054397552
1,0,0.21180504757307217
1,0,0.4040474544158838
1,1,0.6931432383117414
1,1,0.7994418125348837
1,1,0.6463373916220041
1,1,0.8605464727018449
1,1,0.7353873899570126
1,1,0.7657152963231039
1,0,0.4947072318523748
1,1,0.8410789763143729
1,1,0.7525371354378375
1,1,0.8138723042659406
1,1,0.6865478190180416
1,0,0.10644754312246801
0,0,0.30970094674323173
1,0,0.3511108418667882
1,1,0.5100865529173246
1,1,0.5030700182394481
1,1,0.7772113555951359
0,0,0.003922953640351649
1,1,0.7370601986048836
1,1,0.8119192678473823
1,1,0.6083651778818226
1,0,0.21453777118357997
1,1,0.562395318803168
1,1,0.839159223064324
1,1,0.8590734471680216
1,1,0.8418038908771915
1,0,0.3481920816266363
1,1,0.8302566825901184
1,1,0.6964779024573429
1,1,0.8537072079806727
1,0,0.42479473889870706
1,0,0.497562656972117
1,1,0.8583492254720445
1,0,0.1695526785241749
1,1,0.7007291208258698
1,1,0.7755694147959683
1,1,0.8946310055635008
0,0,0.4193366863140518
1,0,0.4886684782320916
1,1,0.7635176170660174
1,1,0.8420033887866738
1,1,0.722358459787255
1,1,0.8799051387447212
1,0,0.2665775122299912
1,0,0.43801702984918767
1,1,0.8913425073756351
1,1,0.8040158124847073
1,1,0.7435868618718816
1,1,0.8145247869304084
1,1,0.581867359282131
1,0,0.2680252596962741
1,1,0.6387951390787896
1,1,0.7588702675883817
1,1,0.8205034086794829
1,1,0.8623694398350961
1,1,0.6715184248659262
1,1,0.810776302683716
1,0,0.38805273808003254
1,1,0.7620361117804242
1,1,0.8760834191559967
1,1,0.8084596638502834
1,1,0.5992738888665381
1,1,0.8181614665861565
1,1,0.5479720433030856
1,1,0.6367653650526145
1,1,0.7889436286097541
1,1,0.7559365314292721
1,1,0.8173812940756391
1,0,0.45279057932629124
1,0,0.453865102410046
1,1,0.5798716422273116
1,0,0.4881649319475659
1,1,0.6820711668289962
1,0,0.24108865126857665
1,1,0.7909171579468652
1,1,0.7790072857156772
1,1,0.6128802965900417
1,1,0.7068903522733138
1,1,0.8150369100368468
1,1,0.6773209888097184
1,1,0.6090770753000769
1,1,0.7987283932171892
1,1,0.8069744614390932
1,1,0.7566623455200194
1,1,0.5701349605676574
1,1,0.6069337600504762
1,1,0.8270563454468273
1,1,0.8604401108364816
0,1,0.8427150712932685
1,1,0.7891768254371396
1,0,0.17908543522384113
1,1,0.5540814411145578
1,1,0.6976759738747359
1,1,0.7961577005240383
1,1,0.7360651939514288
1,1,0.7654498536160098
1,1,0.8853422749050974
1,1,0.756997547462362
1,1,0.8023167501727474
1,0,0.4121794841840573
0,0,0.3630831966687055
1,1,0.8785400682955967
1,1,0.8215562297281342
1,0,0.1635010544696477
1,1,0.8836286237707195
1,1,0.8756931266673671
1,0,0.44538249796857415
1,1,0.8315278935561049
1,1,0.8952556170413756
1,1,0.8388144931571676
1,1,0.8972618261234626
1,1,0.6626417011821395
1,1,0.7031731718579842
0,0,0.1820750443551507
0,0,0.3875741034837847
1,1,0.6429355144132226
1,1,0.8091960038033232
1,1,0.8291306008818801
1,0,0.34389628324296234
1,1,0.8229904929443499
1,0,0.32454299817578947
1,1,0.7291222733842629
1,1,0.8692178034437997
1,0,0.3937428302604326
1,1,0.6612108819623563
1,1,0.559164881331684
1,1,0.7565673843662135
0,0,0.47035926383614546
1,1,0.7075201993848789
1,1,0.7926968607083945
1,1,0.7956127768424325
1,1,0.8120326610345282
1,1,0.5569038291963829
1,1,0.6151576400327418
1,1,0.8233488967168671
1,0,0.008543222074265075
1,1,0.762563738675534
1,0,0.20959226461439973
1,1,0.8079504254006367
1,0,0.11758646288057109
1,1,0.8816342559102601
1,1,0.6187750476916395
0,0,0.2172198076041974
1,0,0.43025724479803157
1,0,0.3785266285940562
1,1,0.6425580327444411
0,0,0.0010875044543311508
1,0,0.4128919173568574
1,1,0.6350933749406071
1,1,0.9018178384522689
1,1,0.8410988603267108
1,1,0.7845667897055356
1,1,0.7718290787655613
1,1,0.6415816662680793
1,1,0.7654506147467934
1,0,0.36620662972872003
1,1,0.7843894073911724
1,1,0.6747700606924216
1,0,0.18534275008215223
1,1,0.8413167430138013
1,0,0.18425823639241518
1,1,0.6859996207830571
0,0,0.4938829076480985
1,1,0.7723440491727501
1,0,0.44712205003047134
1,1,0.734935189873392
1,1,0.8349100824645302
1,1,0.7608989244782886
1,1,0.5480311235491069
1,0,0.22319094397750283
1,1,0.8333667077349314
1,1,0.780245889016912
1,1,0.7789976724394055
1,0,0.35480085195094435
1,1,0.8204321888315871
1,1,0.7538697598237211
1,1,0.5073584645294558
1,1,0.802704876331675
1,0,0.18420060810044905
1,1,0.7881978989502094
0,0,0.43223643497968994
0,0,0.39987407828319393
1,1,0.5076123243427438
1,1,0.8372921066667671
0,1,0.5978354278577319
1,1,0.7838800300377766
1,0,0.2005530484040165
1,1,0.5460565439992341
0,0,0.3923695535869196
1,1,0.8244768248209187
1,1,0.8583478972372913
1,0,0.1656026536782763
1,1,0.5135378131177917
1,1,0.7081265403130218
1,1,0.8274541687615341
0,0,0.028932094339870092
1,1,0.8451837383565375
1,1,0.5833700117984942
1,1,0.7527103806076161
1,1,0.8283137792982489
0,0,0.3036243134746293
0,0,0.040438623635430784
1,0,0.36035909844884734
1,1,0.8117444809900836
1,1,0.5126095388729036
1,1,0.8045490197213859
1,1,0.8210053870008992
1,1,0.8776454935376389
1,0,0.3035130929173077
1,1,0.5658614777921165
1,1,0.8794619562989979
1,0,0.46983593351193165
1,1,0.7677708138377054
1,1,0.8113673963528552
1,1,0.7878662868267414
1,1,0.8414700996968986
1,1,0.750157708369805
1,1,0.8016421216422513
1,1,0.7206624320160024
1,0,0.469738802116
1,1,0.9040683292473985
0,1,0.829363919642275
1,1,0.7576895696877674
1,1,0.87075269123895
1,1,0.8699540933938673
0,0,0.003054221251627909
1,1,0.8576474082817052
1,1,0.7169242753235636
1,1,0.7782694128368197
1,1,0.8487755732079806
1,1,0.8126966958455836
1,1,0.6012505280316568
1,1,0.8097919649606555
1,1,0.563476017201306
1,1,0.6633562474439694
1,1,0.8671259255529157
1,1,0.7696642523542058
1,0,0.43142291065815014
1,1,0.7671475593536388
1,1,0.674308042158209
1,1,0.6889374279210795
0,1,0.7142422764182804
1,1,0.6197675707464937
1,1,0.5179772733170754
1,1,0.755262560574717
1,1,0.6709099565131881
1,1,0.6093563331012863
1,0,0.21352237195509544
1,1,0.8771633078398651
1,0,0.3509841436748869
1,1,0.8288467333342295
1,0,0.4185820319688285
1,1,0.8086248199309749
1,1,0.6738187839847192
1,1,0.6280783369171958
1,1,0.8525541707368507
1,1,0.7233820961379372
1,1,0.6934651293021511
1,1,0.9163060924945872
1,0,0.3967092023051504
1,0,0.44790272435396505
1,1,0.8130268027720863
1,1,0.8189990036365782
1,1,0.6480521218786769
1,1,0.7896958926640236
1,0,0.1164732519237476
1,1,0.8486642589855667
1,1,0.8500707115358591
1,1,0.8139809046214794
1,1,0.7861037824588432
1,1,0.7297378076436194
1,0,0.49362686012115686
1,0,0.11787786829837514
1,1,0.9033411592483572
1,1,0.5009839479737935
1,1,0.8030333326079258
1,0,0.22070648813200447
1,0,0.33592359650366815
1,0,0.36752206538289117
1,1,0.6912143192534286
1,1,0.8530712140107091
1,1,0.8154395984659607
1,0,0.47140691177046173
1,0,0.4134211920519219
1,1,0.5108747148859374
1,0,0.2574744832680541
1,1,0.6987717642600368
1,1,0.6194072991443572
1,1,0.5933201364789996
1,1,0.7019116659425448
1,0,0.17775567176041016
1,1,0.7962020385177929
1,1,0.8577466903012314
0,0,0.2738863246640254
1,1,0.6530949853314705
1,1,0.5218661941856154
1,1,0.7716179530652981
1,1,0.8630969161311008
1,1,0.7227636409289383
1,1,0.7916777860742158
1,1,0.6946548512104022
1,1,0.6384079580216725
1,1,0.7700625165850901
1,0,0.4838237910495673
1,1,0.8195780000670022
1,0,0.38500310707011204
1,1,0.8335420781105479
1,1,0.6868534054244078
1,1,0.7663659432660935
1,1,0.5130754248387736
1,1,0.8548195334991022
1,1,0.842009371195392
1,1,0.7743942728138671
1,0,0.385467092234377
1,0,0.39618642724479686
1,1,0.837043407124344
1,1,0.8000512899825396
1,1,0.762411393455091
0,0,0.25188634960489276
0,1,0.6444851459398094
1,1,0.6954612866785281
1,1,0.7982376652310739
1,1,0.7145191263557275
1,1,0.647493274252654
0,1,0.9065370665975192
1,1,0.8920520020820556
1,1,0.8043380866537073
1,1,0.7165465443063068
1,1,0.7829812950274936
1,1,0.833283685712558
1,1,0.8140161102775731
1,0,0.2606751090940515
1,0,0.22781351462065885
1,1,0.7609863416199508
1,1,0.7824453619720243
1,1,0.8958045690417542
1,1,0.7872724504123312
1,1,0.6603023250204475
1,1,0.814839659778928
1,1,0.5591786320037663
1,1,0.8372601492599785
1,0,0.4388605663365288
1,1,0.7681012205655846
1,0,0.43841485243210526
1,1,0.7698445480959197
1,1,0.6605480172854316
1,1,0.5699977541299597
1,0,0.3543104355051109
1,1,0.8797583890347743
0,0,0.26156913255952696
1,1,0.835914213317502
1,1,0.6997761614161899
1,1,0.7322760641020071
1,1,0.8076474433461468
1,1,0.7673723831414542
1,0,0.4384130813659368
1,1,0.6632431016152696
1,0,0.2606837418444014
1,1,0.7540332264482337
1,0,0.47563113967960585
1,1,0.8107484298956682
1,1,0.7405775979823033
1,0,0.22842797046819757
1,1,0.8248616525788883
1,1,0.6738170299981341
1,1,0.7501151581615821
1,1,0.7625042307759302
1,1,0.701930495318675
1,0,0.3376309017869303
1,1,0.8613930406322912
1,1,0.7729137072106387
1,1,0.6013843489258134
1,1,0.6639353492457406
1,1,0.8086067958424723
1,1,0.8239388436698327
1,1,0.6152414684707694
1,1,0.8160201618437227
0,1,0.5571374413537932
0,1,0.634442006904514
0,0,0.31875530541668007
1,1,0.8082270898944317
1,1,0.8727929444470041
1,1,0.7240503187857745
1,0,0.3420470969064116
1,0,0.18989689623133893
1,0,0.2251629042633893
1,1,0.5805033246787953
1,1,0.7014984143318341
0,0,0.023953587438251947
1,1,0.6883424098044267
0,0,0.06538081661619537
1,1,0.868824354496205
1,1,0.8555553110025683
1,0,0.49716016701241716
0,1,0.7350741380502642
1,1,0.703070064041534
1,1,0.5689501910411594
1,1,0.7050354436085953
1,1,0.8655972147106763
1,1,0.867745246160533
1,0,0.08493398568623362
1,1,0.731924366048786
1,1,0.7926459868803741
1,1,0.8754173198436813
1,0,0.497616728712566
1,1,0.707252304426736
1,1,0.799212024959756
1,1,0.7878872700949262
1,1,0.8226614883851675
1,1,0.7856066152192076
1,1,0.812155257709275
1,1,0.8220342076802111
1,0,0.49973157931571743
1,0,0.4403153231718419
1,1,0.7664338673084103
1,0,0.39316448755614575
1,1,0.7394688758756978
1,1,0.7770715189932891
1,1,0.8025896480168315
0,0,0.11343791532086073
1,1,0.7022110810124437
1,0,0.4068283627076676
1,0,0.3491711976557723
1,1,0.7598075510728194
1,1,0.5909688306488752
0,0,0.3808958444126398
1,1,0.7576299420795265
1,1,0.7808860526517685
1,1,0.8200959047908974
1,1,0.7613636548220869
1,1,0.5970344724927564
1,1,0.8264961134346129
0,0,0.0035960169726677177
1,1,0.8120282867177743
0,0,0.14504568744131352
1,1,0.7817759501813759
1,1,0.5984935864698006
1,1,0.7455005832258021
1,1,0.8545515699493871
1,1,0.7607214779602393
0,0,0.4139292269413765
1,1,0.8040414245300178
1,0,0.3125857251309963
1,1,0.7858181798795255
1,1,0.6780303256724349
1,1,0.6699401683808922
1,1,0.5520242402975758
1,0,0.4951050148550815
1,1,0.8378085089137244
1,1,0.6718536166208077
1,1,0.7650786322008725
1,1,0.5042480853108289
1,1,0.6013914235854602
1,1,0.7849124811705465
1,1,0.7696737832948528
1,1,0.6650950908013205
1,1,0.5011316376417441
1,0,0.2472825309715507
1,0,0.07686899108005416
1,0,0.32867673249556395
1,1,0.8002044018982509
1,1,0.6924217995784385
1,1,0.8363435888574662
1,1,0.6953230244239897
1,0,0.42832522069089973
1,0,0.4896636114918222
1,1,0.8601540766575693
1,1,0.7992392307963097
1,0,0.18257761419522595
1,1,0.6568584274770327
1,1,0.8760369404668408
0,0,0.2825823509078873
1,1,0.8379129863555969
0,1,0.6890592171691623
1,0,0.35717415243747236
1,1,0.691362039308442
1,1,0.8128938960523878
1,1,0.670852045268773
1,1,0.8718263092270747
1,1,0.6446833075922925
0,1,0.5103950631621618
1,0,0.3765810759757838
1,1,0.8974870436239901
1,1,0.5103746570750612
1,0,0.4413308553595899
1,1,0.8661596085382509
1,0,0.4686166511760027
1,1,0.5391964680482755
1,0,0.03809464075842388
1,1,0.6500054892201544
1,1,0.5819047893052393
1,0,0.31690778722360663
1,1,0.6850169025650051
1,1,0.898808781503958
1,1,0.7878599826923784
1,0,0.44623449508505186
1,1,0.8213861350753351
1,1,0.658080339248995
1,1,0.8669668873935161
1,1,0.7965355711152186
1,1,0.5664788977693436
1,0,0.3487505734322416
1,1,0.8713898419873659
1,1,0.8120871765795677
1,0,0.24412718376350534
1,0,0.3199122560780154
0,1,0.5741053731471732
1,1,0.7248601137108848
1,1,0.6993015720745873
1,1,0.8006734241770955
1,0,0.43538169585598185
1,1,0.858270203823375
1,0,0.4903471073304053
1,1,0.7171593814222877
1,1,0.5919331964659748
1,1,0.6129111905028949
1,1,0.808234006003109
1,1,0.7352493324192791
1,1,0.729949300322274
1,1,0.5791629074295624
1,1,0.5600831339424095
1,0,0.4500810740268903
1,1,0.7835040234456571
1,1,0.7090991312661359
1,1,0.6416336561782374
1,0,0.3612610912452363
1,1,0.8206304258110383
1,1,0.6672350844825978
1,1,0.8047803298862761
1,1,0.5647657151964067
1,1,0.7872833890569072
1,1,0.5714906119609436
1,0,0.3033238363401162
1,1,0.5230765997878697
1,1,0.852885262148736
1,1,0.8206225224258332
1,1,0.8587347425902322
1,0,0.11633134407669482
1,1,0.8819417068780061
1,0,0.21029962067989907
1,1,0.7653715570752964
1,1,0.5646346856529585
1,0,0.42667219872501305
1,0,0.17015416973273706
1,1,0.8084625836613997
1,1,0.5827181800045905
1,0,0.21021481925698415
1,1,0.6763175886406976
1,1,0.8337541948514872
1,0,0.3096547947627952
1,1,0.6925512751607458
1,1,0.7276292340337128
1,1,0.8673445326196212
1,1,0.5412367080983205
1,1,0.5566416137474931
1,0,0.3670913185330398
1,1,0.5348060300559587
1,1,0.882402177357338
0,1,0.5060630798635312
1,1,0.9000332592005507
1,1,0.6240632091833919
1,1,0.7621758084119286
0,0,0.019514366905648343
0,0,0.28671557228275457
1,1,0.8135294896335185
1,1,0.6272999833696061
1,1,0.8245856847686202
1,1,0.8354986021979806
1,1,0.8659181268484646
1,1,0.7762818828354121
1,1,0.811966636000995
1,1,0.8131089799987796
0,0,0.27829711587646616
1,1,0.5123700760615779
1,1,0.7700975586750897
1,1,0.6805368705444851
1,1,0.7549440610169769
1,1,0.7419166899189514
1,1,0.7623613579276286
1,1,0.5213828783632525
0,0,0.2893218540529475
1,1,0.8187107385652796
1,1,0.8489709106799148
1,1,0.7291499789638399
1,1,0.7048720277097004
1,1,0.6927417689645387
1,1,0.8279524727841878
1,1,0.7940813924051978
1,1,0.7882192753659113
1,0,0.352373896649078
1,1,0.8815094273670033
1,1,0.7795010642136254
1,1,0.7093492603842037
1,0,0.0012582257383090647
1,1,0.7732560760685367
1,1,0.744309658763945
1,1,0.8008032862762039
1,0,0.3033981889043006
1,1,0.7865764882706652
1,1,0.8482551806348592
1,1,0.6941890272624145
1,1,0.5187495661938311
1,0,0.27455564960397255
1,1,0.9069103434835495
1,1,0.7541477073625804
1,1,0.7187587729314725
1,0,0.2635760406461878
1,1,0.7899209561456737
1,1,0.5063253003490321
1,1,0.8463861618819511
1,1,0.8693784340951765
1,1,0.81956556595476
1,1,0.7124271719135555
1,1,0.7745328359855852
1,1,0.8658614128577606
1,0,0.3639881456871919
1,1,0.883497338409673
1,1,0.7241996529926333
1,1,0.7373681111697022
1,0,0.12406022482100734
1,1,0.7639650675658531
1,1,0.8918534752116457
1,1,0.8494085727505646
1,1,0.8427538888516866
1,1,0.911503951338044
1,1,0.8186538148134415
1,1,0.7596647172874033
1,1,0.6252590662226357
0,0,0.24511569884442885
1,1,0.7889821084362038
1,1,0.5052845903259053
1,1,0.8261961797291967
1,1,0.7825378042100767
1,1,0.6958499232258686
1,1,0.8948806246105836
1,1,0.6348574245416624
1,1,0.7698456604256768
1,1,0.7557862558607916
1,1,0.6676609152591975
1,0,0.41433604608890695
1,1,0.6996715465378617
1,0,0.2556566157472131
1,0,0.47722419360873025
1,0,0.4695874663946153
1,1,0.8623747494385463
1,1,0.6180093708231791
0,0,0.0353059706593704
1,1,0.7551101880222597
1,0,0.14845856641398006
1,1,0.633946451480849
1,1,0.8060498165043465
1,1,0.8715418321462478
1,1,0.804570241456336
1,1,0.7797816027190526
1,1,0.7211492252805937
1,1,0.8361605644898256
1,1,0.7306623289239764
1,1,0.7982924323531126
1,1,0.8363892445385185
1,1,0.7348770385773495
1,1,0.8761534625847763
1,1,0.5483594860199071
1,1,0.7632000269993743
1,1,0.791060436112241
1,0,0.47394355098747176
1,1,0.8165067784730194
0,0,0.12949349562457216
1,0,0.35796524421275194
1,1,0.7669737298890811
1,1,0.8944901322499669
1,0,0.38644875592762234
1,0,0.2872640923118077
0,0,0.13740634530022955
1,1,0.7503065075404068
1,1,0.8948606345233817
1,0,0.18220763721591776
1,1,0.8452083395260147
1,1,0.8671027342924502
1,1,0.6297456155192369
1,0,0.44115621668566085
1,1,0.7817254901151021
1,0,0.3421551523574272
1,1,0.8326921165514398
0,0,0.0408983267117686
1,1,0.7284880006824107
1,1,0.7732927370903608
1,0,0.42953237366709385
0,1,0.7437682685232306
1,1,0.6995539315354705
1,1,0.6247119849677615
1,1,0.7824672003470076
1,1,0.741436413759527
0,0,0.2912832044412861
1,1,0.5867987845154394
1,1,0.7034456189991609
1,1,0.7283879807003723
1,0,0.41258578494016807
1,1,0.7401381878820501
1,1,0.6989143766277628
1,1,0.6974607961261201
1,1,0.7977190538408137
1,1,0.7921782521978207
1,1,0.5259586612284314
1,1,0.8698397774770507
1,1,0.8696717515364248
1,1,0.7544265238041525
1,1,0.766597133326915
1,0,0.35267514533294364
1,1,0.8787879333649793
1,1,0.7688426235614839
1,1,0.8296423148999956
1,0,0.06495800620568859
1,1,0.7669155849237699
0,1,0.7566506013661457
1,1,0.8293671815611576
1,1,0.8280222326817437
1,1,0.856409088550563
1,1,0.8175262662950776
1,1,0.8053946028498722
1,1,0.8801373604514052
1,1,0.863384909602997
1,1,0.8276384158539087
1,1,0.764999874341647
1,0,0.155694782330366
1,1,0.5610647170359077
1,1,0.8856844236682373
1,1,0.6877370464818524
1,1,0.7146806681409517
1,1,0.8913674978021634
1,1,0.7739064606448846
1,1,0.631350055356887
1,1,0.6141020449289244
1,1,0.6853540259066153
1,1,0.5941432334200627
1,1,0.8096979791571669
1,1,0.7502344354918913
1,1,0.8308442097974043
1,1,0.7661371744893708
1,1,0.8052979900482036
1,1,0.8496143833827305
1,1,0.6013867850605665
1,1,0.7799537836558723
1,1,0.8366526614408412
1,1,0.7988683174676707
1,1,0.630792360483391
1,0,0.30634038193246715
1,1,0.7250409240060041
1,1,0.5592943606435784
1,1,0.9107115358936273
1,1,0.8673659910464098
1,0,0.43023771226923835
1,1,0.9194132419298753
1,0,0.48704799200926646
1,1,0.8906331237116697
1,1,0.8223112476892064
1,1,0.5669408979574965
1,1,0.5262674346665969
1,0,0.4909555062431808
1,1,0.8930767350113082
1,1,0.8924075936061876
1,1,0.7893471065333288
1,1,0.719941850401953
1,1,0.8940310281377476
1,1,0.8471911150832729
1,0,0.4907617922836351
1,1,0.5718077011191153
1,1,0.552889436432716
1,1,0.651194083663567
1,1,0.7902260764567871
1,1,0.751044902229358
1,1,0.8097750003332808
1,0,0.4668501841068318
1,1,0.8786554291679091
1,1,0.7669465294004458
1,1,0.8019092101722317
0,0,0.24564929919420764
1,1,0.7821051556042756
0,0,0.251587667604876
1,0,0.19658876209970172
1,1,0.6479743751210174
1,0,0.1214369966921991
1,1,0.6631733938509263
1,1,0.8991218775492742
1,1,0.7682340127007742
1,1,0.503703045081411
1,1,0.8427573814928714
1,1,0.5978806480786352
1,1,0.868968611550131
1,1,0.8638636162819274
1,1,0.6966981616456374
1,1,0.8797760259382067
1,1,0.7393510781618587
0,1,0.5265890485651176
1,0,0.2723339312842907
0,0,0.2569464470704803
1,0,0.2052289319152219
1,1,0.5940320642026584
1,1,0.6885163794894011
1,1,0.629699448918845
1,1,0.6912699453336669
0,1,0.5657283760338283
1,1,0.5581212156981077
1,1,0.7644660078789827
1,0,0.3338446396944608
1,1,0.7468738418950431
1,1,0.5207938180332055
1,0,0.021684294035423133
1,1,0.7105354995266892
1,0,0.4659904659183044
1,0,0.4990515799592248
1,1,0.8499488070714936
1,1,0.8943184030842101
1,0,0.4215155389025345
1,1,0.9043357233310578
1,1,0.7233771592226749
1,1,0.8809444663113813
1,1,0.800180895942977
1,1,0.59980961156084
1,1,0.6824137152034717
1,1,0.783999772201374
1,0,0.3540117313389399
1,0,0.3566700721473773
1,0,0.3244682876292556
1,1,0.8033011525140303
1,1,0.7571285593025251
1,1,0.7997954715437658
1,1,0.8263095888343146
1,1,0.7831075144318642
1,0,0.3935716577707699
1,1,0.8882173562162238
1,1,0.6684872952997499
0,0,0.1777849301402415
1,1,0.7715137392762103
0,0,0.14970095635098948
1,1,0.76829986924095
1,1,0.5894154884525097
1,1,0.5664422090938337
1,1,0.8412170354099938
1,1,0.8813577097820063
1,1,0.7856547154700115
1,0,0.42747202231716197
1,1,0.7845980540333378
1,1,0.5532798796301209
1,1,0.6332379861442107
1,1,0.686765408851546
1,1,0.783480255847438
1,1,0.7213376273040866
1,0,0.38823159331113033
1,1,0.8058846207238121
1,1,0.6405341187596334
1,1,0.8407304029947988
1,1,0.5679312534149528
1,1,0.8562922153297556
0,1,0.7123572265234847
1,0,0.434411189850242
1,1,0.5682394727172099
1,1,0.8605775873247008
1,1,0.8078741488587123
1,1,0.5337984530494405
1,1,0.5243775926442737
1,0,0.4630215169553903
1,1,0.6603238352067529
1,1,0.815787069846397
1,1,0.7365726417325601
1,1,0.5948490535786257
1,1,0.8521641301781181
1,1,0.6001718735162672
1,1,0.9132725141502719
1,1,0.6909678996720909
1,1,0.7552964316743688
1,0,0.236607927172336
1,1,0.5841076537687258
1,1,0.7209490135278845
1,0,0.3525692058621137
0,0,0.43704255673811676
1,1,0.8272359264666372
1,1,0.8601460390707016
1,1,0.5104622771180848
1,1,0.5941807346544014
1,1,0.8229695287252609
1,1,0.6021096041692215
1,1,0.8342820433613894
1,0,0.4080077018003112
1,1,0.6779861173081267
1,1,0.7919054440335612
1,1,0.848730556826912
1,1,0.7619494680787127
1,1,0.8077221078264735
1,1,0.7053324528782299
1,0,0.10460247967039472
1,1,0.8299128605911837
1,0,0.46753183055281516
1,0,0.37351220957266207
1,1,0.7970266138041338
1,0,0.14201114526457662
1,1,0.7677763356071532
1,1,0.7792659553851458
1,1,0.8136486272991359
1,1,0.8583915845927304
1,1,0.5917314987357891
1,0,0.11866471679320205
1,1,0.5531577611068091
1,1,0.7244348075930829
1,1,0.7886432238785985
1,0,0.026772596172489636
1,1,0.7845677845578923
1,1,0.838010368417379
1,0,0.45845367264114945
1,1,0.586762961716817
1,1,0.694191557855892
1,1,0.7532609161341464
1,1,0.666276462066744
1,1,0.8482626858278427
1,0,0.40964043150270796
1,1,0.8343915819799144
1,0,0.41506095501058476
1,1,0.8008067795923944
1,1,0.706706521189769
1,1,0.8375597894743656
1,1,0.8678781945120329
1,0,0.45952610090302115
1,1,0.8753967044330229
1,1,0.7403013281965344
1,1,0.6469518777012206
1,1,0.5900184976405117
1,1,0.8518028518148667
1,0,0.08786200334353333
1,0,0.3935020481603666
1,1,0.597174321531943
1,0,0.19556911203212438
1,1,0.7927132555167117
1,1,0.8284993219187615
1,1,0.7692392348515298
1,1,0.5752234517680298
1,1,0.8365348649498543
1,1,0.5235198209031894
1,1,0.6398594496740757
1,1,0.613477934966916
1,1,0.6173353791299595
1,1,0.7300183610314377
1,1,0.5077305738275627
1,1,0.5135817356426006
1,1,0.8274327586509955
1,1,0.9010889936484908
1,1,0.8557663401775347
1,0,0.29228978413601187
1,1,0.6747392464355522
1,1,0.6649266011460412
1,1,0.8389024923176361
1,1,0.5198240416402831
1,1,0.8723083274643202
1,1,0.8741663472733971
1,1,0.7460640473402337
1,1,0.7600752937463972
1,1,0.8462329392458132
1,1,0.7674850845402056
1,0,0.4712137598448655
1,0,0.3703720361141122
1,1,0.7314727882380659
1,1,0.6529716719319247
1,1,0.7999860849976308
1,1,0.7734187121220307
1,1,0.7115517850829217
1,1,0.8099844886424648
1,1,0.8491755472755584
1,1,0.7482502172692008
1,0,0.3201094369302668
1,1,0.6387083777237803
1,0,0.4738309459706998
0,1,0.7718623898089992
1,1,0.8424671316656905
1,1,0.739866830815729
1,1,0.8304455030596865
1,1,0.6579236074663415
1,1,0.8068429942256352
1,1,0.7947165594387008
1,1,0.7851431433441441
1,1,0.770960948176061
1,1,0.8460164781457841
1,1,0.7315660838701705
1,1,0.8674242179698094
1,1,0.7169420249992968
1,0,0.45260841303517296
1,1,0.7491708128518743
1,0,0.21935545678219326
1,1,0.6203563095532689
1,1,0.6179472465894392
1,1,0.8584375204394926
1,1,0.547549071930542
1,0,0.45034294313027395
1,0,0.05347126695857732
1,1,0.8536495137412963
1,1,0.7659384691988848
1,1,0.5129213201464048
0,0,0.07101477065377909
1,1,0.8217425853391247
0,1,0.5534501460079887
0,0,0.007942216437715297
1,1,0.732822797942001
1,1,0.8074985605418211
0,1,0.6765080497254329
1,1,0.8971767423793012
1,1,0.7758647640221761
1,1,0.8691934272022123
1,1,0.7257521327425477
1,1,0.7761051759532311
1,1,0.7994836000550736
1,1,0.5748561664596957
1,0,0.2171072930657159
1,1,0.7080570484551407
1,0,0.488450375530674
1,1,0.5271652422074992
1,1,0.7457827116437676
1,1,0.6880315661076585
1,1,0.6857030526461206
1,1,0.7700324385177527
1,1,0.7780811344771081
1,0,0.3930053037200437
1,1,0.8032412079467516
1,1,0.7759405027356551
1,0,0.4490728974207476
1,1,0.7416622900552958
1,1,0.6843508250055533
1,1,0.8344773073682067
1,1,0.5216385576027881
1,1,0.8626032309940838
1,0,0.14128828938761934
1,0,0.3836811807903921
1,1,0.78336773806432
1,1,0.6986906154957445
1,1,0.8348313171618612
1,1,0.7519082909971072
0,0,0.0034433712336812863
0,0,0.4174515414563674
1,0,0.3558159734960037
1,1,0.7891057600385838
1,1,0.70685607501684
1,1,0.8705140757286299
1,0,0.39691439691858654
1,1,0.6189974225148286
1,1,0.8087121415516838
1,1,0.8207160324532146
1,0,0.39833318640335114
1,0,0.4024674401859451
1,1,0.829843859144059
0,0,0.40015383359934936
1,1,0.8672912112731391
0,0,0.4870699633514554
0,1,0.5423928082635207
1,1,0.8301600135145909
1,1,0.77874718438299
1,1,0.7713850636251918
1,1,0.8056960090851171
0,1,0.6605410307781494
1,1,0.7651678402173764
1,1,0.6614104823405396
1,1,0.7494216348014213
1,1,0.6725519288337167
1,1,0.8102251400430592
1,1,0.7063327245279108
1,1,0.7938818280499722
1,1,0.7147191839564405
1,0,0.03359790310628827
1,0,0.45006840980196655
1,1,0.7834856573133246
1,0,0.06792888631925023
1,0,0.35802649086339183
0,0,0.2648781525415702
1,1,0.8048650896344194
1,0,0.4986750907942426
1,1,0.7325704342997815
1,0,0.3198821428493626
1,0,0.17424504990222803
1,1,0.6403253148354461
1,1,0.6877850618981977
1,0,0.4884819563769725
1,1,0.6591861191175776
1,1,0.840576141355945
1,1,0.8010131568668138
1,1,0.5089216542654368
1,0,0.42831214668500955
1,1,0.8310891472243487
1,1,0.8063033111088947
1,1,0.8191233079479049
1,1,0.6638417895354615
1,1,0.602061866730187
1,1,0.5932702698994341
1,1,0.558983353197732
1,1,0.7540157136827766
1,1,0.6649924158449156
1,0,0.31023924536419956
1,1,0.8710707278199799
1,0,0.4504484153125477
1,1,0.7877064478947302
1,1,0.9139293827812291
1,1,0.8543309019663125
1,1,0.7011121176145302
1,1,0.7246040916519669
1,1,0.7541817737183437
1,1,0.8949574527793513
1,1,0.8116059708389268
0,0,0.0015367647609672906
1,1,0.7196871576815188
1,1,0.5296672259673613
1,1,0.7645291288657236
1,1,0.6019996593075535
1,1,0.8347709821725926
1,1,0.8275246452666034
1,0,0.04650731815766142
1,1,0.7588390479000041
1,1,0.7114328150168878
1,1,0.8561227071899944
1,1,0.6737597320496971
1,1,0.8098739739600748
1,1,0.8824127706902705
1,0,0.2232909379476823
1,1,0.8976528433952077
1,0,0.4759830948639113
1,1,0.7953042643432714
1,1,0.8638463173166646
1,1,0.8121839351451093
1,1,0.803998619636095
1,0,0.48608456169574954
1,1,0.8611626708737927
1,1,0.785070334486831
1,1,0.8600826799600819
1,1,0.7436361922278452
1,1,0.7491329937238244
1,0,0.4329569843743437
1,0,0.43174716778291206
1,1,0.8299830688708519
1,1,0.9032527953696371
1,0,0.412669422459688
1,1,0.7680232198253528
1,0,0.3963996773363989
1,1,0.9036177229640635
1,0,0.09438930205151114
1,1,0.8105685008946563
1,1,0.6531733044219947
1,0,0.4055378433887235
1,1,0.5970036024038774
1,1,0.8448963009119802
1,0,0.36028221585995374
1,1,0.5214825501007991
1,1,0.6727969260772207
1,1,0.6763271921751581
1,1,0.8578010343866519
1,1,0.7951124430673611
1,1,0.8227778643976001
1,1,0.8613466003378722
1,1,0.7881278148210275
1,1,0.5271710893668412
1,1,0.7188530095461929
1,1,0.6533006991232296
1,0,0.2716837721245766
1,0,0.4365381680275581
1,0,0.4870972155892698
1,1,0.8757862038299717
1,1,0.8188500030635744
1,1,0.9269188832483836
1,0,0.32953316518501213
1,1,0.5709659126450292
0,1,0.5585330787249471
1,1,0.8519345919032159
1,0,0.24117393720494712
1,1,0.7848116942277708
1,1,0.5867946291082294
1,0,0.49425243758685833
1,0,0.22565167041408465
1,1,0.887990098129508
1,1,0.8289087107424308
1,1,0.6958133762321834
1,0,0.3543471813737734
1,1,0.842496434236177
1,0,0.4637816534912128
1,1,0.816395302700223
1,1,0.8512476452518992
1,1,0.8969908813472582
0,0,0.027934593460722888
1,1,0.722646495659076
1,1,0.692638940046275
1,1,0.6167039941484863
1,1,0.8555901550492451
1,0,0.3314810202289213
1,1,0.8267103486887529
1,1,0.6824285475483416
1,1,0.8596485563797892
1,0,0.417470802644481
1,1,0.6750847982389334
1,1,0.8425394187518136
1,1,0.7022836221930379
1,1,0.5996668139981325
1,1,0.710309226859635
1,1,0.9119466184166107
1,1,0.5038398331570209
1,1,0.7054314522135715
0,0,0.03130386764464273
1,1,0.7705548708137044
1,0,0.08059051554752522
1,0,0.4307292605976449
1,0,0.4517944748631933
1,1,0.6496219399973465
0,1,0.5365651490894817
1,1,0.616386237659817
1,0,0.4020417501128893
1,1,0.7261683432223107
1,1,0.820344316540554
1,0,0.4188330377974433
1,1,0.7994029958643468
1,1,0.6688727567604531
1,1,0.8591705333460341
1,1,0.8373538996083867
1,1,0.5122150605417828
1,1,0.8788814347971138
1,1,0.7645025885657466
1,1,0.7207245585234874
1,1,0.7745366120311974
1,1,0.5148691410491523
1,1,0.817458751950882
1,0,0.49352401554145076
1,1,0.8098428818828461
1,1,0.8330125268616416
1,1,0.767590827016448
1,1,0.6478909787919904
1,1,0.791283304031364
0,0,0.10085199453375973
1,1,0.7857070663719439
1,1,0.8598830051720504
1,1,0.7393144611824515
1,0,0.27704775328552506
1,1,0.8484619955676723
1,0,0.4620845881304678
1,0,0.4001505755033336
1,1,0.6055555134543705
1,1,0.7705805236208977
1,1,0.6874296011502847
1,1,0.6694353234984382
1,1,0.8178090530170582
1,1,0.6374312489111047
1,1,0.5309298224316522
1,1,0.8134011779617433
1,1,0.5716855440515315
1,1,0.7192260126157771
1,0,0.2957926837186914
1,1,0.8243241928160336
1,1,0.8083323348327137
1,1,0.6612975583731251
1,1,0.8094614050380604
1,1,0.7076933665895466
1,1,0.7945917035215111
1,1,0.7644826281530762
1,1,0.6426349321459333
1,1,0.6015105333305816
1,1,0.699913940580631
1,0,0.4981918878010258
1,1,0.7624192580701213
1,1,0.7597801031118526
0,0,0.13224041795358657
1,1,0.657025604851743
1,1,0.6162582228104657
1,0,0.4110217106291465
1,1,0.8525756816235013
1,1,0.6693171810962253
1,1,0.770374153391035
1,1,0.5232588268058779
1,1,0.6186487575548701
1,1,0.637896331254923
1,1,0.52007738522588
1,1,0.7851699675268285
1,0,0.08418723469871373
1,1,0.5375123073922826
1,0,0.4046311726699454
1,1,0.6749146700297994
1,1,0.6440167832698543
1,0,0.484906377967327
1,1,0.7910553124623215
1,1,0.8117489485788884
1,1,0.7062013425357445
1,1,0.7863029396589193
1,0,0.43392414643896715
1,1,0.6756664363283439
1,1,0.708325780969433
1,1,0.7168604920882561
1,0,0.3773914399442563
1,1,0.8339627989194888
1,1,0.8566010923783539
1,1,0.7547615530495079
1,0,0.42042437225726054
1,1,0.658793577619618
1,0,0.30870271940120697
0,0,0.0030863517301859093
1,1,0.8083036804878436
1,0,0.44620008819022994
1,1,0.7984832204715717
1,1,0.5858940275610782
1,1,0.720794618431549
0,1,0.6449941555604196
1,1,0.7827931274932258
1,1,0.6629161503782189
1,0,0.4618255411963475
1,0,0.4788658492246681
1,1,0.8900273209039418
1,1,0.9172121550170481
1,1,0.517673589024748
1,0,0.43638097619880173
1,0,0.46901410663778803
1,1,0.7779754912584717
1,1,0.6205025579456847
1,1,0.7448952972314176
1,1,0.577730222477227
0,1,0.689331001017816
1,0,0.06858056904095679
1,0,0.39318276357442433
1,0,0.41487151335399325
1,1,0.7494362591270624
1,1,0.5517492203621168
1,0,0.4320919917107104
1,1,0.798695565161359
1,1,0.8721310251228271
1,1,0.7861354404508829
1,0,0.2934720307818693
1,1,0.6728196161789
1,1,0.8865535531787985
1,1,0.907549599711667
1,1,0.869949683456315
1,1,0.7488965992307848
1,1,0.856051678594603
1,1,0.7478202050142412
1,1,0.8864208101919389
1,1,0.6652021092672782
1,1,0.5542989211316534
1,1,0.8486081186450203
1,1,0.8933167985024562
1,0,0.30280275996985323
1,1,0.8043234259367683
1,1,0.7180788649201664
1,1,0.5009106044832206
1,1,0.7573148962974884
1,1,0.6912742249016475
1,1,0.5605047608739945
1,1,0.871569121458969
1,0,0.24219440745783363
1,1,0.8901918532729075
1,1,0.7716043515723469
1,1,0.6627769667624059
1,1,0.7108207673595567
1,1,0.8788655146467763
1,1,0.8429909130927683
1,1,0.625131936719681
1,1,0.8099859023818161
1,1,0.7601838859449469
1,1,0.5871734022922432
1,1,0.7855472672046011
1,0,0.4393486823687724
1,1,0.7253376197008374
1,1,0.6162086357894817
1,1,0.8521085551952143
1,1,0.5539754281160731
1,1,0.8668633847367005
0,0,0.15247441529668979
1,1,0.7490439031629671
1,1,0.8368133179002911
1,1,0.5955688796232087
1,0,0.4121382524839512
1,1,0.8242628944009942
1,0,0.16148956631112665
1,1,0.6808009556568758
1,1,0.6515944792492411
1,1,0.8924379026622363
1,1,0.6125842997382168
1,1,0.7595067306631099
1,0,0.3846536071493403
1,1,0.6987453242298876
1,1,0.7429350246067269
1,1,0.7206048008367572
1,1,0.8294531092815978
1,0,0.32948954655287527
1,1,0.8626812753828973
0,0,0.09248629006325491
1,1,0.6945237215744207
1,1,0.7958473733814629
1,0,0.47297458998154507
1,1,0.8645863610217868
1,1,0.5842704230625023
1,1,0.5136973429709787
1,1,0.7061640704806091
1,1,0.5102272215654499
1,1,0.7999379883413734
1,1,0.8194629307152317
1,1,0.779069446487505
1,1,0.8132286473666628
1,1,0.534497781025198
1,1,0.5735899863275536
1,1,0.805746731389212
1,1,0.7531517162826006
1,1,0.8256984417067585
1,1,0.7867349666892873
1,1,0.7916454649783515
1,1,0.7990047715290712
1,0,0.42612643429096747
1,1,0.7033383309374616
1,0,0.2933091772419515
1,1,0.8230704471710762
1,1,0.5103321246252089
1,1,0.6067774897072477
1,1,0.8789221742538706
1,1,0.7899417656110568
1,1,0.842436154039875
1,1,0.7979653087147764
1,1,0.8785121544689907
1,1,0.6318534646487183
1,0,0.4778695345081717
1,1,0.7227125798158076
1,1,0.7258099086608102
1,1,0.6004931468305942
1,1,0.5106201094649386
0,0,0.002494636596897871
1,1,0.7367862076657854
1,0,0.30833068994001805
1,1,0.5118300466284745
1,1,0.6208276424532586
1,0,0.49679986024923617
1,1,0.769412983831505
1,1,0.7548969410566084
1,1,0.796969416428376
1,1,0.8275343933365984
1,1,0.8464593909270498
1,1,0.7569468205474861
1,1,0.7871987580835401
1,1,0.8872806264754584
1,1,0.7261800122540549
1,1,0.7786073674258076
1,1,0.7534044653198322
1,1,0.7750188563788679
1,1,0.7496095560095558
1,1,0.8641712674106568
1,1,0.838016328305668
1,1,0.7146693373341909
1,1,0.6132690577961095
1,1,0.670986412556353
1,1,0.7931049568497713
1,1,0.549882847265424
1,1,0.5841291073782051
1,1,0.6921539766854737
1,1,0.8447947581823444
1,1,0.7164099707573913
0,0,0.26771117863946114
0,0,0.3365277857137654
0,0,0.47397692812490727
1,1,0.8021113487702652
1,1,0.8509216486342212
1,1,0.5559047936174841
1,1,0.7165821569276087
1,1,0.6440508723657118
1,1,0.5596603297531623
1,1,0.7808489633581601
1,1,0.82768455605133
1,1,0.7636601294220189
1,1,0.6305627947762366
1,1,0.8179962894244885
1,0,0.3898405657836923
1,1,0.7262307839157782
1,1,0.8904438354291292
1,1,0.8610573771778914
1,0,0.42459846885072344
1,1,0.538876937531268
1,1,0.5432635278063981
1,0,0.39576953135770404
1,1,0.843443972244523
0,0,0.10818915352239349
1,1,0.7885036353518514
1,1,0.5929915507600132
1,1,0.6609298788462292
1,1,0.7243764647967409
1,1,0.6608297606898893
1,1,0.8601451271216103
1,1,0.7939789143074786
1,1,0.6463468378329962
1,1,0.5482274786723752
1,1,0.844749925957203
1,0,0.20104100027533228
1,1,0.8994619726696073
1,1,0.6721497133080745
1,1,0.8277323958997803
1,1,0.8661053544268729
1,1,0.8965769654867669
1,0,0.21259141085714403
1,1,0.6473054053056011
1,1,0.5139943508119892
1,0,0.35860343465957145
1,1,0.5334051112774396
1,1,0.5395314769629913
1,1,0.8898630143133902
1,0,0.4481348422938863
1,0,0.41493120220896273
1,1,0.645962997487936
1,0,0.24657618646433196
1,1,0.669151653727381
1,1,0.848597347651966
1,1,0.8537990817665393
1,1,0.6988310875539621
1,0,0.44243723348888286
1,1,0.860485566205572
1,1,0.8729725446219686
1,1,0.780623899798246
1,0,0.296279652616509
1,0,0.497995107986644
1,0,0.4316116217714668
1,1,0.6022160982671608
1,1,0.8843299018843657
1,1,0.7600455616951218
1,1,0.5410095873983396
1,1,0.5826796537240779
1,1,0.54996049689063
1,1,0.5837590136993221
1,1,0.6669956030454346
1,0,0.13758483286195175
0,1,0.5508759424340356
1,0,0.41515230822643207
1,0,0.47196312119246797
1,0,0.3757947371819379
1,1,0.7372494142266518
1,0,0.4621899552064219
0,0,0.2444512319628844
1,0,0.38556709580100795
1,1,0.729049013878854
1,0,0.02744129161888811
1,1,0.5603777270730238
1,0,0.25455013627263046
1,1,0.5630864271318253
1,0,0.28334376066235994
1,1,0.804375343432932
1,1,0.814030047691209
1,1,0.6930456153859911
1,1,0.8394133387455004
1,1,0.5863376780943718
1,1,0.7549362576331569
1,1,0.5569586221632176
1,1,0.6201974726715421
1,0,0.30949450260995065
1,1,0.6428067962497069
1,1,0.6798930192094084
1,0,0.1325957465763441
0,0,0.37931541339664776
1,1,0.8879590801773861
1,0,0.47656915261751714
1,0,0.34689486189157903
1,1,0.612321102709997
1,0,0.36950269353606047
1,1,0.8403912012862996
1,0,0.08768402233914498
1,1,0.6363905498280806
1,1,0.7839628926901656
1,1,0.7478493436422559
1,1,0.8083893464814847
1,1,0.833191186412154
1,1,0.8790472450260302
1,1,0.6553943726084388
1,1,0.7910603901178305
1,1,0.7351538037641235
1,1,0.7077597369440951
1,1,0.7942650685536791
1,0,0.4692950782781099
1,1,0.5423295814561127
1,1,0.7967347905274925
1,1,0.8929369239290836
1,1,0.9056819430480538
1,1,0.8591313591238865
1,1,0.7802276901184934
1,1,0.7559556546545508
1,1,0.8073451316620305
1,1,0.8654824314313068
1,1,0.7898003785100062
1,0,0.4796982583368493
1,0,0.41625974931937176
1,1,0.542620285791062
1,1,0.5757797717123403
1,1,0.7679416097149419
1,1,0.5200053421238534
1,1,0.6500904204371849
1,0,0.4670070400938842
1,1,0.7700096637768246
1,0,0.2834490560758156
1,1,0.548499664909695
1,1,0.8954048697696789
1,1,0.8276482341595062
1,1,0.6517100675049569
1,1,0.8592390558502309
1,1,0.7233821854166735
1,1,0.7514949329122599
1,1,0.8069295807403091
1,1,0.7433208854850212
1,0,0.12247052238293561
1,1,0.7394673020771761
1,1,0.7495781068709244
1,0,0.2553660257133878
1,1,0.5877077437692957
1,1,0.8316010761726876
1,1,0.8522234719661119
1,1,0.6626126794465466
1,0,0.4172879465490516
1,1,0.5965162824290037
1,1,0.8634118121918718
0,0,0.009881488275658355
0,0,0.4267500106765864
1,1,0.8319945373664379
0,0,0.3486792606464108
1,1,0.875747114444693
1,1,0.8660614641012098
1,1,0.8157745623549092
1,1,0.7806144255335244
1,0,0.15220167228096915
1,1,0.8392914775629273
1,1,0.8560086062814216
1,1,0.6772219108327738
1,0,0.46750089121910754
1,1,0.8533659518453084
1,1,0.7940464465053925
1,1,0.8609265809110939
1,1,0.7656931078306765
1,1,0.5496404933992932
1,1,0.854502228697162
0,0,0.4730237671269816
1,1,0.8305898344184469
1,1,0.8165887043305459
1,1,0.8117343786135818
1,0,0.4472833971262242
1,1,0.774913784346447
1,0,0.4847761541613574
1,1,0.7002652118577665
1,0,0.08763713355045262
1,1,0.5512453771015883
1,1,0.8212947629437986
1,1,0.7063288927691251
0,1,0.6297828473736479
1,1,0.6430350496259449
1,1,0.8066174128635726
1,0,0.38034060447666634
1,1,0.7473800352530996
1,1,0.7841133115859767
1,1,0.804392086345619
1,1,0.5306942366484185
1,1,0.7550304210404419
1,1,0.8229509720124408
1,0,0.3782999691666452
1,0,0.44064903776210296
1,1,0.756242223581826
1,1,0.8403416477887771
1,1,0.6449102451707619
1,1,0.568197347079116
1,1,0.6447274330394892
1,0,0.043727968189871576
1,1,0.6120169179141419
1,1,0.6733138977995439
1,0,0.3818370624405686
1,1,0.5223862392942565
1,1,0.7999613085921826
1,1,0.6220244153479432
0,1,0.5572333533572045
1,1,0.8884059823045097
1,0,0.32087552901649025
1,1,0.5741519379595097
1,1,0.7840100018352597
1,0,0.43107798153015126
1,0,0.49438115783815095
1,0,0.3581878320514743
1,1,0.8050809078452184
1,1,0.7939397565034245
1,0,0.1609118504956013
1,1,0.5492858332123414
1,0,0.2810138258987869
1,1,0.7943668888358307
1,0,0.2544668092826423
1,0,0.4016565164114249
1,0,0.47686810355991094
1,1,0.5489592300186338
1,0,0.43625890099736236
1,1,0.7267895335117697
1,1,0.8694543312595696
1,1,0.5513091708594791
0,0,0.36073796355436155
1,1,0.7662839305516357
1,0,0.4448058688833232
0,1,0.6999454667428247
1,1,0.80243999824424
1,1,0.8250545452333153
1,1,0.6288925337137004
1,1,0.6734478983988155
1,1,0.7722582485250284
1,1,0.7101896692394717
1,1,0.6086091540699855
1,1,0.8189182100057512
1,1,0.6924538884073633
1,1,0.6841284744456299
1,1,0.7564648387739155
1,1,0.8512273276849686
1,1,0.6629448683065605
1,1,0.6133453428758541
1,1,0.6338053197965801
0,1,0.5612875623037682
1,1,0.8398516085349266
1,0,0.48438247662029377
1,1,0.5768794522604709
1,1,0.6283151014873266
1,0,0.4128127046289341
1,1,0.7694032624025056
1,1,0.6670550778502801
0,0,0.008076563490174405
1,0,0.4813712422693486
1,0,0.4472570977030521
1,1,0.6921871455451958
1,1,0.5421241489965247
1,1,0.5984927783476937
1,1,0.7488856866318757
1,1,0.5140562948400391
1,1,0.818730064276291
1,1,0.7953218314537301
0,1,0.5177176301401338
1,0,0.48143433331608554
0,0,0.36057298293463513
1,1,0.814459276806669
1,1,0.6939058333324682
1,1,0.7624390493109963
0,1,0.829160807906147
1,1,0.8381597930782764
1,1,0.7077916701224242
1,1,0.8612933245188712
0,0,0.111034001587198
1,1,0.8376772676262162
1,0,0.4109070485020085
0,0,0.05382921486575619
1,1,0.8626086848105262
1,1,0.525813502872307
1,1,0.7500181462415733
1,1,0.6465386159393874
1,0,0.3645863382381646
1,0,0.4140117015133944
1,1,0.5556803543974522
1,0,0.45135840627369994
1,0,0.3222464972109379
1,1,0.8658222426645465
1,0,0.46150280203668037
1,1,0.8973457903798497
1,1,0.8002274396180523
1,0,0.47704261090538913
1,0,0.40572145519238995
1,1,0.6373769669710886
1,1,0.7008032317123303
1,1,0.5831650979378651
1,1,0.7668226003447934
1,1,0.5089558920441213
1,1,0.6775743793407173
1,0,0.27414913166200394
1,1,0.7693486695116226
1,0,0.32407294855223373
1,1,0.5949415191148318
1,1,0.6893887377215913
1,0,0.39719419561267394
1,0,0.396819329564602
1,1,0.7695749805536196
1,0,0.08987436202596409
1,1,0.5888816367209594
1,1,0.9099366468582178
1,1,0.6634646625443962
1,1,0.5804682313503665
1,1,0.7692415408175376
1,1,0.7920621787686154
1,1,0.8440686735819372
1,1,0.7553155371187765
1,0,0.2849872534335551
1,1,0.6473088223080277
1,1,0.8154353560998991
1,1,0.5902857114797465
1,0,0.4160181013851433
1,1,0.6642467210283658
1,1,0.8053479105733291
1,1,0.8739268504224177
1,1,0.8067193641631933
1,0,0.3400552545801882
1,1,0.8857554625378191
1,1,0.9031515570805946
1,1,0.7895307089904949
1,1,0.7750606536878748
0,0,0.08778468741381332
1,1,0.7752537314178768
0,0,0.2492833556154733
1,1,0.695249502734728
1,1,0.6761462017380931
1,1,0.8411369705078592
1,1,0.7150706838113152
1,1,0.7951615375036584
1,1,0.6776704607467746
1,1,0.8219720855513746
1,1,0.6087536243280566
1,1,0.71959302170512
1,1,0.6512975996206455
1,1,0.898912447864264
0,0,0.154988428821059
1,1,0.8476284659398877
1,1,0.819471353706627
0,0,0.40604712539565324
1,1,0.8273033075332602
1,0,0.4064074771066408
1,1,0.8539758259458011
1,0,0.4166914757888033
1,1,0.7502856620448466
1,0,0.41848682495730116
1,1,0.5077206701429049
1,0,0.4605019683649807
0,1,0.563899885886541
1,1,0.8256677503319816
1,0,0.44123108951199996
1,1,0.618295227332206
1,1,0.8232361657782096
1,0,0.35925776578867463
1,1,0.5117324688718522
1,0,0.46178997887082507
0,1,0.5949647579517865
1,1,0.6954191785990117
1,1,0.7259073339470713
1,1,0.873948034680515
1,1,0.6528442662940547
1,1,0.8156603350283449
1,1,0.8057337674264382
1,1,0.7169538228178509
1,1,0.7753468807990095
1,1,0.8859907798736212
1,0,0.39368406441814535
1,1,0.8192795873835874
1,1,0.7636720381221754
1,1,0.6558933130036823
1,1,0.7594174611965339
1,0,0.3340834369341586
1,1,0.718167031405757
1,1,0.8287912252191857
1,1,0.7965020336384205
1,0,0.12781430511509556
1,1,0.7505024694566815
1,0,0.4462776827378615
1,0,0.4314954336051742
1,0,0.04577467979365356
1,1,0.8901948056424411
1,1,0.8517711276413051
1,1,0.8702058945057651
1,1,0.7049995788086079
1,0,0.03073422777320253
1,0,0.46439800102205175
0,0,6.375536707456497e-05
1,1,0.8309945451610452
1,1,0.6731610705166065
0,0,0.05058788738544145
1,0,0.22609296283419236
1,1,0.8922023224505083
1,1,0.5698862980926888
1,0,0.2564322030413845
1,1,0.8014639723821381
1,0,0.33478126087658533
1,1,0.9079885476015429
1,0,0.43277463277734457
1,1,0.6114732472241988
1,1,0.5788971061447139
1,0,0.3570482024631065
1,1,0.8465633717437591
1,1,0.6809520932735282
1,0,0.026179708269656612
1,1,0.5671772774057711
1,1,0.7832500499704502
1,1,0.6926934956557488
1,1,0.8158430574055185
1,1,0.7115657595705384
1,1,0.8184932296043693
1,1,0.8873010551845509
1,1,0.7823479745251767
1,1,0.7982981181980979
1,0,0.28835221010949963
1,0,0.3617305256809096
1,0,0.15895051433688615
1,0,0.4298807856380217
1,1,0.7265851265595626
1,1,0.8633693083580585
1,1,0.6918167755646154
1,1,0.7889312256374217
1,0,0.4863581201088034
1,1,0.8230046490453846
1,1,0.6675504622054065
1,1,0.8424342649154785
1,0,0.20255233195938774
1,0,0.4327085772374674
0,0,0.13300790199629534
1,0,0.4511626844049383
1,1,0.6432122598795113
1,1,0.742175726700638
1,0,0.44565602706513785
1,0,0.03341980613261321
1,1,0.7187726812768868
1,1,0.7839140385504443
1,1,0.8512260041049492
1,0,0.45516799201836133
1,1,0.8078123754083186
1,1,0.7545375446307862
1,1,0.7084760066917741
1,1,0.6113009772357214
1,1,0.7725678586629295
1,1,0.8455138077080708
1,1,0.5263470358864301
1,1,0.7811197542131797
1,1,0.886325737830732
1,1,0.8853812809515504
1,1,0.7707139151087694
1,1,0.8340440091817283
0,1,0.6295141148456505
1,1,0.6837878870421191
1,1,0.8099993096818567
1,1,0.7444063421051454
1,0,0.4254959603630182
1,1,0.7592960406189212
1,1,0.5991485939304082
1,1,0.5862426845450304
1,1,0.7445670667366253
1,1,0.9002781851577477
1,1,0.6896188941466482
1,1,0.5378379383753014
1,1,0.8352433932264223
1,1,0.5872827086181833
1,1,0.8075805906369435
1,0,0.4935319604578096
1,1,0.6817187255607682
1,1,0.8524023190587908
1,0,0.42615951388924617
1,1,0.5515257032440359
1,1,0.9134724313780617
1,1,0.7779484544957622
1,1,0.7976486018462234
1,1,0.730298231688073
1,1,0.6864889319442643
1,0,0.4645895906351702
1,1,0.505056297155625
1,1,0.8089208687520666
1,1,0.6216739017004937
1,0,0.10333767005730855
1,0,0.2224939348016901
1,1,0.8631263687358116
1,1,0.6703578881075832
1,0,0.04387138653072924
1,1,0.6195929102300509
1,0,0.27390741981907135
1,1,0.8638375746729722
1,1,0.8552078476957209
1,1,0.5250685823066336
1,0,0.267319601864442
1,0,0.46616182979219967
1,1,0.6894561733322127
1,1,0.8351509194757382
1,0,0.42738368068658283
1,1,0.7507603185132147
1,0,0.2732961535415392
1,1,0.7125013022105282
1,0,0.4919359389637934
1,1,0.839831382090967
1,1,0.631713501507681
1,1,0.7803644097372853
1,1,0.5449776471229756
1,1,0.5810886333691899
1,1,0.5580018846241973
1,0,0.49201879827094935
1,0,0.02152943732867944
1,0,0.4085469955107919
1,1,0.743404667566633
1,1,0.6863896938431888
1,1,0.7051247385350413
1,1,0.8061503729992262
1,1,0.8010540194535501
1,1,0.7635025234445106
1,1,0.7034311466644163
1,1,0.5971749161472358
1,1,0.7553106380364055
1,1,0.6084856031235705
1,1,0.59805178702928
1,1,0.8253157828891534
1,1,0.7221700323405061
1,1,0.8606766222175877
1,1,0.7391376530439865
1,0,0.25789186228133576
1,1,0.824038626063714
1,1,0.7890833322188646
1,0,0.40762587486998664
1,1,0.730502125804144
1,0,0.4823866161475765
1,1,0.5708344569168667
1,1,0.9118311306862958
1,1,0.501367391894468
1,0,0.03398260170210985
1,1,0.6039671410272607
1,1,0.8618310906539378
1,1,0.792204397075922
0,0,0.454128599452998
1,1,0.7333184188125881
1,1,0.6633915583602331
0,0,0.286814109021384
1,1,0.837628608939868
1,1,0.7741696865136297
1,1,0.5287549765626185
1,1,0.8019498585016814
1,1,0.6552318913543425
1,0,0.3224113126632924
1,1,0.7330711709466412
1,1,0.520980594584336
0,0,0.4490887645067495
1,1,0.8880660140285945
1,1,0.8116309731684718
1,1,0.823322760368489
1,1,0.7841921424029537
1,1,0.7551107153320672
1,0,0.36734666460922527
1,1,0.6535590530070626
1,1,0.5705905707805029
1,1,0.7696623311453302
1,1,0.7584208377888954
1,1,0.8470264844978703
1,1,0.795675197717658
1,1,0.8421023738294989
1,0,0.2648125883160528
1,1,0.5530279065585889
1,1,0.8541999756280146
1,1,0.9154462070616848
1,1,0.7970826452665674
1,1,0.7597747826522734
1,1,0.8772589016649862
1,1,0.9176688476366581
1,1,0.8314989262337171
1,1,0.7765917179225599
1,1,0.7831053871596133
1,0,0.25700311211274984
1,1,0.7929696278008311
1,1,0.6669290627983002
1,0,0.31000446528963643
1,1,0.8586607153036883
1,0,0.4571726678623555
1,1,0.7524018363486646
1,0,0.4610033278282932
1,1,0.7056293544733331
0,0,0.14423012315593364
1,1,0.8583455442849411
1,1,0.8053090052971356
1,0,0.48168690795800617
1,1,0.8235511713409169
1,1,0.5864429287636254
1,1,0.8286074222693738
1,1,0.7697651252704102
1,1,0.7043934465986227
1,1,0.6796680136672886
1,1,0.7557191306642114
1,1,0.7469253706846308
1,1,0.7936706261231167
1,1,0.8751078580569648
1,0,0.017202238659378293
1,0,0.225872825949593
1,1,0.8326352591679972
0,0,0.009755640998905139
1,1,0.8433612141200489
0,1,0.5369050589349968
1,1,0.6928212104723097
1,1,0.5914063057158279
1,0,0.2542176698905995
1,1,0.5841575405245727
1,1,0.5408060792886539
1,1,0.8955701468575044
1,1,0.6352229118690969
1,0,0.4737962683697702
0,0,0.3693713119847169
1,1,0.6567552249798625
1,1,0.826490763942788
0,0,0.09965484883076377
1,1,0.869241344677897
1,1,0.822774553979975
1,1,0.8118624913553524
1,1,0.7931451155927317
1,1,0.8325323047028534
1,1,0.8770742886105929
1,0,0.1146935305370714
1,1,0.5915178708580696
1,1,0.8121513070614276
1,1,0.7680402823822063
1,1,0.7193811322043341
1,1,0.732118322774564
1,1,0.8950462951887785
1,1,0.5794073942640331
1,1,0.8951200761171044
1,1,0.7919433950449315
1,0,0.03915181887762939
1,1,0.7796602903995739
1,1,0.7120192362358294
1,1,0.8940554648365793
1,1,0.7511984104500126
1,1,0.5913359990135619
1,1,0.8239062553581559
1,1,0.7684476735702992
1,1,0.8274117212666411
1,1,0.8524925398547015
1,1,0.6654245599985241
1,1,0.5656976641614488
1,1,0.636474066402486
1,1,0.8343413792892528
1,1,0.6398953071199087
1,0,0.39415202656027143
1,1,0.858457056529525
1,1,0.8794974836940883
1,1,0.8639196174631281
1,1,0.7272127785669574
1,1,0.6836457260145342
1,1,0.8398175560781481
1,0,0.37452331114489956
1,1,0.658312931086136
1,1,0.882789666933441
1,1,0.8414566164737566
1,1,0.816207524980943
1,1,0.8440109731394765
1,1,0.666725326160135
1,1,0.5084232015014879
1,1,0.7235123975239279
1,1,0.8817101898647721
1,1,0.8417887056062269
1,1,0.6664676790131822
1,1,0.8406207174173161
1,1,0.7354921961671739
1,1,0.797694902659448
1,1,0.6766045664419895
1,0,0.3613674224317365
1,1,0.7613378003106974
1,1,0.7051281330482201
1,1,0.7260871700143741
1,0,0.22162357180321277
1,1,0.6809986019667733
1,1,0.7352213835952678
1,1,0.7684412249484214
1,1,0.7308583055319057
1,1,0.5782694002417139
1,1,0.7606909339330923
1,0,0.14749305822895578
1,1,0.7618546460764576
1,1,0.8205653599956376
1,1,0.7812798905782858
1,1,0.6436088835676949
1,1,0.8126692998662516
1,1,0.7401653752918389
0,1,0.6160924459892595
1,1,0.8125568954092763
1,1,0.784366504819398
1,0,0.4699161264549941
1,1,0.751822062329687
1,1,0.6056020442218494
1,1,0.6549999941220389
1,0,0.4515471681240091
1,1,0.883648633765575
1,1,0.8350246934833279
1,0,0.45273646349366187
1,1,0.8073204462473516
1,1,0.808137603215535
1,1,0.7789684078567113
1,1,0.8709638251852757
1,0,0.444353972770212
1,1,0.662410745717861
1,1,0.8244158755213368
1,1,0.7007295955137295
1,1,0.8642796946340456
1,1,0.7924840063805204
1,1,0.8147304093814024
1,1,0.8727196966416646
1,0,0.29203505532156926
1,1,0.5116064510652805
1,0,0.4864117347645519
1,1,0.8090658979180084
1,1,0.548760641596271
1,1,0.6912437239477295
1,0,0.40064231808613
1,0,0.4025025969166491
1,1,0.5490403395627943
1,0,0.4121535141094824
1,0,0.18729001586586738
1,1,0.7383386589361711
1,1,0.7094389150141648
1,1,0.5118528102860214
1,1,0.8082639411332144
1,1,0.7532526985848292
1,0,0.34657764503355587
1,1,0.8861846044546746
0,0,0.2006550030270659
1,1,0.7933112265195904
1,1,0.7134756354790515
1,1,0.5867912437929101
1,0,0.20914148303119967
1,0,0.3072609113865283
1,1,0.8221428926360638
1,1,0.8730490622210108
1,1,0.7805972855533898
1,1,0.8078851365510517
1,1,0.6718776423871191
1,1,0.879542428088645
1,1,0.794956400362657
1,1,0.5332762042526115
1,1,0.8483874275607344
1,0,0.42429160349717526
0,0,0.08159967413317637
1,0,0.45483623558112496
1,1,0.506535718670614
1,0,0.47619667121101567
1,1,0.5800781096778458
1,0,0.2733023284959102
1,1,0.5836750136921559
1,1,0.8032071819859632
1,1,0.8442054625270079
1,1,0.8517491856723958
1,1,0.7404487185495274
1,1,0.7116878202399737
1,1,0.5736532413562649
1,1,0.7650088786269134
1,1,0.5764151683195811
1,1,0.9122417625823908
1,0,0.1273799951531171
1,1,0.8304303832839878
1,1,0.8335074231855283
1,1,0.8746466110513428
1,0,0.046741681527321076
1,1,0.741974687251064
1,0,0.42734982332582977
0,0,0.08055421653095413
1,1,0.7361192792165657
1,1,0.8192791766277939
1,1,0.5452937010650694
1,1,0.6877883580268938
1,1,0.8322601474460006
1,1,0.7651558387202805
1,1,0.8625986318435326
1,1,0.856915167995048
1,1,0.5602154922037192
1,0,0.2486808795269158
1,1,0.636653338002362
1,1,0.8704366309926016
1,0,0.38386153550060476
1,1,0.5696026790182003
1,1,0.7069875796274078
1,0,0.4230984930776011
1,1,0.845318217222198
1,0,0.3509142624517914
1,1,0.542156695025032
1,1,0.8408092202817437
1,0,0.09283126904052225
1,1,0.5557766735125627
1,1,0.6042687037242276
1,1,0.7770225427351195
1,1,0.6571259165377763
1,1,0.8054168566403039
0,0,0.004291817168820139
1,1,0.6618870680140756
1,1,0.8384021337872904
1,1,0.6129185980638279
1,1,0.6854747829218518
1,1,0.8351419677443424
1,0,0.49663100425377693
1,0,0.4709952253248213
1,1,0.8337183916802728
1,1,0.6879784155644522
1,0,0.19487748717735762
1,1,0.8000575284169574
1,1,0.8652894527091022
1,1,0.8295990192214683
1,1,0.8414977336033879
1,1,0.8394648955825283
1,1,0.8250971740769438
1,0,0.4014401568628998
1,1,0.692496056882729
1,1,0.8379634905654526
1,0,0.3688027560225079
1,1,0.8461205147888738
1,1,0.6649360246333575
1,1,0.8759146610990448
1,1,0.8518233712316096
1,0,0.43724360193112705
1,1,0.8192097088961101
1,1,0.8213379105633497
1,1,0.7679773753150531
1,1,0.7879676707098188
1,1,0.7035813565428919
1,1,0.7356287613141753
1,1,0.6220801007181016
1,1,0.9064645910391164
1,1,0.8059412276645007
1,0,0.13132006826389572
1,1,0.6922915770297975
1,1,0.7941015298756307
1,1,0.8156296001738729
1,1,0.7223493446487569
1,1,0.8222520146987967
1,1,0.7921323986816735
1,1,0.5793717914402446
1,1,0.688997431080734
1,1,0.8366401881159378
1,1,0.8189359084714607
1,1,0.6122665755626852
1,1,0.7741487163695469
1,0,0.29393281362014695
1,1,0.8099381699068152
1,0,0.48225716126161605
1,1,0.84249295154226
1,0,0.3530457555607246
1,1,0.7892552104512827
1,1,0.8954302598207807
1,1,0.583134763689731
1,1,0.7638003728190205
1,0,0.050617596625224456
1,0,0.015250910569511689
1,1,0.8111147645821336
1,0,0.09565416653816397
1,0,0.46448815247129355
0,0,0.0011461064309215723
0,1,0.5770765383891521
1,1,0.7236393067746013
1,1,0.7887936579261996
1,1,0.8159332767919186
1,1,0.5738341682309972
1,0,0.3654864770748568
1,1,0.748960795968443
1,1,0.881662824613427
1,1,0.8180759328887715
1,1,0.7304318233548429
1,1,0.6530536191300391
1,1,0.6244661052378029
0,0,0.45243717070665307
1,1,0.5060250604719998
1,1,0.8365874691347118
1,1,0.8347825618923229
1,1,0.5336525016692851
1,0,0.43012482706990857
1,1,0.854318408346504
1,1,0.8482945960044753
1,1,0.6881634569533204
1,1,0.7056242370333183
1,1,0.8587055107558457
1,1,0.8703588203066245
1,1,0.7540067399520864
1,1,0.8451907116010485
1,1,0.7811144900053866
1,1,0.7735512837283505
1,1,0.7765758738835451
1,1,0.6968220724931168
0,0,0.1389376867805878
1,1,0.7840934686824146
1,0,0.35311875743418314
1,0,0.16323615927352925
1,1,0.803783275196474
1,0,0.3825383058199864
1,1,0.737614665783195
1,1,0.7518058192170544
1,1,0.875420405514912
1,1,0.6298808392711501
1,0,0.378052855511831
1,0,0.4130667770743414
1,1,0.7794235129993481
1,1,0.7877714214997361
1,0,0.12265500127587418
1,1,0.8240129499667094
1,1,0.7654902421626131
1,0,0.4098151920130487
1,1,0.6420657250350055
1,1,0.8096222758712626
1,1,0.7938163098244306
0,1,0.8063737363556017
1,1,0.5119422046081109
1,0,0.22285842695380895
1,1,0.8662990381930477
1,1,0.5344842377170194
0,0,0.013152460007983846
1,1,0.6747621426231231
1,0,0.3703325144861751
1,1,0.8316104466249061
1,1,0.7276913317798024
1,1,0.6986218653175116
1,0,0.19742851113002474
1,1,0.5474385115943542
1,0,0.00549584892199258
1,1,0.6572230268087621
1,1,0.7577083977124114
1,1,0.790441982659827
1,0,0.30211569459610205
1,1,0.7916947338759892
1,0,0.3824160912854566
1,1,0.8633893196852969
1,0,0.4668317924773461
1,0,0.44245888968510644
1,1,0.811675315570413
0,0,0.35732500316850574
0,1,0.5416137344429578
1,0,0.22165406552164316
1,1,0.841379636958093
1,0,0.4315682552499461
1,0,0.44970739876688554
1,1,0.8622058926225793
1,0,0.43962347781380184
1,0,0.4201047507479438
0,0,0.40246313728528416
1,1,0.8841251461824818
1,0,0.4187393659044051
1,1,0.6124654414776086
1,1,0.631750010224615
1,1,0.7213360811637516
1,0,0.4544198047509363
1,1,0.6882593339881062
1,0,0.004997515669339887
1,1,0.8905234670331924
1,1,0.7913682527489034
1,0,0.2921434543355861
1,1,0.6118408840237362
1,1,0.5529647842133449
1,1,0.8438704882874953
1,0,0.005385125027487568
1,1,0.7862903383579667
0,1,0.5157389751676065
1,1,0.8194284905362867
1,0,0.18562225273456287
1,1,0.5984147533468974
1,1,0.6165577641504241
1,1,0.7612165728938389
1,1,0.7545231697832396
1,1,0.5605493109585529
1,1,0.6880418346535006
1,0,0.44225601191523517
1,1,0.8731596052725543
1,1,0.8080681441968119
1,1,0.8064145541133249
1,0,0.49763449242282226
1,1,0.705964665750958
1,1,0.8110663243449355
1,1,0.8705519166861604
1,1,0.6523986876483867
1,1,0.8183443421607265
1,1,0.9026184949294982
1,1,0.6829665961202346
1,1,0.5275487685823539
0,0,0.19679339385481304
1,1,0.7963059910480018
1,1,0.5621281448659722
1,1,0.5641004972982785
1,1,0.7315861495385296
1,1,0.7352308840293018
1,1,0.5446648782969054
0,0,0.4307069817926768
1,1,0.8622075342808346
0,1,0.719286024634281
1,1,0.8407247233699926
1,1,0.8358263061708705
1,0,0.4077895005140846
1,1,0.8514096006580967
1,0,0.31673130075208955
1,1,0.8365788262013898
1,1,0.7691632792748314
1,0,0.4362597147428576
1,1,0.6894596376765516
1,1,0.6699061245904391
1,0,0.4637442728113719
0,0,0.050127892798053596
1,1,0.8179803111740785
1,0,0.02286275035605506
1,1,0.8375353415752996
1,1,0.7540415213885756
1,0,0.4004072969071896
1,0,0.3630430146414789
1,0,0.37062056420904155
1,1,0.826337501950352
1,1,0.6319363927945049
1,1,0.5740374995279819
1,1,0.8086807627195898
0,0,0.036082887778862906
1,1,0.7105856479087402
1,1,0.6609135340972384
1,1,0.8437101689560929
0,1,0.5719213423700512
1,0,0.3747558886373676
1,0,0.29400969340045957
1,1,0.6313205944936482
1,1,0.7504499921837132
1,0,0.1835310147333955
1,1,0.7919199052214309
1,1,0.6909602953718252
1,1,0.7962408422201593
1,1,0.8605914094500244
1,1,0.7990954368279566
1,1,0.8016666030657863
1,1,0.8231136299818019
1,1,0.6447066075000063
1,1,0.7961355010811119
1,0,0.3366528214608718
0,0,0.008841263179937553
1,1,0.8425500534911724
1,1,0.8015917948711742
1,1,0.5491024582170626
1,1,0.7572703873725535
1,1,0.6998507203599827
1,0,0.3902042678623386
1,0,0.4818924409035745
1,1,0.6049378576620161
1,1,0.8258890874614152
1,1,0.7836762140396828
1,0,0.35507105645913284
0,0,0.10287115939776585
1,1,0.6865855237856646
1,1,0.868635826914319
1,1,0.6835011589654675
1,0,0.4110015372887241
1,0,0.4901706597397958
1,1,0.8242117705322419
1,1,0.8336972001641644
1,1,0.9259461347918151
1,1,0.6266252903250216
1,1,0.7365665692929821
1,0,0.37099804779846535
1,1,0.7397357125416104
1,1,0.8785293677974131
1,1,0.8379856708660627
1,1,0.7365878064890299
1,1,0.681484239734529
1,1,0.6909436542531929
1,1,0.766178133064898
1,1,0.7629916540255982
1,1,0.8387421373251516
1,1,0.7826985278756643
1,1,0.8230707717087358
1,1,0.6098944472599257
1,1,0.5007290517268111
1,1,0.8071232500295036
1,1,0.7206591882829556
1,0,0.42159526555978116
1,1,0.8001026109254198
1,1,0.7300884539875824
1,1,0.8992653149085924
1,0,0.3468138064373102
1,1,0.5309886017604413
1,1,0.5668910676296189
1,1,0.7716170934873382
0,0,0.21663003471629885
1,1,0.6919243444957777
1,0,0.4402950811349465
1,1,0.8250583801890604
1,1,0.806433944341431
1,1,0.6983466765520446
1,1,0.7277339045159533
1,1,0.6628763194871001
1,1,0.5187384966084849
1,1,0.8033507352710861
1,0,0.42429244626474955
1,0,0.4718996516338979
1,1,0.8337950563321971
1,1,0.7024539825686642
1,1,0.8682853365469337
1,1,0.899027995290482
1,1,0.5684049477986312
1,1,0.7677916666140252
1,1,0.852764111857888
1,1,0.5081997815342764
1,1,0.8086441673867172
1,1,0.854141345405324
1,1,0.7242919320573945
1,0,0.313903234333424
1,1,0.7493631759964291
1,0,0.40373075987659135
1,0,0.46934641472263045
1,1,0.5159982607515576
1,1,0.5585097847814935
1,1,0.7480838866549743
1,0,0.3697461160972178
1,0,0.4607803239131983
0,0,0.003168843863997695
1,0,0.22406409526168095
1,0,0.07131774376475385
1,0,0.3900151831131689
1,1,0.7838957322203641
1,1,0.8592048615009584
1,1,0.6885346961114678
1,1,0.7876823211525136
1,1,0.7576901530738082
1,1,0.678536680022938
1,0,0.18036249931778375
1,1,0.7816304086881293
0,0,0.03491884179035976
1,1,0.7171213634949208
1,1,0.7212256004148258
1,1,0.760560137262269
0,0,0.03846514181042348
1,1,0.8277830550814733
1,0,0.23197029506705974
1,1,0.622137355131072
1,1,0.6474994022944472
1,1,0.6630448975045807
1,1,0.8442854454405236
1,1,0.846427510698776
1,0,0.4009031343131505
1,0,0.4526845970472519
1,1,0.8836391107341871
1,0,0.14842909545884406
1,0,0.48383682255572363
1,1,0.6301545736605151
0,0,0.0005586899737461022
1,1,0.7891052591474835
1,0,0.33738070104088624
1,1,0.8256666898934039
1,0,0.39832119261861665
0,1,0.5569370444203005
1,1,0.6230401794127208
1,1,0.8500200356575125
1,1,0.8068868290064676
1,1,0.8113477031111843
1,1,0.8670310584240457
1,1,0.8368034109127814
1,1,0.6821596347126943
1,1,0.6700323617017284
1,1,0.6455727487819496
1,1,0.8686691529348659
0,0,0.3298152298798754
1,1,0.8200838454999742
1,1,0.7833376888329437
1,0,0.34133015538091177
1,0,0.2198408729899676
1,1,0.6194572904801825
1,1,0.7912040470297789
1,1,0.5306014524160376
1,1,0.6238567165410239
1,1,0.508089122246892
1,1,0.5675600667287128
1,1,0.7150796687136072
1,1,0.8536900643477658
1,1,0.8133089576034903
1,0,0.3524217720990778
1,0,0.19738941516153077
1,0,0.4945247911743836
1,1,0.8563873958534386
1,1,0.5681035270141844
1,1,0.7917208562643617
1,0,0.34972505812314275
1,1,0.824377785490822
1,1,0.5349204353205351
1,1,0.8065004515097658
1,1,0.7816359102517961
1,0,0.3758585654728171
1,0,0.19322200324360714
0,0,0.4360670761985568
1,1,0.8183282013022936
1,1,0.6203403149358792
1,1,0.8617566385028945
1,1,0.7258466562878371
1,1,0.7363638464697223
1,1,0.7881350562895028
1,1,0.7554590060705374
1,1,0.6088003820275905
1,1,0.7244584266340149
1,1,0.5514696278763853
1,1,0.6958334583618047
1,1,0.7105962120063176
1,1,0.8744150141924671
1,1,0.6625250303625783
1,1,0.8469936481911206
1,0,0.3917383090942514
1,1,0.8837374503657358
1,1,0.8575816521182873
1,1,0.8223914580162837
1,1,0.884986956073935
1,0,0.44224939765197063
1,1,0.8007695726292029
1,1,0.6939581610543326
1,1,0.7487899588342877
1,0,0.30027230905635116
1,1,0.8133614017344769
1,1,0.8996862461172753
0,1,0.6423208571993403
1,1,0.7229688757025716
1,1,0.7252117866103087
0,0,0.2300684937130054
1,1,0.6612726584427915
1,1,0.7965442387495573
0,0,0.3466424938713809
1,1,0.6845727247086073
0,0,0.33917514510168595
1,1,0.6252367173452127
1,1,0.7982330719167879
1,1,0.8153086111112535
1,0,0.1798832870926485
1,1,0.8096491622891664
1,1,0.6718159961106154
1,0,0.49323446327846265
1,1,0.8648563896837499
1,0,0.37243340928180746
1,1,0.6012422374556674
1,0,0.05106294734487097
1,1,0.6264629667297094
1,1,0.6244129923809668
1,1,0.7086986180117281
1,1,0.7634968619217777
1,1,0.9039397970686153
1,1,0.8356714424507397
1,1,0.8399692783178091
1,1,0.744630891604412
1,1,0.6314050817474278
1,1,0.7838838065926232
1,0,0.396347547039749
1,1,0.8773358571935705
1,1,0.6939339590260754
0,0,0.28574050714475124
1,1,0.836294992298676
1,1,0.6116152786172364
1,1,0.6302029992092683
1,0,0.37097620005748383
1,0,0.19092470986147556
1,1,0.8252843392446834
1,1,0.5509644093970418
1,1,0.7610050306684574
1,1,0.7670092802540586
1,1,0.8480616674107367
1,1,0.5449506318813586
1,1,0.5341426978015625
0,1,0.5534954523326184
1,1,0.7792217005703
1,1,0.7766471272060733
1,1,0.7632157642585815
0,0,0.22356170891295915
1,1,0.5437676509019371
1,1,0.8706739599615642
1,0,0.1618099363812882
1,1,0.865837167356687
1,0,0.49020266168994525
1,1,0.5933579765512463
1,1,0.7004784611378169
1,1,0.6829391914483626
1,1,0.7632872865644927
1,0,0.055935266789641336
0,0,0.48899386477078793
1,1,0.7982332190509868
1,1,0.5759509074346996
1,1,0.8307520594860436
1,1,0.8279959918899144
1,1,0.8473080891299426
1,1,0.7534586514302061
1,1,0.7821532925303305
1,1,0.792155976539466
1,1,0.5943046437704492
1,1,0.6706663069855754
1,1,0.7936941141396372
1,1,0.587821682472183
1,1,0.8455703659273024
1,1,0.7691933195182016
1,1,0.8076251370445271
1,0,0.2766765876776422
0,1,0.7192854656079806
1,1,0.570348617113154
1,0,0.4810150420998941
1,0,0.41653570662512424
1,1,0.7797516588156611
1,1,0.8502665274934932
1,0,0.14676157688780803
1,1,0.85659085590111
1,1,0.8272848833813181
1,1,0.787677223361066
0,0,0.07923329600963785
1,0,0.17824358409380284
1,1,0.5458230797791549
1,0,0.3978681867864601
1,1,0.835516190318149
1,1,0.6958468059862977
1,1,0.7560150943292978
1,1,0.7681991726497395
1,1,0.8817696858350931
1,0,0.061391262500912716
1,0,0.16005787013831613
1,1,0.8503793544529235
1,1,0.7483024374541358
1,1,0.9027344934538325
1,0,0.3983680801638831
1,1,0.8190786097568652
1,1,0.8432916588199012
1,1,0.7800359411368253
1,0,0.45391348530601877
1,1,0.9143126136483407
1,1,0.7462659000502345
0,1,0.594142941249731
1,1,0.7526468114211099
1,1,0.7536578139236167
0,0,0.13828065225249286
1,1,0.8715158969794977
1,1,0.8797658981750096
1,1,0.8706262487748797
1,1,0.6573004576435835
1,1,0.7366615301617944
1,1,0.7738923466606822
1,1,0.8853816660218925
1,1,0.8864490700935248
1,0,0.29067884304079217
1,0,0.38992705150916884
1,0,0.3824229151062511
1,1,0.8629317408887346
1,1,0.5611392415242856
1,1,0.7611900842105505
1,0,0.2927262217955029
1,1,0.9024414405252709
1,1,0.7939831452126035
1,0,0.4315496761164137
1,1,0.7160682190759039
1,1,0.6162182657104758
1,0,0.3968545530915159
1,0,0.4288136136764712
1,1,0.6991208491903149
1,0,0.2488063897087289
1,0,0.3568559594776236
1,1,0.6618838590945934
1,1,0.6344657186361696
1,1,0.8386303509373855
1,1,0.864700353121842
1,1,0.8038256585562014
1,1,0.5944724332857936
1,0,0.44603545525229843
1,1,0.8092596538585414
1,0,0.39206496973405563
1,1,0.8294390282617998
1,1,0.7730782832768005
1,1,0.7553127828884908
1,0,0.41335955619287457
1,1,0.8748315535853133
1,1,0.789011227293202
1,1,0.7220486913924241
1,0,0.4488523714975226
1,1,0.6021968452724222
1,1,0.6313828735681233
0,1,0.5921621905520607
1,1,0.7514835943711605
1,1,0.8699676340518792
1,1,0.7770306208527471
1,1,0.8094095507850987
1,1,0.9076845077609756
1,1,0.71297697205936
1,1,0.7936110956204138
1,1,0.7462257141159785
1,1,0.7731367485116886
0,0,0.3165891161738725
1,1,0.8006526845809816
1,1,0.7757207739172263
1,0,0.30387962618722036
1,1,0.6937968621954975
1,1,0.772483854930253
1,1,0.5492712316309603
1,1,0.8100295754264846
1,1,0.789651179768885
1,1,0.6711663829796218
1,1,0.7636997302814409
1,0,0.46170743175518125
1,1,0.5061880904447904
1,1,0.628818950771859
1,1,0.7529433327121131
1,0,0.3962638024805561
1,1,0.8349431050221529
0,0,0.2074133858717577
1,1,0.7406934759733587
1,1,0.8598073470190122
1,1,0.5167937556561866
1,1,0.7490382883853515
1,0,0.28040238805657286
1,1,0.7985778572699923
1,1,0.6846493500771981
1,1,0.7976415149911016
1,0,0.26150878879345746
1,1,0.8972559018685444
1,1,0.5305711226021406
1,0,0.4662585340533622
1,1,0.566678262313509
1,1,0.9094109239539423
1,1,0.7673827896071731
1,0,0.4262160036704651
1,1,0.8622182953375963
1,0,0.4729442436779387
1,1,0.5650006441023286
1,1,0.6857788435731298
1,1,0.5890925076594495
1,1,0.6248942722333254
1,1,0.7534894100539622
1,1,0.6520341204006554
1,1,0.6398165699773758
1,1,0.7096472101676616
0,0,0.2284326897249038
1,1,0.5948747361922618
1,1,0.7479005483629358
1,1,0.8821148921776694
1,1,0.5784783077982217
1,1,0.7402730109836635
1,1,0.5898609376814199
1,1,0.7927359404823832
1,0,0.48599703585882814
1,1,0.7481973298028379
1,1,0.7836743122252052
1,1,0.8444415009730638
1,1,0.5970597632752566
1,1,0.692568596296953
1,1,0.718517628777549
1,1,0.6988106605180052
1,0,0.45117634618417013
1,1,0.7876733320277706
1,1,0.80421481989384
1,1,0.8264959142367928
1,0,0.42704332479877694
0,1,0.636349171555767
1,1,0.8881120416716892
1,1,0.679688488007095
1,1,0.6160602849318035
1,1,0.6449598048503231
1,1,0.521164844047396
1,1,0.8267889075750438
1,1,0.902620563849206
1,1,0.5898238076582624
1,1,0.6472425196118253
1,1,0.7773788356864275
1,1,0.8478453634579164
1,1,0.882642634645175
0,0,0.00924239800620029
1,1,0.791227840001953
1,1,0.6508512462237811
1,0,0.47360314725883756
1,1,0.7245552260885861
1,1,0.723537796482287
1,1,0.8287541359796529
1,1,0.8873228440774142
1,1,0.7859702718779628
1,1,0.8152543007756315
1,1,0.7080901952833277
1,1,0.6534110860922934
1,1,0.8626681204937331
1,1,0.6912763250082982
1,1,0.8434448162195849
1,1,0.8911526448817287
1,1,0.7574935911323197
1,1,0.7987158027502487
1,1,0.5395814452362355
1,1,0.8644695890029066
1,1,0.6891774905445379
1,0,0.12675287007143138
1,1,0.8484839895777997
1,1,0.7276201995810978
1,1,0.5714839693697645
1,1,0.6919245469931101
1,1,0.7354790197349509
1,1,0.8863042657469375
1,1,0.7716045587170476
1,1,0.6641519529238069
1,1,0.809679981259951
1,1,0.8632906622348013
1,1,0.6289295241632189
1,1,0.8515752124346923
0,1,0.5190417685527127
1,1,0.7726901458176899
1,1,0.8730063502146597
0,1,0.5590344071703377
1,1,0.680872852233209
1,1,0.7679812647686698
1,1,0.7404113086444772
1,0,0.24033849426070725
1,0,0.41292220993569456
1,1,0.8289713615325179
0,0,0.4477076557125318
1,0,0.2751519401910058
1,1,0.8887702542902902
1,1,0.8840650579879076
1,1,0.5388233467909297
1,1,0.8245980268524702
1,0,0.3658900296049378
1,0,0.21768742768534594
1,1,0.669695392678907
1,1,0.6994023303886371
1,0,0.4875794932117306
1,1,0.8876648380650031
1,1,0.647219923285068
1,1,0.7419882600739375
1,1,0.5634181879233303
1,1,0.7391114084078421
1,1,0.8121875249440843
1,1,0.7865074018474911
1,1,0.8481015609259851
1,0,0.4337226455868416
1,1,0.8235252348061428
1,1,0.8232312241290581
1,1,0.8687277194248859
1,1,0.5341765504374327
1,1,0.6070546503355702
1,1,0.8316184461942057
1,1,0.7833256609490322
1,1,0.565181493976269
1,1,0.7796965103681891
1,1,0.5449782668553824
1,1,0.7596012181154043
1,1,0.7862794075523943
1,1,0.6460105010946361
1,1,0.6448324231359596
1,1,0.848996867110261
1,0,0.46550174426251234
1,1,0.7417278913505412
0,1,0.5951412751670607
1,1,0.854784259369204
1,1,0.8015288188841053
1,1,0.7963634238084069
1,0,0.2925831776012547
1,0,0.39055974468581334
0,0,0.019798617667393756
1,1,0.8204029531723152
1,0,0.4311509964402348
1,1,0.8272309762783907
1,0,0.35927431978019636
1,1,0.6939507826627073
0,0,0.020740450518479978
1,1,0.8134242706866016
1,0,0.24113093039267103
0,1,0.6163259138710006
1,0,0.44518682488300204
1,1,0.5335958901655693
1,0,0.35162501033653076
1,1,0.78323453840741
1,1,0.6045735645833014
0,0,0.3778304985467691
1,1,0.7583607655099535
0,1,0.6925157178574574
1,1,0.7847945820225414
1,0,0.4533400769584605
1,1,0.7037330417244931
1,1,0.7610330843121162
1,0,0.26842880804449765
1,1,0.6365362710862337
1,1,0.5784766288686642
1,0,0.3691793530253742
1,1,0.8407195071612201
1,1,0.5263700022267278
1,1,0.8562218010521444
1,1,0.5890111383872554
1,1,0.6170892321413256
1,1,0.6309186983017019
1,1,0.7689361889486033
1,0,0.024997490796368906
1,1,0.8248479253096186
1,1,0.8185917280630296
1,0,0.3998510924318552
1,0,0.2127322603895504
1,0,0.19807174330881389
1,0,0.40811574359436537
1,0,0.08087473496678649
1,1,0.7885179911456611
1,1,0.8366253261323756
1,1,0.5634159182832141
1,1,0.5185647406828432
1,0,0.44708526352274514
1,1,0.835721358364987
1,1,0.5362785404863624
1,1,0.754711315177189
1,1,0.8934756806088181
1,1,0.7330943388347146
1,1,0.8512645335866296
1,0,0.18037211655750457
1,1,0.7927347026228363
0,1,0.5356177301156444
1,1,0.6927890235367361
1,1,0.5224616023607938
1,1,0.5683358191496313
1,1,0.554667157694454
1,0,0.38278506140129526
1,0,0.48547398172662876
1,1,0.6158209884730995
1,1,0.7131423779873667
0,1,0.7175416811931253
1,1,0.7779209032056219
1,0,0.4825924283009719
1,1,0.8885319319947237
1,0,0.2697064888973631
1,0,0.26798438090697246
1,1,0.9009133968768822
1,1,0.654769873254393
1,1,0.6587064877352357
1,1,0.7717457301931379
1,1,0.5521303586180035
1,1,0.6632682273892749
1,1,0.8252788571603131
1,1,0.7268180754915187
1,0,0.4995224198943526
1,1,0.653064852887262
1,1,0.711322311955151
0,0,0.04974732714552768
1,1,0.8210333527776961
1,1,0.832584719556386
1,1,0.7134341103550923
1,1,0.748620269620889
1,1,0.7570405308233565
1,1,0.6623984503342882
1,0,0.3783741350397878
1,0,0.371922906981081
1,0,0.09112606548027063
1,1,0.7334107348727238
1,0,0.15020867404966112
1,1,0.9186239032634234
1,1,0.7767655538545952
1,1,0.7745712272757092
1,1,0.7632074473162888
1,1,0.7583978163416598
1,1,0.7396061673961201
1,1,0.8516056850811068
1,1,0.8471926446499926
1,1,0.7419364576380139
1,1,0.9186857748163433
1,0,0.163917937445336
1,0,0.4068939875272169
1,1,0.7918250105835359
1,1,0.7486820933763071
1,1,0.7762397756944073
1,1,0.8989375667699278
0,0,0.07416254159631647
1,1,0.6854593351581991
1,1,0.7124065100720436
1,1,0.9130753840814697
1,1,0.7265484942355065
1,0,0.39846396825220076
1,1,0.6056055559128304
1,1,0.7652986080356586
1,1,0.793801014344258
1,1,0.9144039715228222
0,0,0.3421065788954718
0,0,0.22745442484273104
1,1,0.859075602624591
1,1,0.6593964808736846
1,1,0.6949022691803844
1,1,0.5837697097956341
1,1,0.8039465857469693
1,1,0.5962909010690955
1,1,0.620645509603405
1,1,0.8780705591618494
1,1,0.7006919875907425
1,1,0.8249311054462155
0,0,0.05580986698973487
1,0,0.06877206326968077
1,1,0.6576333231189967
1,1,0.5258708048635597
1,1,0.855451894902871
1,1,0.8722713540347711
1,0,0.0681340466937383
1,1,0.550458249962339
1,0,0.48363280615661053
1,0,0.3391439496568563
1,0,0.41567204791882073
1,1,0.7687669855660523
1,0,0.31754853633561325
1,0,0.4259881488599049
1,1,0.699761018987781
1,1,0.7351196367790735
1,1,0.8210276214180645
1,1,0.828890578246136
1,1,0.9060793399164119
1,1,0.9010374318814941
1,1,0.7079009528296012
1,1,0.8006988634189356
1,1,0.5417904138668457
1,0,0.43567769395187084
1,0,0.0634769032057087
1,0,0.2100214716215549
1,1,0.7418150402870376
1,1,0.670785110946445
1,1,0.817723113589971
1,1,0.7029160993489014
1,0,0.3669881075423911
1,0,0.43236566343898025
1,1,0.8032835688510404
1,1,0.8479187566663678
1,1,0.5048523058133759
1,0,0.0068126573336483
1,0,0.39162915876057475
1,1,0.5069851968182801
1,1,0.8760197090354971
1,1,0.750303411372613
1,1,0.7945551756114991
1,0,0.2787066376079085
1,1,0.5463766616707538
1,1,0.8160186880490392
1,0,0.46138636006759004
1,1,0.7015108139626584
1,1,0.7105751741190507
1,1,0.7914094112411619
1,1,0.7714147508944094
1,1,0.6813015717483545
1,0,0.43024106941009954
1,1,0.8625047845418685
1,1,0.7950539221636626
1,1,0.5346080304384253
1,0,0.3945309841068724
0,0,0.48955861898825925
1,1,0.8101958193472572
1,0,0.4109682982389168
1,1,0.5469899955219522
1,0,0.09915397397308574
1,1,0.6268010353369285
1,1,0.8686296242389333
1,0,0.3859595932677996
1,1,0.8382440480078598
1,1,0.6906241068790734
1,1,0.5560294812150928
1,1,0.5907596353442425
1,1,0.6228135983072511
1,1,0.7181180895873369
1,0,0.39250059855149655
1,1,0.5267502769269459
1,1,0.8176339329586702
1,1,0.7783907026788567
1,1,0.7810579627113424
1,1,0.7172793098282844
1,1,0.8402258786780935
0,1,0.508851888859709
1,1,0.7472746215594986
1,1,0.6866825852049876
1,1,0.6265577820978946
1,1,0.782317825847752
1,1,0.6461310284655787
1,1,0.80198868174935
1,1,0.780443513292549
1,1,0.7895197267132211
1,1,0.7651081339107033
1,1,0.8303835025099106
1,1,0.6815820947116066
1,1,0.8103462189456414
1,1,0.7741161030069915
1,1,0.5682547619857607
1,1,0.7944222121313484
1,1,0.8379143077561128
1,1,0.6077588582611501
1,1,0.8225207980821734
1,0,0.05669241964090124
1,1,0.8861417584902066
1,1,0.8541937862604675
1,1,0.7625189517222246
1,1,0.706118594455846
1,1,0.5498841291645713
1,1,0.5914924516927527
1,1,0.7551433751558329
1,0,0.43960544386917383
1,0,0.4153569467574514
1,0,0.4902101613055259
1,1,0.7246679663733405
1,1,0.6755238085012952
1,0,0.42474500548028393
1,0,0.2744022436668574
1,1,0.8776515010545402
1,1,0.566918173374822
1,1,0.7214355648998361
1,0,0.12084148664131023
1,1,0.8661794652624052
1,1,0.8006491099955342
1,1,0.7333139185421824
1,1,0.6641671058313651
1,1,0.7811834877126127
1,1,0.8186599183931926
1,1,0.7058764105912404
1,1,0.5884268518700759
1,1,0.6553742186964021
1,1,0.8294966622659121
1,1,0.7616030173900108
1,1,0.5494957910958186
1,1,0.7954741229115917
1,1,0.7197454856672594
1,1,0.8588006138283178
1,1,0.6734655586556249
0,1,0.6387679332294358
1,0,0.47471403622311675
1,1,0.7683641560509936
1,0,0.3990885156051634
1,1,0.6246988409744585
1,0,0.3738792714057164
1,1,0.5951837143592527
1,1,0.7774901055958259
1,1,0.7478427998443411
1,1,0.6773996903958674
1,1,0.7239319912359343
1,0,0.2559091479941879
1,1,0.7808136032240165
1,1,0.7912974035613846
1,0,0.3593255707276354
1,0,0.3532346910803482
1,1,0.7206150705267971
1,1,0.6243854563283078
1,1,0.6772526017918745
1,1,0.5155293078554216
1,1,0.8879683032721102
1,0,0.30895604929872145
1,1,0.8318113894192891
1,1,0.8063573952050435
1,1,0.5552432724030134
1,1,0.8365231067441872
1,1,0.8292609703734976
1,1,0.8489541193069169
1,1,0.652226489764711
1,1,0.822900292545654
1,1,0.7833054838904424
1,1,0.8875282631208321
1,1,0.7007894978426819
1,0,0.4707177634241447
1,1,0.6106884669408902
1,1,0.613670311518478
1,1,0.8005480970611122
1,1,0.8480237615065304
1,1,0.6170604104242223
1,1,0.5982310683976289
1,1,0.7863513361761021
1,1,0.8743498694691686
1,1,0.5187979049302552
1,1,0.746611908083576
1,1,0.7224664138865055
1,1,0.8023521013347507
1,1,0.8842307792628046
1,1,0.8079929887232957
0,0,0.23047054092498062
1,1,0.8000176364258912
1,1,0.7744061281306316
1,0,0.3599118628741743
1,1,0.652573329792965
1,1,0.6791693330005051
1,1,0.7562914280462535
1,1,0.8346841677019982
1,1,0.7193122559157576
1,1,0.504761656269883
1,1,0.9041379387734019
1,0,0.4101895682781159
1,1,0.5277998866148094
0,1,0.6473889495662172
1,1,0.680044153409732
1,1,0.5617721140922861
1,1,0.5817600620370674
1,0,0.49184712943646086
1,1,0.9053253872948392
1,1,0.8021787213844587
1,1,0.551214336513984
1,1,0.7894521850149979
1,1,0.8264968423542807
1,1,0.7239592528927914
1,1,0.7783762189668941
0,0,0.19755040790017156
1,1,0.5203685874329841
1,1,0.7711034873832273
1,1,0.5158634379008666
1,1,0.6444503125550395
1,1,0.865940257406123
1,1,0.8706897051449931
1,1,0.8141132059302286
1,0,0.41245914282068324
1,1,0.7875372054679519
1,1,0.8018439416058745
1,1,0.640329462696948
0,0,0.01550169768253881
1,1,0.8081657500324192
1,1,0.7065945672374099
1,1,0.8442156746848796
1,1,0.5730939728005495
1,1,0.5703730514912944
1,1,0.7300845225152135
1,1,0.8014552761789815
1,1,0.7888835142740115
1,1,0.5498015063683642
1,1,0.5277272538616744
1,1,0.7777484352097297
0,1,0.8383622499147083
1,1,0.8348680514928368
1,0,0.4697115257719365
1,1,0.7159560721139127
1,1,0.5879679482659573
1,1,0.6134185597548302
1,1,0.742528796703124
1,1,0.5167703600478653
1,0,0.28272051047449037
1,1,0.5944531913872129
1,0,0.38031149187030927
1,1,0.7743588563421081
1,1,0.8132504599016618
1,1,0.7583726224316217
1,1,0.8778466785251171
1,1,0.799383861518844
1,0,0.39686472124028815
1,0,0.44189689012133987
1,1,0.6111323217201631
1,1,0.7370675582230901
1,1,0.646948096253296
1,1,0.6784953465978717
0,0,0.1538641311007585
1,1,0.7153505214924236
1,1,0.6859393982431957
1,0,0.42002921785274144
1,0,0.3358986977305192
1,1,0.5660948015691156
1,1,0.8879270580570213
1,1,0.749064214602275
1,1,0.7684594299250588
1,1,0.7840476575151935
1,1,0.6748476400684933
0,1,0.7209633362045025
1,1,0.6063855316887357
1,0,0.20507983120841863
1,0,0.2439797970261662
1,1,0.6175510323776804
1,0,0.2589077684757178
1,1,0.7082175348461074
1,1,0.8751749401697784
1,1,0.7901092475037295
1,1,0.6813531471220916
1,1,0.7630115816642922
1,1,0.6844499225562396
1,1,0.8390727566756725
1,1,0.7458201323071555
1,1,0.7607836523806158
1,1,0.8721500441352398
1,0,0.49733675599631405
1,1,0.8588742258409618
1,1,0.8211461358376906
1,0,0.20857744236388118
1,1,0.825547148592965
1,1,0.7533539909473197
1,1,0.806395879843035
1,1,0.6651990647217285
1,1,0.8155769696343846
1,0,0.336215221595671
1,0,0.3024470080151121
1,1,0.6511964083882861
1,0,0.3883696473550082
1,1,0.5778243669291014
1,1,0.807840313264977
1,1,0.7607529971202136
1,0,0.35232084116979395
1,1,0.8598116654476966
1,1,0.73901965302963
1,1,0.5525938124382846
1,1,0.9095052559830014
1,1,0.8066361880865197
1,1,0.8350566677402446
1,1,0.8271191031652249
1,1,0.9051328211971643
1,1,0.8676489513394345
1,1,0.6717007478628299
1,1,0.8407344960633875
1,1,0.8508704771845169
1,1,0.8390547306402999
1,1,0.8900245531024614
1,0,0.24540836365592308
1,1,0.6759716779425334
1,1,0.8899401834464011
1,1,0.87052777108575
1,0,0.48309382657664063
1,0,0.03938143978005786
1,1,0.8474773787396407
1,1,0.5833870455938259
1,1,0.7466590336392394
1,1,0.6405484485401536
1,1,0.7389986590278642
1,1,0.5683324550711507
1,1,0.5865410877027107
1,1,0.7732153230190189
1,0,0.14129878129746606
1,1,0.6616009163533322
1,1,0.6455261143991804
1,0,0.12129200024902952
1,1,0.623915318309349
1,1,0.8713203831683052
1,0,0.38242691449830435
1,1,0.8381894111357062
1,1,0.909308063911251
1,1,0.771747517744871
0,0,0.06505123226686092
0,0,0.37151194979567365
1,1,0.6370946782491882
1,1,0.8496142746865342
1,1,0.6462754562628528
1,1,0.8227154834527134
1,1,0.7506419779247404
1,1,0.8463626050726971
0,0,0.01013039386176665
1,1,0.8818739091956035
0,0,0.47204292299192085
1,1,0.7365498423437056
1,1,0.6554010054390431
1,1,0.8872641729351759
1,1,0.5564719284936662
1,1,0.8534330115468236
1,1,0.7150968579530681
0,0,0.234104912284798
1,1,0.644135027172767
1,1,0.7855758595301291
1,1,0.7407449785667396
1,0,0.2176958781167241
1,1,0.8431167578961418
1,1,0.598476568553231
0,1,0.594686250639321
1,0,0.1678754604105991
0,0,0.13508841791055232
1,1,0.6474048162473777
1,1,0.7498830538584323
1,1,0.8367040616962395
1,1,0.6977894273176203
1,1,0.7463023759569196
1,1,0.8420028091577217
1,0,0.3810296713744552
1,1,0.7687486924541833
1,0,0.21772894696466724
1,0,0.49013426587764797
1,0,0.43798027941776335
1,0,0.46422824120771783
1,1,0.877921705034113
1,0,0.37369491557485807
1,1,0.6196263078142898
1,1,0.7699859259165092
1,1,0.7565188924566786
1,1,0.8694112469500368
1,1,0.691416713882316
1,1,0.5913847557853479
1,1,0.747870517564987
1,0,0.3254062497922722
1,0,0.4509857973950894
1,1,0.663494299237613
1,1,0.8793582931919103
1,1,0.8494720594786006
1,1,0.7978775772722986
1,1,0.6317814514942071
1,1,0.6836346254988739
1,0,0.48490327275028694
1,1,0.6842436364255862
1,1,0.6640913510435895
1,1,0.7805366780576765
1,1,0.752294681314058
1,1,0.7992492118309549
1,1,0.7425998651860263
1,0,0.4080649167440128
1,1,0.9008402184765552
1,1,0.6282686116772959
1,1,0.6043980213108
1,1,0.5541013961113826
1,1,0.7567637551903493
1,0,0.36979539628226105
1,1,0.7738180308463999
1,0,0.410811648400021
1,1,0.6414893024598347
1,1,0.7393873171300186
1,0,0.263818467264228
1,0,0.4939602087151736
1,1,0.7914753912100617
1,1,0.7950316521722487
1,1,0.7845959402731073
1,0,0.4659904154954873
1,1,0.7257246793867601
1,1,0.741716937106805
1,1,0.7167548094525825
1,0,0.3599160182480123
1,1,0.7618911611081975
1,0,0.45763149146257703
1,0,0.13675566294317718
1,1,0.8610585220371153
1,1,0.5485608057546802
1,1,0.7415290461832322
1,1,0.8008088436320053
1,1,0.8996867796164693
1,1,0.8154499118077109
1,1,0.8407421384210955
1,1,0.7974353225157123
1,1,0.6141423664902589
1,1,0.7819441319943358
1,1,0.8168462393071122
1,0,0.4821174884151186
1,1,0.8541448965747994
0,0,0.12530656875948235
1,1,0.6958485525327727
1,0,0.22459076164420924
1,1,0.7230908939095826
1,0,0.3194861513163918
1,1,0.6523516103326195
1,1,0.6598015079368112
1,0,0.3346403040865745
1,1,0.6591409919048845
1,1,0.8721943681651001
1,0,0.46183773368695474
1,1,0.6236704507124378
1,0,0.4823570872836299
1,1,0.7315904899270629
1,1,0.5129509762265922
1,1,0.9003986794994503
1,1,0.782003205263251
1,1,0.5703999670872933
1,1,0.8430266175672996
1,1,0.8134046979989202
1,0,0.36960825388105534
1,1,0.8527141299046535
1,1,0.7833282638530763
1,1,0.773699850896596
0,1,0.6665493595802401
1,1,0.7422882562408396
1,1,0.831325268678536
1,1,0.7606260458059135
1,1,0.6831133377835386
1,1,0.5905746776365882
1,1,0.7566176777704011
1,1,0.6377660347479718
1,1,0.571557302674941
1,1,0.8879644468527369
1,1,0.6249493507979524
1,1,0.7342716984565549
0,1,0.5462615399544888
1,1,0.550183546573101
1,1,0.7019336803185704
1,0,0.3685989398827819
1,1,0.7890317614811647
1,1,0.6615509580898411
1,1,0.5735164610863953
1,1,0.6528792007992219
1,1,0.890772475510612
1,1,0.5381678795391931
1,1,0.7122598488021568
1,1,0.7507162771849475
1,1,0.8949975743235804
1,1,0.6277298146043077
1,1,0.5488432980645893
1,1,0.5099424991906376
1,1,0.7920118154388264
1,0,0.3488799037336928
1,1,0.5511677524170504
1,1,0.7959239682681309
1,0,0.4733966673996494
1,1,0.6681424526537725
1,1,0.8135525028405675
1,1,0.7677152772161328
1,1,0.8940035929379492
1,1,0.7309190007206543
1,1,0.8271378562604547
1,1,0.8474593608156342
1,1,0.8637153681293188
1,1,0.5131644504989437
1,1,0.8364315910399116
1,1,0.6487976460793622
1,1,0.5305833797314046
1,1,0.8086728974633499
1,1,0.7048923324264379
1,1,0.8382935325184399
1,1,0.6128293243489576
1,1,0.7197151074850181
1,1,0.6908094474215039
1,1,0.7834479560575431
1,1,0.6511538271153164
1,1,0.6943090358536518
1,0,0.3667136212632806
1,1,0.750326357156763
1,0,0.4919659876114515
1,0,0.23679103322418135
1,1,0.8422019013373685
1,1,0.8598268142650857
1,1,0.8177459435992416
1,1,0.8769675181572436
1,1,0.6781447594573872
1,1,0.8547247234232073
1,1,0.7539108966729535
1,1,0.8257817460615179
1,1,0.749774573161491
1,1,0.8189192098464435
1,1,0.9089334790712327
1,1,0.8573583165827919
1,1,0.784995768651362
1,0,0.3383118293403911
1,1,0.8109565668693411
1,0,0.42850167913539455
1,1,0.8010471761168074
1,1,0.6318250961778
1,0,0.4906302614918751
1,1,0.5684865544477291
1,1,0.754727319675509
1,1,0.8438813689620313
1,1,0.7919638820799427
1,1,0.5095479565678918
1,1,0.7553525270190609
1,0,0.21023281534217592
1,1,0.836889566243336
1,0,0.3398524862703657
1,1,0.8125954759276877
1,0,0.3414389977984463
1,1,0.9042687661447905
1,1,0.8972482668416872
1,0,0.30683456606779064
1,1,0.6607056162094523
1,0,0.42237191465666657
1,1,0.8267918666247525
1,1,0.7329459390618815
1,1,0.8099934636157979
1,1,0.8787621200731675
1,1,0.7693231710600049
1,1,0.8357138768353548
1,0,0.42681155078040034
1,1,0.6613564397095093
1,0,0.12369873182542244
1,1,0.7205100917937987
1,1,0.7659692873162741
1,1,0.6979953015556892
1,1,0.7681054222298511
0,0,0.10136861485258297
1,0,0.34558076489786105
1,1,0.8343346822884121
1,1,0.911048143166323
1,1,0.5356627248815017
1,1,0.6689613421893942
1,1,0.5849603225025004
1,0,0.4293341108255875
1,0,0.36991702232709395
1,0,0.4824452924958031
1,0,0.26760984055378556
1,1,0.8010851364741044
1,1,0.6683322036034307
1,1,0.624304645177307
1,1,0.6602540957205274
1,1,0.6124827872776617
1,1,0.7276813978713559
1,1,0.7872550949600813
1,0,0.4982745370197311
1,1,0.8305405798753308
1,0,0.29073246167784983
1,1,0.8423339809867805
1,0,0.019972647540518033
1,1,0.7806997381513607
1,1,0.7327561726461203
1,1,0.7817629078073646
1,1,0.573808798877509
1,1,0.6604816822523982
1,1,0.8195232462026938
1,1,0.6482793435891543
1,1,0.8802825297307176
1,1,0.7544178470934897
1,1,0.6535130980753776
1,0,0.40162268336386103
1,1,0.6508775065699178
0,0,0.08123347421926466
1,1,0.7136762063805542
1,1,0.8160139008957379
1,1,0.9167868410322685
1,1,0.5920633872387313
1,0,0.11429469217504272
1,1,0.5631260950208118
1,1,0.6725377277277136
1,1,0.5667860034266291
1,1,0.6512105052550395
1,1,0.6296759319756831
1,1,0.6797039129515376
1,1,0.8753554609082905
1,1,0.7149420029491265
1,1,0.640804597086785
1,0,0.46729091850334764
1,1,0.7731602338279272
1,1,0.5864442458536843
1,1,0.7715991618610271
1,1,0.7240476800579078
1,1,0.878071646560746
1,1,0.79115391378246
1,1,0.7849544833089191
1,1,0.8796925415968271
1,1,0.5987079614065846
1,1,0.8856807261276695
0,0,0.051051955989273465
1,1,0.8438049636223923
1,1,0.873690687850616
1,1,0.6191631309283496
1,1,0.7799497018005028
1,0,0.49934134147327597
1,0,0.36375617857145603
1,1,0.9180080872316009
1,1,0.8698871447257035
1,1,0.866968302381851
1,0,0.34536762864452225
1,1,0.5976589721029986
0,0,0.023555754291559622
1,0,0.3004084652787144
1,1,0.73667676898289
1,1,0.9047610781814943
1,1,0.8212779173877142
1,1,0.7723950164919834
1,0,0.45369745359328206
1,1,0.8489046601676749
0,0,0.1331327646488848
1,1,0.6341238513600462
1,1,0.6632651254075717
1,1,0.6382045211841464
1,1,0.9027837372591275
1,0,0.3847563193386685
1,0,0.3633228146479815
1,0,0.4533676026029098
1,1,0.6470425884676648
0,1,0.7618231979657764
1,1,0.7103313731433908
1,1,0.6956206944864021
1,1,0.8768960837685669
1,1,0.6767677867744604
1,0,0.40745003828079945
0,0,0.44167020463551465
1,1,0.590720018804067
1,1,0.7615736785040733
1,1,0.5952661212220913
1,1,0.8672370906239104
1,1,0.8764042827732981
0,1,0.5001916639507268
1,1,0.885548317247921
1,0,0.3006371401655761
1,1,0.8527117882691433
1,1,0.7920263220223639
1,1,0.8190362660708104
1,1,0.8424580510816804
1,1,0.7426197925798871
1,1,0.8439161981207938
1,1,0.8851300842141272
0,1,0.6375618477055273
0,1,0.5423462521035538
1,0,0.44720803428651607
1,1,0.72555161150809
1,1,0.8703754776576429
1,1,0.813439567755249
1,0,0.4529978199664539
1,1,0.8576622133049945
1,0,0.46318179433288614
1,1,0.6949939912436737
1,1,0.7765904822167011
1,1,0.761796843984618
0,1,0.5568553258965097
1,1,0.8227337878864054
1,1,0.7747470126941733
1,0,0.39741200933251647
1,1,0.5190296480020812
1,1,0.7491002128554678
0,0,0.0052772298550475705
0,0,0.17900788087886893
1,1,0.7904149240319964
1,1,0.8176506993387105
1,0,0.39864666347355093
1,1,0.8661589815357099
1,1,0.8160102644157816
1,1,0.7010188690687252
1,1,0.7416880817818875
1,1,0.7332015656549878
1,1,0.8208213445556163
1,1,0.7500408227369466
0,1,0.5646675719736302
1,1,0.7855819029289496
1,1,0.860011079173714
1,1,0.519345080405972
1,1,0.8343151607562668
1,1,0.8076728184152391
1,1,0.7108051654669536
1,1,0.7338924634162018
1,1,0.5703374127480032
1,1,0.7917820071626803
1,0,0.2977285835616335
1,1,0.7687181474903174
1,1,0.6476849351291388
1,1,0.6181654133238854
1,1,0.5748179269129188
1,1,0.6833422753616346
1,0,0.2418271980323149
1,1,0.6893313908758725
1,0,0.3944814224314182
1,1,0.8582855450730061
1,1,0.8538562462264552
1,1,0.6678083732167325
1,1,0.6134920247708223
1,1,0.8634996171432725
1,1,0.8193705471404806
1,0,0.3826777245823239
1,1,0.8648736425145286
1,0,0.46257442463398235
1,0,0.40067231147566684
1,0,0.39720512613071407
1,1,0.5414579166421735
0,0,0.3936728490408576
1,1,0.6890604565335918
0,1,0.7982528056810861
1,1,0.8424781007375185
1,1,0.7127891250561247
1,1,0.6439145254513736
1,0,0.09681763866453348
1,1,0.5530184026817127
1,1,0.7271313337293857
1,0,0.3574452949756692
1,1,0.8362255741909895
1,0,0.03133267156635078
1,1,0.7821043035028954
1,0,0.39194178299958465
1,0,0.07906602079887502
1,1,0.7901343912492452
1,0,0.4570456799329011
1,1,0.7229757184848326
1,1,0.7374162836358921
1,0,0.10847685409452242
1,1,0.8890173755854153
1,1,0.6399071970515303
1,1,0.7521417841859674
1,0,0.4051157082641659
1,1,0.724525718862176
1,1,0.8632242975463769
1,0,0.15524604341122927
1,0,0.49665451193857746
1,0,0.26617369033049243
1,1,0.8278247119374919
1,0,0.4809771554264442
1,1,0.6924180181083629
1,1,0.8913110678256408
1,1,0.8817476078984866
0,0,0.15798120500340498
1,1,0.8921836397320305
1,1,0.7574335868570965
1,1,0.7225150551302211
1,1,0.8817244785805252
1,1,0.6848079784078999
1,0,0.419563482130894
1,1,0.7923537931596579
1,1,0.7397261484267014
1,1,0.7965088045786081
1,1,0.7372688986122129
1,1,0.5142824957571819
1,1,0.8571939486790618
1,0,0.2897788687154347
1,1,0.645593335655606
1,1,0.7535900826139867
1,0,0.4869280367218367
1,0,0.49896135414977916
1,1,0.8451917959744542
1,0,0.482533913547156
1,1,0.8551542742621608
1,1,0.8258517677191101
1,1,0.7439632851187241
1,1,0.8054769826871996
1,1,0.710743406362404
1,1,0.7091446823419203
1,1,0.8928380755638512
1,1,0.7175410814484686
1,1,0.5711300505894867
1,1,0.8390234067070842
0,0,0.4599793760221815
1,1,0.5481004501854775
0,0,0.006046103147361854
1,1,0.7381007727900418
1,0,0.410624948892114
1,1,0.5367765439191958
1,1,0.8214493196133665
1,1,0.7801031513118843
1,1,0.7579576724676749
1,0,0.4696638180338905
1,1,0.8101907214492832
1,1,0.7176853667018536
1,1,0.8058185121434751
1,1,0.8392186940353563
1,1,0.7103661858444891
1,1,0.8706809181090874
1,1,0.5906874205405594
1,1,0.7057201155426441
1,0,0.049099433629287786
1,1,0.6987054277921585
1,1,0.8476544452220406
1,1,0.7019542575092782
0,0,0.44262707738440277
1,0,0.440946284258042
1,1,0.8434905614001283
1,1,0.5814570178983312
0,0,0.4685458306898385
1,0,0.38077602349183376
1,1,0.5136385034636978
1,1,0.7907809573496083
1,1,0.7024260033382714
1,0,0.39982043925210686
1,1,0.6779373371202129
1,1,0.6607317862418687
1,1,0.5691866109578204
1,0,0.2697070014861228
1,1,0.7581562698133909
1,1,0.5974477438043687
0,0,0.21584129466523244
1,1,0.7523998593858825
1,1,0.7156892144169603
1,1,0.8387461409178496
1,1,0.8602739680387952
1,1,0.6792730840978624
1,0,0.38523893188768965
1,1,0.7954351991533903
1,1,0.6998836447592665
1,0,0.47561846690974285
1,1,0.8490973352455511
1,0,0.40931759248756056
1,1,0.6254699025255247
1,1,0.7577842967938905
1,1,0.6179847639298393
1,1,0.8912441415736617
1,0,0.11035993214509765
1,1,0.6913744534727297
1,1,0.8982357954467485
1,1,0.6436638646908734
1,0,0.4025770307451788
1,1,0.7787655491710025
0,1,0.7060268725983353
1,1,0.7011192558743262
1,1,0.8256439806074218
1,1,0.5085623322709001
1,1,0.586992463438301
1,0,0.4581241502965154
1,1,0.8449994688774313
1,0,0.4082163511810003
1,1,0.7893703299277742
1,1,0.7565579631057205
0,0,0.04723592364169052
1,1,0.5520176821544024
1,0,0.4538193148391359
0,0,0.4548369318446454
1,1,0.7881289289502865
1,1,0.7595214990576098
1,1,0.8348720469290949
1,0,0.04614860760637563
1,1,0.8601661118241486
1,1,0.8593001045419085
1,1,0.5375423758334721
1,1,0.8412689846465397
1,1,0.8502582176472882
1,1,0.7555415004454672
1,1,0.871305978306772
1,1,0.8428180613282282
1,1,0.7073585615519823
1,1,0.7567276586386157
1,1,0.7748091104700394
1,1,0.8290043328466485
1,1,0.7065628385320024
1,1,0.8404055323261778
1,1,0.7176017750801646
1,0,0.19595166875287673
1,1,0.7938535784802313
1,1,0.8318719641229291
1,1,0.7884865995643769
1,1,0.6837678721023196
1,0,0.11145538974870313
1,1,0.5349830862303127
1,1,0.7761116504621959
1,1,0.538440813682258
1,1,0.8212271202087528
1,1,0.6057057460036467
1,1,0.7086666465514849
1,1,0.5424905749361678
1,1,0.7688556535652398
1,1,0.7810378270497103
1,1,0.8055228842563613
1,1,0.5906791203532001
1,0,0.48025348198990486
1,1,0.7799320282109734
1,1,0.7609583305736796
1,1,0.8302005350396303
1,1,0.8123068452144315
1,1,0.7871152762962786
1,1,0.7410173619717145
1,0,0.3830690216529424
1,1,0.5697699016755441
1,1,0.7774798615874599
1,0,0.33291945103598
1,0,0.41204642943078723
1,1,0.8181969642311191
1,1,0.8057736420041463
1,1,0.6455580317856031
1,1,0.6312234832895877
1,1,0.8190431625953687
1,1,0.8140645893964795
0,0,0.40378333991210985
1,1,0.7628187783928229
1,1,0.7321650224986261
1,1,0.7237544034353125
1,1,0.7158720227673269
1,1,0.848906236680421
1,1,0.7427547639788129
1,0,0.4436035517257877
1,1,0.7291778249216945
1,1,0.7063826302291198
1,1,0.805864124290525
1,0,0.4426962138112252
1,1,0.779681682699232
1,1,0.7929434845601472
1,0,0.4252710551898903
1,1,0.6641305385215295
1,1,0.6344002199804213
1,1,0.5117884949583518
1,1,0.6136284545807533
1,1,0.7779256722163417
1,1,0.7640949260748225
1,1,0.7393703287602363
0,0,0.011033394878855848
1,1,0.7135100729110605
1,1,0.7828407834682852
1,1,0.7896386066935588
1,1,0.6641115427211858
1,1,0.693148441339713
1,1,0.736065437473861
1,1,0.8266074072022229
1,0,0.01477098571256839
1,0,0.11134694491930126
1,0,0.09326600926761881
1,0,0.16762811101339906
1,1,0.8506292169376463
0,0,0.1693142826176863
1,0,0.3028184086955687
1,1,0.8199357127459286
1,1,0.6200484020703859
1,0,0.4869883159204313
1,0,0.39055403694240026
1,1,0.8241403442448669
1,1,0.7219077474780613
0,0,0.22631221974308688
1,1,0.6935501282375739
1,1,0.874921006037989
1,1,0.8314050460123004
1,1,0.7806477806630758
1,1,0.7952886083221018
1,1,0.7492001998975637
1,0,0.44508063253710856
1,1,0.5853728211298588
1,1,0.7015173278579812
0,0,0.051680018643270244
1,1,0.6721730804102228
1,1,0.6596467814389126
1,1,0.7532096753289729
1,1,0.5389888324036564
1,1,0.7646282252968994
1,0,0.4750029800096018
1,1,0.5269505597576851
1,1,0.813664065293973
1,1,0.6812829603777446
1,1,0.7054078273500819
1,1,0.7330762664522917
1,1,0.8275360175647912
1,1,0.8178458925040758
1,1,0.7574410800082751
1,1,0.8716566123183962
1,1,0.8436269016402183
0,0,0.3852806218031904
1,1,0.5305700746561599
1,1,0.8628510048366216
1,1,0.534812626432363
1,1,0.8582773402770271
1,1,0.6066817720202851
1,1,0.5322730111282815
1,0,0.2976233256826948
1,0,0.4742291451966628
1,0,0.0833303060176108
1,1,0.8691534035541955
1,1,0.9016812567659769
1,1,0.7264804130317207
1,1,0.8339535661466663
1,1,0.853301513483612
1,1,0.6430877383027718
1,1,0.8433085665241866
1,1,0.856603685987398
1,1,0.6052570401857539
1,1,0.8166891612384025
1,1,0.5626331456740854
1,1,0.6796279145731875
1,1,0.7490011568293907
1,1,0.7960429446599365
1,1,0.5967712750895617
1,1,0.5866603375346062
1,0,0.47898412609729457
1,1,0.6543479263152417
1,1,0.7708890276949454
0,0,0.03714239050497029
1,0,0.41615518249023575
1,1,0.8005056589122761
1,1,0.7997593624975874
1,1,0.5201599783115088
1,1,0.5885158834868512
1,0,0.4999678520514191
1,1,0.6213587621351072
1,0,0.3540613153836445
1,1,0.8861726429678686
1,1,0.7871020131624166
1,1,0.6793436481776428
1,1,0.8140445640231154
1,0,0.23228511903790358
1,1,0.808513696303755
1,1,0.570488359853625
1,0,0.23595674276412712
1,1,0.836870280107183
1,1,0.8330125003602893
1,1,0.6677133668873453
1,1,0.721517681206689
1,0,0.2415811107990938
1,1,0.7423240158801834
1,1,0.6361365120275773
1,1,0.5923970025793676
1,1,0.7511141072890914
1,0,0.2498996827368565
1,1,0.5241485155712964
1,1,0.7090077880566126
1,1,0.8997885927886631
1,1,0.8710323716359524
0,1,0.5446572219477208
1,1,0.8700761116597652
1,1,0.6236477418953564
1,1,0.8896941797296887
1,1,0.7602270748484317
1,1,0.8080734959008432
1,1,0.7318464953373657
1,0,0.3014291556298601
1,1,0.5975923735356493
1,1,0.8795814121341556
0,0,0.11567870654256877
1,0,0.49387908180257467
1,1,0.7906331624916156
0,0,0.22115019054793403
1,1,0.5631127557448805
1,1,0.7363149015249555
1,1,0.8972865604408947
1,1,0.7169654803014943
1,0,0.27928253152187654
1,1,0.5395746488872672
1,1,0.8608171584966064
1,1,0.5815735408252651
1,1,0.5425629660270452
1,1,0.6222501032640632
1,1,0.9150163458350612
1,1,0.9073876787965743
1,1,0.8183104399221482
1,1,0.7567877139434376
0,1,0.6273926142517781
1,0,0.27072336156056026
1,1,0.5967780770739816
1,0,0.14849374739739649
1,1,0.7850762650316528
1,1,0.6610566112109958
1,0,0.17800950355064257
1,1,0.5057620906132616
1,0,0.312763140709556
1,1,0.8595105913134226
1,1,0.8033412207740273
1,0,0.24787325850002462
1,1,0.5038872610718353
1,1,0.604469543861008
1,1,0.8439958934577257
1,1,0.5372194625632775
1,1,0.7094816075753031
1,1,0.9237998650192233
0,0,0.4852513649548852
1,0,0.47101099937507035
1,1,0.5497503515627442
1,1,0.8773751019046784
1,1,0.8158613319800654
1,0,0.49906110065177745
1,1,0.6656733987117937
1,1,0.5591180719720731
1,0,0.2558111795956856
1,1,0.768109143202807
1,1,0.506571863634652
1,1,0.6362288632534941
1,1,0.8103685585979248
1,1,0.8098583564109151
1,1,0.6307804106133403
1,1,0.8138417123036112
1,1,0.5813961701403719
1,1,0.5569829142968167
1,1,0.8281120106125781
1,1,0.5013110076091274
1,0,0.020146932172043084
1,1,0.8005089197841313
1,0,0.016798311969440167
1,1,0.7791930746513651
1,1,0.6984378793516617
0,0,0.08314555423487943
1,1,0.8238275284486583
1,0,0.40387073269564716
1,0,0.3724472751188213
1,1,0.5064919083693397
1,1,0.8823322630284799
1,1,0.7740194740310514
1,1,0.7911500807611238
1,1,0.8403144771072478
0,1,0.643705326564789
1,0,0.16019340212730196
1,1,0.7146796633867172
1,1,0.7987397733002886
1,1,0.7544013834960442
1,1,0.70596134581408
1,1,0.5910230739387813
1,1,0.866183120307515
1,1,0.7953213284869983
1,1,0.6316178241065814
1,1,0.6515803524540661
1,1,0.8835751080192884
1,0,0.426080231970748
1,1,0.8111668994783828
1,0,0.47366347866950576
1,1,0.6614126571248766
1,1,0.6899292899289752
1,0,0.4512877305998471
1,1,0.6381691748295177
1,1,0.8972643845213675
1,1,0.5250069694505569
0,1,0.7207241349775592
1,0,0.3961083122481966
0,0,0.05614401189228311
1,1,0.7889783620761861
1,1,0.7701864300878923
1,0,0.3935679099331358
1,1,0.7916622028512641
1,1,0.5178693768003503
1,0,0.157944000387326
1,1,0.7515103685694994
1,1,0.692348171640173
1,1,0.6977090118704554
1,1,0.8629876750208381
1,1,0.7567392049817998
1,1,0.7109697725872548
1,0,0.4402259106662174
1,1,0.7982142285477226
1,1,0.5540757934548018
1,0,0.27180802568674955
1,1,0.7826380608440926
1,1,0.5126880576327159
1,0,0.13692455447376628
1,1,0.73418411823202
1,0,0.406074602973785
1,0,0.39451191431233895
1,1,0.6151809382959988
1,1,0.7524597130800895
0,0,0.004958500861824986
1,1,0.8283703599672367
1,1,0.8298711888765032
1,1,0.8751888628776892
1,1,0.693602974720007
1,1,0.568029053049963
1,1,0.7902143586267998
1,0,0.18840105579929942
1,1,0.8713086781047974
1,1,0.7750282002948663
1,1,0.7193592084840222
1,0,0.4078575655253932
1,1,0.5286510554015992
1,1,0.7500432496501589
1,1,0.8078581839714872
1,1,0.8524880463700896
1,1,0.79249789946177
1,1,0.5868947556598283
1,1,0.8311572078172571
1,0,0.02824684014194765
1,1,0.8076728103765584
1,1,0.7812566296953257
1,1,0.8978261971807814
1,1,0.764074574017971
1,1,0.8126131505848424
1,1,0.6836097049902593
1,0,0.4084549357469279
1,1,0.7688898952876747
1,1,0.86833213625583
1,1,0.8351558354716935
1,0,0.3039401560283355
0,0,0.0014548428877613764
1,1,0.745988093062237
1,1,0.7431523011068707
1,1,0.6441911430120952
1,0,0.27926761372101533
1,1,0.8148841038401562
1,1,0.7615450983467879
1,1,0.6981641136845063
1,1,0.7857132636706614
1,1,0.6910799883167956
1,1,0.6972681912023759
1,0,0.3475955672797487
1,1,0.8599363868044819
1,1,0.8015397739087317
1,0,0.4735224427713089
1,1,0.6716257553818764
1,0,0.2120346309564833
1,1,0.8651713429251505
1,1,0.7884580741469895
1,0,0.0452830907184758
1,1,0.7533548009611002
0,0,0.37669260077406
1,1,0.8555255889337681
1,1,0.8137511308567326
1,1,0.8841066088012529
1,1,0.7393853120904453
1,1,0.7862633317534642
1,1,0.8714833762784213
1,1,0.7789988552529687
1,0,0.4922385965123268
1,0,0.3628035973680336
1,1,0.8138953352145372
1,1,0.7038127922394077
0,0,0.04022606267986599
1,1,0.7737068701722267
1,1,0.6710205474872192
1,0,0.2914929547615479
1,1,0.5854937639245176
1,1,0.552869730829832
1,1,0.7728152694602164
1,1,0.8117350971759191
1,1,0.5598703616168064
1,0,0.3378435098469351
1,0,0.06439152650086874
1,1,0.8120304388625952
1,1,0.8034699805650981
1,1,0.7199443452483071
1,1,0.731626109692942
1,1,0.7586143141659415
1,0,0.42671933481752716
0,0,0.4540776948518623
1,1,0.8384143559068133
1,0,0.3767590522393099
1,1,0.8763935722508395
1,1,0.7454172404124152
1,1,0.8035817558123403
1,1,0.6258969337083716
1,1,0.7981975896186954
1,1,0.762914218354246
1,1,0.7167399678363046
1,1,0.8817907307933818
1,1,0.8604156578184526
1,1,0.7287758641981704
1,1,0.7189614499033257
1,0,0.1572045597279811
1,1,0.5558360002992995
1,1,0.7919905729989408
1,1,0.6565576426039921
1,1,0.843019966307905
1,1,0.7633766220109264
1,0,0.30007358781216403
1,0,0.46497631916934745
1,1,0.7443680126649058
1,0,0.07653596598459507
1,1,0.526886308760792
1,0,0.40921178142992987
1,1,0.8247243095864294
1,1,0.8874266709070233
1,1,0.5891935547554747
1,1,0.8022122105600876
1,1,0.6520305169178301
1,1,0.6404461867425656
1,1,0.7170112506568947
1,1,0.8866133761095737
1,1,0.6815818855909304
1,1,0.519335047272489
1,1,0.8401866214038348
1,0,0.4458281649587901
1,1,0.6903056851632112
1,1,0.5789303911009251
1,1,0.565392678637564
1,0,0.4335891196995446
1,1,0.7479975107437854
1,1,0.5314039713287864
1,1,0.8404173654343494
1,1,0.7778028439361232
1,1,0.7872832086632048
1,0,0.2933228964441773
1,1,0.7614703440624042
1,0,0.4516214405725267
1,1,0.8898228492293774
1,1,0.7741280662523837
1,0,0.47067725581917164
1,1,0.905513360420187
1,0,0.4160005727176829
1,1,0.7944070741725067
1,1,0.6371801057726233
1,1,0.8595987254010438
1,1,0.6215085638973972
1,1,0.587580506359007
1,0,0.4465131813352258
1,1,0.7706417028031268
1,0,0.03153439959242864
1,1,0.6963704323609922
1,1,0.8471557111766389
1,1,0.649148022691913
1,1,0.6579428789897844
1,0,0.4492531805135944
0,0,0.02532515223913801
1,0,0.3289654735611883
1,1,0.7567362862111053
1,1,0.8689998616955046
1,1,0.7088994414080017
1,1,0.8783184429678179
1,1,0.8218242165496735
1,1,0.6211254547839192
1,1,0.8713053810722363
1,1,0.7931527078974372
1,1,0.8259937007215358
1,1,0.8423921527907359
1,1,0.7464661094668703
1,1,0.638226586831749
1,1,0.8488652086896836
1,1,0.8911294026243677
1,1,0.7961198999070206
1,1,0.7710891180024371
1,1,0.829294552616678
1,1,0.7741464860214471
1,1,0.5341491696575423
1,1,0.6571698704361516
1,1,0.5182699365535332
1,1,0.8669367291983544
1,1,0.7833448647385033
1,1,0.5326736196163824
1,1,0.7012464106478715
1,1,0.7251672788336679
1,1,0.5732958669863957
1,1,0.7668692956884098
1,1,0.5523085761258056
1,1,0.6576587210323547
1,0,0.4604892765867774
1,1,0.5968534172975197
1,1,0.7575929421179967
1,1,0.7454938088884882
1,1,0.7819076496673304
1,1,0.7244269903279552
1,0,0.11316585736291658
1,1,0.8612348141915764
1,1,0.7236954641959237
1,0,0.37698800650476877
1,1,0.5080964645823096
1,0,0.39810220247352335
1,1,0.8778245471847896
1,1,0.7154212747640751
1,1,0.7400695474230586
1,1,0.8498064473033914
0,1,0.868761358387392
1,1,0.8736089597812341
1,1,0.7840719964244843
1,1,0.6090515091082023
1,1,0.6110226433033973
1,1,0.7570905251001422
1,0,0.3745320422425993
1,1,0.8502271239060399
1,1,0.7591503815821631
1,0,0.023166204141756554
1,1,0.7976031219995902
0,1,0.7338261960198322
1,1,0.7996427695436902
1,1,0.8081806735445407
1,1,0.7141310714599365
1,1,0.7807306873668289
1,1,0.8876159223142223
1,0,0.06079580509023767
1,1,0.6845069841813016
1,1,0.8133639586591587
1,0,0.4523668222163905
0,1,0.5921253396675071
1,1,0.8781781810756158
1,1,0.7923095552382192
1,1,0.801117083499059
1,1,0.7966485107883304
1,0,0.25071050583990545
1,1,0.588453905058059
1,1,0.7048840028961636
1,0,0.30797390414608766
1,1,0.6702805136930471
1,1,0.8581711019717845
1,1,0.7171403009867209
1,1,0.8224017348350584
0,0,0.3931616297574123
1,1,0.9038590265680305
1,1,0.7880236220013674
1,1,0.7990993351097281
1,1,0.6581708846184285
1,0,0.486652395145442
1,1,0.7697863946882845
1,1,0.8262381906849224
1,1,0.7574389610734719
1,1,0.8370998366952601
1,1,0.726509997617569
0,0,0.19016277356270872
1,1,0.6129237350099479
1,1,0.6490347700248825
1,1,0.7510288146274944
1,1,0.6683533204244668
1,0,0.41234094982861447
1,0,0.43405100206837055
1,1,0.8017278971478279
1,0,0.0956098794041298
1,1,0.8545957146291904
1,0,0.34422388041338164
1,0,0.24545138804573752
1,1,0.6643316283501991
1,0,0.19885600393381342
1,0,0.4275820876729313
1,0,0.21301476610222927
1,1,0.8059699973166422
1,0,0.3944852382574505
1,1,0.5062340359810344
1,1,0.8147411932257586
1,1,0.8142645844454062
1,1,0.8281357447360387
1,1,0.792445914598061
1,1,0.8036990491072359
1,1,0.5040358240895839
0,0,0.10878003706940646
0,0,0.1839521898323691
0,1,0.5838381631278706
1,0,0.48961195675322944
1,1,0.7722343017551732
1,1,0.7709192951504851
1,1,0.6897574838894887
1,1,0.6311912108301496
1,1,0.7238144049065007
1,1,0.6924178679382045
1,1,0.8453025304124342
1,1,0.6199528787688795
1,1,0.5054141797922853
1,1,0.6481923882206224
1,0,0.4402403981979605
1,1,0.9056679221889291
1,1,0.8732793547382884
1,1,0.8408102920234916
1,1,0.676711756233878
1,1,0.8898894467981139
1,1,0.7290411055671417
1,1,0.5127751837120362
0,0,0.13107868316938018
1,1,0.5461768402747323
0,0,0.24775673919281208
1,1,0.5588486107590822
1,0,0.4708414817065711
1,0,0.47381289453430747
1,0,0.4818797020113085
1,1,0.6868062456059912
1,0,0.35368916256363786
1,1,0.7666943053697838
1,1,0.7932024651816728
1,0,0.15865858497188895
1,0,0.4878163539839337
1,1,0.5821696946160496
1,1,0.8136689173959323
1,1,0.8542000538148011
1,1,0.5123481786444991
1,1,0.8290768685346837
1,0,0.39609615941887893
1,1,0.5878502890907982
1,1,0.7943027590478855
1,1,0.7482120363934648
1,1,0.8366705037285719
1,0,0.4669587394421247
1,1,0.7931380838735614
1,1,0.8615294436026516
1,0,0.44904431538368733
1,1,0.705897427611097
1,1,0.6022151045359329
1,1,0.8517748080610786
1,1,0.755116471699067
1,0,0.4128461783578615
1,1,0.7801454597234632
1,0,0.49405060075719265
1,1,0.757496552102638
1,1,0.6212546001800482
1,1,0.5041663991100526
1,1,0.7537432051101299
1,1,0.7316846154331907
1,1,0.87715528711474
1,1,0.8614674535838849
1,1,0.6490920591383402
1,1,0.686917908040457
1,1,0.7139400180809035
1,1,0.6627224301948982
1,1,0.8252206581903228
1,1,0.7388069460326369
1,1,0.7225785025505138
1,1,0.5665273253843452
1,1,0.8228372620593799
1,1,0.8157961656530437
0,0,0.2578844451649746
1,0,0.41301348694127243
1,0,0.17541883223508908
1,1,0.8363616433066781
1,1,0.7436441882305341
1,1,0.8960142519926861
1,1,0.593814443904727
1,1,0.8330049587022739
1,1,0.6234630776311441
1,0,0.10010848631363238
1,1,0.7631544689107342
1,1,0.6090001934289476
1,1,0.8640400595770803
0,0,0.4612825594656964
1,1,0.5924900967023912
1,1,0.8631756795560942
1,1,0.8297009207572144
1,1,0.6534786360992456
1,0,0.3110255307999241
1,1,0.8794166898667191
1,1,0.6456146850217931
1,1,0.755765044237418
1,1,0.5380164570655954
1,1,0.7186681735814371
1,1,0.6232054046917308
1,1,0.7024298895401738
1,1,0.740849897061926
1,1,0.719642629789091
1,1,0.8026205548810385
1,0,0.41912817352327414
1,1,0.7674077088337555
1,1,0.8395834062054772
1,1,0.7264953528251903
1,1,0.7109214747247454
1,0,0.41988946978435154
1,1,0.6920722547753891
1,0,0.3689921721433234
1,1,0.8520608217085348
1,0,0.4068149839318541
1,1,0.6423096388999469
1,1,0.7705227678166165
1,1,0.7964186608244866
1,1,0.76145420990025
1,0,0.37695325405637436
1,1,0.8556111829443054
1,1,0.7398910709280491
1,1,0.7403006839538823
1,1,0.8790887174294546
1,1,0.6729379302992392
1,1,0.9077784502376319
1,1,0.9110684320399371
1,1,0.805238824931278
1,1,0.6862800779381355
1,1,0.8296980385776099
1,1,0.6768263463923068
1,1,0.8383820994718775
1,1,0.8148858921533092
1,0,0.46787480516005947
1,0,0.4766231172791643
0,0,0.4820585659070245
1,0,0.43351139004681544
1,1,0.5300549845572425
1,1,0.6297398096846551
1,1,0.7992380788820258
1,0,0.4103078272304873
1,0,0.17633204382703757
1,1,0.7769087022460955
1,1,0.8402484649514506
1,1,0.7978985272717509
1,1,0.7342211745594014
1,0,0.11161125040762465
1,1,0.7064543440937047
1,1,0.8857058031247695
1,0,0.4894991653736081
1,1,0.787101247528236
1,1,0.5806295945768855
1,1,0.8658289122737904
1,1,0.6139942525140857
1,1,0.6887205406365374
0,1,0.8052056596512193
1,1,0.8297978888275724
0,0,0.1266589179482009
1,1,0.720041064880409
0,0,0.0033461428908420627
1,1,0.8212889042928561
1,1,0.6374375960463088
1,1,0.8288051237059836
1,1,0.8105232608887665
1,1,0.5133831186116004
1,1,0.7930346721700151
1,1,0.9008408271422199
0,0,0.37689034948293965
1,1,0.7556346944817804
1,0,0.4570173371270327
1,0,0.4534236050325309
1,1,0.763407527478287
1,1,0.868133352618097
1,1,0.7639666476013398
1,1,0.6742510743844995
1,1,0.7625596338385147
1,1,0.5916632252508635
1,0,0.2642339815808531
0,0,0.00474255063258365
1,1,0.6606004985239944
1,1,0.8226629824915545
1,1,0.8885690729265767
1,1,0.6330225393284595
1,1,0.797076857292961
1,1,0.8383601068814421
1,1,0.7893489127217957
0,0,0.3823155234439911
1,1,0.8770984849372672
1,1,0.7866707658578052
1,1,0.6617307393226876
1,1,0.7807073736551223
1,1,0.6176211210283765
1,1,0.840748457173202
1,1,0.6235833923223971
1,1,0.8071683206468676
1,1,0.6274983427663583
1,1,0.6223217722846957
1,1,0.8329221423377815
1,1,0.6850692208592397
1,0,0.3004911128697465
1,1,0.6292454963242265
1,1,0.8425177689579477
1,0,0.49713672865272174
1,1,0.7689400747225256
1,1,0.621882923131514
1,1,0.8721326597433376
1,1,0.8000658183928256
1,0,0.44142647212967795
0,1,0.52507190617393
1,0,0.49958639024744134
1,1,0.8641758132361649
1,1,0.7921821991141506
1,0,0.4848002962002666
1,1,0.8763678235331057
1,0,0.46286255704714685
1,1,0.7991123700867143
1,1,0.7638421721475175
1,1,0.6737463899406729
1,1,0.7343782504846277
0,1,0.6664735094655789
1,0,0.496330570647322
0,0,0.07858314209778436
1,1,0.8580162488433754
0,0,0.21549696843093508
1,1,0.7206351959955624
1,1,0.8028228231227945
1,1,0.555298667704847
1,1,0.8011498381970622
1,0,0.24038086109566387
1,1,0.8273975064157063
1,1,0.6174775158744593
1,1,0.7997815780054561
1,1,0.6019661071915089
1,1,0.7964267210122142
0,0,0.3565361537207962
1,1,0.8300786798772286
1,1,0.9018415940206738
1,1,0.659512321658261
1,1,0.6892459996292167
1,1,0.8216039261851767
1,1,0.6665603640858698
1,1,0.7056485388931516
1,1,0.8291106810626072
1,1,0.8023175535183827
1,1,0.6674588264432958
1,1,0.9036364950938592
1,1,0.8818094209434926
1,1,0.8318047989577326
1,1,0.7986161190944726
1,1,0.8635934469916429
1,1,0.6920214683405735
1,1,0.8033184814827735
1,0,0.48182765602252814
1,1,0.5546229198073347
1,0,0.4716310513911464
1,1,0.7642907220637287
0,0,0.4910730660748706
1,1,0.7582106636060671
1,1,0.8641283372714019
1,1,0.8412275114969646
1,1,0.8134868224130033
1,1,0.8636419722002744
1,1,0.6894085791362783
1,1,0.7916433382978194
1,1,0.8668716594624415
1,1,0.6328295469287478
1,1,0.9038607537998757
1,1,0.6497406403672004
1,1,0.7436231179014332
1,1,0.703781802169328
1,1,0.680642673083482
1,1,0.83920821526121
1,1,0.7435633267474226
1,1,0.533928361511735
1,1,0.7640177435794492
1,1,0.672920126835185
0,0,0.43187932073392377
1,1,0.6251522549904281
1,1,0.7979583557084513
1,1,0.9010295452055938
1,1,0.8074516420279984
1,0,0.15341342175278594
1,0,0.38469405708274657
1,1,0.725156001087822
1,0,0.3728746277704632
1,0,0.4112505125102551
1,1,0.788331192712447
1,1,0.8341985606141651
1,1,0.7308708822969685
0,0,0.3099226762648732
1,0,0.04162900749631475
1,1,0.7089535140297827
1,1,0.8973901680535056
1,1,0.8029662024515484
1,0,0.4851599360309698
1,1,0.6779644959675837
0,0,0.03563737211419651
1,1,0.6918469604784822
1,1,0.8767478183739681
1,0,0.43562790724351974
1,1,0.721726673671961
1,1,0.8857838809472952
1,1,0.8650161084868475
1,1,0.8502602969437154
1,1,0.8085983028373498
1,1,0.704417358421845
1,1,0.8838806488084029
1,1,0.7913267080468764
1,1,0.771051076377302
1,1,0.8707907369748596
1,1,0.8271524663076965
1,1,0.728735244034419
1,1,0.8326129661976144
1,1,0.8819164799265259
1,1,0.8877746630580584
0,0,0.189479905552877
1,1,0.8175190519529643
1,1,0.7869144845413992
1,1,0.8326849938005498
0,0,0.17823461351838682
1,1,0.7222306312651535
1,1,0.7159232951350101
1,1,0.70372564718007
0,0,0.25562306964814613
1,1,0.6219292049447346
1,1,0.6868448529381
0,0,0.23510926335818186
1,0,0.41509488509058456
1,1,0.5631816477271797
1,1,0.8859039599468419
1,1,0.8372386246577278
1,1,0.7256341693986162
1,0,0.43342963714182514
1,1,0.8689263681837791
1,1,0.6596601645671597
1,1,0.7994220298851139
1,1,0.656565420169353
1,1,0.8978379213921737
1,1,0.6645286583826394
1,1,0.6323563706887397
1,1,0.6907642520899013
1,1,0.6829758417253708
1,1,0.5206190510292004
1,1,0.6395683817703421
0,1,0.6108136533442988
0,1,0.6151825897666005
1,1,0.7747573297428819
1,1,0.8275295352944468
1,1,0.782328477008408
1,1,0.5923817990497122
1,0,0.45649833320455097
0,0,0.002395164748610839
1,1,0.546568819767336
1,1,0.5486407356847168
1,0,0.20033513091247465
1,1,0.7475608462753641
1,1,0.8452374073656173
1,0,0.4933592407276432
1,0,0.4811121930139914
1,1,0.7122821072779679
1,1,0.823147412450268
1,1,0.6654214042716158
0,1,0.7524570753474449
1,1,0.7261923933198138
1,0,0.3853203560731448
1,1,0.7213675072711363
1,1,0.5391120850582497
1,0,0.32229985438395986
1,1,0.7035575459148038
0,0,0.23165759702187008
1,1,0.8258198715497376
1,1,0.7551744074189506
1,1,0.5750257055469281
1,1,0.8313709885274785
1,1,0.8689592029792167
0,0,0.47582248025372004
1,1,0.7167304414925669
1,1,0.757967472622833
1,1,0.5583007402978861
1,1,0.7430857492733748
1,1,0.7455169979623469
1,1,0.7373364613710708
1,1,0.6336712848895251
1,1,0.7651266890276129
1,1,0.8739483549986635
1,1,0.5987831529645207
1,1,0.8196440032078118
1,1,0.8549678305872876
1,1,0.7512293318922768
1,1,0.753265747679394
1,0,0.43339548948024154
0,0,0.3494831456094831
1,1,0.8711309909368908
1,0,0.1481881134058749
1,1,0.8185845290685817
0,0,0.1992409603632125
1,1,0.8355408196392424
1,0,0.2693775430414773
1,1,0.8170608326016977
1,0,0.44191993320586054
1,1,0.7737019851304243
1,1,0.8209819297857307
1,1,0.848647265987044
0,0,0.04235391256805296
1,0,0.15865681542366047
1,1,0.817607429215761
1,1,0.6917869939253117
1,0,0.33352591652118596
1,1,0.8713522457057867
1,1,0.8203775174103503
1,1,0.9096287828983434
1,1,0.8323452250098766
1,1,0.8256143342068109
1,1,0.7625732439856469
1,1,0.582107845982656
1,1,0.643936644820337
1,1,0.9003885473660589
1,1,0.6430629590776582
1,1,0.74497604121666
1,0,0.3866779426810647
1,1,0.7420829051623439
1,1,0.7774743493980998
1,1,0.9289768823787433
1,1,0.6226907862714225
1,1,0.7909082660095754
1,0,0.4931514363133926
1,1,0.8286949306090062
1,1,0.8559395398310492
1,1,0.7084722210993242
1,1,0.5653871532940312
1,1,0.7754033938868432
1,1,0.7384972174095431
1,1,0.733745298341353
1,0,0.45093897609052563
1,0,0.48075806793581355
1,1,0.7128735831199454
1,1,0.839323654720833
1,1,0.7957901724194328
1,1,0.7158230897596878
1,0,0.3618082815626734
1,1,0.6407636901951584
1,1,0.7816214108402948
1,1,0.8936583327785832
1,1,0.6990244633259964
1,1,0.773257394576091
1,0,0.1850607633694431
1,1,0.7634828495981695
1,1,0.7465781354413826
1,1,0.8309686528321466
1,1,0.6939286914143047
1,1,0.8357824866064933
1,1,0.6853256110425936
1,1,0.8656275905382825
1,0,0.43559468694040654
1,1,0.8046478227551764
1,0,0.34027075303334636
1,0,0.17124819553303858
1,0,0.2358562930835652
1,1,0.7709992408170395
1,0,0.4151636673134893
1,1,0.5186114656789128
1,1,0.66587107313389
1,1,0.8210346269442667
1,0,0.12141472852240566
1,1,0.6259583078953477
1,1,0.6008316292064936
1,1,0.7188087249904132
1,1,0.7571879643640712
1,1,0.5997593904502759
1,1,0.7805705611578938
1,1,0.6151901967336426
1,1,0.8975112288995325
1,1,0.6645136293923033
1,1,0.8203101906881958
0,0,0.016283461063120473
1,1,0.8706884803602872
1,0,0.49819540545520125
0,0,0.435905232307795
1,0,0.37437355842761183
1,1,0.7787943560219897
1,1,0.6929039013775675
1,1,0.7882282289000762
1,1,0.8188410133884803
1,1,0.7183131499268768
1,1,0.8984021253721481
1,1,0.8823404619328361
1,1,0.8058502834393146
1,1,0.6542337512759665
1,1,0.8531307634309014
1,1,0.7240301972914581
1,1,0.7605436176566346
1,1,0.8308485755760175
1,0,0.46532886358933534
1,1,0.7763352771655773
1,1,0.8871375187398762
1,1,0.7469856220835793
1,1,0.7063785189439205
1,1,0.5519931911107412
1,1,0.6046932490661654
1,1,0.8675361648593994
1,1,0.7078649066532212
1,0,0.4779649696317391
0,0,0.4855530234236335
1,1,0.7755825778241634
1,1,0.8827161983345481
0,1,0.7238925334065114
1,1,0.84669849058356
1,1,0.700554531758751
1,1,0.8649972875324543
1,1,0.6461589958533324
1,1,0.6816356908866922
1,1,0.7040991368733434
1,1,0.7152344924175201
1,1,0.5715131331585147
1,1,0.7856123486867593
0,1,0.5664937691017314
1,0,0.47663348141479295
1,1,0.5239290565105513
1,1,0.7376860114369633
1,1,0.926855773534637
0,0,0.250815215120366
1,1,0.8058730981294036
1,0,0.38632591203066285
1,1,0.8638293973774215
1,1,0.7788855286044088
1,0,0.23732004765978082
0,1,0.804956206817934
1,0,0.37545964184147773
1,1,0.8286979855897221
1,0,0.49422519208162624
1,1,0.5640349242908483
0,0,0.19583647358047832
1,1,0.756503637689732
1,1,0.8006912790640073
1,1,0.7741637866335186
1,1,0.7577626251406009
1,1,0.7833955994615939
1,1,0.6551372496739264
1,0,0.2903077498955543
1,1,0.7926229179544114
1,1,0.7001871543428445
1,1,0.7255943226678295
1,1,0.8160361691944318
1,1,0.897372141254005
1,1,0.8348137426537918
0,0,0.19259271193575975
1,1,0.8436918841628096
1,0,0.444638714084844
1,1,0.7912554214268128
1,1,0.7502768127767919
1,1,0.6279594510568225
0,0,0.4782429088896574
1,1,0.8309358849256178
1,1,0.7563097078292248
1,1,0.636598968842999
1,1,0.8564242155648768
1,1,0.7449814152757304
1,1,0.6630201594779991
1,1,0.8100488010212945
1,1,0.8061909079806036
1,0,0.15054710431928472
1,0,0.47308897973629305
1,1,0.8478589468606486
1,1,0.6927513441114019
1,1,0.579755372188457
1,1,0.897148094505051
1,1,0.8867038525015907
1,1,0.8231943479548566
1,1,0.8750274318703366
1,0,0.44001045606615363
1,1,0.8595937349656191
1,1,0.7598676683160159
1,1,0.7641982789142328
1,1,0.7755811589651883
1,1,0.6986116749294675
1,1,0.6795506939171188
1,1,0.8439042243684974
1,1,0.5501792407944625
1,1,0.7886979771243039
1,1,0.74438216944743
1,1,0.821770280290915
0,0,0.00015008965295786655
1,1,0.8250202859673259
1,1,0.8591266761121211
1,1,0.7961214864176861
1,0,0.4214684062274377
1,1,0.7586763122445176
1,1,0.685276851171911
1,1,0.8577544791428853
0,1,0.6391574979468451
1,1,0.6885481840903179
1,0,0.31201702267101133
1,1,0.8553710323944882
1,1,0.8838729400975878
1,1,0.5167372372173855
1,0,0.0037358728506745992
1,1,0.6778876427226062
1,1,0.560719414370964
1,1,0.7397197218884285
1,1,0.8588455614912313
1,1,0.5106329241019211
1,1,0.5852658541630382
0,0,0.3374751743869406
1,1,0.8770462854739267
1,1,0.7135039730209409
1,1,0.8851247220998291
1,1,0.8309442428003839
1,1,0.6883019339495884
1,1,0.7568381945856629
1,1,0.8085766373025558
1,1,0.5121903285053684
1,1,0.6834229455481183
0,0,0.2070819176436922
0,0,0.19107173992342916
1,0,0.30707128667993
1,1,0.6163659142778921
1,1,0.7922341410766173
1,1,0.7741537128374111
1,1,0.6181309552960664
1,1,0.7779081455796585
1,1,0.81605400972253
1,1,0.8868337375664838
1,0,0.4499706883336702
1,1,0.5848820765757623
1,0,0.40830314420271824
1,1,0.877978101839152
1,1,0.8555141178452048
1,1,0.735293160003576
1,1,0.5599079137585397
1,1,0.8236839240405
1,1,0.8513576796153254
1,1,0.8231865254968035
1,0,0.016695957261698296
1,1,0.8473048573640526
1,1,0.7553963847000303
1,0,0.3102180147004504
1,1,0.7380047758325251
1,1,0.5678616523730917
1,1,0.8299889465724672
1,1,0.5134345298307353
1,1,0.7352877202867137
1,1,0.6173387181689899
1,1,0.7298300278455119
1,0,0.40830602266415766
1,0,0.4344679626844264
1,1,0.8139662667570465
1,1,0.9174401403607837
1,0,0.28440916240330844
1,1,0.7849696185033335
1,0,0.4138660573931659
1,0,0.22693467021017089
0,0,0.07812408597172577
1,1,0.6465384968471406
0,0,0.25571708921670816
1,1,0.6022792660078994
1,1,0.8335314585279803
1,1,0.7947128080616825
1,0,0.21412246400226012
1,0,0.4753092254094602
1,1,0.89663913946964
1,1,0.6994963685269177
1,1,0.7447896175967713
1,1,0.7332917351897453
1,1,0.5500134601000878
1,1,0.6502909248125929
1,0,0.32818408401868976
1,1,0.5174589425157577
1,0,0.4117870790273509
1,1,0.7066173822863427
1,1,0.7171263739018495
1,0,0.04520940179958387
1,1,0.6462614925358875
1,1,0.5835492427620056
1,1,0.6519194447259455
1,1,0.7250314825865969
1,1,0.7887870262898988
1,1,0.7360496401462722
1,1,0.8503929224595528
1,0,0.3810546852494956
1,1,0.6685144934401193
1,1,0.8373498488734388
1,1,0.6381453052298215
1,1,0.8058924182637084
0,0,0.03646952684063123
1,0,0.20742979772842557
1,1,0.8288729964618646
1,0,0.2264838482613095
1,1,0.7728388325387264
1,0,0.36978613603632066
1,0,0.41599907346473547
1,1,0.6866608680948803
1,1,0.8415482840768063
1,1,0.8068654009766918
1,1,0.7873529080615582
1,1,0.8179348753815104
1,1,0.7384077037071788
1,1,0.7650426423904013
1,1,0.8278624446321345
1,1,0.7241751285849868
1,1,0.8142987022442867
1,1,0.8602379180373073
1,1,0.7200967122786043
1,0,0.4183475144460172
1,1,0.7985983545170685
1,0,0.47236213325356624
1,1,0.7753514702080326
1,0,0.2539858142695843
1,1,0.8359930340477131
1,1,0.6497982807331644
1,1,0.7713598823344553
1,1,0.7758262728173737
1,1,0.850125052565717
1,1,0.7762598994686772
1,1,0.7216851152012284
1,1,0.6862484643927496
1,1,0.5887525990080988
1,1,0.8529386600964544
1,1,0.7649543171088844
1,1,0.7508050688950497
0,1,0.6129137147157684
1,1,0.527075748300348
1,1,0.8664324514402194
1,1,0.8686193710656326
1,1,0.7662002505659639
1,1,0.6571164808020308
1,1,0.6779319277042077
1,1,0.7793732719777532
1,1,0.5912843479066717
1,1,0.8733497496626011
1,1,0.7076598939503179
1,1,0.6849774955129192
1,1,0.662502602573672
1,1,0.7706702885203834
1,1,0.7486105816688788
1,1,0.843280726381371
1,0,0.48448178219825794
1,1,0.5684423600092773
1,1,0.7256464543330994
1,1,0.8703553043569704
1,0,0.4111629703303555
0,0,0.1657634499817932
1,1,0.8506771420347234
1,0,0.363356955110228
1,1,0.8736970492960239
1,1,0.8404554263048599
1,1,0.5916475017173612
1,1,0.8038298665442082
1,1,0.8131696222518653
1,0,0.376608959244227
1,0,0.06584863774028772
1,1,0.7377408993138899
1,0,0.2523446206357089
1,1,0.7439728991793284
1,1,0.7608965409733935
1,1,0.5483609349771761
1,1,0.7912648688288535
1,1,0.7011607717714553
1,1,0.8690539319196185
1,1,0.7650619248543268
1,1,0.8238850615511468
1,1,0.7633093568602645
1,1,0.8439103801884468
1,0,0.29311716394963955
1,0,0.14750010824656204
1,1,0.7988296306203639
1,1,0.6846294369084694
0,0,0.4715891131947877
1,1,0.8163196746194405
1,1,0.764605686671334
1,1,0.7961363118253393
1,0,0.43278112630953197
1,1,0.5549143745480922
0,0,0.39986115859345694
0,0,0.19404407066603924
1,1,0.815571983621399
1,1,0.5944027612238737
1,1,0.7213957687990364
1,1,0.8251436979666699
1,1,0.7448585149329855
1,1,0.7247500853810949
1,1,0.7865600872313014
1,1,0.8636644546572744
1,1,0.7868286731916345
1,1,0.8399049358510128
1,1,0.7644175713929681
1,1,0.7807373610176787
1,1,0.8791996737656855
1,1,0.8051592870693918
1,1,0.7421037750512394
1,1,0.6832148277666095
1,1,0.5563546186834871
1,0,0.41265106501037074
1,1,0.831502907490069
0,0,0.021524436252572332
1,0,0.41966123167890906
1,1,0.8678378997225803
1,0,0.4018335348945435
1,0,0.33380821365166674
1,1,0.8085633398125751
1,1,0.6078236844243879
1,1,0.8089434598189639
0,0,0.3982644167509604
1,1,0.8560543370750164
1,1,0.8070706730894296
1,1,0.6857589506697618
1,1,0.7741731349235034
1,1,0.8879389934749884
1,1,0.7464734546257982
1,1,0.8757026333502514
1,1,0.7558877276112999
1,1,0.8062521093364386
1,1,0.6849409320398552
1,1,0.7596865282945803
1,1,0.7568402618151465
1,0,0.21044096848716037
1,1,0.8074684176582786
1,1,0.6957732090694237
1,0,0.26351693413902627
1,0,0.17803182579842178
1,1,0.6830110316713428
1,0,0.3999849803958472
0,0,0.0002095079425076518
1,0,0.07449440856214778
0,0,0.1363114177705943
1,0,0.04630781250719138
1,1,0.88227482874289
1,1,0.8204189809775553
1,0,0.2574422732831903
0,1,0.5545753788505097
1,1,0.6702045258491396
1,1,0.8627299369839918
1,0,0.21264770123854002
1,1,0.7296555050620778
1,1,0.7404912823338091
1,1,0.5401827469001621
1,1,0.8061478322003137
1,1,0.6471214398138874
1,1,0.8148682141685486
1,0,0.44152871600816423
1,1,0.6421499971960924
1,0,0.4212993563376616
1,0,0.46329767416370476
1,1,0.738078902905118
1,1,0.5407589617753757
1,0,0.45857223185283374
1,1,0.8343345927950652
1,0,0.2358787998213577
1,1,0.7692546212849503
1,1,0.8667334737717582
1,1,0.7346895215953068
1,1,0.6746583192466632
1,1,0.8176978212043189
1,1,0.5208943794562853
1,1,0.6950137157760998
1,1,0.7629897897104817
1,1,0.8992031180128582
1,0,0.3708270401946167
1,1,0.8648818266395706
1,1,0.8450634173024366
1,0,0.3361384007381756
1,1,0.8615112416610626
1,1,0.8114229564353017
1,1,0.9117137332365115
1,0,0.14574131758902797
1,1,0.6422065927625603
1,0,0.43365174181333194
1,1,0.8005183064192061
1,0,0.4683751734735049
1,1,0.8042023461451792
1,1,0.7466227377098154
1,1,0.5443164650085794
1,1,0.7284254557642319
0,0,0.24492678074756105
0,0,0.2369298931315383
1,1,0.6571137610506186
1,1,0.8175548561765174
1,1,0.8367639338464553
1,1,0.7340223917773191
1,0,0.3602615688060949
1,0,0.42688595754631925
1,1,0.7613662898788317
1,0,0.3365192340326104
1,1,0.8465541444443685
1,0,0.37838570437674945
1,0,0.3506451677788277
1,1,0.5371549213288294
1,0,0.048632795019722314
1,1,0.7990537295317468
1,1,0.7736953594396345
1,1,0.7262090041360928
1,1,0.7288900657993239
1,1,0.6937245960476094
1,1,0.733449032706012
1,1,0.8089505955703361
1,1,0.8654991206373857
1,1,0.8430104315888803
1,1,0.7782079787970283
1,1,0.8318027433026725
1,1,0.7025396972484735
1,1,0.732388635648482
1,1,0.7092322633302257
1,1,0.8270277361682032
0,1,0.5358954595099038
1,1,0.8304962532832437
1,1,0.6655668243999177
1,0,0.3518506279563379
1,1,0.8354616086035659
1,1,0.8374285149041829
0,1,0.7353444193638043
1,1,0.7396747176669557
1,1,0.792548889710092
1,1,0.8683152766217508
1,1,0.583713010442249
1,0,0.08343048957021962
1,1,0.8591552771647991
1,0,0.02908308617654522
1,0,0.38932550475113686
1,1,0.8348479907627123
1,0,0.4887160705728002
1,1,0.5230705458163794
1,1,0.8950785664434638
1,1,0.7619440256000594
1,0,0.4143668628429403
1,1,0.8102773418485122
1,1,0.8226738936260024
1,1,0.8295781327114361
1,1,0.656109415104289
1,1,0.7017432909652551
1,1,0.8680224379931405
1,1,0.8579024640774084
1,1,0.761797010324533
1,1,0.8596613171165893
1,0,0.4672229662637841
1,1,0.8023156760314855
1,0,0.4267904123711461
1,0,0.2693513719574896
0,0,0.08789237970728032
1,1,0.967839143389329
1,1,0.7938392775286532
1,0,0.07607695367801433
1,0,0.29418667620645167
1,0,0.34643747870606617
1,1,0.8568934094012473
1,1,0.6589701060486359
1,0,0.3327816711136583
1,1,0.7767745830891695
1,1,0.7469556324109942
0,1,0.6251391589240607
1,1,0.8810217345308277
1,1,0.7788204710802606
1,1,0.7773814497664321
1,1,0.7189916705038175
1,1,0.5067644602503872
1,0,0.42754766974275593
1,1,0.7959514810409498
1,1,0.5947821024725783
1,1,0.5630206163443011
1,1,0.5160897058514907
1,1,0.8114478131531433
0,0,0.04093437622705198
1,1,0.748218289129561
1,1,0.7615223197872463
1,1,0.8310873717301314
1,1,0.9015408173451337
1,1,0.8568988050118566
1,1,0.500320036180716
1,0,0.08378429764942077
1,1,0.6522813983582106
1,0,0.3816355667401328
1,1,0.7249099274050683
1,1,0.8570630330656932
1,1,0.7533932731268708
0,1,0.8119479002397456
1,1,0.8377950924553211
1,1,0.6702568939395717
1,1,0.8095528007788786
1,0,0.4743187090124552
1,1,0.6421730045589
1,1,0.7766942705392522
0,0,0.052204843710866075
1,0,0.18102493819844906
1,0,0.45284009247526813
1,1,0.5164830235105989
1,1,0.9363453232630098
1,1,0.6407794486455307
1,1,0.818476724832474
1,0,0.39252603395757146
1,1,0.788731270402923
1,0,0.30966055900870065
1,1,0.5068235280955955
1,1,0.7735751522703102
1,0,0.4086963236114013
1,1,0.7473082868647943
0,1,0.6882997244155209
1,1,0.648237308724055
1,0,0.05876302405826994
1,1,0.7995019868396205
1,0,0.27960646529093586
1,1,0.8749643936787704
1,1,0.8585166291963553
1,1,0.7359054307594254
1,1,0.8818129555917729
0,1,0.7223573936230189
1,1,0.7338535057684801
1,1,0.7523523454965814
1,1,0.76468665414412
1,1,0.5696695166502478
1,1,0.6231122242282998
1,1,0.6045599841083475
1,0,0.41566718960544574
1,1,0.5204317639007584
1,1,0.8737710718147474
1,1,0.6874928225309166
1,0,0.47334940625840854
1,1,0.5714520011002109
1,1,0.8258090775294304
1,1,0.6823587586386405
1,1,0.7308344131830268
1,1,0.8200423981806805
1,0,0.04977760829277387
1,1,0.784326323932498
1,1,0.7955743477158549
1,1,0.8542177189129302
1,1,0.8758123465568421
0,0,0.332997436748844
1,1,0.7265498600299399
1,0,0.34100478587381966
1,1,0.8349783997775244
1,1,0.8548832896999844
1,0,0.1932204548442498
1,0,0.3755278599888969
1,1,0.9098692302163304
1,1,0.869641985706072
1,1,0.8705452723369848
1,0,0.021463911880870983
1,1,0.7416722385403675
0,1,0.6703112439595357
1,1,0.820975641771875
1,1,0.7875351282927008
1,0,0.46885396353239245
1,1,0.8054278958276021
1,1,0.8442558590119266
1,1,0.6007965408374312
1,1,0.7484737564515841
1,0,0.11793352346649924
1,1,0.7299026519251004
1,1,0.5051521958879222
1,1,0.7226703753308028
1,1,0.6675294047798881
1,1,0.6466343405337331
1,0,0.4200155691334712
1,1,0.7607732169708842
1,1,0.8880407506630037
1,1,0.8421881516371671
1,1,0.8954959331257639
1,1,0.6836663599103423
1,1,0.8693072435742228
0,0,0.014059497944104332
1,1,0.7671466892576658
1,1,0.8329590730319365
1,1,0.8002773702350674
0,0,0.4513620235832321
1,1,0.7854882272637236
1,1,0.7736653670229758
1,0,0.3547326691075043
1,1,0.8046484698536617
1,1,0.8785743403633229
1,1,0.7552053093546254
1,0,0.34048503280079734
1,1,0.8943528221163944
1,0,0.35078021204133797
1,0,0.4541946577616411
0,1,0.7448797380936316
1,0,0.08097044113479736
1,1,0.7136979760005245
1,1,0.5650381136515454
1,0,0.48210018365157975
1,1,0.8515995117741151
1,1,0.8325145416749102
1,1,0.7775788948805634
1,1,0.8257807866505029
1,1,0.5748606858947063
1,0,0.020204171614363324
1,1,0.8186946264686247
1,0,0.3897373879385916
1,0,0.3429413009500945
1,1,0.777773957745912
1,1,0.8210832364973071
1,1,0.8921315250612509
1,1,0.8889669919432402
1,0,0.0006700008316473046
1,1,0.7444344047836777
1,1,0.5325460809512595
1,0,0.4686549271347026
1,1,0.6567775870009692
1,1,0.7716439876345862
1,1,0.8708921027067615
1,1,0.6619197471297893
1,1,0.6487498516318538
1,1,0.5822639447219982
1,1,0.7110348957356334
1,1,0.7961874411121413
1,1,0.8138773467789736
1,0,0.4939267796686055
0,0,0.07007155794461427
1,1,0.5331516865776239
1,1,0.7021040308858024
1,1,0.7114326125774268
1,1,0.8361821395470078
1,0,0.30395182727201253
1,1,0.7327027749163398
1,1,0.7561881449698524
1,1,0.8162235333025402
1,1,0.7707832390002799
1,1,0.8423110440142034
1,1,0.9087739360351722
1,1,0.8525543045972058
1,1,0.8668754845391845
1,1,0.5852147852493118
1,1,0.8452453703558424
1,1,0.6827774679248153
1,1,0.5565996142951802
1,1,0.6377909899881433
1,1,0.5058737682671579
1,0,0.2561731342044939
1,1,0.7423281833175261
1,0,0.44169433273474557
1,1,0.7377265306032413
1,1,0.9027069228540693
1,1,0.8410694047045914
1,1,0.5164143839147719
1,1,0.7187388753911087
1,1,0.6739385703986576
1,1,0.790317737431497
1,1,0.8750427773788985
1,0,0.45055378024648274
1,1,0.8287159265812383
1,1,0.6409807777950931
1,1,0.5727926488271803
1,1,0.8288305275112866
1,0,0.05721547281661198
1,1,0.7930840905686365
1,1,0.59833372375364
1,1,0.8854380457356827
1,0,0.4002310852702407
1,1,0.7126324995047219
1,1,0.8512798106937837
1,1,0.6258223827028803
0,0,0.39793640502921246
1,1,0.635764902303624
1,1,0.7766501190199906
1,1,0.6595940985763188
1,0,0.4349205010984968
1,1,0.7896962706435942
1,1,0.6813370140063845
1,0,0.02689478889122488
1,1,0.7541357042985062
1,1,0.7240248484787132
1,0,0.3917294860955197
1,1,0.7201971574739465
1,1,0.7638692368598872
1,1,0.8324498920716591
1,1,0.5670503275759785
1,1,0.6339329001490154
1,0,0.39596070678754436
1,1,0.7658679491217775
1,0,0.20651000120520394
1,1,0.8739605916227319
1,0,0.3838150321154236
1,1,0.9118080838019159
0,1,0.6093287506554064
0,1,0.746816183508345
1,0,0.1559731330618811
1,0,0.4955694037650462
1,1,0.781970551764181
1,1,0.790765086927592
1,1,0.5038713192066115
1,0,0.41721534289345813
1,1,0.7449166537452646
1,1,0.8631101691525089
1,1,0.833399116609772
1,1,0.8872109921714824
1,1,0.6996441671721592
1,1,0.7999702869820344
1,1,0.8193034503758193
1,0,0.4907229001180901
1,1,0.8297135275352958
1,1,0.8125993608906362
1,0,0.3583330798547813
1,1,0.5599504422897165
0,0,0.3835671560996748
1,1,0.7293420290776258
1,1,0.7451443193473475
1,1,0.8623431155003609
1,1,0.852621920712272
1,1,0.8143324107640724
1,1,0.624670507446645
1,1,0.8795453487002118
0,1,0.804440204570298
1,1,0.6287919886136563
0,1,0.5974441068470006
1,0,0.4807808493982393
1,1,0.8046698643051496
1,1,0.7172904730458438
1,1,0.7744457870616965
1,1,0.6048513782557651
0,0,0.4006817408861208
1,1,0.7894658206799954
1,1,0.7659406697290684
1,0,0.4209424693617474
1,1,0.7003334957007984
1,1,0.8161570774328979
1,1,0.7789694290077437
0,0,0.17390917561024544
1,1,0.7564170755123991
1,1,0.6822868994304289
1,1,0.6544680096081859
0,1,0.5028178002076467
1,0,0.33090759268610376
1,0,0.4042064065489462
1,1,0.7206487099522451
1,1,0.5073606554056718
0,0,0.06662421461667092
1,1,0.7897711680703458
1,0,0.030862048508663115
1,1,0.7061987440928738
1,1,0.7476296110225044
1,1,0.5130840945859956
1,0,0.3923242231470235
0,0,0.1931693643131934
1,1,0.5668661788706694
1,1,0.6164947067474716
1,1,0.8214216047898479
1,1,0.5584332897616513
1,1,0.8093657230536724
0,0,0.04045625483092007
1,1,0.7633237770839776
1,0,0.4467559231840883
1,1,0.8606865046435549
1,1,0.5120123249337872
1,1,0.725174370503547
1,0,0.42467083533416883
1,1,0.5999431982140723
1,1,0.8795167483392097
1,1,0.8031993672605192
1,1,0.8248267773542616
1,1,0.7045801311294145
1,0,0.49990361288884566
1,1,0.8315992037121211
1,1,0.5491081666707618
1,1,0.6940792837769553
1,1,0.798567052462214
1,0,0.1895489222893841
1,1,0.8574364694471194
1,1,0.8040320270952609
0,0,0.05964375987177156
1,1,0.6546990538759705
1,1,0.7097519301957329
1,0,0.20874301068459997
1,0,0.20777371175126147
1,1,0.7480435805843797
1,1,0.783015636109094
1,1,0.7991913092407757
1,0,0.1405143262751274
1,1,0.878521097294889
1,1,0.8602688655731766
1,1,0.7370925192633614
1,1,0.8031146564075935
1,1,0.9185235867151433
1,1,0.6928244521207281
1,1,0.7338709550606659
1,1,0.8654635348660173
1,1,0.6499494669232125
1,0,0.4773480835192585
1,1,0.7722698268039311
1,1,0.8206906577356698
1,1,0.8169097178573751
1,1,0.6848874415458597
1,1,0.5078365676276967
1,0,0.0012254378654092154
1,1,0.7549007431287024
1,1,0.5089552986747675
1,1,0.5446618432556865
1,1,0.738226206408013
1,1,0.7720292525548229
1,1,0.555127528509673
1,0,0.4313410542519119
1,1,0.7244766762956876
1,1,0.724512444347226
1,1,0.8096115473296851
1,1,0.7623837378226966
1,1,0.7003089533868241
1,1,0.7835167740955998
1,1,0.7265808428457273
1,1,0.7026196608849884
1,1,0.8184746764296551
0,1,0.5556701881324665
1,1,0.5754792578799478
1,1,0.8620681579489249
1,1,0.7505766446592731
1,0,0.39355374605643473
1,1,0.8794749146856756
1,1,0.7272389631769282
1,0,0.48003932185722564
1,1,0.72392050889602
1,0,0.37307566371295875
1,1,0.8394123035065629
1,1,0.592198869927703
1,1,0.8671985749017778
1,1,0.809069298436413
1,1,0.5116286247844334
1,1,0.8077020354662265
1,1,0.8088742224816867
1,1,0.714118568669553
1,1,0.85131955851877
1,0,0.42735057895167217
1,0,0.49303284151894644
1,1,0.8469132069589949
1,1,0.751108949357674
1,1,0.7845182437236758
1,1,0.8339752822396225
1,1,0.6533560268517055
1,0,0.3770299411001607
1,1,0.6762028117175908
1,0,0.4545512119904459
1,1,0.5939588816239436
1,1,0.6793475203018771
1,1,0.6201310574775966
0,0,0.09984107178177723
0,0,0.0023127022712693046
1,1,0.7599979489539963
1,1,0.7989638641521267
1,1,0.7400624702277835
1,0,0.4002848895145007
1,1,0.8060211476778053
1,1,0.6010641222922927
1,1,0.7704257842065116
1,1,0.8175630502603948
1,0,0.31101131357778966
1,1,0.7608203435960421
1,1,0.866260887894548
1,1,0.6000167284909349
1,0,0.4682382353445412
1,1,0.7502183827586885
1,1,0.8365944200891764
0,0,0.13698171184408892
1,1,0.6615552697371819
1,0,0.4697154735478065
1,0,0.45144430857435924
1,1,0.8399793823716587
1,0,0.08532323791722694
1,1,0.5674953180149457
1,1,0.7059325492809697
1,0,0.11237629955742591
1,1,0.5138178218166651
1,1,0.8358957563950916
1,1,0.5347898811030547
1,1,0.8191308530178256
1,1,0.6962527607251531
1,1,0.789590117679817
1,1,0.8564035198691455
1,1,0.8706571103994516
1,1,0.8535499545024471
1,1,0.5685933685373012
1,1,0.8209796246251609
0,0,0.11404447943753157
1,1,0.7858574797360836
1,1,0.8510295001900264
1,1,0.8402059593647501
1,1,0.8169906460704512
1,0,0.3219685323198707
1,1,0.9350835390458195
1,1,0.7537199951562233
1,1,0.8804287557250162
1,0,0.3066025795349725
1,1,0.6567071694404892
1,1,0.7708644404473356
1,1,0.8995162896418357
1,1,0.822365983591546
1,1,0.7494014319894101
1,1,0.889598166987091
1,1,0.8146941333964016
1,0,0.37617327612595197
1,1,0.6237381982666846
1,0,0.4759194258866629
1,0,0.3840875137177926
1,0,0.4886568298349319
1,0,0.31174829090194944
1,1,0.7612570133282788
1,1,0.7398365116058397
1,1,0.654222397539444
1,0,0.1032016508430249
1,1,0.6113513082399492
1,1,0.7269990392329814
1,1,0.5349804864833038
1,0,0.46475199863825806
1,1,0.8513171587138648
1,1,0.7395995512011087
1,1,0.8103684868273306
1,1,0.797049503712814
1,1,0.5919749981528801
1,1,0.7026143926473993
1,1,0.5703376547676903
1,1,0.7135482541843625
1,0,0.17247227112346855
1,1,0.5568784457269522
1,0,0.25579691201053
1,1,0.6865076890028773
0,0,0.04689727808248881
1,0,0.46060282153983756
1,1,0.6027685701078778
1,1,0.6426356197319187
1,0,0.4578925945271015
1,1,0.772412766821475
1,0,0.15154963664779947
1,1,0.6533000043586966
1,0,0.26968640416630496
0,0,0.1619824105888543
0,0,0.2698816222175398
1,1,0.8915224074829714
1,1,0.5580048630676875
0,1,0.5676040598013763
1,1,0.5364780838199702
1,1,0.7236517857638006
1,1,0.7897977975121286
1,1,0.9037290702220712
1,1,0.6666969409034218
1,0,0.08094305410097452
1,0,0.2989234485148637
1,0,0.1464880294075226
1,1,0.8860924842555954
1,0,0.3698056258945533
1,0,0.31665050317227544
0,0,0.2080685757068967
1,1,0.7295648022556722
1,1,0.7908367558969985
1,1,0.8225548167267224
1,1,0.6943574347993811
0,1,0.7257428362711708
1,1,0.6252158871730406
1,1,0.6921147297480056
1,1,0.5659886961491464
1,1,0.864756553939437
1,1,0.7803924951090332
1,1,0.7644210080068381
1,1,0.8085727962978653
1,0,0.44010750881737687
1,1,0.6771384482393253
1,1,0.8081113340129298
1,1,0.5041703918308483
1,0,0.22995269275399502
1,1,0.865412740630631
1,1,0.6377475632175756
1,0,0.3437429238134269
1,0,0.3428801006955297
1,0,0.39123172487256186
1,1,0.5740988655484216
1,0,0.07550010599603903
1,1,0.8615775725317546
1,0,0.40134905253893344
1,1,0.8731405571276458
1,1,0.8598470514941043
0,0,0.14756478375113127
1,0,0.25644312086535626
1,1,0.606175829403843
1,0,0.49483687616640154
1,0,0.0029368943603797952
1,1,0.7631678494155638
1,1,0.7612813832725014
1,1,0.5134565381671987
1,1,0.5526939083918355
1,1,0.7071956679175707
1,1,0.6157507931802784
1,1,0.8060258820296491
1,0,0.42908826354056506
1,0,0.2819111505078462
1,1,0.8646812045822688
1,1,0.6507871299987275
1,1,0.8589415902279197
1,1,0.8385011448746118
1,0,0.4430990062133735
1,0,0.06276984256900775
1,1,0.6877247923718611
1,1,0.8997823717374022
1,1,0.6818679856608758
1,1,0.7222961095453133
1,1,0.6360073710486535
1,1,0.853269031828812
1,1,0.7124514783547089
1,1,0.575176133238594
1,1,0.8397213293982055
1,0,0.19161043523768562
1,1,0.7688605151715934
1,1,0.783525612413109
1,1,0.7758483654997624
1,1,0.6639555869068464
1,1,0.8951365834615567
1,0,0.48760534222513247
1,1,0.5798027372380116
1,1,0.6755604485766334
1,1,0.7870383502608825
1,0,0.41366144361612756
1,1,0.9282312001003749
1,1,0.8189427003364568
0,0,0.26229822498755184
1,1,0.8208942812256933
1,1,0.7793236248395279
1,1,0.8656538508608216
1,1,0.529678626785723
1,1,0.6178177608530893
1,1,0.7203631485213281
1,1,0.6912384634507509
1,1,0.6649877071338833
1,1,0.6995381125572911
1,1,0.8285995330272533
1,1,0.8233847232654731
1,1,0.596326320043834
1,1,0.5697301792659574
1,0,0.4195618446184412
1,1,0.7291636945559764
1,1,0.7023958473793919
1,1,0.8828256474306679
1,0,0.39741952808511305
1,1,0.7343131030505298
1,1,0.7662167759930218
1,1,0.6301143504810482
1,1,0.625719592868073
1,1,0.8369853148904616
1,1,0.7492046506825768
1,1,0.5395011005897862
1,0,0.3901946884942978
1,1,0.7868463887960444
1,1,0.8288504988509721
0,0,0.3090877130383567
1,1,0.8728334797839323
1,1,0.7971275701560289
1,1,0.8161940335263205
1,1,0.6403140984566333
1,0,0.3943175970179988
1,1,0.8846343393311047
1,1,0.7125615978346014
1,1,0.65678327522912
1,1,0.8045594915569009
1,1,0.7933310308949416
1,1,0.8124330496413824
1,1,0.8091765211019085
1,1,0.7637187465833696
1,0,0.47552794165553336
1,0,0.48854589539903104
1,1,0.8010831955981378
1,1,0.8435320455927735
1,1,0.8645086860048371
1,0,0.058969633868599595
1,1,0.8685447549881862
1,1,0.8204689469923151
1,1,0.7607398915690763
1,1,0.6043435681283591
1,1,0.5301457258219727
1,1,0.5505819557626194
1,0,0.3971625603956472
0,0,0.11356459286606783
1,0,0.45584075050330247
1,1,0.9163480728935245
1,0,0.29933868930064167
1,1,0.8216842897893873
1,1,0.8310761480757657
1,1,0.861848535208893
1,1,0.7856659455526166
1,0,0.4150382525257835
1,1,0.6913534586586947
1,1,0.6764665383790748
1,1,0.796749448373947
1,1,0.7748381732984865
1,1,0.5227962256526008
1,1,0.5212024378188966
1,1,0.7189267219378613
1,0,0.3875407234543533
1,1,0.8800091808580318
1,1,0.5874112746967847
0,0,0.07906116941900002
1,1,0.7297070691107499
1,1,0.6633302228248048
1,0,0.36064456546577367
1,1,0.7551192204207823
1,1,0.5242389953795877
1,1,0.8186873999893122
1,1,0.794498955634952
1,0,0.43009613276103076
1,1,0.8300971923939144
1,1,0.6300748943169275
1,1,0.7341187813856228
1,0,0.030532962459684797
1,1,0.7127446436843853
1,1,0.5766203121180431
1,0,0.4586627595704067
0,0,0.3761919424516479
1,1,0.7570827279865023
1,0,0.4191661991010784
1,1,0.5252617337044115
1,1,0.842987530859458
1,0,0.055602525408408585
1,1,0.8507119975527528
1,1,0.7813000897259077
1,1,0.7346362493491996
1,1,0.785210231324571
0,1,0.5829956469365549
1,1,0.5790282450107491
1,1,0.768633933831986
1,1,0.6875677248632075
1,1,0.8053515997280789
1,1,0.7943448424580137
1,1,0.8020782440434923
1,1,0.5997555163667078
1,1,0.7705046600102933
1,1,0.7671538003772554
1,1,0.7403519960624608
1,1,0.7111306961729199
1,1,0.8389955791166666
1,1,0.7486518910144963
1,0,0.390283828251956
1,1,0.7766376746634158
1,1,0.8292781792729828
1,1,0.7894453443662789
1,1,0.6680366238331957
0,1,0.6463991048469536
1,0,0.35552169906661857
1,1,0.8602974024917859
1,1,0.7582517493569135
1,1,0.7835048436142099
1,1,0.8188590579660345
1,1,0.7071056189888523
1,0,0.468308002436636
1,0,0.09826678648725838
1,1,0.7193917172111418
1,0,0.4306588468063007
1,1,0.7348375633637755
1,1,0.6123363183899624
1,0,0.35395707077898425
1,1,0.7822159894119398
1,1,0.8420358016065278
1,0,0.4186047602682886
1,1,0.8629522269927963
1,1,0.8033230461535599
1,0,0.055206208074698525
1,1,0.7868541620934288
1,1,0.7850000817476689
1,0,0.4413981116294642
1,1,0.850359042033981
1,1,0.8443903782039932
1,1,0.792164700180156
1,1,0.6508347978759087
1,1,0.7489008806394959
1,1,0.7843911649343175
0,1,0.6969306232713959
1,1,0.8099461115697365
1,1,0.6720823722014563
1,1,0.9007753435078064
1,1,0.837686601813223
1,0,0.2363643596025377
1,1,0.727337383050969
1,1,0.7232006851301059
1,0,0.4114823185715105
1,1,0.5655517781091777
1,1,0.9051019952731817
1,1,0.5491779610847976
1,1,0.6284719506129054
0,0,0.37450542382901847
1,0,0.49681153223082597
1,1,0.746227306967974
1,1,0.5193869687913413
1,1,0.503029887944624
1,1,0.7703393750375036
1,1,0.8249394348365842
1,1,0.5071084915922378
1,1,0.7131906391846624
1,1,0.7524059775964144
1,0,0.45522315254844287
1,1,0.8192084506669333
1,1,0.5136512170497687
1,1,0.8139480798684907
1,1,0.7431137812263545
1,1,0.8114910719917638
1,1,0.7308206211132687
1,0,0.3524867946575271
1,1,0.8039778371189223
1,1,0.8208710474146104
1,1,0.7302085126470551
1,1,0.6690897139758073
1,1,0.8140852838722467
1,1,0.8912072658801017
0,0,0.20089161958984741
1,1,0.6388909395183231
1,1,0.5156807624812558
1,0,0.3281013480089941
1,1,0.7482976053053741
1,1,0.7947657827394958
1,1,0.8301411120926642
1,1,0.734369201343522
1,0,0.46618642708941527
1,0,0.4775587195202253
1,1,0.7910321570090921
1,1,0.6969491590568069
1,1,0.7554549028573438
1,1,0.8624367883490776
1,1,0.8710067795033564
1,0,0.28799886182074996
1,1,0.8628635644510554
1,1,0.8293557516624431
1,1,0.7325804676018538
1,1,0.867713923400509
1,0,0.4708069133465466
1,1,0.5382587480173529
1,1,0.6268941542065509
1,1,0.7385658701271314
1,1,0.8514444054120058
1,0,0.35489056441271843
1,1,0.8451935237088659
1,1,0.8692801166890474
1,1,0.8496689194402894
1,1,0.8184002100964887
1,1,0.5518513483122077
1,0,0.3942977688465075
1,0,0.028548076832223743
1,0,0.4129104369712364
1,0,0.3739670259438815
1,1,0.8254027066308277
1,1,0.7442650715279644
1,1,0.7642000354280793
1,1,0.7285392267465446
0,1,0.6617229734524398
1,0,0.42155855162538414
1,1,0.5425321162198999
1,1,0.7130563881413126
1,1,0.8334398577939579
1,1,0.5102444632846401
1,0,0.37233798177695554
1,1,0.5258075994590363
1,1,0.7966853319087721
1,1,0.6309195018562875
1,1,0.6744195283696021
1,1,0.8801163025214128
1,1,0.6755986838482673
1,1,0.5448642051792546
1,1,0.6159446490560891
1,1,0.772302772511869
1,1,0.5170058528096257
1,0,0.39696442001671467
1,0,0.4213956478151549
1,1,0.5280957496311178
1,0,0.2893491454663035
1,1,0.8942664384270873
1,1,0.6086087500700335
1,1,0.7579044217097574
1,1,0.764771587647625
1,1,0.5591381171148928
1,1,0.7971150655515495
1,1,0.8544846021274761
1,1,0.6238144536084465
1,1,0.9000592359716107
1,0,0.053419481125211
1,0,0.15195716201344128
1,1,0.7904420572387724
1,1,0.6485572376718725
1,1,0.8118690228132203
1,1,0.7467392908283425
1,1,0.7706125140575645
1,1,0.7941974873927782
1,1,0.5997029939237938
1,1,0.853439403132082
0,0,0.0025401197468803184
0,0,0.31424062467447433
