y_true,y_pred,prob
1,1,0.98849136
1,1,0.99220324
1,1,0.9914164
1,1,0.6125047
1,1,0.9915782
0,1,0.716143
1,1,0.882086
1,1,0.9354631
0,1,0.93545395
1,1,0.99688536
1,1,0.9675141
1,1,0.9934197
1,1,0.9909586
1,1,0.9811054
1,1,0.996663
1,1,0.9965122
1,1,0.9847515
1,1,0.94454783
1,1,0.9296055
1,1,0.98869747
1,1,0.9929549
1,1,0.85199946
1,1,0.9980019
0,1,0.9701025
1,1,0.9921339
1,1,0.9940421
1,1,0.93723804
1,1,0.94274867
1,1,0.9857412
1,1,0.99766827
1,1,0.96433234
1,1,0.91383296
1,1,0.9736787
1,1,0.9899565
1,1,0.99597716
1,1,0.9925795
0,1,0.6110979
1,1,0.98790646
1,1,0.87800765
1,1,0.9959242
1,1,0.97188437
1,1,0.97608787
1,1,0.92648
1,1,0.8248765
1,1,0.8551569
1,1,0.99749815
1,1,0.9615373
1,1,0.9918755
1,1,0.9960086
1,1,0.99225146
1,1,0.8788367
1,1,0.77449554
1,1,0.57843405
1,1,0.9954647
1,1,0.98724794
1,1,0.9716631
1,1,0.6400401
1,1,0.9742362
1,1,0.89922005
1,1,0.9448964
1,1,0.95039415
1,1,0.98403114
1,1,0.965667
1,1,0.97397375
1,1,0.9885364
1,1,0.9501539
0,1,0.9890314
1,1,0.99773216
1,1,0.9883185
1,1,0.95241755
1,1,0.92179334
1,1,0.98284304
1,1,0.985425
1,1,0.98385316
1,1,0.6844568
1,1,0.968426
1,1,0.9948227
1,1,0.9734462
1,1,0.99668175
1,1,0.84607965
0,1,0.93371814
1,1,0.99470115
1,1,0.9933089
1,1,0.98245084
1,1,0.99511766
1,1,0.58604264
1,1,0.982141
1,1,0.9978181
1,1,0.996859
1,1,0.99454856
0,1,0.8329041
1,1,0.9484492
1,1,0.90327036
1,1,0.88908833
1,1,0.9075721
1,1,0.8670883
1,1,0.8313322
1,1,0.9647888
1,1,0.98610836
1,1,0.9338811
0,0,0.3958022
1,1,0.97245455
0,1,0.77322006
1,1,0.91519094
1,1,0.9176921
1,1,0.90647846
1,1,0.99301624
1,1,0.9938824
1,1,0.9887222
1,1,0.7916578
1,1,0.97286576
1,1,0.99109477
0,1,0.9220454
1,1,0.9962604
1,1,0.92865133
1,1,0.99572194
1,1,0.97524357
1,1,0.95487595
1,1,0.9327312
1,1,0.9877387
1,1,0.9940617
1,1,0.9750283
1,1,0.99113274
1,1,0.9862298
1,1,0.98994786
0,1,0.89909583
0,1,0.51618934
0,1,0.80650795
1,1,0.96035427
1,1,0.9753857
1,1,0.9074162
1,1,0.9884299
1,1,0.8790062
1,1,0.9969567
1,1,0.9804074
1,1,0.9834977
1,1,0.98797536
1,1,0.9945857
1,1,0.92913246
1,1,0.84834224
1,1,0.9488636
1,1,0.93326646
1,1,0.9912814
1,1,0.9383071
1,1,0.9930326
1,1,0.9750583
1,1,0.99446625
1,1,0.97383446
1,1,0.86651814
1,1,0.9887094
1,1,0.6892739
1,1,0.99260885
0,1,0.865452
1,1,0.81701505
1,1,0.9250059
1,1,0.9867976
0,0,0.3509333
1,1,0.9259369
1,1,0.87203646
1,1,0.9415994
1,1,0.9609087
1,1,0.93958783
1,1,0.96874386
1,1,0.9928471
1,1,0.99288344
1,1,0.98934084
1,1,0.95997846
1,1,0.9820775
1,1,0.96737194
1,1,0.9970767
1,1,0.9708438
1,1,0.9876334
1,1,0.958568
1,1,0.9731989
1,1,0.952173
1,1,0.90641165
1,1,0.9004435
1,1,0.8851896
1,1,0.99429065
1,1,0.9883305
1,1,0.97059995
1,1,0.9966023
1,1,0.9892962
1,1,0.9967409
1,1,0.9713215
1,1,0.99459445
1,1,0.99598056
1,1,0.95964324
1,1,0.994828
1,1,0.9970175
1,1,0.9902097
1,1,0.74234414
1,1,0.9524554
1,1,0.99141437
1,1,0.9209772
1,1,0.71188414
1,1,0.9471559
1,1,0.9214866
1,1,0.9385009
1,1,0.9838173
1,1,0.9968325
1,1,0.95922786
1,1,0.8892616
1,1,0.9573164
1,1,0.9149134
1,1,0.990347
1,1,0.98075986
1,1,0.9618334
1,1,0.9555068
0,1,0.97420067
1,1,0.9739861
1,1,0.96384484
1,1,0.9763169
1,1,0.9696282
1,1,0.98541254
1,1,0.9981413
1,1,0.96587604
1,1,0.99117625
1,1,0.94308996
1,1,0.99718535
1,1,0.9639999
1,1,0.87352896
1,1,0.9362181
1,1,0.99820775
1,1,0.9541368
1,1,0.8938353
1,1,0.6194188
1,1,0.94057786
1,1,0.8419041
0,1,0.58538705
1,1,0.9902647
1,1,0.9969753
1,1,0.9829621
1,1,0.99510473
1,1,0.9571187
1,1,0.98787194
1,1,0.84564
1,1,0.98130625
1,1,0.94416606
1,1,0.98920655
1,1,0.9906463
1,1,0.9804339
1,1,0.9932444
1,1,0.99185205
1,1,0.8861303
1,1,0.9472138
1,1,0.9740279
1,1,0.98875463
1,1,0.96402717
1,1,0.93436635
0,1,0.61737263
1,1,0.9967146
1,1,0.9937076
1,1,0.9940655
1,1,0.89862835
1,1,0.9805339
0,1,0.8149945
0,1,0.99206716
1,1,0.9910341
1,1,0.9343981
1,1,0.75016093
1,1,0.9904953
1,1,0.997091
1,1,0.9867923
1,1,0.96518975
1,1,0.9797843
1,1,0.9255108
1,1,0.8681864
1,1,0.97926384
1,1,0.552762
1,1,0.99353576
1,1,0.9578941
1,1,0.9767717
1,1,0.9879874
1,1,0.9958153
1,1,0.9871902
1,1,0.9993148
1,1,0.9465354
1,1,0.99202645
1,1,0.92123187
1,1,0.9816829
1,1,0.99269736
1,1,0.99693215
1,1,0.82668716
1,1,0.99871576
1,1,0.7724685
1,1,0.9366736
1,1,0.92873585
1,1,0.97029537
1,1,0.9335157
1,1,0.99701923
1,1,0.6707344
1,1,0.99123186
1,1,0.9986526
1,1,0.9364546
1,1,0.9861975
1,1,0.9934955
1,1,0.9763987
1,1,0.98919356
1,1,0.96970016
0,1,0.7211039
1,1,0.99090177
0,1,0.61191964
1,1,0.95685196
1,1,0.99760306
1,1,0.9485405
1,1,0.84590757
1,1,0.9943403
1,1,0.98815835
1,1,0.98529166
1,1,0.9911936
1,1,0.99763036
1,1,0.9784247
1,1,0.9687643
1,1,0.9940348
0,1,0.95585054
1,1,0.991245
1,1,0.99094
1,1,0.9933142
1,1,0.8883693
1,1,0.99691707
1,1,0.9827061
1,1,0.9541679
1,1,0.98867923
1,1,0.9828309
1,1,0.98896015
1,1,0.9977833
1,1,0.9568513
1,1,0.9950921
1,1,0.9399667
1,1,0.9862317
1,1,0.9149483
1,1,0.99598473
0,1,0.5688309
1,1,0.95603436
1,1,0.9436484
1,1,0.90062904
1,1,0.9856841
1,1,0.9984762
1,1,0.9839599
1,1,0.9513074
1,1,0.99258506
1,1,0.99083334
1,1,0.961936
1,1,0.98938316
1,1,0.99063045
1,1,0.9641226
1,1,0.9933634
1,1,0.99159515
1,1,0.9689066
1,1,0.9786495
1,1,0.9263554
1,1,0.9860954
1,1,0.9677081
1,1,0.9934417
1,1,0.9862156
1,1,0.9934293
1,1,0.99467105
1,1,0.98696005
1,1,0.7835157
1,1,0.9762288
1,1,0.93287283
1,1,0.9810865
1,1,0.9937448
1,1,0.5933649
1,1,0.90641946
0,1,0.70929116
1,1,0.9971431
1,1,0.9914456
1,1,0.6606661
1,1,0.9871279
1,1,0.98324907
1,1,0.9304448
1,1,0.9883565
1,1,0.957197
1,1,0.9431921
1,1,0.99643314
1,1,0.8579025
1,1,0.9068469
1,1,0.92056924
1,1,0.8418584
1,1,0.8567635
1,1,0.9956185
1,1,0.9986928
1,1,0.99449086
1,1,0.9421313
1,1,0.994497
1,1,0.993108
1,1,0.92810774
1,1,0.97738355
0,1,0.94808096
1,1,0.9281941
1,1,0.9925129
1,1,0.9968883
1,1,0.99007654
1,1,0.9561876
1,1,0.9759994
1,1,0.99218714
1,1,0.99767876
1,1,0.9378814
1,1,0.9836927
1,1,0.84531575
0,1,0.573068
1,1,0.74321645
1,1,0.98153776
1,1,0.73265445
1,1,0.99739814
0,1,0.6175283
1,1,0.98732936
1,1,0.9755024
1,1,0.98791873
1,1,0.9944787
1,1,0.9870222
1,1,0.99473286
1,1,0.9894199
1,1,0.9841305
1,1,0.98073024
1,1,0.9941202
1,1,0.9924646
0,1,0.97433484
1,1,0.73291737
1,1,0.7126214
1,1,0.51475215
1,1,0.96246505
1,1,0.77758276
1,1,0.9853723
1,1,0.9408755
1,1,0.99616784
1,1,0.9660031
0,1,0.7167022
1,1,0.9595663
1,1,0.95661545
1,1,0.9153525
1,1,0.97790515
1,1,0.9239135
1,1,0.99219114
1,1,0.9949291
1,1,0.9320863
1,1,0.8808246
1,1,0.99586487
1,1,0.9749833
1,1,0.9957192
1,1,0.9941248
1,1,0.99261886
1,1,0.97733444
1,1,0.98494065
1,1,0.9776089
1,1,0.75554585
1,1,0.97984284
1,1,0.9920335
1,1,0.9942579
1,1,0.7445821
1,1,0.9900097
1,1,0.9865021
1,1,0.95473164
0,1,0.96341634
1,1,0.9237796
0,1,0.5736139
1,1,0.9969282
1,0,0.49164677
1,1,0.99342525
1,1,0.9897145
1,1,0.91684765
1,1,0.8515233
1,1,0.8801163
1,1,0.93869126
1,1,0.99559975
1,1,0.9829491
1,1,0.99568516
1,1,0.9907234
1,1,0.9918151
1,1,0.9467987
1,1,0.97691554
1,1,0.9613215
1,1,0.8748972
1,1,0.98635244
1,1,0.9849893
1,1,0.9917025
1,1,0.91562986
0,1,0.92741334
1,1,0.99600255
1,1,0.988794
1,1,0.9973645
1,1,0.97592217
1,1,0.8926733
1,1,0.86972475
1,1,0.9955469
1,1,0.9975444
1,1,0.95091975
1,1,0.90709054
1,1,0.9904782
1,1,0.9931154
1,1,0.92527646
1,1,0.9962388
1,1,0.99581707
1,1,0.9821336
1,1,0.95715123
0,1,0.9800582
1,1,0.995867
1,1,0.990021
1,1,0.90524846
1,1,0.9839606
1,1,0.9513203
1,1,0.98902524
1,1,0.93047774
1,1,0.9943364
1,1,0.9987978
1,1,0.962816
1,1,0.8559398
1,1,0.97084886
1,1,0.97940546
1,1,0.86300963
1,1,0.7645711
1,1,0.95797956
1,1,0.9806914
0,1,0.8437942
1,1,0.995397
1,1,0.9504883
1,1,0.9874818
1,1,0.9548898
1,1,0.95726657
1,1,0.9515322
1,1,0.95797044
1,1,0.95756346
1,1,0.99782985
1,1,0.9853367
1,1,0.97338235
1,1,0.99423647
1,1,0.9911451
1,1,0.9959374
1,1,0.9306458
1,1,0.980593
1,1,0.99178916
1,1,0.9886377
1,1,0.95827794
0,1,0.91645837
1,1,0.979789
1,1,0.99435514
1,1,0.98903143
1,1,0.98074275
1,1,0.986698
1,1,0.99302554
1,1,0.9763721
1,1,0.96537423
1,1,0.9976117
0,1,0.9835539
1,1,0.84006715
1,1,0.9946382
1,1,0.9659026
1,1,0.9484398
1,1,0.9952958
1,1,0.9591423
1,1,0.97648054
1,1,0.7206608
0,1,0.7895959
1,1,0.93382144
0,1,0.5121344
1,1,0.9831513
1,1,0.9569085
1,1,0.8922868
1,1,0.6861212
1,1,0.9940356
1,1,0.9741318
1,1,0.9940916
1,1,0.9836097
0,1,0.9934473
1,1,0.98940694
0,1,0.9494729
1,1,0.9954093
1,1,0.80323035
1,1,0.983567
1,1,0.98903227
1,1,0.7747005
1,1,0.99401224
1,1,0.96602845
0,1,0.70782065
1,1,0.9368756
1,1,0.9934858
1,1,0.99338675
1,1,0.9677505
1,1,0.97059166
0,1,0.9422312
1,1,0.9660876
1,1,0.9143004
1,1,0.91538024
1,1,0.99472094
1,1,0.8757449
1,1,0.79925424
1,1,0.9654069
1,1,0.9895458
1,1,0.9198844
1,1,0.9817765
0,1,0.7513408
1,1,0.8708285
1,1,0.9644784
1,1,0.76450247
1,1,0.99122274
1,1,0.9827474
1,1,0.9842293
1,1,0.99310225
1,1,0.92204
1,1,0.9979718
1,1,0.9970341
1,1,0.98325217
1,1,0.9947896
1,1,0.9894102
1,1,0.9022084
1,1,0.98606235
1,1,0.96472245
0,1,0.58950555
1,1,0.9736747
1,1,0.9873845
1,1,0.9599789
1,1,0.99043876
1,1,0.9848694
0,1,0.55616945
1,1,0.97413653
1,1,0.9946181
1,1,0.9625381
1,1,0.9451466
1,1,0.9902438
1,1,0.9983347
1,1,0.97050095
1,1,0.9718055
1,1,0.9641397
1,1,0.9887763
1,1,0.88411605
1,1,0.9946637
1,1,0.952457
1,1,0.96435714
1,1,0.9398288
1,1,0.9579524
1,1,0.9811856
1,1,0.9094295
1,1,0.9220813
1,1,0.9908104
1,1,0.9337378
1,1,0.99754083
1,1,0.70647573
1,1,0.79585624
1,1,0.99844265
1,1,0.9453188
1,1,0.9476096
1,1,0.873015
1,1,0.90890026
1,1,0.73587584
1,1,0.99259204
1,1,0.929631
1,1,0.96945316
1,1,0.9229392
1,1,0.9958525
1,1,0.8985305
1,1,0.98968655
1,1,0.9591539
1,1,0.98947906
1,1,0.88201904
1,1,0.9736246
1,1,0.9960099
1,1,0.8319599
1,1,0.90647656
1,1,0.9295829
1,1,0.9297449
1,1,0.99710196
1,1,0.8631504
1,1,0.9779546
1,1,0.9624385
1,1,0.9868045
1,1,0.9774901
1,1,0.99262637
1,1,0.97931534
1,1,0.95498437
1,1,0.9845929
1,1,0.9962126
1,1,0.9894348
0,1,0.8438059
1,1,0.99133074
1,1,0.9849861
1,1,0.9536647
1,1,0.98830867
1,1,0.98682666
1,1,0.9967408
1,1,0.9480022
0,1,0.9227428
1,1,0.92867225
1,1,0.89481527
1,1,0.99177474
1,1,0.98757243
1,1,0.99055636
1,1,0.89330333
1,1,0.82817364
1,1,0.9910192
1,1,0.975679
1,1,0.9973786
1,1,0.9902581
1,1,0.9970909
1,1,0.99454445
0,1,0.9249058
1,1,0.63805336
1,1,0.6429259
1,1,0.9975339
1,1,0.99224997
0,1,0.89682776
1,1,0.91968143
1,1,0.98646927
1,1,0.9974272
1,1,0.97804916
0,1,0.868231
1,1,0.7576943
1,1,0.9923276
1,1,0.94709355
1,1,0.99180496
1,1,0.9303506
1,1,0.97949684
1,1,0.5412208
1,1,0.9970524
1,1,0.9940377
1,1,0.97857136
1,1,0.9934895
1,1,0.9911129
1,1,0.97176504
1,1,0.82103235
1,1,0.9911731
1,1,0.9933704
1,1,0.8765604
1,1,0.66482514
1,1,0.9683891
1,1,0.9944895
1,1,0.99773234
1,1,0.9860069
1,1,0.8698435
1,1,0.9395076
1,1,0.99699426
1,1,0.99297565
1,1,0.95585203
1,1,0.96136
1,1,0.9386195
1,1,0.9968506
1,1,0.927077
1,1,0.9430276
1,1,0.96633804
1,1,0.95750797
1,1,0.94512135
1,1,0.976152
1,1,0.99703175
1,1,0.99332446
1,1,0.9034307
1,1,0.9521157
1,1,0.9803283
1,1,0.9688497
1,1,0.95340633
1,1,0.9156136
1,1,0.9774678
1,1,0.9915847
1,1,0.9877198
0,1,0.89649343
1,1,0.99347734
1,1,0.91944337
1,1,0.9245025
1,1,0.9900611
1,1,0.99721634
1,1,0.995335
1,1,0.9949268
1,1,0.9921682
1,1,0.9944746
0,1,0.81879073
1,1,0.89339155
1,1,0.9930867
1,1,0.98724216
1,1,0.94016504
1,1,0.98180395
1,1,0.99126637
1,1,0.9422516
0,1,0.8301482
1,1,0.9889241
1,1,0.95778924
1,1,0.9973168
1,1,0.9962142
1,1,0.98486096
1,1,0.9544935
1,1,0.99432385
1,1,0.96907
1,1,0.8884124
1,1,0.95167
1,1,0.9686258
1,1,0.98340684
1,1,0.72646743
1,1,0.9860282
1,1,0.62428504
1,1,0.9852822
1,1,0.9912197
1,1,0.98656195
1,1,0.99258864
1,1,0.9948653
1,1,0.9409658
1,1,0.9959367
1,1,0.99439067
1,1,0.99833083
1,1,0.99613243
1,1,0.99533933
1,1,0.99001384
1,1,0.9391442
1,1,0.97979814
1,1,0.9805272
1,1,0.86388195
1,1,0.99376947
1,1,0.98923135
1,1,0.9966148
1,1,0.94142586
1,1,0.96787846
1,1,0.9969146
1,1,0.96850365
1,1,0.99516517
1,1,0.9809147
1,1,0.8518627
1,1,0.9897916
1,1,0.9942468
1,1,0.99432975
1,1,0.96861994
1,1,0.9912675
1,1,0.9857926
1,1,0.9943319
1,1,0.98512185
0,1,0.984113
1,1,0.99290544
1,1,0.9954172
1,1,0.98024774
1,1,0.9958785
1,1,0.9929487
1,1,0.990834
1,1,0.9742851
1,1,0.9911636
1,1,0.99532074
0,1,0.91427904
1,1,0.9801634
1,1,0.9704873
1,1,0.99682164
1,1,0.96243423
1,1,0.98818153
1,1,0.9505891
1,1,0.9620622
1,1,0.9716838
1,1,0.9956078
1,1,0.9792936
1,1,0.9945105
1,1,0.9920515
1,1,0.9954298
1,1,0.9585822
1,1,0.9743865
1,1,0.9922274
1,1,0.96929634
1,1,0.96237504
1,1,0.98940897
1,1,0.99788886
1,1,0.9422648
1,1,0.798415
1,1,0.99460137
1,1,0.9809364
1,1,0.95583296
1,1,0.9747344
1,1,0.989764
1,1,0.9885468
1,1,0.98823035
1,1,0.9340403
1,1,0.87990326
1,1,0.991308
1,1,0.9544295
0,1,0.9788191
1,1,0.8535854
1,1,0.96228147
1,1,0.9967044
1,1,0.9874914
1,1,0.9982725
1,1,0.97965795
1,1,0.9953551
1,1,0.9076079
1,1,0.9750111
1,1,0.96760184
1,1,0.9942313
1,1,0.96972615
1,1,0.8583555
1,1,0.99448353
1,1,0.93659514
1,1,0.90038687
1,1,0.99648345
1,1,0.9757045
1,1,0.9795673
1,1,0.9898506
1,1,0.95059866
1,1,0.9201249
1,1,0.9556254
1,1,0.9560605
1,1,0.9766118
1,1,0.9857632
1,1,0.9921894
1,1,0.982625
1,1,0.9210189
1,1,0.98956645
0,1,0.55154943
1,1,0.9821987
1,1,0.9673628
0,1,0.9501148
1,1,0.96329224
1,1,0.99148166
1,1,0.9847019
1,1,0.99262714
1,1,0.9941091
1,1,0.9956433
1,1,0.99108154
1,1,0.94755346
1,1,0.92707074
1,1,0.9670774
1,1,0.99299824
0,1,0.989249
1,1,0.9737677
1,1,0.8963123
1,1,0.9945692
1,1,0.990126
1,1,0.98364717
1,1,0.97572494
1,1,0.9397649
1,1,0.9320454
1,1,0.99117714
0,1,0.6552479
1,1,0.91375226
1,1,0.9467172
1,1,0.9859766
1,1,0.991711
1,1,0.9769852
1,1,0.95494694
1,1,0.9963095
1,1,0.99594545
1,1,0.97373694
1,1,0.95055765
1,1,0.9691386
1,1,0.9954264
1,1,0.9961323
1,1,0.98707503
1,1,0.9925595
1,1,0.990145
1,1,0.91397345
1,1,0.9811177
1,1,0.9953182
1,1,0.99741715
1,1,0.98381037
1,1,0.986691
1,1,0.98739564
1,1,0.9798459
1,1,0.9548821
1,1,0.9635078
1,1,0.9854682
1,1,0.98681974
1,1,0.9777467
1,1,0.9941238
1,1,0.9741701
1,1,0.82075804
1,1,0.99811435
1,1,0.90304226
1,1,0.96922636
1,1,0.97384673
1,1,0.85809743
1,1,0.99423784
1,1,0.98918045
1,1,0.9668934
1,1,0.98584795
1,1,0.9910024
1,1,0.9681378
1,1,0.91918623
1,1,0.9877236
0,1,0.8895771
1,1,0.97467124
1,1,0.99046576
1,1,0.9929534
1,1,0.9864014
1,1,0.8214765
1,1,0.99193656
1,1,0.9822266
1,1,0.9910901
1,1,0.57574284
1,1,0.9855142
1,1,0.99535435
1,1,0.9469849
1,1,0.9762212
1,1,0.99171036
1,1,0.90843624
1,1,0.8758044
1,1,0.9717041
1,1,0.9884389
1,1,0.983879
1,1,0.97438836
1,1,0.98826045
1,1,0.96588886
1,1,0.9922334
1,1,0.9515074
1,1,0.9490894
1,1,0.9959956
0,1,0.6787677
1,1,0.9888603
1,1,0.97392786
1,1,0.9892523
1,1,0.89438164
1,1,0.9867104
1,1,0.9925403
1,1,0.97735524
1,1,0.9949802
1,1,0.9655022
1,1,0.9811722
1,1,0.98417026
1,1,0.9827689
1,1,0.98882055
1,1,0.86143094
1,0,0.44751742
1,1,0.94942
0,0,0.43645856
1,1,0.96334726
1,1,0.98146665
1,1,0.9255197
1,1,0.9453651
1,1,0.9618377
1,1,0.88629854
1,1,0.99715126
1,1,0.9777108
1,1,0.9977482
1,1,0.9916743
1,1,0.93423796
1,1,0.9951093
1,1,0.9607848
1,1,0.9886261
1,1,0.96702385
1,1,0.9857981
1,1,0.9892309
1,1,0.9777042
1,1,0.98150444
0,1,0.5972251
1,1,0.8764742
1,1,0.98205876
1,1,0.94661105
1,1,0.971034
1,1,0.76471865
1,1,0.99164313
1,1,0.9651042
1,1,0.99326783
1,1,0.99112135
1,1,0.77002877
1,1,0.99681026
1,1,0.9145779
1,1,0.96475863
1,1,0.949583
1,1,0.9912728
1,1,0.9977293
1,1,0.9671321
1,1,0.9821926
1,1,0.9328805
1,1,0.9887933
1,1,0.99289185
1,1,0.96497554
1,1,0.98719126
1,1,0.99133116
1,1,0.9093001
1,1,0.9707462
1,1,0.94513196
1,1,0.9941847
1,1,0.99268496
1,1,0.6743821
1,1,0.83936715
1,1,0.95944935
1,1,0.99066305
1,1,0.93769455
1,1,0.9725081
1,1,0.9780382
1,1,0.7840391
1,1,0.9898067
1,1,0.99401134
1,1,0.95417845
1,1,0.9560287
1,1,0.99037236
0,1,0.6281187
1,1,0.9944368
1,1,0.75647885
1,1,0.9829487
1,1,0.93362343
1,1,0.78911483
1,1,0.99008197
1,1,0.99158514
1,1,0.9937396
1,1,0.99460346
1,1,0.9910765
1,1,0.98067427
1,1,0.9722843
1,1,0.98629546
1,1,0.9744277
1,1,0.9863189
1,1,0.89712626
1,1,0.9521941
1,1,0.9282481
1,1,0.71909887
1,1,0.97034883
1,1,0.9784698
1,1,0.98013145
1,1,0.9901455
1,1,0.9791492
1,1,0.9895626
1,1,0.9846227
1,1,0.9920716
1,1,0.99506116
1,1,0.566451
1,1,0.990137
1,1,0.9413063
1,1,0.9706826
1,1,0.8933089
1,1,0.9400087
1,1,0.9849671
1,1,0.9898072
0,1,0.75150037
1,1,0.96705055
1,1,0.91879463
1,1,0.99088806
1,1,0.99646753
1,1,0.9939075
1,1,0.9515838
1,1,0.9475322
1,1,0.9877848
1,1,0.9918183
1,1,0.9865063
0,1,0.95571417
1,1,0.9975393
1,1,0.95876837
1,1,0.9859513
0,1,0.9783388
1,1,0.9904881
1,1,0.73991436
1,1,0.9842141
1,1,0.91953695
1,1,0.99650544
1,1,0.9973827
0,1,0.9529564
1,1,0.9850699
1,1,0.95567524
0,1,0.8353739
1,1,0.9966013
1,1,0.9120262
1,1,0.9869396
1,1,0.9801979
1,1,0.9902359
1,1,0.9753467
1,1,0.9536514
1,1,0.9178709
1,1,0.99767596
1,1,0.9731478
0,1,0.8520707
1,1,0.9707676
1,1,0.9621041
1,1,0.9961811
1,1,0.92983884
0,1,0.73405683
1,1,0.9839639
1,1,0.9951615
1,1,0.93883467
1,1,0.99044174
1,1,0.6885039
1,1,0.96424305
1,1,0.9930798
1,1,0.8894284
0,1,0.9464518
1,1,0.9976804
1,1,0.983316
1,1,0.93486875
1,1,0.9532914
1,1,0.9956521
1,1,0.9900842
1,1,0.9464448
1,1,0.90415674
1,1,0.9577562
1,1,0.9737687
1,1,0.9934472
1,1,0.96848404
1,1,0.99643
0,1,0.59617156
1,1,0.5182594
1,1,0.99394405
1,1,0.98776835
1,1,0.9895815
1,1,0.9955971
1,1,0.98538667
1,1,0.99142736
1,1,0.99585074
1,1,0.9790194
1,1,0.99093807
1,1,0.9908364
1,1,0.9956826
1,1,0.98786426
1,1,0.99025506
1,1,0.9827696
1,1,0.9417013
1,1,0.9917645
1,1,0.95510626
1,1,0.97014064
1,1,0.9961847
1,1,0.97012305
1,1,0.88249934
1,1,0.9938054
1,1,0.9620019
1,1,0.95124775
1,1,0.9341896
1,1,0.9962785
1,1,0.96075577
1,1,0.99274975
1,1,0.9869741
0,1,0.90090877
1,1,0.9732985
1,1,0.9758497
1,1,0.92766607
1,1,0.9421495
0,1,0.9843839
1,1,0.82835215
1,1,0.9457767
1,1,0.99161613
1,1,0.9842183
1,1,0.97523385
1,1,0.9945659
1,1,0.7928575
1,1,0.99482375
1,1,0.99684215
1,1,0.88244545
1,1,0.98531044
1,1,0.9954939
1,1,0.95985454
1,1,0.79033124
1,1,0.99342924
1,1,0.9793526
1,1,0.95335937
1,1,0.98677796
1,1,0.9285899
1,1,0.99674445
1,1,0.995131
1,1,0.99094224
1,1,0.8557735
1,1,0.99603623
1,1,0.96340287
1,1,0.988001
1,1,0.9972275
1,1,0.9718905
1,1,0.5036306
1,1,0.9964194
1,1,0.9381794
1,1,0.94117075
1,1,0.9686489
0,1,0.5933833
1,1,0.98465663
1,1,0.9894831
1,1,0.9568194
1,1,0.88056445
1,1,0.8956774
1,1,0.9940704
1,1,0.975846
1,1,0.98428637
1,1,0.952356
1,1,0.9901838
1,1,0.97607446
1,1,0.9927114
1,1,0.99788046
1,1,0.9637053
1,1,0.97186553
1,1,0.879934
1,1,0.9832456
1,1,0.9897991
1,1,0.98008907
1,1,0.93955594
1,1,0.994206
1,1,0.9815757
0,1,0.9567113
1,1,0.9976633
1,1,0.9315297
0,1,0.9147201
1,1,0.915792
1,1,0.99274313
1,1,0.6481006
1,1,0.9976213
1,1,0.9557926
1,1,0.990456
1,1,0.9555854
1,1,0.99246943
1,1,0.9782675
1,1,0.9584686
1,1,0.9896465
1,1,0.94624907
1,1,0.9858128
1,1,0.8558982
1,1,0.99840087
1,1,0.99270576
1,1,0.9891013
1,1,0.9344682
1,1,0.9835094
0,1,0.95444727
1,1,0.9980812
1,1,0.996084
1,1,0.9881845
1,1,0.97072613
1,1,0.9922202
1,1,0.9757395
1,1,0.99608725
1,1,0.99704224
1,1,0.8869931
1,1,0.98837256
1,1,0.87776405
1,1,0.94324434
1,1,0.937219
1,1,0.9055162
1,1,0.88710827
1,1,0.99616325
1,1,0.95198643
1,1,0.9678415
1,1,0.98074687
1,1,0.9962243
1,1,0.8909606
1,1,0.9067552
1,1,0.96469116
1,1,0.9896205
1,1,0.93622
1,1,0.9942021
1,1,0.95039
1,1,0.93067646
1,1,0.9416732
1,1,0.9883555
1,1,0.9757067
1,1,0.81982225
1,1,0.996578
1,1,0.9078045
1,1,0.9973214
1,1,0.9679354
1,1,0.83239526
1,1,0.99605435
1,1,0.97762513
1,1,0.9548938
1,1,0.9634896
1,1,0.99519473
1,1,0.9882726
1,1,0.99289757
1,1,0.98936576
1,1,0.97170216
1,1,0.92818767
1,1,0.56097347
1,1,0.9860783
1,1,0.99659914
1,1,0.9941527
1,1,0.9835741
1,1,0.9881163
0,1,0.99500877
1,1,0.9908935
1,1,0.99489397
1,1,0.9494548
1,1,0.96501374
1,1,0.89038813
1,1,0.98503137
1,1,0.9944337
1,1,0.9818833
1,1,0.97187346
1,1,0.9481118
1,1,0.98802537
1,1,0.9915431
1,0,0.4345004
1,1,0.9870993
1,1,0.99727803
1,1,0.9974058
1,1,0.9071321
1,1,0.979666
1,1,0.9888728
1,1,0.91261894
1,1,0.91220623
1,1,0.95100844
1,1,0.9950628
1,1,0.9876916
1,1,0.9912746
1,1,0.99672645
0,1,0.87153864
1,1,0.9407734
1,1,0.99585056
1,1,0.8119368
1,1,0.989158
0,1,0.87346065
1,1,0.9862478
1,1,0.99348426
1,1,0.9832484
1,1,0.9879623
1,1,0.9936029
1,1,0.886578
1,1,0.9790145
1,1,0.91940355
0,1,0.5642248
1,1,0.9916635
1,1,0.9356643
1,1,0.9335324
1,1,0.99750096
1,1,0.9976369
1,1,0.9146623
1,1,0.98851985
1,1,0.9914951
1,1,0.9446959
1,1,0.8777195
0,1,0.9291711
1,1,0.7377108
1,1,0.88800114
1,1,0.99410486
1,1,0.9938483
1,1,0.9902708
1,1,0.99199766
1,1,0.9936702
1,1,0.9487018
1,1,0.8906255
1,1,0.9356729
1,1,0.9979182
1,1,0.801546
1,1,0.9874691
1,1,0.949271
1,1,0.979991
1,1,0.93091035
1,1,0.98125684
1,1,0.9803049
1,1,0.98973316
1,1,0.9932779
1,1,0.9965745
1,1,0.99679005
1,1,0.97517574
1,1,0.9870781
1,1,0.85974205
1,1,0.9744301
1,1,0.9370311
1,1,0.5291352
1,1,0.98889357
1,1,0.9493864
1,1,0.9943665
1,1,0.9730791
1,1,0.7512433
1,1,0.75661194
1,1,0.9091086
1,1,0.9962185
1,1,0.9527283
1,1,0.95338315
1,1,0.99140924
1,1,0.9208586
1,1,0.9623739
1,1,0.9933456
1,1,0.9674458
1,1,0.9583719
1,1,0.9882858
1,1,0.99599713
1,1,0.94861573
0,1,0.7690041
1,1,0.9500974
1,1,0.87690854
1,1,0.96634394
1,1,0.9349186
1,1,0.9837521
0,1,0.69794345
1,1,0.9017116
1,1,0.9972568
1,1,0.9798057
1,1,0.99176985
1,1,0.961728
1,1,0.96814764
1,1,0.94910043
1,1,0.9617589
1,1,0.9459437
1,1,0.9663637
1,1,0.95254004
1,1,0.96481556
1,1,0.9926578
1,1,0.98536205
1,1,0.9950717
1,1,0.9811351
1,1,0.99715096
1,1,0.98870444
1,1,0.98292065
1,1,0.9105474
1,1,0.9409999
1,1,0.9826234
1,1,0.99585366
0,1,0.94297624
0,1,0.91064453
1,1,0.991121
1,1,0.98011893
1,1,0.9347272
1,1,0.9768602
1,1,0.9482486
0,1,0.66711104
1,1,0.9334617
1,1,0.977967
1,1,0.934103
1,1,0.956201
1,1,0.96581227
1,1,0.9765581
1,1,0.97923636
1,1,0.99753565
1,1,0.8494594
1,1,0.9785262
1,1,0.9538852
1,1,0.99280554
1,1,0.9777412
1,1,0.95699954
1,1,0.99248517
1,1,0.9878262
1,1,0.67595315
1,1,0.9973249
1,1,0.9862682
1,1,0.97014517
1,1,0.9331424
1,1,0.94322014
1,1,0.7209319
1,1,0.9140456
1,1,0.9920682
1,1,0.96114206
1,1,0.9905336
0,1,0.8896317
1,1,0.98961306
1,1,0.97649944
1,1,0.96969783
1,1,0.98482513
0,1,0.79241663
1,1,0.9951539
1,1,0.99452347
0,1,0.8688201
1,1,0.9967209
1,1,0.80061316
1,1,0.91517365
1,1,0.9958993
1,1,0.9919108
1,1,0.9919966
1,1,0.99722236
1,1,0.8535212
1,1,0.9860166
1,1,0.9538838
1,1,0.96088725
1,1,0.9791663
1,1,0.9925717
1,1,0.86384
1,1,0.93057275
1,1,0.94011444
1,1,0.99707454
1,1,0.8905623
1,1,0.959723
1,1,0.94048625
1,1,0.9411922
1,0,0.48756585
1,1,0.98415667
1,1,0.98243505
1,1,0.99132276
1,1,0.99604154
1,1,0.9951915
1,1,0.9664209
1,1,0.7622086
1,1,0.89441466
0,0,0.3429687
1,1,0.9965813
1,1,0.99459916
1,1,0.84321797
1,1,0.9800772
1,1,0.986354
1,1,0.94767195
1,1,0.9676014
1,1,0.99464476
0,1,0.83344275
1,1,0.9984785
1,1,0.9793703
1,1,0.94383997
1,1,0.9869043
1,1,0.9425352
0,1,0.9228233
1,1,0.9894509
1,1,0.9969701
1,1,0.9448434
1,1,0.9630096
1,1,0.93643844
1,1,0.96582824
0,1,0.9774375
1,1,0.9976635
1,1,0.9920012
1,1,0.925252
1,1,0.9750265
1,1,0.9658803
1,1,0.9682083
1,1,0.99155706
1,1,0.9464991
1,1,0.93927217
1,1,0.9264456
1,1,0.900186
1,1,0.98835576
1,1,0.99301785
1,1,0.9546138
1,1,0.9777505
1,1,0.92466074
0,1,0.97060484
1,1,0.9767717
1,1,0.99505824
1,1,0.96471
1,1,0.9880706
1,1,0.59166276
1,1,0.9321232
1,1,0.9432786
1,1,0.9944575
1,1,0.9607373
1,1,0.9946363
1,1,0.97169995
1,1,0.95628273
1,1,0.5861288
1,1,0.9867899
1,1,0.9964946
1,1,0.9076831
1,1,0.8684652
1,1,0.9868904
1,1,0.96567965
1,1,0.87605643
1,1,0.99363756
1,1,0.9071055
1,1,0.9728992
1,1,0.94702893
1,1,0.93976617
1,1,0.9673138
0,1,0.9698268
1,1,0.9751073
1,1,0.9143075
1,1,0.963005
1,1,0.97134894
1,1,0.9921661
1,1,0.9348311
0,1,0.8942525
1,1,0.9676726
1,1,0.9663866
1,1,0.985722
1,1,0.89861083
1,1,0.97675395
1,1,0.99642915
1,1,0.99165183
0,1,0.9734436
1,1,0.94964415
1,1,0.9868583
1,1,0.9807423
1,1,0.98972136
1,1,0.95346427
1,1,0.97243184
1,1,0.99209243
1,1,0.9726854
1,1,0.98378146
0,1,0.725491
1,1,0.9872409
1,1,0.9794734
1,1,0.99640465
1,1,0.99143004
1,1,0.98838204
0,1,0.7880692
1,1,0.977403
1,1,0.99013865
1,1,0.9799334
1,1,0.99609447
1,1,0.97548383
1,1,0.9916612
0,1,0.9066615
1,1,0.974342
1,1,0.9343087
1,1,0.90726125
1,1,0.98775744
1,1,0.98483443
1,1,0.9537501
1,1,0.9886974
1,1,0.96136785
1,1,0.99357337
1,1,0.9908467
1,1,0.9944955
1,1,0.9874929
1,1,0.98978674
1,1,0.96225893
1,1,0.99748313
1,1,0.92924255
1,1,0.9406719
1,1,0.99521327
1,1,0.9670954
1,1,0.98486775
1,1,0.99566483
1,1,0.97127175
1,1,0.96791285
1,1,0.98707
1,1,0.95771927
1,1,0.78848946
1,1,0.98874897
1,1,0.9885375
1,1,0.96660817
1,1,0.9957099
1,1,0.9324731
0,1,0.9382085
1,1,0.9613124
1,1,0.99874616
1,1,0.9933961
1,1,0.98827255
1,1,0.95574355
1,1,0.9049116
1,1,0.990577
1,1,0.9908399
1,1,0.89699006
1,1,0.929788
1,1,0.9658733
1,1,0.9846018
1,1,0.9167038
1,1,0.9305482
1,1,0.9955516
1,1,0.9908998
1,1,0.99385494
1,1,0.9650006
1,1,0.9907834
1,1,0.996324
1,1,0.969279
1,1,0.9882425
1,1,0.99202716
1,1,0.85441047
1,1,0.9949298
1,1,0.9440472
1,1,0.91017914
1,1,0.9969665
1,1,0.92607516
1,1,0.9929677
1,1,0.9728591
0,1,0.96471727
1,1,0.96999896
0,1,0.8343461
0,1,0.5221764
1,1,0.97747934
1,1,0.99313295
1,1,0.9526681
1,1,0.99792624
1,1,0.9862433
1,1,0.9839689
1,1,0.7261971
1,1,0.8748752
1,1,0.9816443
1,1,0.9632359
1,1,0.9731614
1,1,0.9397766
1,1,0.8992379
1,1,0.989674
1,1,0.99672097
1,1,0.9041304
1,1,0.99573183
1,1,0.92594326
1,1,0.97242075
1,1,0.9964938
1,1,0.96555674
1,1,0.99606055
1,1,0.9976905
1,1,0.994947
1,1,0.9320837
1,1,0.9957197
1,1,0.996021
1,1,0.9222934
1,1,0.91530925
0,1,0.91720456
1,1,0.9333443
1,1,0.99121577
1,1,0.9906582
1,1,0.9948201
1,1,0.91629386
0,1,0.9910425
1,1,0.99685776
1,1,0.94413984
1,1,0.9397293
1,1,0.8522237
1,1,0.984223
1,1,0.9104914
1,1,0.9938459
1,1,0.8353815
0,1,0.8718938
1,1,0.968692
1,1,0.99107265
1,1,0.98731166
1,1,0.99498355
1,1,0.986912
1,1,0.99620974
1,1,0.9716203
1,1,0.9957712
1,1,0.9945351
1,1,0.9940571
1,1,0.9840903
1,1,0.74547493
1,1,0.94797975
1,1,0.99737144
1,1,0.98515624
1,1,0.6012238
1,1,0.8707268
1,1,0.9905359
1,1,0.98707455
1,1,0.9241575
1,1,0.9579628
1,1,0.99572736
0,1,0.73846704
1,1,0.9880623
1,1,0.92076087
1,1,0.9778676
1,1,0.5714123
1,1,0.98982996
1,1,0.9688493
1,1,0.6099329
1,1,0.89884275
1,1,0.98209095
1,1,0.99855244
1,1,0.9960018
1,1,0.9940203
1,1,0.9250817
1,1,0.9718149
1,1,0.90617985
1,1,0.6639774
1,1,0.9920273
1,1,0.9959407
1,1,0.9919111
0,1,0.89547205
1,1,0.99617285
1,1,0.9965038
1,1,0.7248162
1,1,0.9864565
1,1,0.99317974
1,1,0.94448614
0,1,0.9732667
1,1,0.9424525
1,1,0.76871145
1,1,0.9564085
1,1,0.9939847
1,1,0.9779283
1,1,0.9402225
1,1,0.99231005
1,1,0.99569654
1,1,0.9870546
1,1,0.94264513
1,1,0.8945798
1,1,0.9985085
1,1,0.9906486
1,1,0.9495445
1,1,0.9781566
1,1,0.5240222
1,1,0.88941836
1,1,0.9891508
1,1,0.9406429
1,1,0.9807899
1,1,0.81927085
1,1,0.99182785
1,1,0.9851099
1,1,0.98267543
1,1,0.9476302
1,1,0.672664
1,1,0.99349797
1,1,0.9653945
1,1,0.92195135
1,1,0.98724836
1,1,0.99720204
1,1,0.9960523
1,1,0.9899862
1,1,0.9890296
1,1,0.8732052
1,1,0.99220896
1,1,0.9898141
1,1,0.95460993
1,1,0.99558395
1,1,0.97098404
1,1,0.9708538
1,1,0.7737728
1,1,0.99646807
1,1,0.9860646
1,1,0.99715185
1,1,0.89325345
1,1,0.9811972
1,1,0.9932432
1,1,0.9462448
1,1,0.93643475
1,1,0.964275
1,1,0.90052664
1,1,0.93579394
0,1,0.93815947
1,1,0.9964326
1,1,0.99815464
0,1,0.7732447
1,1,0.960562
1,1,0.9620715
1,1,0.9889272
1,1,0.9981095
1,1,0.9137735
1,1,0.9979508
1,1,0.9919938
1,1,0.99096924
1,1,0.9498745
1,1,0.95630866
1,1,0.8009909
1,1,0.89134234
1,1,0.9646298
1,1,0.99471194
1,1,0.95055115
1,1,0.9178569
1,1,0.93378395
1,1,0.9619156
1,1,0.9911644
1,1,0.7817684
1,1,0.99283636
1,1,0.9566735
1,1,0.53363645
1,1,0.95645726
1,1,0.7443275
1,1,0.9618341
1,1,0.8863223
1,1,0.98125833
1,1,0.9885983
1,1,0.99569
1,1,0.9870256
1,1,0.9506085
1,1,0.98822576
1,1,0.96968764
1,1,0.98755074
1,1,0.9896042
1,1,0.93841547
1,1,0.9410654
1,1,0.989611
1,1,0.9457983
1,1,0.99269843
1,1,0.9933269
1,1,0.9313541
1,1,0.9980992
1,1,0.96080315
1,1,0.9985346
1,1,0.99288464
1,1,0.9909405
1,1,0.9912095
1,1,0.91478616
1,1,0.9580523
0,1,0.95754486
1,1,0.9913477
1,1,0.9919431
1,1,0.9768697
1,1,0.9917511
1,1,0.5512242
1,1,0.8435529
1,1,0.99068236
1,1,0.99370503
1,1,0.9961435
1,1,0.99618584
1,1,0.9881174
1,1,0.98697895
1,1,0.94579303
1,1,0.9910512
1,1,0.9760211
1,1,0.9696116
1,1,0.96824116
1,1,0.96888655
1,1,0.94243973
1,1,0.9791693
1,1,0.87634
1,1,0.9933773
1,1,0.88349855
1,1,0.8923682
1,1,0.9954944
0,1,0.51363176
1,1,0.9857731
1,1,0.9967438
1,1,0.93258375
1,1,0.74397296
1,1,0.9545906
1,1,0.99343634
1,1,0.9762796
1,1,0.9909372
1,1,0.9865962
1,1,0.9276604
1,1,0.8779816
1,1,0.99180114
1,1,0.970415
1,1,0.9705324
1,1,0.9856653
1,1,0.9396163
1,1,0.9887627
1,1,0.99247265
1,1,0.914203
1,1,0.99436104
1,1,0.84753406
1,1,0.94588137
1,1,0.9879123
1,1,0.9876656
1,1,0.88049656
1,1,0.8222772
1,1,0.98226494
1,1,0.8267498
1,1,0.89454335
1,1,0.9899074
1,1,0.9752517
1,1,0.9790994
1,1,0.97678465
1,1,0.9854957
1,1,0.8852423
1,1,0.96538365
1,1,0.99751675
1,1,0.99593914
1,1,0.89272267
1,1,0.9847763
1,1,0.99110097
1,1,0.9872937
1,1,0.9589794
1,1,0.9515181
0,1,0.9753528
1,1,0.8896
1,1,0.9954148
1,1,0.9968164
0,1,0.91320974
1,1,0.61049414
1,1,0.9909852
1,1,0.9726545
0,1,0.93799686
0,1,0.5869428
1,1,0.99211454
1,1,0.9545523
1,1,0.99613595
1,1,0.9767316
1,1,0.9821507
1,1,0.9942332
0,1,0.9784539
1,1,0.989392
0,1,0.7694243
1,1,0.68683666
1,1,0.99458236
0,1,0.986681
1,1,0.99496365
1,1,0.9222016
1,1,0.98375213
1,1,0.9931111
1,1,0.9942667
1,1,0.9936453
1,1,0.9956875
1,1,0.98522544
1,1,0.86380595
1,1,0.9929563
0,1,0.80630356
1,1,0.93126786
1,1,0.9930364
1,1,0.9935686
1,1,0.9452954
1,1,0.77218866
1,1,0.9910439
1,1,0.8956252
1,1,0.97965795
1,1,0.7862329
1,1,0.99671715
1,1,0.9502173
1,1,0.99099946
1,1,0.9707199
1,1,0.9800712
1,1,0.99522954
0,1,0.9371536
1,1,0.74733484
1,1,0.97247607
1,1,0.98994124
1,1,0.9696205
1,1,0.9973306
0,1,0.94947356
1,1,0.9931279
1,1,0.9536999
1,1,0.98187584
1,1,0.9914456
0,1,0.6131777
1,1,0.9953615
1,1,0.9832257
1,1,0.9908798
1,1,0.99317694
1,1,0.9937704
1,1,0.9046573
1,1,0.66285026
1,1,0.9855515
1,1,0.8927249
1,1,0.9523961
1,1,0.8511147
1,1,0.87708694
1,1,0.976684
1,1,0.9912768
1,1,0.97531134
1,1,0.99623024
1,1,0.96081996
1,1,0.98859423
1,1,0.84841186
1,1,0.9892746
1,1,0.9850394
1,1,0.9071701
1,1,0.9265175
1,1,0.9879109
1,1,0.99463034
1,1,0.78315574
1,1,0.97549677
1,1,0.9383491
1,1,0.85621583
1,1,0.99634564
1,1,0.98611265
1,1,0.97986645
1,1,0.98252183
1,1,0.8601408
1,1,0.98663306
1,1,0.9803048
1,1,0.9787626
1,1,0.98984474
1,1,0.98072183
1,1,0.993925
1,1,0.9502002
1,1,0.7559709
1,1,0.89929426
1,1,0.9848814
1,1,0.9709997
1,1,0.97013575
1,1,0.96619207
1,1,0.9802227
1,1,0.99493176
1,1,0.99021304
1,1,0.98152405
1,1,0.88251984
1,1,0.98525393
1,1,0.9983432
1,1,0.94702184
1,1,0.9839538
1,1,0.99248725
1,1,0.9954874
1,1,0.95820284
1,1,0.93251806
1,1,0.98920536
1,1,0.99078405
1,1,0.99483484
1,1,0.9945667
1,1,0.9395002
1,1,0.9955704
1,1,0.93666375
0,1,0.66062677
1,1,0.9872548
1,1,0.9631123
1,1,0.55949295
1,1,0.9478376
1,1,0.88925713
1,1,0.9815903
1,1,0.7416482
1,1,0.98149097
0,1,0.70445573
1,1,0.83950824
1,1,0.9880674
1,1,0.9876859
1,1,0.99452275
1,1,0.98215455
1,1,0.9925231
1,1,0.88851297
1,1,0.9844836
1,1,0.9961454
1,1,0.9650573
1,1,0.9974433
1,1,0.99654156
1,1,0.9559295
1,1,0.9932509
1,1,0.93012536
1,1,0.95786303
1,1,0.99475324
1,1,0.9901269
1,1,0.97418666
1,1,0.98599595
1,1,0.9097116
1,1,0.8761352
1,1,0.996907
1,1,0.95335174
1,1,0.9967044
1,1,0.9146761
1,1,0.96055895
1,1,0.9890218
1,1,0.98741114
1,1,0.98547286
1,1,0.99189854
1,1,0.9168702
1,1,0.9831448
1,1,0.9099803
1,1,0.9407065
1,1,0.9898741
1,1,0.9850041
1,1,0.9988471
1,1,0.9872078
1,1,0.9599114
1,1,0.9762526
1,1,0.9655667
1,1,0.97412914
1,1,0.74789083
1,1,0.87286764
1,1,0.99465644
1,1,0.95957106
1,1,0.99723923
1,1,0.97340894
1,1,0.99540204
1,1,0.80276316
1,1,0.95876
1,1,0.9381714
1,1,0.97408295
1,1,0.9961731
1,1,0.95698166
1,1,0.9478043
1,1,0.99101186
1,1,0.9708603
1,1,0.9660744
1,1,0.9953873
1,1,0.9957073
0,1,0.8940783
0,1,0.9829943
1,1,0.94806695
1,1,0.9785522
1,1,0.99239004
1,1,0.99138534
1,1,0.9838927
1,1,0.99274534
1,1,0.99316806
1,1,0.97209454
1,1,0.98833007
1,1,0.95355916
1,1,0.97511286
1,1,0.9506301
1,1,0.8108168
1,1,0.77350426
1,1,0.96080756
1,1,0.98662347
1,1,0.9161856
1,1,0.94839627
1,1,0.8165475
1,1,0.9862221
1,1,0.97454816
1,1,0.92801285
1,1,0.9293727
0,1,0.9874675
1,1,0.98368007
1,1,0.905895
1,1,0.6935053
1,1,0.99615514
1,1,0.9230857
0,1,0.99586827
1,1,0.94048035
1,1,0.96861607
1,1,0.98178816
1,1,0.9872426
1,1,0.99800164
0,1,0.7917555
1,1,0.997557
1,1,0.8865143
1,1,0.6319269
1,1,0.9905179
1,1,0.9973434
1,1,0.99594426
1,1,0.9923333
1,1,0.96007335
1,1,0.9822713
1,1,0.9637051
1,1,0.98826677
1,1,0.97770625
1,1,0.9956523
1,1,0.99393797
1,1,0.98490524
1,1,0.992381
1,1,0.9772494
1,1,0.99759614
0,1,0.9404961
1,1,0.8235962
1,1,0.9907724
1,1,0.92675996
1,1,0.897308
1,1,0.9833682
1,1,0.9943468
1,1,0.9699402
1,1,0.9651934
1,1,0.9949495
1,1,0.94247884
1,1,0.9914913
1,1,0.9645235
1,1,0.9601842
1,1,0.98167884
1,1,0.9190234
1,1,0.98300314
1,1,0.859909
1,1,0.8389512
1,1,0.94581306
1,1,0.98889047
1,1,0.99338955
1,1,0.85558516
1,1,0.9944043
1,1,0.97856945
1,1,0.93448234
1,1,0.7995891
1,1,0.9556427
1,1,0.8403528
1,1,0.97156113
1,1,0.9932136
1,1,0.99838006
1,1,0.9871059
1,1,0.9886851
1,1,0.9965484
1,1,0.8948732
1,1,0.8718761
1,1,0.7458643
1,1,0.9764752
1,1,0.98836297
1,1,0.91216224
1,1,0.9688637
1,1,0.9575659
1,1,0.94571704
1,1,0.9859268
1,1,0.997533
1,1,0.7434675
1,1,0.99622226
1,1,0.95409435
1,1,0.9481406
1,1,0.6114332
1,1,0.9956662
1,1,0.98109317
1,1,0.9865836
1,1,0.9965188
1,1,0.9458068
1,1,0.9953965
1,1,0.9984598
1,1,0.981814
1,1,0.9590052
1,1,0.9596028
1,1,0.97728574
1,1,0.9664817
1,1,0.99435943
1,1,0.99480516
1,1,0.9946771
1,1,0.99584365
1,1,0.99555105
1,1,0.97312015
1,1,0.99179304
1,1,0.96128607
1,1,0.97775495
1,1,0.9897259
1,1,0.951472
1,1,0.8210394
0,1,0.5782087
1,1,0.9802864
1,1,0.8738879
1,1,0.96859914
1,1,0.94159085
1,1,0.9824566
1,1,0.9856966
1,1,0.9233272
1,1,0.9399001
1,1,0.9865906
0,1,0.65758914
1,1,0.91187656
1,1,0.9846106
1,1,0.99354947
0,0,0.45178849
1,1,0.99545866
1,1,0.9032685
1,1,0.98624474
1,1,0.9279965
1,1,0.9544082
1,1,0.9964786
1,1,0.99574727
1,1,0.987333
1,1,0.9890536
1,1,0.9167135
0,1,0.88441336
1,1,0.9932663
1,1,0.9846617
1,1,0.995461
1,1,0.9757833
1,1,0.9976987
1,1,0.9983988
1,1,0.9838532
1,1,0.8340741
0,1,0.9569565
1,1,0.96767396
1,1,0.9894895
1,1,0.9798423
1,1,0.99671584
1,1,0.9718895
1,1,0.9898697
1,1,0.9601265
1,1,0.9883382
1,1,0.9969008
1,1,0.967282
1,1,0.94887716
1,1,0.9958273
1,1,0.9889795
1,1,0.93386674
1,1,0.9788658
1,1,0.9656954
1,1,0.8773108
1,1,0.98855984
1,1,0.9985045
1,1,0.9785706
1,1,0.98548335
1,1,0.92750764
1,1,0.9454522
1,1,0.91559297
1,1,0.9617814
1,1,0.99165696
0,1,0.67024094
1,1,0.94861114
1,1,0.96398574
1,1,0.9801135
1,1,0.99294066
1,1,0.9925031
1,1,0.9840959
1,1,0.9928454
1,1,0.86441016
1,1,0.9808606
1,1,0.88874424
1,1,0.9173637
1,1,0.9294926
1,1,0.9897088
1,1,0.9930464
1,1,0.9712278
1,1,0.92449075
1,1,0.82488656
1,1,0.96068347
1,1,0.9936262
1,1,0.9112774
1,1,0.9074335
1,1,0.9759753
1,1,0.9683002
1,1,0.9983854
1,1,0.99479204
1,1,0.98894125
1,1,0.9666228
1,1,0.94624966
1,1,0.682305
1,1,0.9908127
1,1,0.9000228
0,1,0.7057849
1,1,0.99272716
1,1,0.7918469
0,1,0.81155235
1,1,0.9174946
1,1,0.9869468
1,1,0.9534839
1,1,0.72039783
1,1,0.97813565
1,1,0.9582605
1,1,0.9817333
0,1,0.93764746
1,1,0.8751177
1,1,0.9899879
1,1,0.8866219
0,1,0.9654328
1,1,0.994575
1,1,0.96310735
1,1,0.99409586
1,1,0.9744971
1,1,0.99635214
1,1,0.99266434
1,1,0.95445865
1,1,0.9782842
0,1,0.9264836
1,1,0.81091386
1,1,0.9644846
1,1,0.9851268
0,1,0.88973916
1,1,0.7913068
1,1,0.8821251
1,1,0.9924618
1,1,0.99394697
1,1,0.97728866
1,1,0.98970693
1,1,0.9857662
1,1,0.978771
1,1,0.52358466
1,1,0.9545712
1,1,0.9540256
1,1,0.9181179
1,1,0.9828853
1,1,0.9799979
1,1,0.9675023
1,1,0.99391687
0,1,0.90967536
1,1,0.8998998
1,1,0.94690377
1,1,0.9104361
1,1,0.99553055
1,1,0.7537073
1,1,0.9816641
1,1,0.9697155
1,1,0.84474295
0,0,0.43420815
1,1,0.99080664
1,1,0.88784903
0,1,0.8932558
1,1,0.9553407
1,1,0.99740154
1,1,0.9922851
1,1,0.9964532
1,1,0.9988423
1,1,0.9693948
1,1,0.9854545
1,1,0.99095744
1,1,0.99349284
1,1,0.9737621
1,1,0.9971306
0,1,0.679456
1,1,0.9948834
1,1,0.9172765
1,1,0.9791152
1,1,0.99459606
1,1,0.8361831
1,1,0.98755354
1,1,0.9867864
1,1,0.9954456
1,1,0.98518467
0,1,0.5779507
1,1,0.98317796
0,1,0.94088066
1,1,0.9893031
1,1,0.9310561
1,1,0.9942779
1,1,0.9853924
1,1,0.8898846
1,1,0.98422474
1,1,0.91780055
1,1,0.88590294
1,1,0.997201
1,1,0.9937018
1,1,0.9831373
1,1,0.99217653
1,1,0.99216807
1,1,0.99406475
1,1,0.9554868
1,1,0.99121326
1,1,0.98240936
1,1,0.9297139
0,1,0.94433427
1,1,0.91356564
1,1,0.93854445
1,1,0.9979754
1,1,0.99586374
1,1,0.9609955
1,1,0.9647385
1,1,0.9580698
1,1,0.9931888
1,1,0.97022706
0,1,0.563569
0,1,0.69722545
1,1,0.9973098
1,1,0.9327666
1,1,0.9723577
1,1,0.99188864
1,1,0.96329504
1,1,0.95964694
1,1,0.80379754
1,1,0.91773194
1,1,0.9759202
1,1,0.9076214
1,1,0.9781317
1,1,0.9839525
1,1,0.6843531
1,1,0.9960592
1,1,0.9801122
1,1,0.99068564
1,1,0.97416955
0,1,0.88506263
1,1,0.96759635
1,1,0.9720319
1,1,0.92142737
1,1,0.98477143
1,1,0.9945424
1,1,0.9946878
1,1,0.9324998
1,1,0.9813133
1,1,0.98471665
1,1,0.8599746
1,1,0.9903358
1,1,0.851023
1,1,0.99023545
1,1,0.96467346
0,1,0.951259
1,1,0.9959755
1,1,0.9841003
1,1,0.9636278
1,1,0.9257734
1,1,0.94809574
1,1,0.99502754
1,1,0.9907911
1,1,0.98889834
1,1,0.99372524
1,1,0.98184115
1,1,0.8928513
1,1,0.98239917
1,1,0.92998797
1,1,0.95018566
1,1,0.927754
1,1,0.9948354
0,1,0.9288228
1,1,0.9889996
1,1,0.9952387
1,1,0.9532353
1,1,0.9059206
1,1,0.9945544
1,1,0.9484182
1,1,0.9951045
1,1,0.9935546
1,1,0.997848
1,1,0.9779453
1,1,0.9561891
1,1,0.97974133
1,1,0.9440561
1,1,0.9867006
1,1,0.99050623
1,1,0.9758859
1,1,0.98195934
1,1,0.9540229
1,1,0.9943611
1,1,0.9098275
1,1,0.99815714
1,1,0.9226436
1,1,0.97507465
1,1,0.9774486
1,1,0.9528408
1,1,0.8934947
1,1,0.9910148
1,1,0.9844397
1,1,0.989728
1,1,0.9963946
1,1,0.98789644
1,1,0.9248213
1,1,0.988123
0,1,0.8560062
1,1,0.9814241
1,1,0.9856284
1,1,0.9945413
1,1,0.9892416
1,1,0.95383465
1,1,0.99658084
1,1,0.94475615
1,1,0.7063051
1,1,0.9960362
1,1,0.9705287
1,1,0.9861332
1,1,0.88649184
1,1,0.98261285
1,1,0.90685314
0,1,0.8905666
1,1,0.9437306
1,1,0.93406075
1,1,0.98014927
1,1,0.9495121
1,1,0.9689492
1,1,0.9861115
1,1,0.97928244
1,1,0.99065095
1,1,0.996633
1,1,0.9970156
1,1,0.8956837
1,1,0.9903862
1,1,0.9902036
1,1,0.9782886
1,1,0.9187345
1,1,0.9679784
1,1,0.7995806
0,1,0.7841613
1,1,0.9822799
1,1,0.9831053
1,1,0.9822866
1,1,0.983341
0,1,0.68164563
1,1,0.99465203
1,1,0.85697645
1,1,0.9514907
1,1,0.9978417
1,1,0.9695755
1,1,0.87919366
1,1,0.99010414
1,1,0.99620724
1,1,0.96123695
1,1,0.99588645
1,1,0.93399256
1,1,0.9874481
1,1,0.96126974
1,1,0.9680948
1,1,0.7994186
1,1,0.97711855
1,1,0.96893847
1,1,0.9907567
1,1,0.9978059
1,1,0.99240506
0,1,0.53263795
1,1,0.91282755
0,1,0.5436374
1,1,0.98098576
1,1,0.9921068
1,1,0.9908453
1,1,0.7528638
1,1,0.98696375
1,1,0.899265
1,1,0.97133267
1,1,0.9686346
1,1,0.98385596
1,1,0.9959214
1,1,0.85299337
1,1,0.96368414
1,1,0.94996876
1,1,0.96998316
1,1,0.8670039
1,1,0.9909627
1,1,0.99035937
1,1,0.98170507
1,1,0.78664017
1,1,0.73930204
1,1,0.9873048
1,1,0.989102
1,1,0.98873556
1,1,0.8961713
1,1,0.85191673
1,1,0.9840794
1,1,0.9877926
1,1,0.9669337
1,1,0.992414
1,1,0.9790534
0,1,0.6001596
1,1,0.64655644
1,1,0.99642766
1,1,0.9554412
1,1,0.9951368
1,1,0.95155454
1,1,0.97087246
1,1,0.9715932
1,1,0.99437106
0,1,0.93325204
1,1,0.9955361
1,1,0.99184775
1,1,0.8146142
1,1,0.97353095
1,1,0.91693693
1,1,0.99192965
1,1,0.60296685
1,1,0.95353687
1,1,0.88389283
1,1,0.9873472
1,1,0.9681789
1,1,0.99376667
1,1,0.9960377
1,1,0.9782942
1,1,0.98570865
1,1,0.9969037
1,1,0.97027457
1,1,0.9247775
1,1,0.98530906
1,1,0.92253286
1,1,0.98546815
1,1,0.9662927
1,1,0.98821795
1,1,0.87863964
1,1,0.782367
1,1,0.71516365
1,1,0.90170056
1,1,0.9860618
1,1,0.9965401
1,1,0.94975597
1,1,0.9884803
1,1,0.98934466
1,1,0.9964009
1,1,0.9777047
1,1,0.9941953
1,1,0.9608018
1,1,0.9948681
1,1,0.989189
1,1,0.99040836
1,1,0.99623775
1,1,0.90930134
1,1,0.99805397
1,1,0.97651523
1,1,0.9957612
1,1,0.9878446
1,1,0.9947569
1,1,0.96326596
1,1,0.89712393
1,1,0.8292495
1,1,0.97325885
1,1,0.98231786
1,1,0.99556655
1,1,0.98366255
1,1,0.9686826
1,1,0.98782533
1,1,0.9897507
1,1,0.9831571
1,1,0.9792955
1,1,0.9936226
1,1,0.99673164
1,1,0.98709863
0,1,0.98072237
1,1,0.94250727
0,1,0.5956243
1,1,0.9782821
1,1,0.9863003
1,1,0.98102385
1,1,0.99478304
0,1,0.6993259
1,1,0.983196
1,1,0.8161318
1,1,0.9561802
1,1,0.9927666
1,1,0.9849581
1,1,0.98326576
1,1,0.9952583
1,1,0.96084887
1,1,0.9889516
1,1,0.84996694
1,1,0.9919677
0,1,0.9281384
1,1,0.9907597
1,1,0.9338116
1,1,0.9944789
1,1,0.98839974
1,1,0.83757234
0,1,0.5678176
1,1,0.99673945
1,1,0.9930771
1,1,0.8961094
1,1,0.9820906
1,1,0.9948003
1,1,0.9917962
1,1,0.98086506
1,1,0.99668914
1,1,0.9878163
1,1,0.9828029
1,1,0.9703635
1,1,0.994876
1,1,0.99331146
1,1,0.9616577
1,1,0.9295192
1,1,0.98364186
1,1,0.7875755
1,1,0.9906379
1,1,0.99025315
1,1,0.9138337
0,1,0.8079675
1,1,0.93567413
1,1,0.9860589
1,1,0.9932652
1,1,0.993223
1,1,0.99789834
1,1,0.9912656
1,1,0.9816244
1,1,0.9355421
1,1,0.9871183
1,1,0.92690516
1,1,0.99066
1,1,0.98347294
1,1,0.9855259
1,1,0.840342
1,1,0.81596166
1,1,0.88929045
1,1,0.983633
1,1,0.9910382
0,1,0.9476235
1,1,0.9737405
1,1,0.9847621
1,1,0.98066515
1,1,0.93232256
1,1,0.9781093
1,1,0.9268513
1,1,0.99299806
1,1,0.94701475
1,1,0.9723642
1,1,0.9945928
1,1,0.9833182
1,1,0.91770214
1,1,0.9389615
0,1,0.677942
1,1,0.9952384
1,1,0.99316394
1,1,0.99608797
1,1,0.98094696
1,1,0.8468595
1,1,0.567936
1,1,0.9949916
1,1,0.9928591
1,1,0.8470505
1,1,0.90190333
1,1,0.9941187
1,1,0.911987
1,1,0.95076746
1,1,0.99310523
1,1,0.9234164
1,1,0.9899074
1,1,0.9250586
1,1,0.9987742
1,1,0.75819993
1,1,0.9426359
1,1,0.9887829
1,1,0.9696917
1,1,0.9182409
1,1,0.9816456
1,1,0.987137
1,1,0.9533017
1,1,0.9982845
1,1,0.998779
1,1,0.9901764
1,1,0.98088795
1,1,0.9612901
1,1,0.9923972
1,1,0.82080466
1,1,0.9959354
1,1,0.98846817
1,1,0.99232143
1,1,0.9906901
1,1,0.9746912
1,1,0.9661862
1,1,0.9627103
1,1,0.9860497
1,1,0.81055814
0,1,0.52527237
1,1,0.9623656
1,1,0.9904553
1,1,0.98395586
1,1,0.9961385
1,1,0.9845419
1,1,0.9857581
1,1,0.7868689
1,1,0.9890648
1,1,0.9946871
1,1,0.92029905
1,1,0.9947329
1,1,0.9884215
1,1,0.9883405
1,1,0.98348457
1,1,0.6943195
1,1,0.98462397
1,1,0.9452527
1,1,0.8180318
1,1,0.9836862
1,1,0.98949903
0,1,0.88330156
1,1,0.97268474
1,1,0.9855844
1,1,0.9156694
1,1,0.98665196
1,1,0.9394508
1,1,0.7395475
1,1,0.98750377
1,1,0.9684438
1,1,0.70571005
1,1,0.99634475
1,1,0.9131535
1,1,0.9272373
1,1,0.9869564
0,1,0.7882443
1,1,0.8906858
1,1,0.99498147
1,1,0.9813303
1,1,0.993119
1,1,0.9901413
1,1,0.9594836
1,1,0.9963848
1,1,0.9926272
1,1,0.98895705
1,1,0.92121285
1,1,0.5211581
1,1,0.9664728
1,1,0.87001204
1,1,0.99198407
1,1,0.9768238
0,1,0.8725599
1,1,0.99404424
1,1,0.98221064
1,1,0.9485324
1,1,0.62364924
1,1,0.9465733
1,1,0.93279773
1,1,0.9800652
0,1,0.6639092
1,1,0.91599786
1,1,0.9900349
1,1,0.9679345
1,1,0.9885588
1,1,0.98191553
1,1,0.90389913
1,1,0.9702282
1,1,0.95390755
1,1,0.99030554
1,1,0.8871829
1,1,0.9920128
1,1,0.9664801
1,1,0.973816
1,1,0.9695589
1,1,0.82348883
1,1,0.98280865
1,1,0.9746433
1,1,0.9843526
1,1,0.9187923
1,1,0.97289467
1,1,0.8078567
1,1,0.9979082
1,1,0.98950493
1,1,0.79833585
1,1,0.974085
1,1,0.6147425
1,1,0.997151
1,1,0.8671115
1,1,0.9757495
1,1,0.9917557
1,1,0.9816362
1,1,0.97202104
1,1,0.99048847
1,1,0.97585064
1,1,0.991363
1,1,0.66382855
1,1,0.9826202
0,0,0.49213824
1,1,0.9822429
1,1,0.96133566
1,1,0.96724206
1,1,0.9870936
1,1,0.9405337
1,1,0.9950053
1,1,0.90950656
1,1,0.98960316
1,1,0.9551797
0,1,0.7981815
1,1,0.9928867
1,1,0.9853701
1,1,0.9653563
1,1,0.92978054
1,1,0.9800398
1,1,0.9912741
1,1,0.99647516
1,1,0.95368916
1,1,0.97311664
1,1,0.9912078
1,1,0.9945144
1,1,0.9817559
1,1,0.9884684
1,1,0.9827963
1,1,0.99075764
1,1,0.9575527
1,1,0.99408233
1,1,0.9938218
1,1,0.99353516
1,1,0.9829667
1,1,0.9886074
1,1,0.97333777
1,1,0.94566536
1,1,0.9573747
1,1,0.98967254
1,1,0.99193734
1,1,0.98867375
1,1,0.9902354
1,1,0.9618425
1,1,0.9968392
1,1,0.8484343
1,1,0.8968083
1,1,0.9745862
1,1,0.9858133
1,1,0.98181146
1,1,0.9305585
1,1,0.9914361
1,1,0.6170068
1,1,0.98960257
1,1,0.9777496
1,1,0.94101554
1,1,0.99340147
1,1,0.92225945
1,1,0.9480272
1,1,0.98939097
1,1,0.99249274
1,1,0.98608005
1,1,0.9618265
1,1,0.86699265
1,1,0.97820365
1,1,0.9964816
1,1,0.8852236
1,1,0.98949605
1,1,0.99032897
1,1,0.98685247
1,1,0.98588216
1,1,0.9905117
1,1,0.9471571
1,1,0.9850727
1,1,0.9634661
1,1,0.9612364
1,1,0.9823078
1,1,0.9962809
1,1,0.99634266
1,1,0.99428046
1,1,0.9928223
1,1,0.9491528
1,1,0.9933165
1,1,0.8641938
1,1,0.7978411
1,1,0.9463118
1,1,0.92342895
1,1,0.9884544
1,1,0.9046765
1,1,0.9958167
1,1,0.8626467
0,1,0.58278483
1,1,0.9828228
1,1,0.9959122
1,1,0.7796052
1,1,0.9866706
1,1,0.99362093
1,1,0.9306756
1,1,0.96854305
1,1,0.92610794
1,1,0.9231647
1,1,0.80667096
0,1,0.8876713
1,1,0.98468894
1,1,0.99296546
1,1,0.98524845
1,1,0.98920435
1,1,0.9753488
1,1,0.94305503
1,1,0.7920388
1,1,0.97979385
1,1,0.78335243
1,1,0.9877755
1,1,0.98593795
1,1,0.9382598
1,1,0.97248054
1,1,0.7985522
1,1,0.9823456
1,1,0.96854264
1,1,0.85089076
1,1,0.9965239
1,1,0.9922495
1,1,0.95191824
0,1,0.50836116
1,1,0.98802507
1,1,0.99389046
1,1,0.99698263
1,1,0.94208485
1,1,0.99781495
1,1,0.8769013
1,1,0.96129197
1,1,0.9483517
0,1,0.90695155
1,1,0.9860817
1,1,0.9749855
1,1,0.99250805
1,1,0.9771993
1,1,0.9657164
1,1,0.9667955
1,1,0.9107234
1,1,0.892236
1,1,0.9795276
0,1,0.9502965
1,1,0.943588
1,1,0.9962513
1,1,0.9826453
1,1,0.9632679
1,1,0.9782198
1,1,0.9969012
1,1,0.9522577
1,1,0.9503869
1,1,0.9937707
1,1,0.91893715
1,1,0.98873657
1,1,0.98170173
1,1,0.9923689
1,1,0.9891683
1,1,0.9883554
1,1,0.9521897
1,1,0.9978722
1,1,0.9950939
1,1,0.9869587
1,1,0.9754696
1,1,0.9723455
1,1,0.96865135
1,1,0.76075983
1,1,0.9503777
1,1,0.9859142
1,1,0.9915146
1,1,0.97628653
1,1,0.8814253
1,1,0.9864766
1,1,0.98421067
1,1,0.9915491
1,1,0.9921726
1,1,0.9648575
1,1,0.6523834
1,1,0.95362043
1,1,0.96896803
1,1,0.9859474
1,1,0.9186358
1,1,0.9856096
1,1,0.9479205
1,1,0.9847161
1,1,0.987685
1,1,0.549479
1,1,0.99771255
1,1,0.9884868
1,1,0.95533895
1,1,0.9926143
1,1,0.9176706
1,1,0.9815881
1,1,0.99525416
1,1,0.98253787
1,1,0.98987687
1,1,0.9969862
1,1,0.99296707
1,1,0.9187077
1,1,0.98532224
1,1,0.9279445
1,1,0.91494787
0,1,0.839239
1,1,0.66769916
1,1,0.99190307
0,1,0.8084042
1,1,0.93683255
1,1,0.99720967
1,1,0.9896805
0,0,0.38940123
1,1,0.9072574
1,1,0.93436694
0,1,0.71126676
1,1,0.97564715
1,1,0.9950005
0,1,0.8511587
1,1,0.94297343
0,1,0.821909
1,1,0.98792475
1,1,0.99051785
1,1,0.9222334
0,1,0.62766653
1,1,0.930329
0,1,0.9338532
1,1,0.996113
1,1,0.9963585
1,1,0.99465054
1,1,0.9962575
1,1,0.98087174
1,1,0.97847533
1,1,0.9923902
1,1,0.98423207
1,1,0.8180662
1,1,0.99357116
1,1,0.9527243
1,1,0.9800455
1,1,0.9925898
1,1,0.992613
1,1,0.95302314
1,1,0.98655945
1,1,0.98896044
1,1,0.98369694
1,1,0.962163
1,1,0.8351469
1,1,0.99184835
1,1,0.97497857
1,1,0.98958904
1,1,0.9643145
1,1,0.9374122
1,1,0.9873753
1,1,0.9781358
1,1,0.98522216
1,1,0.9829746
1,1,0.9953485
1,1,0.970649
1,1,0.9979572
1,1,0.8601313
1,1,0.98742616
1,1,0.98864186
1,1,0.8017673
1,1,0.99345297
1,1,0.88082534
1,1,0.76243544
1,1,0.94635737
1,1,0.605147
1,1,0.7392828
1,1,0.9971113
1,1,0.9447888
1,1,0.995926
1,1,0.99398464
1,1,0.99400944
1,1,0.7621518
1,1,0.9926795
1,1,0.99216026
0,1,0.74891
1,1,0.94431055
1,1,0.9725437
1,1,0.9968062
1,1,0.97646
1,1,0.9960121
1,1,0.9878894
1,1,0.98889184
1,1,0.9951994
1,1,0.99479634
1,1,0.98769563
1,1,0.99477327
1,1,0.97244716
1,1,0.9859873
1,1,0.9399387
1,1,0.9805878
1,1,0.9340083
1,1,0.99560535
1,1,0.99710387
1,1,0.97134376
1,1,0.9617554
1,1,0.98453593
0,1,0.8426719
1,1,0.9851662
1,1,0.8138252
1,1,0.9884755
1,1,0.96823925
1,1,0.9952845
1,1,0.97763354
1,1,0.96988654
1,1,0.9412818
1,1,0.9490461
1,1,0.97109807
1,1,0.92652446
1,1,0.9981023
1,1,0.948137
1,1,0.9224653
1,1,0.88974464
1,1,0.9412758
1,1,0.9847465
1,1,0.9921647
1,1,0.7077454
1,1,0.90876186
1,1,0.93272096
1,1,0.9641159
1,1,0.898364
1,1,0.9920509
1,1,0.97132117
0,1,0.8658505
1,1,0.9939782
0,1,0.8024202
0,1,0.76629317
1,1,0.82209647
1,1,0.98659915
1,1,0.99110025
1,1,0.98406255
1,1,0.99522465
1,1,0.9953984
0,1,0.88660485
1,1,0.9546864
1,1,0.6269336
1,1,0.9968318
1,1,0.9297105
1,1,0.99266565
1,1,0.9741441
1,1,0.95835686
1,1,0.67804044
1,1,0.9510433
1,1,0.9823454
1,1,0.9487923
1,1,0.9965022
1,1,0.9579912
1,1,0.99321485
1,1,0.99914074
1,1,0.99464536
1,1,0.92955816
1,1,0.99554724
1,1,0.991642
1,1,0.9960677
1,1,0.7881833
1,1,0.7916073
1,1,0.96400523
1,1,0.9898399
1,1,0.98993707
1,1,0.75872165
0,1,0.71071374
1,1,0.8737766
1,1,0.81137276
1,1,0.93702877
1,1,0.99022037
1,1,0.96383363
1,1,0.97103053
1,1,0.9954737
1,1,0.98705274
1,1,0.9324708
1,1,0.92676884
1,1,0.99117464
1,1,0.98797387
1,1,0.99197966
1,1,0.97158563
1,1,0.93275195
1,1,0.9866583
1,1,0.9939595
1,1,0.99110436
1,1,0.9949193
1,1,0.9082342
0,1,0.9317182
1,1,0.8784229
1,1,0.9926619
1,1,0.9402327
1,1,0.97694224
1,1,0.9682063
1,1,0.9937385
0,1,0.941831
1,1,0.9461779
1,1,0.9656671
1,1,0.99550635
1,1,0.9826525
1,1,0.8167196
1,1,0.9721527
1,1,0.95557624
1,1,0.96970135
1,1,0.98713386
0,1,0.87612027
1,1,0.8874971
1,1,0.9329036
0,1,0.9714284
1,1,0.90539086
1,1,0.98987365
1,1,0.9908163
1,1,0.98774934
0,1,0.90215856
1,1,0.99153996
1,1,0.9816543
1,1,0.99532264
1,1,0.9919302
1,1,0.9783851
1,1,0.9944231
1,1,0.98292416
1,1,0.9486326
1,1,0.9933669
1,1,0.94113284
1,1,0.97459155
1,1,0.87133837
1,1,0.85386026
1,1,0.932019
1,1,0.99663496
1,1,0.99422944
1,1,0.96080214
1,1,0.9160327
1,1,0.9551798
1,1,0.9920451
1,1,0.9881311
1,1,0.99788004
1,1,0.8600718
1,1,0.96791965
0,1,0.93098897
1,1,0.99599683
1,1,0.99450815
1,1,0.98519963
1,1,0.9867907
1,1,0.93797123
0,1,0.54879063
1,1,0.9747782
1,1,0.98770905
1,1,0.9891073
1,1,0.99603117
1,1,0.9974881
1,1,0.9912959
0,1,0.9505118
1,1,0.8881124
1,1,0.99214643
1,1,0.93816745
1,1,0.9380061
1,1,0.94958436
0,1,0.82940954
1,1,0.90955883
1,1,0.92855006
1,1,0.9795516
1,1,0.98828334
1,1,0.9915237
1,1,0.9362074
0,1,0.5437637
1,1,0.9953076
1,1,0.9912339
1,1,0.9918272
1,1,0.98673993
1,1,0.9314945
1,1,0.94612336
1,1,0.98319423
1,1,0.9315295
1,1,0.9791331
1,1,0.9784407
1,1,0.9852001
0,1,0.5916685
0,1,0.52909607
1,1,0.9595931
1,1,0.9956095
1,1,0.9900159
1,1,0.9796952
1,1,0.98811156
1,1,0.8899728
1,1,0.98957413
1,1,0.91320735
1,1,0.99635965
1,1,0.984493
1,1,0.99321824
1,1,0.9709623
0,1,0.9053433
1,1,0.99368167
1,1,0.99895227
1,1,0.9902415
1,1,0.90057546
1,1,0.98631215
1,1,0.8976941
1,1,0.9911376
1,1,0.9654724
1,1,0.9704789
1,1,0.8707976
1,1,0.96761084
1,1,0.9794715
1,1,0.9359575
1,1,0.96847934
1,1,0.9798579
1,1,0.9492026
1,1,0.99625397
1,1,0.8693606
1,1,0.95085114
1,1,0.98503315
1,1,0.99310374
1,1,0.9987201
1,1,0.77637976
1,1,0.98569906
1,1,0.98488176
1,1,0.95130336
1,1,0.9947143
1,1,0.98740536
1,1,0.9979322
1,1,0.99464846
1,1,0.98977757
1,1,0.9422686
1,1,0.97868335
1,1,0.99502057
1,1,0.80953485
1,1,0.991791
1,1,0.9910133
1,1,0.988897
1,1,0.95867795
1,1,0.9958797
1,1,0.99877685
0,0,0.49862218
1,1,0.97807056
1,1,0.9862694
1,1,0.99651986
1,1,0.9986893
1,1,0.99533963
1,1,0.9933733
1,1,0.82927394
1,1,0.98433936
1,1,0.9843961
1,1,0.92897373
1,1,0.9900949
1,1,0.9961838
0,1,0.9546376
1,1,0.9976409
1,1,0.9391583
1,1,0.72608453
0,1,0.88666606
1,1,0.98021793
1,1,0.8718575
0,1,0.75697505
1,1,0.95311785
1,1,0.9905983
1,1,0.9246224
1,1,0.9533901
1,1,0.9748063
1,1,0.9934872
1,1,0.93896794
1,1,0.9924592
1,1,0.9971386
1,1,0.988391
1,1,0.9824196
1,1,0.8732407
1,1,0.9887599
1,1,0.7660338
1,1,0.9832282
1,1,0.71285146
1,1,0.86363363
1,1,0.93555874
1,1,0.9734714
1,1,0.9871419
1,1,0.97462445
1,1,0.9984912
1,1,0.97783536
1,1,0.9822223
1,1,0.994737
1,1,0.9048233
1,1,0.994567
1,1,0.99212277
1,1,0.94356495
1,1,0.90394586
1,1,0.9954771
1,1,0.9360302
1,1,0.92681944
1,1,0.98690367
1,1,0.99023485
1,1,0.9714924
1,1,0.8740119
1,1,0.99718803
0,1,0.55002815
1,1,0.95295835
1,1,0.9909372
1,1,0.54029304
1,1,0.9958411
0,1,0.87318045
0,1,0.6236788
1,1,0.99386054
1,1,0.98895204
1,1,0.93553156
1,1,0.89401627
1,1,0.69840056
1,1,0.9711664
1,1,0.98017216
1,1,0.9951909
1,1,0.92969805
1,1,0.9863608
1,1,0.9883639
1,1,0.98390543
1,1,0.7145876
1,1,0.9843251
1,1,0.9845499
1,1,0.91716933
1,1,0.8773298
1,1,0.9968725
1,1,0.9862967
1,1,0.9968826
0,1,0.8439345
1,1,0.9958352
1,1,0.99455166
1,1,0.9576967
1,1,0.95136756
1,1,0.9935112
1,1,0.9956778
0,1,0.828148
1,1,0.9299822
1,1,0.98459244
1,1,0.981684
1,1,0.9392293
1,1,0.9966859
1,1,0.99808043
1,1,0.99421304
1,1,0.9978616
1,1,0.8796673
1,1,0.69992244
1,1,0.99400663
1,1,0.86452055
0,1,0.5306073
1,1,0.9127851
1,1,0.85219187
1,1,0.9854822
1,1,0.76237977
1,1,0.97960454
1,1,0.9954999
1,1,0.8544561
1,1,0.96494853
1,1,0.9970201
1,1,0.92735064
1,1,0.98438436
1,1,0.9306382
1,1,0.98007464
1,1,0.98820937
1,1,0.88600045
1,1,0.99168044
1,1,0.9953779
1,1,0.9771191
1,1,0.93037754
1,1,0.990617
1,1,0.9534792
1,1,0.993946
1,1,0.9945595
1,1,0.99348545
1,1,0.9828907
1,1,0.95090014
1,1,0.9955978
1,1,0.96206
1,1,0.9797045
1,1,0.95381534
1,1,0.97093505
1,1,0.84531194
1,1,0.9788005
1,1,0.6258699
1,1,0.9988449
1,1,0.90968794
1,1,0.77250195
1,1,0.98075044
1,1,0.89248484
1,1,0.9866496
1,1,0.99566275
1,1,0.9915744
1,1,0.9935246
0,1,0.9727172
1,1,0.9681204
1,1,0.8687525
1,1,0.9295507
1,1,0.9915646
1,1,0.9981142
1,1,0.84596014
1,1,0.99164844
1,1,0.98632705
1,1,0.9436646
1,1,0.9972054
1,1,0.9948569
1,1,0.98428875
1,1,0.9926248
1,1,0.9238888
1,1,0.99161386
1,1,0.9854635
1,1,0.98261994
1,1,0.9413051
1,1,0.99351907
1,1,0.9858173
1,1,0.9636612
1,1,0.9806787
1,1,0.9330015
1,1,0.8161871
1,1,0.99587625
1,1,0.9924653
1,1,0.9898029
1,1,0.9966815
1,1,0.9970467
1,1,0.57095295
1,1,0.9497628
1,1,0.84654975
1,1,0.9709169
0,1,0.8651812
1,1,0.9964199
1,1,0.9830178
1,1,0.731916
0,1,0.8726877
1,1,0.98437744
1,1,0.98187345
1,1,0.9928381
1,1,0.9294803
1,1,0.8888255
1,1,0.9933601
1,1,0.9986383
1,1,0.9893619
1,1,0.9936167
1,1,0.95923597
1,1,0.9944246
1,1,0.99471813
0,1,0.8699172
1,1,0.8937447
1,1,0.98801273
1,1,0.93768895
1,1,0.94303036
1,1,0.9949508
1,1,0.8035239
1,1,0.9922488
1,1,0.9610471
1,1,0.9346776
1,1,0.9314841
1,1,0.98333085
1,1,0.95462245
1,1,0.9881996
1,1,0.99768233
1,1,0.95644414
1,1,0.93286127
1,1,0.79463154
1,1,0.98935324
1,1,0.9948755
1,1,0.99844044
0,1,0.83430773
1,1,0.99771076
1,1,0.98976886
1,1,0.99340945
1,1,0.98465526
1,1,0.98585415
1,1,0.9873369
1,1,0.9705852
1,1,0.9968012
1,1,0.99602383
1,1,0.85226154
1,1,0.99546295
1,1,0.964755
1,1,0.99765354
1,1,0.9901585
1,1,0.9712751
1,1,0.8530023
1,1,0.9936701
1,1,0.9936222
1,1,0.97191113
1,1,0.9375599
1,1,0.9576808
1,1,0.9330839
1,1,0.9969389
1,1,0.98485893
1,1,0.9529725
1,1,0.9286479
1,1,0.9138834
1,1,0.99141324
0,1,0.99581933
1,1,0.97599196
1,1,0.93128824
1,1,0.9398514
1,1,0.8922969
1,1,0.9916511
1,1,0.9759
1,1,0.97076523
1,1,0.9657286
0,1,0.92411643
1,1,0.88289636
1,1,0.9899876
1,1,0.91487676
1,1,0.8731788
0,1,0.796485
1,1,0.8816649
0,1,0.92609465
1,1,0.96856886
1,1,0.9839076
1,1,0.9156877
1,1,0.99405354
1,1,0.9106853
1,1,0.9863642
1,1,0.9337896
1,1,0.995792
0,1,0.6995541
1,1,0.83292276
1,1,0.9927666
1,1,0.81058204
1,1,0.9935785
1,1,0.9504904
1,1,0.9538169
0,1,0.8443379
1,1,0.99682456
1,1,0.7599006
1,1,0.996742
1,1,0.99663645
1,1,0.9034242
1,1,0.88934225
1,1,0.95725435
1,1,0.99416965
1,1,0.97972447
1,1,0.9516782
1,1,0.82963794
1,1,0.9798322
1,1,0.9698202
1,1,0.99072945
1,1,0.988741
1,1,0.96114105
1,1,0.990096
1,1,0.7619455
1,1,0.991859
1,1,0.9671148
1,1,0.99235576
1,1,0.9865755
1,1,0.9812275
1,1,0.99020755
1,1,0.9729216
0,1,0.87576634
1,1,0.9120895
1,1,0.97744197
1,1,0.62269
1,1,0.98114717
1,1,0.99222624
1,1,0.83488613
1,1,0.9539812
1,1,0.9875052
1,1,0.9909708
1,1,0.9317286
1,1,0.94912714
1,1,0.9854461
1,1,0.9842182
1,1,0.97437656
1,1,0.87707436
1,1,0.9914839
1,1,0.9920232
1,1,0.98198146
1,1,0.9506823
1,1,0.9748771
1,1,0.98146385
1,1,0.9357455
0,1,0.79409033
1,1,0.99426657
1,1,0.6718186
1,1,0.87293315
1,1,0.98417395
1,1,0.9704614
1,1,0.9696441
1,1,0.8718146
1,1,0.9818609
1,1,0.99033916
1,1,0.9974475
1,1,0.9700477
1,1,0.7363061
1,1,0.9663482
1,1,0.9562879
1,1,0.94407153
1,1,0.95710427
1,1,0.9963517
1,1,0.9936481
1,1,0.9440857
1,1,0.9918862
1,1,0.99179894
1,1,0.99001575
0,1,0.7154967
1,1,0.9766111
1,1,0.9921136
1,1,0.95193374
0,1,0.6709209
1,1,0.90296316
1,1,0.99587107
1,1,0.9017502
1,1,0.8239695
1,1,0.91930544
1,1,0.9934937
0,1,0.7090109
1,1,0.98406184
1,1,0.9032192
1,1,0.9214436
1,1,0.947724
1,1,0.9973149
1,1,0.99365544
0,1,0.8739805
1,1,0.9968388
1,1,0.99272925
1,1,0.94308233
1,1,0.9085855
1,1,0.9780172
0,1,0.87360895
1,1,0.9666904
1,1,0.9965336
1,1,0.8906394
1,1,0.8926717
1,1,0.96271497
1,1,0.994692
1,1,0.9905412
0,1,0.68007565
1,1,0.9853379
1,1,0.98008585
1,1,0.5428006
1,1,0.9885976
1,1,0.9905965
1,1,0.9927008
1,1,0.87609035
1,1,0.9776004
1,1,0.99696946
0,1,0.58630633
1,1,0.9079754
1,1,0.9614242
1,1,0.983369
1,1,0.97628593
1,1,0.97951317
1,1,0.9955256
1,1,0.9475381
1,1,0.9949638
0,1,0.8281579
1,1,0.87718207
1,1,0.9959145
1,1,0.9935307
1,1,0.9922162
1,1,0.96493995
1,1,0.9870414
1,1,0.7454554
0,1,0.8412238
1,1,0.99635
1,1,0.9884558
1,1,0.9432126
1,1,0.94905686
1,1,0.9785693
1,1,0.95881766
1,1,0.9839391
0,1,0.9307876
0,1,0.7922208
1,1,0.9557245
1,1,0.99252385
1,1,0.9918199
1,1,0.9878161
1,1,0.9876922
1,1,0.9945107
1,1,0.8803226
1,1,0.9909165
1,1,0.9796623
1,1,0.96760154
1,1,0.9925591
1,1,0.9960706
1,1,0.97782063
1,1,0.96123695
1,1,0.9881758
1,1,0.8358784
1,1,0.9897658
1,1,0.8681387
1,1,0.9915118
1,1,0.9197778
1,1,0.992296
1,1,0.97703964
0,1,0.95904666
1,1,0.95019037
1,1,0.9760628
1,1,0.9827554
1,1,0.98432755
1,1,0.9969024
1,1,0.97668254
1,1,0.9853861
1,1,0.9930217
1,1,0.9656834
1,1,0.997118
1,1,0.9935685
1,1,0.9803733
1,1,0.9146084
1,1,0.9471245
1,1,0.99189824
1,1,0.99043936
1,1,0.9917894
1,1,0.99290484
1,1,0.96866894
1,1,0.9660375
1,1,0.9600238
1,1,0.85361314
1,1,0.9170545
1,1,0.97236955
0,1,0.98498446
1,1,0.9503477
1,1,0.98128104
1,1,0.9627003
1,1,0.9542808
1,1,0.9904829
1,1,0.9935867
1,1,0.8467793
1,1,0.9974937
1,1,0.99085885
1,1,0.9766631
1,1,0.98627913
1,1,0.96525955
1,1,0.9921236
1,1,0.96875453
1,1,0.99754125
1,1,0.99279004
1,1,0.9983321
1,1,0.8231419
0,1,0.95640534
1,1,0.99810594
1,1,0.9979725
1,1,0.97666126
1,1,0.9984094
0,1,0.942972
1,1,0.99799424
1,1,0.9737885
1,1,0.9777101
1,1,0.8156433
1,1,0.996834
1,1,0.9941452
0,1,0.61570764
1,1,0.9968405
1,1,0.994482
1,1,0.99640405
0,1,0.8949209
1,1,0.9091093
1,1,0.98775923
1,1,0.9649318
1,1,0.9229736
1,1,0.9628529
1,1,0.95444924
1,1,0.927745
1,1,0.98698217
1,1,0.9966952
0,1,0.9332989
1,1,0.99450254
1,1,0.98877466
1,1,0.9409407
1,1,0.966561
1,1,0.57578343
1,1,0.9875884
1,1,0.80257475
1,1,0.9780105
1,1,0.9862535
1,1,0.9756529
1,1,0.9821812
1,1,0.9981299
1,1,0.9811827
1,1,0.9935356
1,1,0.99403226
1,1,0.9364391
1,1,0.94668317
1,1,0.925651
1,1,0.9411221
1,1,0.97380114
1,1,0.97536176
1,1,0.990766
0,1,0.83732593
1,1,0.991467
1,1,0.8886702
1,1,0.94484353
0,1,0.96029556
1,1,0.76010036
1,1,0.99373215
1,1,0.93320537
1,1,0.99674314
1,1,0.9378707
1,1,0.9929053
1,1,0.97851485
1,1,0.8633543
1,1,0.99874794
0,1,0.6526487
1,1,0.9919283
1,1,0.98156714
1,1,0.9956558
1,1,0.98444724
1,1,0.79998225
1,1,0.9333877
1,1,0.9685667
1,1,0.98469174
1,1,0.99571484
1,1,0.98362595
1,1,0.787993
1,1,0.94526696
1,1,0.7964596
1,1,0.9979252
1,1,0.9532122
1,1,0.996849
1,1,0.99598235
1,1,0.986458
1,1,0.94887817
1,1,0.93502253
1,1,0.9927061
1,1,0.99172765
1,1,0.96254665
1,1,0.9942786
1,1,0.98002815
1,1,0.99408317
1,1,0.99676913
1,1,0.9976489
0,1,0.94085646
1,1,0.98313636
1,1,0.92538905
1,1,0.98853177
1,1,0.89911866
1,1,0.9779366
1,1,0.95185065
1,1,0.9908409
1,1,0.98282814
1,1,0.9845835
1,1,0.99601096
1,1,0.9885788
1,1,0.97536045
1,1,0.93095756
0,1,0.7499696
1,1,0.99199146
1,1,0.9900748
1,1,0.9978167
1,1,0.90221804
1,1,0.99306446
1,1,0.98882705
1,1,0.99321574
1,1,0.9973642
1,1,0.9833258
1,1,0.9291505
1,1,0.9793639
1,1,0.97359604
1,1,0.70787394
1,1,0.96974534
1,1,0.9938201
1,1,0.9880445
1,1,0.99400604
1,1,0.968861
1,1,0.98973113
1,1,0.85551226
1,1,0.9499858
1,1,0.9374169
1,1,0.98950696
1,1,0.9877759
1,1,0.9897996
1,1,0.9401736
1,1,0.98908263
1,1,0.9901229
1,1,0.76175785
0,1,0.8870977
1,1,0.9391983
1,1,0.9884684
1,1,0.9712868
1,1,0.99065787
1,1,0.994196
1,1,0.97727424
1,1,0.9015983
1,1,0.89405787
1,1,0.9931702
1,1,0.9764808
1,1,0.976809
1,1,0.82134444
1,1,0.9554169
1,1,0.9926617
1,1,0.64289886
1,1,0.9871105
1,1,0.94720966
1,1,0.9933126
1,1,0.9294183
1,1,0.94179064
1,1,0.9684002
1,1,0.92662054
1,1,0.9947121
1,1,0.99807
1,1,0.9963023
1,1,0.7856797
1,1,0.97171086
1,1,0.9708683
1,1,0.8285298
1,1,0.99469507
1,1,0.9941221
1,1,0.98262924
1,1,0.9674467
0,1,0.84375876
1,1,0.9731524
1,1,0.995776
1,1,0.99809265
1,1,0.9806769
1,1,0.9904447
1,1,0.99333024
1,1,0.99833506
1,1,0.90997535
0,1,0.7246838
1,1,0.9819012
1,1,0.99570024
1,1,0.9542051
1,1,0.99483633
1,1,0.968921
1,1,0.9691571
1,1,0.99852514
0,1,0.98679936
1,1,0.8748423
1,1,0.99207234
0,1,0.88657254
1,1,0.99143785
1,1,0.99306566
1,1,0.99262255
1,1,0.99805313
1,1,0.79634756
1,1,0.91876787
1,1,0.86325294
1,1,0.98083043
1,1,0.99261695
1,1,0.97777617
1,1,0.9865682
1,1,0.98386776
1,1,0.9641906
1,1,0.97578293
1,1,0.9740495
1,1,0.90273255
1,1,0.9071694
1,1,0.92350334
1,1,0.993869
1,1,0.98669916
1,1,0.8025348
1,1,0.9330338
1,1,0.9313011
1,1,0.7997134
1,1,0.99668777
0,1,0.9098507
1,1,0.8915872
1,1,0.99795747
1,1,0.9918411
1,1,0.9970648
0,1,0.9676415
1,1,0.96497244
1,1,0.9519898
1,1,0.994589
1,1,0.97837955
1,1,0.99259377
0,1,0.71674836
1,1,0.97946525
0,1,0.59552735
1,1,0.9689975
1,1,0.99216354
1,1,0.93515563
1,1,0.9947117
1,1,0.8008067
1,1,0.9468419
1,1,0.854683
1,1,0.9303286
1,1,0.88615704
1,1,0.9921184
1,1,0.99333197
1,1,0.98567176
1,1,0.98739207
1,1,0.9754983
1,1,0.9960415
1,1,0.99371827
1,1,0.9969965
1,1,0.98821485
1,1,0.90821105
1,1,0.96017915
1,1,0.99685556
1,1,0.9557001
1,1,0.9980615
1,1,0.9845369
1,1,0.96937346
1,1,0.95054144
1,1,0.98633015
1,1,0.98278207
1,1,0.98748744
1,1,0.98878396
1,1,0.96512777
1,1,0.9471048
1,1,0.99357533
1,1,0.9983185
1,1,0.9951272
1,1,0.98549634
1,1,0.9052555
1,1,0.5619014
1,1,0.889313
1,1,0.98278415
1,1,0.9578983
1,1,0.99762654
1,1,0.9983838
1,1,0.93695945
1,1,0.9953877
1,1,0.9773523
1,1,0.94753045
1,1,0.964739
1,1,0.9409255
1,1,0.9968071
1,1,0.98745406
1,1,0.98843485
1,1,0.99329734
1,1,0.97848636
1,1,0.9643101
1,1,0.9743625
1,1,0.97467375
1,1,0.9913385
1,1,0.9633843
0,1,0.89656556
1,1,0.9060378
1,1,0.81891614
1,1,0.9596276
1,1,0.93849164
1,1,0.9315746
1,1,0.9957343
1,1,0.9915214
1,1,0.9847478
1,1,0.97976696
1,1,0.8933219
1,1,0.9927291
1,1,0.85544044
1,1,0.99694556
0,1,0.71855897
1,1,0.99358094
1,1,0.97229046
1,1,0.9887809
1,1,0.8942752
1,1,0.99272156
1,1,0.977928
1,1,0.9926244
1,1,0.9785174
1,1,0.99499816
1,1,0.99648887
1,1,0.96232057
1,1,0.99816847
1,1,0.993236
1,1,0.9934119
1,1,0.98963946
1,1,0.9530475
1,1,0.90262866
1,1,0.9826824
1,1,0.9924242
1,1,0.98781985
1,1,0.99539584
1,1,0.96682733
1,1,0.9680136
1,1,0.99277025
1,1,0.98195547
1,1,0.983311
1,1,0.8759601
1,1,0.9670527
1,1,0.9885491
1,1,0.98801476
0,1,0.9394158
1,1,0.97652173
1,1,0.94993126
1,1,0.9716743
1,1,0.99125326
1,1,0.9638352
1,1,0.9917966
1,1,0.9939722
0,1,0.87331843
1,1,0.9898533
1,1,0.7539848
1,1,0.9953357
1,1,0.95184076
1,1,0.95301753
1,1,0.99322635
1,1,0.99227357
1,1,0.6283806
1,1,0.98857987
1,1,0.96688324
1,1,0.9916629
1,1,0.9868194
1,1,0.9885452
1,1,0.98936635
1,1,0.95203346
1,1,0.9840406
1,1,0.9945503
1,1,0.67665744
1,1,0.915122
1,1,0.99376297
0,1,0.8004416
1,1,0.9269313
0,1,0.9903016
1,1,0.9434391
1,1,0.9929381
1,1,0.981785
1,1,0.96586925
1,1,0.9809116
0,1,0.8989688
1,1,0.9799855
1,1,0.99480784
1,1,0.9856114
1,1,0.9951132
1,1,0.99262595
1,1,0.9629529
1,1,0.99045444
1,1,0.9893896
1,1,0.9807129
1,1,0.99474275
1,1,0.9316846
1,1,0.99161994
1,1,0.9959721
1,1,0.99393123
1,1,0.9950262
1,1,0.8577597
0,1,0.79273635
0,1,0.8823065
1,1,0.99638003
1,1,0.9980584
1,1,0.92319536
1,1,0.9661444
1,1,0.99260914
1,1,0.97745866
1,1,0.9944859
1,1,0.9825925
1,1,0.9966416
1,1,0.99405867
1,1,0.9812105
1,1,0.9777379
1,1,0.9562477
1,1,0.9644873
1,1,0.97025424
1,1,0.9624307
1,1,0.9911326
1,1,0.98822963
1,1,0.8487963
1,1,0.97484225
1,1,0.9670608
1,1,0.99315286
0,1,0.68870956
1,1,0.99801373
1,1,0.77473056
1,1,0.97270215
1,1,0.9940765
1,1,0.9643463
1,1,0.9807398
1,1,0.9823598
1,1,0.9646277
1,1,0.9215536
0,1,0.8360773
1,1,0.9704807
1,1,0.9961337
1,1,0.99082065
1,1,0.9815067
0,1,0.8935471
1,1,0.9939334
1,1,0.99225533
1,1,0.99514914
1,1,0.8869887
1,1,0.99169946
0,1,0.925909
1,1,0.9049369
1,1,0.985226
1,1,0.97351086
1,1,0.99253744
1,1,0.86795694
1,1,0.99016666
1,1,0.98687243
1,1,0.75318855
1,1,0.98415136
1,1,0.9964925
1,1,0.9824139
1,1,0.9900674
1,1,0.9844863
1,1,0.9969998
1,1,0.9250913
1,1,0.98589206
1,1,0.7429025
1,1,0.9511194
1,1,0.9434677
1,1,0.97997344
1,1,0.99190587
1,1,0.99608964
1,1,0.981394
1,1,0.9191413
1,1,0.98791736
1,1,0.9924931
1,1,0.97331494
1,1,0.93654907
1,1,0.97672516
1,1,0.8668287
1,1,0.99545455
1,1,0.9917187
0,1,0.99184483
1,1,0.9877462
1,1,0.993775
1,1,0.9911609
1,1,0.68891716
1,1,0.975474
1,1,0.9916067
1,1,0.9913411
1,1,0.8384869
1,1,0.9413319
1,1,0.9976888
1,1,0.99456006
1,1,0.9727254
1,1,0.99137795
1,1,0.9910941
1,1,0.95643175
1,1,0.9926641
1,1,0.9939451
1,1,0.96649206
1,1,0.9936442
1,1,0.9807749
1,1,0.9799297
1,1,0.7461202
1,1,0.986681
1,1,0.995468
0,1,0.86238045
1,1,0.87178767
1,1,0.93665904
1,1,0.86296475
1,1,0.7742801
1,1,0.94051963
1,1,0.9936273
0,1,0.97260374
1,1,0.980667
1,1,0.9419296
1,1,0.8854468
1,1,0.9885219
1,1,0.9990095
1,1,0.9383327
0,1,0.9264558
1,1,0.8525946
1,1,0.998489
1,1,0.99743426
1,1,0.9802812
1,1,0.92040724
0,1,0.7619745
1,1,0.7816846
1,1,0.96532834
1,1,0.99257964
1,1,0.9750148
1,1,0.991704
1,1,0.98728037
1,1,0.97596496
1,1,0.9575843
1,1,0.77675426
1,1,0.9791352
1,1,0.9941207
1,1,0.8172212
1,1,0.9826548
1,1,0.8669751
1,1,0.9310972
1,1,0.997956
1,1,0.88817847
0,0,0.45384628
1,1,0.9682813
1,1,0.9975281
1,1,0.99516004
1,1,0.9897043
1,1,0.9580086
1,1,0.94361466
1,1,0.9947962
1,1,0.99355686
1,1,0.9552186
1,1,0.9409303
1,1,0.99098265
1,1,0.9498485
0,1,0.8172317
1,1,0.908714
1,1,0.5814871
1,1,0.9748626
1,1,0.9924818
1,1,0.994356
1,1,0.99199975
1,1,0.98129034
1,1,0.9818276
1,1,0.98250973
1,1,0.99665797
1,1,0.9476406
1,1,0.93054354
1,1,0.8708942
1,1,0.97875625
1,1,0.9612846
1,1,0.99635434
1,1,0.98928565
1,1,0.9408523
1,1,0.8232486
1,1,0.9317734
1,1,0.9898253
1,1,0.90410703
1,1,0.99406636
1,1,0.99663025
1,1,0.90934753
1,1,0.96816623
1,1,0.96781194
1,1,0.9297201
1,1,0.94516265
1,1,0.99194485
1,1,0.9939529
1,1,0.989022
1,1,0.8739903
1,1,0.99729
1,1,0.9700911
1,1,0.9725435
1,1,0.97874963
1,1,0.86059916
1,1,0.9008942
1,1,0.8229602
1,1,0.98854685
1,1,0.9934663
1,1,0.99558604
1,1,0.9472602
1,1,0.9743449
1,1,0.9845825
1,1,0.69435334
1,1,0.9848843
1,1,0.99241513
1,1,0.8992739
1,1,0.98485583
1,1,0.98721355
1,1,0.96141094
1,1,0.84711164
1,1,0.9312989
1,1,0.96897674
1,1,0.99161613
1,1,0.8207462
1,1,0.9928485
1,1,0.98483866
1,1,0.72432256
1,1,0.9782415
1,1,0.99556464
1,1,0.9964099
1,1,0.6658454
1,1,0.9748278
1,1,0.9931668
1,1,0.92289215
1,1,0.64695656
1,1,0.99169356
1,1,0.9830866
1,1,0.9960514
0,1,0.5777715
1,1,0.9903754
0,1,0.8808171
0,1,0.57719904
1,1,0.9778693
1,1,0.95389897
1,1,0.90632164
1,1,0.98038024
1,1,0.9851135
1,1,0.9831316
1,1,0.95637107
1,1,0.9895484
1,1,0.9846798
1,1,0.9940318
1,1,0.99473214
1,1,0.98175657
1,1,0.9923433
1,1,0.6961005
1,1,0.9976383
1,1,0.991315
1,1,0.99454105
1,1,0.99709535
1,1,0.98696214
1,1,0.5992671
1,1,0.99290526
1,1,0.98874575
0,1,0.8828781
1,1,0.9944493
1,1,0.99370486
1,1,0.88167775
0,1,0.76589435
1,1,0.85380393
1,1,0.96605855
1,1,0.9975395
1,1,0.9774373
1,1,0.97499514
1,1,0.99635077
1,1,0.9723845
1,1,0.99763775
1,1,0.941262
1,1,0.98708797
1,1,0.9704388
1,1,0.9977136
1,1,0.9236323
1,1,0.97269225
1,1,0.99829143
1,1,0.97670174
0,1,0.9407043
1,1,0.9942424
1,1,0.9890146
1,1,0.98414236
1,1,0.99477243
1,1,0.9628138
1,1,0.9941797
1,1,0.99390966
0,1,0.9869954
1,1,0.9736749
1,1,0.9825033
1,1,0.95656234
1,1,0.9747661
1,1,0.9188124
1,1,0.99286866
1,1,0.9988276
1,1,0.59998554
0,1,0.8988147
1,1,0.9938367
1,1,0.99526024
1,1,0.9931025
0,1,0.6742278
1,1,0.969645
1,1,0.9393853
1,1,0.98879576
1,1,0.9155814
1,1,0.9968823
1,1,0.99199474
1,1,0.9269119
1,1,0.9725352
1,1,0.99744755
1,1,0.9382183
1,0,0.4139955
1,1,0.8701899
1,1,0.78502923
0,1,0.9841432
1,1,0.9905678
1,1,0.9975294
1,1,0.9930473
0,1,0.9743779
1,1,0.9499911
1,1,0.85930336
1,1,0.93220115
1,1,0.96826416
1,1,0.9958849
1,1,0.90524775
1,1,0.9876019
1,1,0.9748593
0,1,0.76301867
1,1,0.95450425
1,1,0.99440396
1,1,0.9967951
1,1,0.9980147
1,1,0.763371
1,1,0.9323287
1,1,0.9931713
1,1,0.94803953
1,1,0.98421204
1,1,0.98753846
1,1,0.831543
1,1,0.9666202
1,1,0.99769574
1,1,0.96726024
1,1,0.9792282
1,1,0.9431181
1,1,0.9967541
1,1,0.94480467
1,1,0.9738103
1,1,0.9977072
1,1,0.889452
1,1,0.94596165
1,1,0.9954171
1,1,0.9965753
1,1,0.5536385
1,1,0.9629811
1,1,0.9946346
1,1,0.9843027
1,1,0.98567927
1,1,0.9807474
1,1,0.98467135
1,1,0.99576074
1,1,0.9680735
1,1,0.9909029
1,1,0.9623686
1,1,0.9524062
1,1,0.9951688
1,1,0.9366635
1,1,0.97917193
1,1,0.98607534
1,1,0.9215428
0,1,0.7824399
1,1,0.9846144
1,1,0.99488395
1,1,0.9839675
1,1,0.9747671
1,1,0.99481547
1,1,0.97057736
1,1,0.9961896
1,1,0.9053266
1,1,0.9916522
1,1,0.986615
1,1,0.9580244
1,1,0.99128884
1,1,0.9954983
1,1,0.95067424
1,1,0.9604445
0,1,0.88173324
1,1,0.983783
1,1,0.98764604
1,1,0.9568847
1,1,0.9955791
1,1,0.9721485
1,1,0.9787351
1,1,0.8850719
1,1,0.9501951
1,1,0.7806991
0,1,0.8867777
1,1,0.7776086
1,1,0.98637486
1,1,0.99073344
1,1,0.8563942
1,1,0.97399825
1,1,0.93950194
0,1,0.91374063
1,1,0.9730959
1,1,0.97283906
1,1,0.9957143
1,1,0.99072975
1,1,0.99042654
1,1,0.98340726
1,1,0.97681016
1,1,0.96694
1,1,0.9547254
1,1,0.98292077
1,1,0.87570125
1,1,0.9379889
1,1,0.9868457
1,1,0.9917633
1,1,0.92071015
0,1,0.94935596
1,1,0.9751039
1,1,0.93186575
0,1,0.96492213
1,1,0.99827
1,1,0.7429168
1,1,0.9509019
1,1,0.739885
1,1,0.9368661
1,1,0.92578584
1,1,0.9941983
1,1,0.99802953
1,1,0.9702958
1,1,0.96425426
1,1,0.97701824
0,1,0.65325725
1,1,0.9599333
1,1,0.9107571
1,1,0.9886071
1,1,0.98434055
1,1,0.9801016
1,1,0.9565576
1,1,0.97096187
1,1,0.98823446
1,1,0.98803324
1,1,0.9861087
1,1,0.94147253
1,1,0.97503686
1,1,0.94316506
1,1,0.7200205
1,1,0.995278
1,1,0.97388446
1,1,0.98901045
1,1,0.87229073
1,1,0.9048416
1,1,0.9909435
1,1,0.9062735
1,1,0.8912305
1,1,0.9981631
1,1,0.99110085
1,1,0.93583417
1,1,0.996232
1,1,0.9675346
1,1,0.9860726
0,1,0.97589207
1,1,0.7951583
1,1,0.9771931
0,1,0.80775887
1,1,0.98747236
1,1,0.9633518
1,1,0.95983744
1,1,0.96735376
1,1,0.98155665
1,1,0.99785763
1,1,0.9951461
1,1,0.8518592
1,1,0.9825363
1,1,0.74776435
1,1,0.9184916
1,1,0.98979
1,1,0.88366884
1,1,0.89526504
1,1,0.9879146
1,1,0.90914834
1,1,0.89290786
1,1,0.5649471
1,1,0.99458313
1,1,0.99176216
1,1,0.98998904
1,1,0.996599
1,1,0.9879426
1,1,0.8671174
1,1,0.9842628
1,1,0.86918515
1,1,0.95922977
1,1,0.9806138
1,1,0.98532283
1,1,0.97130346
1,1,0.99056786
1,1,0.9163719
1,1,0.8621949
1,1,0.9624472
0,1,0.89001614
1,1,0.9941672
1,1,0.9974139
1,1,0.9715172
1,1,0.9705627
1,1,0.98832905
1,1,0.94793975
1,1,0.8129046
1,1,0.99526983
1,1,0.9700784
1,1,0.92598575
1,1,0.9980261
1,1,0.99568737
1,1,0.97478414
1,1,0.99517936
1,1,0.9764639
1,1,0.98802423
1,1,0.99756396
1,1,0.99092424
1,1,0.97484297
0,1,0.8589561
1,1,0.9885581
1,1,0.9902087
1,1,0.9962785
1,1,0.80993325
1,1,0.98532164
1,1,0.80009747
1,1,0.98880446
1,1,0.9929714
1,1,0.9326296
1,1,0.9574744
1,1,0.98305666
1,1,0.99028724
1,1,0.99193054
1,1,0.95832837
1,1,0.9527089
0,1,0.7440995
1,1,0.90285724
1,1,0.99231255
1,1,0.9952362
1,1,0.9728075
1,1,0.9939923
1,1,0.9735749
1,1,0.9693561
1,1,0.9949951
0,1,0.5671844
1,1,0.9850282
0,1,0.69981027
1,1,0.99699336
1,1,0.9696966
1,1,0.9863194
1,1,0.99091893
1,1,0.9825889
1,1,0.9901809
1,1,0.9775409
1,1,0.98825485
1,1,0.9779762
1,1,0.9793113
1,1,0.9494736
0,1,0.79377276
1,1,0.99504286
1,1,0.9658058
1,1,0.98449045
1,1,0.9955591
1,1,0.95087415
1,1,0.9374563
1,1,0.981999
1,1,0.993077
1,1,0.87550247
1,1,0.95187396
0,1,0.87486666
1,1,0.9007718
1,1,0.9708395
1,1,0.94907916
1,1,0.9328826
1,1,0.9879539
1,1,0.9631738
1,1,0.9941894
1,1,0.99172986
1,1,0.8287169
0,1,0.9710898
1,1,0.9916004
1,1,0.9960135
1,1,0.9980633
0,1,0.9874591
1,1,0.9606061
1,1,0.9885207
1,1,0.9506679
1,1,0.712267
1,1,0.9946988
1,1,0.97377473
1,1,0.94036263
1,1,0.99518317
1,1,0.94502205
1,1,0.9428632
1,1,0.9753501
1,1,0.9723531
1,1,0.589327
1,1,0.8160454
1,1,0.9877104
1,1,0.9981377
1,1,0.93190664
1,1,0.9954458
1,1,0.99000573
1,1,0.9453097
1,1,0.9735972
1,1,0.9837584
1,1,0.99448794
1,1,0.8950127
1,1,0.98839235
1,1,0.9571362
1,1,0.98431814
0,1,0.56652313
1,1,0.99044687
1,1,0.9971069
1,1,0.9848865
1,1,0.9913778
1,1,0.995254
1,1,0.91325194
1,1,0.9983385
1,1,0.9733878
0,1,0.9550199
1,1,0.98756
1,1,0.9765602
1,1,0.97591233
1,1,0.99316585
1,1,0.7191593
1,1,0.77202165
1,1,0.9848426
0,1,0.7518962
1,1,0.9901851
1,1,0.99608976
1,1,0.9750287
1,1,0.86771166
1,1,0.9736431
1,1,0.9853856
0,1,0.70782393
1,1,0.98952436
1,1,0.9862557
1,1,0.9484284
1,1,0.9671968
1,1,0.99720323
1,1,0.947854
1,1,0.9327543
1,1,0.9903073
1,1,0.991129
0,1,0.71499527
1,1,0.7705263
1,1,0.9937905
1,1,0.943472
1,1,0.9879439
1,1,0.99614215
1,1,0.9297431
1,1,0.8449386
1,1,0.9953059
1,1,0.81870526
0,1,0.847516
1,1,0.99201965
1,1,0.89479065
1,1,0.9798339
1,1,0.9935891
0,1,0.61586964
1,1,0.993556
1,1,0.9941735
1,1,0.99064183
1,1,0.99796766
0,1,0.9644133
1,1,0.9970815
1,1,0.93436956
1,1,0.95630145
1,1,0.97809094
1,1,0.92151153
1,1,0.90091884
1,1,0.99507374
1,1,0.9762879
1,1,0.9471412
1,1,0.8192018
1,1,0.96432066
1,1,0.8679903
1,1,0.9914101
1,1,0.9261098
1,1,0.84823984
1,1,0.98133254
1,1,0.984663
1,1,0.99526435
1,1,0.9924701
1,1,0.9898537
0,1,0.70556074
1,1,0.975871
1,1,0.98627675
0,1,0.62657666
1,1,0.969387
1,1,0.99171937
1,1,0.86098564
1,1,0.9192703
1,1,0.99701536
1,1,0.83372205
1,1,0.98722255
1,1,0.9778339
1,1,0.9289253
1,1,0.99704593
1,1,0.9666447
1,1,0.9788015
1,1,0.98726463
1,1,0.9766532
1,1,0.944511
1,1,0.9841242
1,1,0.9564898
1,1,0.99514943
1,1,0.9354602
1,1,0.99312264
1,1,0.9835248
1,1,0.99344444
1,1,0.89866966
1,1,0.9845863
1,1,0.97842896
1,1,0.9924249
1,1,0.9072668
1,1,0.9552153
1,1,0.9938399
1,1,0.9484122
1,1,0.9920061
1,1,0.99747574
1,1,0.95732164
1,1,0.8061168
1,1,0.8669213
1,1,0.9949606
1,1,0.8998785
1,1,0.99239564
1,1,0.9284967
1,1,0.9817114
1,1,0.98479265
1,1,0.9964337
1,1,0.98061216
1,1,0.99425083
1,1,0.99786717
0,1,0.99660534
1,1,0.87705183
1,1,0.9953128
0,1,0.7531282
1,1,0.98128986
1,1,0.9346736
1,1,0.9918809
1,1,0.97025186
1,1,0.99383396
1,1,0.96646434
1,1,0.99768543
1,1,0.6015745
1,1,0.9237667
1,1,0.99034697
1,1,0.9916959
1,1,0.99009377
1,1,0.917832
1,1,0.906035
1,1,0.99406165
1,1,0.99114174
1,1,0.9633749
1,1,0.99059427
1,1,0.9929073
1,1,0.9895558
0,1,0.93883884
1,1,0.94882905
0,1,0.9785923
1,1,0.9357511
1,1,0.98616
1,1,0.92571145
1,1,0.9936872
1,1,0.97642285
1,1,0.99740595
1,1,0.99070334
1,1,0.90185106
1,1,0.97294146
1,1,0.8648901
1,1,0.9622067
1,1,0.9795208
1,1,0.993852
1,1,0.99551374
1,1,0.9938272
1,1,0.98973334
1,1,0.9939627
1,1,0.9944452
1,1,0.95441663
0,0,0.48925284
1,1,0.94664127
1,1,0.9911388
1,1,0.5397055
1,1,0.9941578
1,1,0.9788699
1,1,0.7395208
1,1,0.98408765
1,1,0.9742747
1,1,0.88408285
1,1,0.9631148
0,1,0.61964977
1,1,0.9313987
1,1,0.9715719
1,1,0.9942775
1,1,0.99638116
1,1,0.97697836
1,1,0.9831489
1,1,0.9967613
1,1,0.9217831
1,1,0.9742695
1,1,0.8992121
1,1,0.93536186
1,1,0.9308725
1,1,0.99647164
0,1,0.71473426
0,1,0.53305334
0,1,0.99549705
1,1,0.94085
1,1,0.96584797
1,1,0.9983272
1,1,0.98356754
1,1,0.98360205
1,1,0.9977078
1,1,0.99264693
1,0,0.45708665
1,1,0.96178883
1,1,0.68435085
1,1,0.9853861
1,0,0.43930018
1,1,0.99620265
1,1,0.9876199
1,1,0.90365297
1,1,0.9350077
1,1,0.9929186
1,1,0.9000454
1,1,0.94180465
1,1,0.97699344
1,1,0.5626283
0,1,0.760145
1,1,0.9961373
1,1,0.99094874
1,1,0.9448093
1,1,0.97461045
0,1,0.93387043
1,1,0.9864337
1,1,0.9869558
1,1,0.9971925
1,1,0.9971127
1,1,0.9975778
1,1,0.8743626
1,1,0.97810274
1,1,0.9972702
1,1,0.8917231
1,1,0.9885561
1,1,0.9849829
1,1,0.98883224
1,1,0.996442
1,1,0.99458987
0,0,0.4818178
1,1,0.94948435
1,1,0.9949432
1,1,0.9728536
1,1,0.6000857
1,1,0.9902947
1,1,0.96946985
1,1,0.94857556
1,1,0.994459
1,1,0.6057973
1,1,0.99581647
1,1,0.861571
1,1,0.9581781
1,1,0.9938691
1,1,0.9698307
1,1,0.89662665
1,1,0.9803479
1,1,0.849016
1,1,0.9828862
0,1,0.6075202
1,1,0.90107757
1,1,0.7730026
1,1,0.9664661
1,1,0.8443754
1,1,0.93815625
1,1,0.9919958
1,1,0.98884654
1,1,0.93183786
1,1,0.8624349
1,1,0.9640054
1,1,0.970229
1,1,0.9910661
1,1,0.9966475
1,1,0.995882
1,1,0.912769
1,1,0.817046
1,1,0.92304724
1,1,0.988702
1,1,0.98756593
1,1,0.9294407
1,1,0.99117327
1,1,0.9712104
1,1,0.92719907
1,1,0.9409009
1,1,0.8717853
0,1,0.9851346
1,1,0.94947594
1,1,0.9055796
1,1,0.95105755
1,1,0.96318716
1,1,0.93323064
1,1,0.8713818
1,1,0.9770014
1,1,0.81977564
1,1,0.98732346
1,1,0.98214644
0,1,0.8438052
1,1,0.97614926
1,1,0.9212669
1,1,0.9872549
1,1,0.9946205
1,1,0.9940464
1,1,0.9902238
1,1,0.8036038
1,1,0.9963298
1,1,0.9925233
1,1,0.9800729
1,1,0.9460516
1,1,0.99629486
1,1,0.99134386
1,1,0.9409526
1,1,0.9932234
1,1,0.9792223
1,1,0.9918399
1,1,0.9673645
1,1,0.9911891
1,1,0.99519217
1,1,0.991179
1,1,0.9958386
1,1,0.99600875
1,1,0.7347778
1,1,0.9949965
1,1,0.9482449
1,1,0.99369586
0,1,0.99158967
0,1,0.84052193
1,1,0.9887058
1,1,0.64948916
1,1,0.9918669
1,1,0.99535006
1,1,0.99218947
1,1,0.9806529
1,1,0.9849165
1,1,0.96901464
1,1,0.9827813
1,1,0.9585307
1,1,0.908974
1,1,0.9911133
1,1,0.6949076
1,1,0.87892836
1,1,0.9906896
1,1,0.9366225
1,1,0.9985475
1,1,0.9947787
1,1,0.98657745
1,1,0.9248631
1,1,0.9931204
1,1,0.99185663
1,1,0.84204817
1,1,0.6421038
1,1,0.86160094
1,1,0.8505371
1,1,0.9622315
1,1,0.99709255
1,1,0.6262332
1,1,0.89956975
1,1,0.9892766
1,1,0.91748637
1,1,0.97058403
1,1,0.979355
1,1,0.96691704
1,1,0.97274655
1,1,0.98957753
1,1,0.99075854
1,1,0.98671323
1,1,0.98020804
1,1,0.99493045
1,1,0.9515861
1,1,0.99885243
1,1,0.9627093
1,1,0.98005134
1,1,0.96860397
0,1,0.95465803
1,1,0.994734
1,1,0.9910992
1,1,0.91530746
1,1,0.9239478
1,1,0.99660957
1,1,0.99632937
1,1,0.98822474
1,1,0.99423474
1,1,0.9702162
1,1,0.9872088
1,1,0.9661362
1,1,0.85471624
1,1,0.9937796
1,1,0.923981
1,1,0.9972845
1,1,0.99299437
1,1,0.86645734
0,1,0.6222586
1,1,0.994783
0,1,0.52935225
1,1,0.99429184
1,1,0.55225897
1,1,0.93292344
1,1,0.9938933
1,1,0.99161863
1,1,0.9938083
1,1,0.99160993
1,1,0.9887413
1,1,0.9533422
1,1,0.9925834
1,1,0.9926688
1,1,0.99249613
1,1,0.99601513
1,1,0.9728202
1,1,0.9851897
1,1,0.91667193
1,1,0.81796557
1,1,0.98347336
1,1,0.99564767
1,1,0.9885994
1,1,0.9795893
1,1,0.9905763
1,1,0.645359
1,1,0.9761646
1,1,0.99330026
1,1,0.9730493
1,1,0.9467283
1,1,0.9606532
1,1,0.99754477
1,1,0.9944114
1,1,0.99586266
1,1,0.9209653
1,1,0.95499456
1,1,0.97321653
1,1,0.9443142
1,1,0.9830797
1,1,0.99095833
1,1,0.9891906
1,1,0.9823051
1,1,0.99239016
1,1,0.94975865
1,1,0.9627763
1,1,0.9760504
1,1,0.99848694
1,1,0.9887841
1,1,0.93618613
1,1,0.9838467
1,1,0.988399
1,1,0.978726
1,1,0.9947
1,1,0.99548334
1,1,0.98676085
1,1,0.9813813
1,1,0.8344942
1,1,0.97527146
1,1,0.93781674
1,1,0.997844
1,1,0.98120916
1,1,0.9972884
1,1,0.95951134
1,1,0.995164
1,1,0.99300265
1,1,0.6045678
1,1,0.9395935
1,1,0.95557433
1,1,0.9921807
1,1,0.9987724
1,1,0.9936869
1,1,0.71816546
1,1,0.99731976
1,1,0.88993263
1,1,0.99675703
1,1,0.99568903
1,1,0.99595875
1,1,0.94842815
1,1,0.9920324
1,1,0.9931133
1,1,0.99305385
1,1,0.53209007
1,1,0.9685475
1,1,0.9890714
1,1,0.97657704
1,1,0.72588634
1,1,0.9979505
1,1,0.99398744
1,1,0.9921056
1,1,0.9827724
1,1,0.9171853
1,1,0.98782253
1,1,0.9873657
1,1,0.98809856
1,1,0.988104
1,1,0.9763129
1,1,0.9749644
1,1,0.9401808
1,1,0.98986423
0,1,0.68967426
1,1,0.97670436
1,1,0.98309314
0,1,0.68828374
1,1,0.90677375
1,1,0.99193215
1,1,0.9621849
1,1,0.8491718
1,1,0.9817123
1,1,0.9766695
1,1,0.9903306
1,1,0.9862308
1,1,0.98550075
1,1,0.8278609
1,1,0.94243205
1,1,0.9613183
1,1,0.9789228
1,1,0.98213434
1,1,0.989913
1,1,0.9966042
1,1,0.9461875
1,1,0.9904998
1,1,0.9830133
1,1,0.98602235
1,1,0.97972435
1,1,0.9940605
1,1,0.9493111
1,1,0.9676427
1,1,0.9871491
1,1,0.99015903
1,1,0.9699141
1,1,0.9670206
1,1,0.9976008
1,1,0.7952713
1,1,0.94083774
1,1,0.9697878
1,1,0.9911305
1,1,0.9873409
1,1,0.99341285
1,1,0.97555816
1,1,0.7412493
1,1,0.99288625
1,1,0.9981115
1,1,0.9950739
1,1,0.9415948
1,1,0.94120896
1,1,0.9631848
1,1,0.98078
1,1,0.99807775
1,1,0.9535868
1,1,0.9950912
1,1,0.99178827
0,1,0.92156285
1,1,0.9435037
1,1,0.9960605
1,1,0.9537307
1,1,0.97758615
1,1,0.9905231
1,1,0.99619937
1,1,0.9980162
1,1,0.9854823
1,1,0.994994
1,1,0.99334043
1,1,0.95438737
1,1,0.98686796
1,1,0.98095864
1,1,0.98450667
1,1,0.99602467
1,1,0.9984221
1,1,0.93814725
1,1,0.99033046
1,1,0.9849106
1,1,0.9847425
1,1,0.9923605
1,1,0.99710923
1,1,0.9608598
1,1,0.97426546
1,1,0.9484921
1,1,0.99233466
1,1,0.99494857
1,1,0.9867902
1,1,0.975458
1,1,0.9382493
1,1,0.9952692
1,1,0.95891696
1,1,0.9608184
1,1,0.9877377
1,1,0.99573886
1,1,0.9950613
1,1,0.97478914
1,1,0.99506027
0,1,0.90384644
1,1,0.9602434
1,1,0.98796624
1,1,0.989984
1,1,0.99152344
1,1,0.9890546
1,1,0.9977087
1,1,0.9909853
1,1,0.99034816
1,1,0.980177
1,1,0.97899294
1,1,0.9685181
1,1,0.96649677
1,1,0.9830525
1,1,0.59015334
1,1,0.98178136
1,1,0.98572373
0,1,0.87391514
1,1,0.9919285
1,1,0.9943022
1,1,0.97757953
1,1,0.956504
1,1,0.9936977
0,1,0.98919225
1,1,0.9112876
0,1,0.92741597
1,1,0.9874287
1,1,0.9924023
1,1,0.9964877
1,1,0.89996344
1,1,0.9948629
1,1,0.9945877
1,1,0.8660509
1,1,0.984421
1,1,0.9939662
0,1,0.88667816
1,1,0.9869879
1,1,0.9159079
1,1,0.9982555
1,1,0.99783313
1,1,0.9680985
1,1,0.93233365
1,1,0.9952817
1,1,0.9533693
1,1,0.98902774
1,1,0.9866428
1,1,0.9869692
1,1,0.9934099
1,1,0.9842915
1,1,0.9977034
1,1,0.9869308
1,1,0.93962073
1,1,0.9798783
1,1,0.90690756
0,1,0.7219148
1,1,0.9466437
1,1,0.98031455
1,1,0.7729723
1,1,0.9947598
1,1,0.88691604
1,1,0.9769756
1,1,0.929115
1,1,0.96792907
1,1,0.98062134
1,1,0.9875181
1,1,0.96703756
1,1,0.98603517
1,1,0.97995806
1,1,0.9881795
1,1,0.9655903
1,1,0.9941162
1,1,0.980392
1,1,0.99812627
1,1,0.6250849
1,1,0.8525354
1,1,0.98736197
1,1,0.88094693
1,1,0.98742807
1,1,0.6637107
1,1,0.994146
1,1,0.98804325
1,1,0.99315155
0,1,0.8602461
1,1,0.9973248
1,1,0.99004495
1,1,0.93784237
1,1,0.9591957
1,1,0.8414555
1,1,0.98777455
1,1,0.86296797
1,1,0.9756496
1,1,0.9879547
1,1,0.98641104
1,1,0.9862592
1,1,0.95206714
1,1,0.92455035
0,1,0.9637587
1,1,0.9720145
1,1,0.9852733
1,1,0.88631326
1,1,0.97923386
1,1,0.9904904
1,1,0.99539703
1,1,0.993837
1,1,0.98827165
1,1,0.99236804
1,1,0.97217464
1,1,0.9947855
1,1,0.98907983
1,1,0.9518842
1,1,0.9837129
1,1,0.99759936
1,1,0.9964909
1,1,0.9852517
1,1,0.969155
1,1,0.9571308
1,1,0.6413202
1,1,0.9770792
1,1,0.99223757
1,1,0.9757538
1,1,0.9845841
1,1,0.99643916
1,1,0.9656227
1,1,0.811123
1,1,0.9156581
1,1,0.99394155
1,1,0.985267
1,1,0.9741641
1,1,0.980048
1,1,0.9338228
1,1,0.91663307
1,1,0.9061709
1,1,0.85645115
1,1,0.888902
1,1,0.9523787
1,1,0.99074733
1,1,0.9962245
1,1,0.9702336
1,1,0.99086714
1,1,0.9337126
1,1,0.85933274
1,1,0.9965611
1,1,0.9965637
1,1,0.97882855
1,1,0.99579453
1,1,0.96900964
1,1,0.9780243
1,1,0.9863242
1,1,0.9952124
1,1,0.9699047
1,1,0.9948756
1,1,0.99185055
1,1,0.9918099
1,1,0.98339295
1,1,0.9970748
1,1,0.97085506
1,1,0.9783357
1,1,0.97034836
1,1,0.928279
1,1,0.9874162
1,1,0.9712398
1,1,0.9810625
1,1,0.99552494
1,1,0.9756508
1,1,0.99882895
1,1,0.9555189
1,1,0.956548
1,0,0.43000156
1,1,0.992969
1,1,0.9738802
1,1,0.7662034
0,1,0.89673984
1,1,0.93258744
1,1,0.7191781
1,1,0.9938292
1,1,0.9942679
1,1,0.9835193
1,1,0.9964889
1,1,0.9968924
1,1,0.98098737
1,1,0.9973616
1,1,0.87551093
1,1,0.9969966
1,1,0.8933732
1,1,0.9462606
1,1,0.99622774
1,1,0.9759693
1,1,0.99412423
1,1,0.9925257
1,1,0.9791834
1,1,0.99330616
1,1,0.98596185
1,1,0.9941702
1,1,0.9710701
0,1,0.9661384
1,1,0.98523855
1,1,0.98835546
1,1,0.9895605
1,1,0.99172807
1,1,0.99668086
1,1,0.97771657
1,1,0.9927439
1,1,0.9834379
1,1,0.99657136
1,1,0.8333068
1,1,0.9798145
1,1,0.98061836
1,1,0.9921775
1,1,0.9164585
1,1,0.9738982
1,1,0.96347475
1,1,0.9913829
1,1,0.9778061
1,1,0.95635545
1,1,0.9553624
1,1,0.9942513
1,1,0.75211805
1,1,0.92560625
1,1,0.9906464
1,1,0.99000305
1,1,0.9796465
1,1,0.98963344
1,1,0.8630726
1,1,0.9625037
1,1,0.9850633
0,1,0.99243647
1,1,0.8710075
1,1,0.9909669
1,1,0.9945752
0,1,0.7290668
1,1,0.9729771
1,1,0.97860605
1,1,0.99035436
1,1,0.94928163
1,1,0.9936737
1,1,0.9974416
0,1,0.875561
1,1,0.99857324
1,1,0.97947454
1,1,0.902437
1,1,0.9353862
1,1,0.9778512
1,1,0.9912988
1,1,0.99756825
1,1,0.83540624
1,1,0.9281334
1,1,0.9989835
1,1,0.9114107
1,1,0.92881745
1,1,0.9098568
1,1,0.9053618
1,1,0.91737616
1,1,0.9934271
1,1,0.9974433
1,1,0.93914473
1,1,0.9433298
1,1,0.9072695
1,1,0.9907248
1,1,0.9160942
0,1,0.6075336
1,1,0.9817391
1,1,0.88756406
1,1,0.93503356
1,1,0.99808466
1,1,0.97804666
1,1,0.9367512
1,1,0.89309925
1,1,0.9776506
1,1,0.9701354
1,1,0.9396752
1,1,0.95317245
0,1,0.8373067
1,1,0.98443234
1,1,0.92251736
1,1,0.9885469
1,1,0.9685427
1,1,0.9967726
1,1,0.913253
1,1,0.9969239
1,1,0.9954928
1,1,0.93652844
1,1,0.9882887
1,1,0.96745414
1,1,0.9980226
1,1,0.96970475
1,1,0.97919124
1,1,0.91040444
1,1,0.9931426
1,1,0.9739767
1,1,0.9779952
1,1,0.97221327
1,1,0.87788
1,1,0.9296299
1,1,0.9891104
1,1,0.9803183
0,1,0.9963362
1,1,0.986605
1,1,0.9916978
1,1,0.8983363
1,1,0.96183807
1,1,0.9676299
1,1,0.9883646
1,1,0.99391145
1,1,0.964475
1,1,0.9887711
1,1,0.9914465
1,1,0.82045686
1,1,0.9885029
1,1,0.9979576
1,1,0.9903892
1,1,0.9449825
1,1,0.9474348
1,1,0.9774377
0,1,0.87367743
1,1,0.99086535
1,1,0.99263877
1,1,0.9967487
1,1,0.9858087
1,1,0.994896
1,1,0.8700151
1,1,0.9675828
1,1,0.9675107
0,1,0.9234337
1,1,0.962598
1,1,0.92590356
1,1,0.9581425
1,1,0.9677234
1,1,0.99497324
1,1,0.8953398
0,1,0.91879046
1,1,0.96308756
1,1,0.99168307
1,1,0.993596
1,1,0.9647639
1,1,0.9346794
1,1,0.91090906
1,1,0.9896522
1,1,0.9365923
1,1,0.9314759
1,1,0.98276156
1,1,0.993757
0,1,0.8355764
1,1,0.99694437
1,1,0.9928171
1,1,0.9716493
1,1,0.9760561
1,1,0.9874183
1,1,0.97463363
1,1,0.99802047
1,1,0.87801296
1,1,0.9922018
1,1,0.9407021
1,1,0.9528287
1,1,0.9939577
1,1,0.99149734
1,1,0.9903538
1,1,0.9843645
1,1,0.9877524
1,1,0.987232
1,1,0.956176
1,1,0.89784175
1,1,0.9664932
1,1,0.9887741
1,1,0.9163928
1,1,0.8032071
0,1,0.600121
1,1,0.8987913
1,1,0.994222
1,1,0.9808722
1,1,0.9961631
1,1,0.8248394
1,1,0.9848487
1,1,0.88803375
1,1,0.9898558
1,1,0.9916671
1,1,0.9985927
1,1,0.9934641
1,1,0.94265574
1,1,0.99234605
1,1,0.9850717
1,1,0.9903174
1,1,0.89206487
1,1,0.69868624
1,1,0.9688382
1,1,0.97928244
1,1,0.995009
1,1,0.9957921
1,1,0.9907741
1,1,0.9089134
1,1,0.9918278
1,1,0.98257285
1,1,0.9541982
1,1,0.90845233
1,1,0.98744917
1,1,0.9962332
1,1,0.9401648
1,1,0.9730946
1,1,0.9898627
1,1,0.7344848
0,1,0.7835107
1,1,0.9805297
1,1,0.99262375
1,1,0.9855084
1,1,0.98498034
1,1,0.9700775
1,1,0.99810994
1,1,0.98034346
1,1,0.99078226
1,1,0.98913604
1,1,0.9949645
1,1,0.96742874
1,1,0.9692079
1,1,0.97478914
1,1,0.9954095
1,1,0.9657311
1,1,0.98830146
1,1,0.9972168
1,1,0.99697113
1,1,0.9897101
1,1,0.8866161
1,1,0.9915528
1,1,0.9939974
1,1,0.99411726
1,1,0.99322855
1,1,0.91970146
1,1,0.9924882
1,1,0.9862963
1,1,0.9884513
1,1,0.9838164
1,1,0.9738424
1,1,0.99209136
1,1,0.9899306
1,1,0.88292944
1,1,0.9287374
1,1,0.9929049
1,1,0.9913356
1,1,0.9353139
1,1,0.5527069
1,1,0.9325152
1,1,0.92792255
1,1,0.99188495
1,1,0.98438966
1,1,0.93320346
1,1,0.98717564
1,1,0.98480403
1,1,0.99596804
1,1,0.8716983
1,1,0.97308266
1,1,0.99113417
1,1,0.9701617
1,1,0.99242204
1,1,0.9754483
1,1,0.99691665
1,1,0.94319004
1,1,0.98371613
1,1,0.84146625
1,1,0.98618835
1,1,0.9658378
1,1,0.968675
1,1,0.98663074
1,1,0.99211174
1,1,0.99167967
1,1,0.98722094
1,1,0.91450405
1,1,0.97130084
1,1,0.71143365
1,1,0.98992926
1,1,0.9957109
1,1,0.9536347
1,1,0.7734386
1,1,0.9870455
1,1,0.99600405
1,1,0.97041893
1,1,0.90380776
1,1,0.9948561
1,1,0.9793931
1,1,0.97097504
1,1,0.89890504
1,1,0.96936035
0,1,0.945288
0,1,0.6458187
1,1,0.9953391
1,1,0.989195
1,1,0.95916986
1,1,0.98691714
1,1,0.98923874
1,1,0.9947219
1,1,0.95340437
1,1,0.9699816
1,1,0.95408934
1,1,0.9947629
1,1,0.97283137
1,1,0.9983751
1,1,0.99577945
1,1,0.94088405
1,1,0.8998308
1,1,0.9067064
1,1,0.78425753
1,1,0.9885498
1,1,0.97898006
1,1,0.97200483
1,1,0.9953095
1,1,0.9984385
1,1,0.96465087
1,1,0.9904638
1,1,0.9828853
1,1,0.88627297
1,1,0.99060076
1,1,0.64413947
1,1,0.9885457
1,1,0.7826074
1,1,0.9852408
1,1,0.99799174
1,1,0.84057885
1,1,0.9836035
1,1,0.9857638
1,1,0.992224
1,1,0.9278199
1,1,0.7684427
1,1,0.9976805
1,1,0.8584587
1,1,0.96953815
1,1,0.9958007
1,1,0.9612698
1,1,0.9522945
1,1,0.99421966
1,1,0.99537385
0,1,0.5508277
1,1,0.9936411
1,1,0.94786465
1,1,0.7030892
1,1,0.96485263
1,1,0.99726385
1,1,0.9374119
1,1,0.97173524
1,1,0.9956747
1,1,0.9451327
1,1,0.99229825
1,1,0.99127495
1,1,0.99642104
1,1,0.99454135
1,1,0.94391084
1,1,0.99608004
1,1,0.97097486
1,1,0.9938652
1,1,0.99487203
1,1,0.9665223
1,1,0.9316718
1,1,0.9177389
1,1,0.9965327
1,1,0.9803544
0,1,0.95629776
1,1,0.98125416
0,1,0.7152731
1,1,0.9886442
0,1,0.55864406
1,1,0.8830526
1,1,0.7828469
1,1,0.9938409
1,1,0.8134836
1,1,0.95109487
1,1,0.93779486
1,1,0.9880543
1,1,0.99633056
1,1,0.9844782
1,1,0.94484025
1,1,0.9220042
1,1,0.96139115
1,1,0.98450285
1,1,0.9037439
1,1,0.9030848
1,1,0.997033
1,1,0.94512254
1,1,0.990061
1,0,0.45253268
0,1,0.62174046
1,1,0.9935223
0,1,0.9793714
1,1,0.99700624
1,1,0.9913552
1,1,0.9675415
1,1,0.9918868
1,1,0.99752927
1,1,0.94095695
1,1,0.90581185
1,1,0.99277997
1,1,0.9711216
1,1,0.93102735
1,1,0.9891638
0,1,0.88150555
1,1,0.9929096
0,1,0.8443268
1,1,0.936479
1,1,0.9108937
1,1,0.99784046
1,1,0.94797367
1,1,0.9868913
1,1,0.9861612
1,1,0.9407633
1,1,0.99154997
1,1,0.9955049
1,1,0.97464883
1,1,0.98372024
1,1,0.9538842
1,0,0.48626673
1,1,0.9759408
1,1,0.8682783
1,1,0.94673973
1,1,0.9811082
1,1,0.98568463
1,1,0.991567
1,1,0.98991275
1,1,0.97331935
1,1,0.98252565
1,1,0.99109244
1,1,0.9560839
1,1,0.9522648
1,1,0.9919231
1,1,0.9946975
1,1,0.9698525
1,1,0.9663647
1,1,0.9729098
1,1,0.5316048
1,1,0.9954622
1,1,0.996996
1,1,0.9209049
1,1,0.87143016
1,1,0.9829326
0,1,0.7291811
1,1,0.99053425
1,1,0.9774422
1,1,0.9518578
1,1,0.9939958
1,1,0.9900397
1,1,0.9844573
1,1,0.9203672
1,1,0.8301659
1,1,0.8736115
1,1,0.9980497
1,1,0.9636259
1,1,0.9758674
1,1,0.8711652
0,1,0.9846183
1,1,0.9204704
0,1,0.69131416
1,1,0.9917408
1,1,0.9966187
1,1,0.94641197
1,1,0.9843507
1,1,0.9948331
1,1,0.9849125
1,1,0.9911835
1,1,0.94341666
1,1,0.9752503
1,1,0.9947948
1,1,0.9982634
1,1,0.99006176
1,1,0.97058356
1,1,0.98926604
1,1,0.914695
1,1,0.9665104
1,1,0.9356503
1,1,0.98774415
1,1,0.8886529
1,1,0.985085
1,1,0.99173427
0,1,0.68739533
1,1,0.9797418
1,1,0.9833616
1,1,0.99034905
1,1,0.951056
1,1,0.9928549
1,1,0.9938755
1,1,0.99540836
1,1,0.9886302
1,1,0.993154
0,1,0.91217256
1,1,0.9834662
1,1,0.9458381
1,1,0.8899841
1,1,0.9872384
1,1,0.9864005
1,1,0.6543617
1,1,0.9735792
1,1,0.9751553
1,1,0.9975918
1,1,0.98205477
1,1,0.9658988
1,1,0.9943195
1,1,0.93397623
1,1,0.9760167
1,1,0.94862324
1,1,0.9823933
1,1,0.99079776
1,1,0.99573416
1,1,0.9783833
1,1,0.75279975
1,1,0.98083425
1,1,0.9985511
1,1,0.9939328
1,1,0.9233545
1,1,0.98561347
1,1,0.99460983
1,1,0.98935986
1,1,0.99346757
1,1,0.84426117
1,1,0.6136453
1,1,0.889965
1,1,0.9964736
1,1,0.9771052
1,1,0.9891163
1,1,0.9285061
1,1,0.9984945
1,1,0.9913595
1,1,0.9871793
1,1,0.9777141
1,1,0.96479094
1,1,0.9880906
1,1,0.95954394
0,1,0.73904806
1,1,0.8570467
1,1,0.99797213
1,1,0.6389143
1,1,0.984647
1,1,0.99581337
1,1,0.9509791
1,1,0.9958905
1,1,0.98018056
1,1,0.98619246
1,1,0.94807184
1,1,0.9862026
1,1,0.91689634
1,1,0.95022583
1,1,0.91457367
1,1,0.9920444
1,1,0.8927422
1,1,0.8600815
1,1,0.9174759
1,1,0.9943488
1,1,0.9511742
1,1,0.9581005
1,1,0.99693257
0,1,0.95323336
1,1,0.9925412
1,1,0.9846738
1,1,0.9966842
1,1,0.96800673
1,1,0.9845299
1,1,0.9153058
1,1,0.90114415
1,1,0.9717398
1,1,0.99438906
1,1,0.9849547
1,1,0.8061287
1,1,0.9864651
1,1,0.9832979
1,1,0.9943768
1,1,0.6895373
1,1,0.9613624
1,1,0.98616874
1,1,0.99694216
1,1,0.98323774
1,1,0.9908834
1,1,0.96394616
1,1,0.9391904
1,1,0.9734401
1,1,0.97864044
1,1,0.98858184
1,1,0.9548428
1,1,0.99096435
1,1,0.9940325
1,1,0.9633857
1,1,0.9861623
1,1,0.993976
1,1,0.9814228
1,1,0.99563915
1,1,0.8842627
1,1,0.9901288
1,1,0.9721745
1,1,0.9907715
1,1,0.9848329
1,1,0.94981253
1,1,0.8995773
1,1,0.99317116
1,1,0.949557
1,1,0.99029565
1,1,0.9458681
1,1,0.9498587
1,1,0.97849077
1,1,0.99828285
1,1,0.9762835
1,1,0.95768684
1,1,0.9962062
1,1,0.94053525
1,1,0.99039215
1,1,0.9796777
1,1,0.9619668
1,1,0.9906692
1,1,0.98736525
1,1,0.99096197
1,1,0.9962868
1,1,0.99023205
1,1,0.97500706
1,1,0.89471513
1,1,0.97369576
1,1,0.9745671
1,1,0.9958137
1,1,0.98480695
1,1,0.93917376
1,1,0.96106714
1,1,0.9891226
1,1,0.9872914
1,1,0.88548154
1,1,0.93851084
1,1,0.97717255
1,1,0.9917576
1,1,0.95906794
0,0,0.4944713
1,1,0.9359592
1,1,0.9838366
1,1,0.99417806
1,1,0.91089976
1,1,0.9717826
1,1,0.96934783
1,1,0.9667489
1,1,0.99602747
1,1,0.8780395
0,1,0.55316985
1,1,0.9304066
1,1,0.9094989
1,1,0.9898905
1,1,0.9913605
1,1,0.99598634
0,1,0.99197567
1,1,0.92481184
1,1,0.91500014
1,1,0.9108023
1,1,0.9513665
0,1,0.5620093
1,1,0.99472046
1,1,0.97596747
1,1,0.98633146
0,1,0.807781
1,1,0.9403153
1,1,0.9979462
1,1,0.8824995
1,1,0.99586326
0,1,0.72952473
1,1,0.9444833
1,1,0.9956581
1,1,0.989786
1,1,0.9963391
1,1,0.9722802
1,1,0.99712545
1,1,0.8981978
1,1,0.94874626
1,1,0.9219361
1,1,0.9841871
1,1,0.9946489
1,1,0.9862567
1,1,0.9896042
1,1,0.9755133
1,1,0.98991066
1,1,0.85993797
1,1,0.8620842
1,1,0.99671733
1,1,0.96251553
0,1,0.9749
1,1,0.98020476
1,1,0.99679255
1,1,0.9909072
1,1,0.9637123
1,1,0.9963562
1,1,0.97793806
1,1,0.82772964
1,1,0.95849246
1,1,0.9909776
1,1,0.55924416
1,1,0.99672043
1,1,0.9914699
1,1,0.9037318
1,1,0.987179
1,1,0.67060417
1,1,0.9319645
1,1,0.99410087
1,1,0.9540556
1,1,0.9789509
1,1,0.97906893
1,1,0.9945549
1,1,0.9639182
1,1,0.99534297
0,1,0.9685642
1,1,0.96447355
1,1,0.9961985
1,1,0.9520534
1,1,0.99145836
1,1,0.8847437
1,1,0.99596435
1,1,0.9556604
1,1,0.99561125
1,1,0.98924243
1,1,0.99759644
1,1,0.62442565
0,1,0.57297385
1,1,0.9955941
1,1,0.86290234
1,1,0.9903619
1,1,0.99028087
1,1,0.97077286
1,1,0.9885201
1,1,0.99796236
1,1,0.95292753
1,1,0.9926962
1,1,0.99770397
1,1,0.9908273
1,1,0.9931925
1,1,0.82751286
1,1,0.97751737
1,1,0.7031329
1,1,0.9626023
1,1,0.98082405
1,1,0.98775953
1,1,0.9812516
1,1,0.998505
1,1,0.9848288
1,1,0.98979807
1,1,0.99758184
1,1,0.88429886
1,1,0.94815385
1,1,0.96623296
1,1,0.98560816
1,1,0.92964673
1,1,0.97663
1,1,0.9968048
1,1,0.99665874
1,0,0.46044916
1,1,0.93558013
1,1,0.95769477
1,1,0.9845819
1,1,0.99708134
1,1,0.9077659
1,1,0.983384
1,1,0.987902
1,1,0.96824306
1,1,0.84285617
1,1,0.9952961
1,1,0.77470875
1,1,0.97121286
1,1,0.9943921
1,1,0.90982527
1,1,0.9635061
1,1,0.97282785
1,1,0.68597656
1,1,0.78500783
1,1,0.9838157
1,1,0.936349
1,1,0.99563944
1,1,0.90453404
1,1,0.99693686
1,1,0.9978075
1,1,0.9904503
1,1,0.99096626
1,1,0.99315596
0,1,0.84556496
1,1,0.9570907
1,1,0.9679849
1,1,0.9818765
1,1,0.9936052
1,1,0.9922569
1,1,0.6495874
1,1,0.9839839
1,1,0.9901736
1,1,0.93962115
1,1,0.81163484
0,1,0.7899532
1,1,0.9931064
1,1,0.99342865
1,1,0.9817277
1,1,0.9756281
1,1,0.82886946
1,1,0.99890095
0,1,0.8422779
1,1,0.9857225
1,1,0.9323337
1,1,0.9579833
1,1,0.98342276
1,1,0.9900841
1,1,0.98393714
1,1,0.9952272
1,1,0.98865414
1,1,0.99446857
0,1,0.87419754
1,1,0.9892825
1,1,0.98731977
1,1,0.86197954
1,1,0.9800441
1,1,0.980063
0,1,0.630706
0,1,0.8653429
1,1,0.9840897
1,1,0.9766553
1,1,0.98501307
1,1,0.9777695
1,1,0.9955053
1,1,0.99625945
1,1,0.98074734
1,1,0.9862467
1,1,0.99133205
1,1,0.9855554
1,1,0.9840286
1,1,0.8438148
1,1,0.98796904
1,1,0.996929
1,1,0.9890088
1,1,0.995042
1,1,0.9951745
1,1,0.9804574
1,1,0.98865193
1,1,0.99558777
1,1,0.9889717
1,1,0.9945542
1,1,0.97170454
0,1,0.85120076
1,1,0.9911449
1,1,0.84340966
1,1,0.9572728
1,1,0.9876075
1,1,0.98886395
1,1,0.9964086
1,1,0.9958087
1,1,0.97109675
1,1,0.9956604
1,1,0.98269206
1,1,0.9823832
1,1,0.95482045
1,1,0.93265337
1,1,0.9969169
1,1,0.97746223
1,1,0.9711518
1,1,0.98122245
1,1,0.94150835
1,1,0.9781237
1,1,0.98837894
1,1,0.9823206
1,1,0.9795754
0,1,0.9231968
1,1,0.95004547
1,1,0.9958395
1,1,0.9052216
1,1,0.9892561
1,1,0.9324002
1,1,0.916678
1,1,0.97539735
1,1,0.990087
1,1,0.9449939
1,1,0.9169839
1,1,0.72371995
1,1,0.9905747
1,1,0.9967939
1,1,0.98952293
1,1,0.9885442
1,1,0.99569815
1,1,0.9394628
1,1,0.98385733
1,1,0.9489026
1,1,0.8255871
1,1,0.9648013
1,1,0.9522246
1,1,0.8949503
1,1,0.8621707
1,1,0.97890484
1,1,0.99067676
1,1,0.96904737
1,1,0.9962262
0,1,0.9544851
1,1,0.99704987
1,1,0.9197072
1,1,0.9515857
1,1,0.8943705
1,1,0.9452355
1,1,0.99385273
1,1,0.9781812
1,1,0.95431775
0,1,0.7156032
1,1,0.8847327
1,1,0.6525576
1,1,0.9744796
1,1,0.7629173
1,1,0.99632555
1,1,0.7832041
1,1,0.99546325
0,1,0.7608765
1,1,0.9184068
1,1,0.9793617
1,1,0.9933499
1,1,0.9949239
1,1,0.9971994
0,1,0.7871695
1,1,0.99282897
1,1,0.9817909
1,1,0.85657334
1,1,0.8748024
1,1,0.99506813
1,1,0.9881258
1,1,0.9552358
1,1,0.99756986
1,1,0.99498945
1,1,0.98612356
1,1,0.93576145
1,1,0.93278396
1,1,0.9605083
1,1,0.7305048
1,1,0.9570126
1,1,0.9835896
0,1,0.9969105
0,1,0.5496793
1,1,0.94362426
1,1,0.9807908
1,1,0.9531889
1,1,0.8837681
1,1,0.99076355
1,1,0.9869576
1,1,0.9948847
1,1,0.9451915
1,1,0.85755193
0,1,0.59077823
1,1,0.5704925
1,1,0.98869413
1,1,0.98752904
1,1,0.9948595
1,1,0.99574447
1,1,0.987548
1,1,0.9858882
1,1,0.9866555
1,1,0.9848242
1,1,0.9905088
1,1,0.992822
1,1,0.9519016
1,1,0.9938301
1,1,0.98749614
0,1,0.90516543
1,1,0.95026594
1,1,0.9920912
1,1,0.8162305
1,1,0.8317338
1,1,0.9881153
0,1,0.71933407
1,1,0.9869801
1,1,0.9933939
1,1,0.9893822
1,1,0.993752
1,1,0.9333725
1,1,0.9691807
1,1,0.98913395
1,1,0.97991747
1,1,0.9586501
1,1,0.9739612
1,1,0.98405993
1,1,0.9952788
1,1,0.8011107
1,1,0.9387621
1,1,0.94484234
1,1,0.93124044
1,1,0.96872205
1,1,0.93713915
1,1,0.92955106
1,1,0.98118854
1,1,0.91864294
1,1,0.9853496
1,1,0.9730128
1,1,0.96423525
1,1,0.8741965
1,1,0.9674745
1,1,0.97497267
1,1,0.98358476
1,1,0.94427794
1,1,0.99100673
0,1,0.8646122
1,1,0.99656457
1,1,0.99196774
1,1,0.9918667
1,1,0.9848742
1,1,0.992562
1,1,0.99257284
0,0,0.4691232
1,1,0.992528
1,1,0.9245784
1,1,0.9855023
1,1,0.8343089
1,1,0.9172034
1,1,0.97116494
1,1,0.9967992
1,1,0.94726837
1,1,0.9971012
1,1,0.98587346
1,1,0.9861995
1,1,0.98647606
1,1,0.98965436
1,1,0.9815692
1,1,0.97469556
1,1,0.97124505
1,1,0.99304855
1,1,0.9713052
1,1,0.9821135
0,1,0.9517067
1,1,0.8884705
1,1,0.9913714
1,1,0.9689063
1,1,0.9910118
1,1,0.9334922
1,1,0.9922826
1,1,0.9887088
1,1,0.93455935
1,1,0.9770874
1,1,0.9168922
0,1,0.6970157
1,1,0.95536214
1,1,0.9950868
1,1,0.9925423
1,1,0.9694441
0,1,0.66338634
1,1,0.9912334
1,1,0.99047345
1,1,0.6234846
1,1,0.6736769
1,1,0.9695694
0,1,0.7912085
1,1,0.9860147
0,1,0.942675
1,1,0.9244505
1,1,0.98856664
1,1,0.9402578
1,1,0.96070206
1,1,0.99056107
1,1,0.9887538
1,1,0.97637224
1,1,0.9876248
1,1,0.99655193
1,1,0.8665095
1,1,0.9422942
1,1,0.991555
1,1,0.9611731
1,1,0.9828561
1,1,0.99541056
1,1,0.9917537
1,1,0.91257054
1,1,0.99396205
1,1,0.9903274
1,1,0.97385633
1,1,0.93384486
1,1,0.9779682
1,1,0.865639
1,1,0.9928117
1,1,0.8989678
1,1,0.8977836
1,1,0.9851821
1,1,0.9765317
1,1,0.97441155
1,1,0.9744058
1,1,0.9909858
1,1,0.9596863
1,1,0.92959464
1,1,0.99509794
1,1,0.9948423
1,1,0.9929308
1,1,0.9937945
1,1,0.9854438
0,1,0.80212414
1,1,0.9896995
1,1,0.92438054
1,1,0.99415374
1,1,0.9909249
1,1,0.90913063
1,1,0.962624
1,1,0.9412471
1,1,0.9970041
1,1,0.94554746
1,1,0.97821665
1,1,0.85869765
0,1,0.63178134
1,1,0.951948
1,1,0.9528481
1,1,0.89946604
1,1,0.9948393
1,1,0.9697374
0,1,0.9735611
0,1,0.79323643
1,1,0.9850585
1,1,0.95207304
1,1,0.98039544
1,1,0.9931356
1,1,0.98291945
1,1,0.97498757
1,1,0.9842745
1,1,0.99527764
1,1,0.99477494
1,1,0.943294
1,1,0.9900811
1,1,0.76110834
1,1,0.934528
1,1,0.95383114
1,1,0.8747435
0,1,0.54435605
1,1,0.9920503
1,1,0.90708816
1,1,0.9693793
1,1,0.9779761
1,1,0.98540854
1,1,0.9923595
1,1,0.9818831
1,1,0.99760437
1,1,0.96638495
1,1,0.98828673
1,1,0.9259814
1,1,0.99353397
1,1,0.9615222
0,1,0.6487844
1,1,0.98560196
1,1,0.99778533
1,1,0.98266655
1,1,0.989727
1,1,0.98679674
1,1,0.9921321
1,1,0.99491626
1,1,0.9966619
1,1,0.9781229
1,1,0.9678265
1,1,0.92334765
1,1,0.96238524
1,1,0.98495257
1,1,0.986749
1,1,0.98907423
1,1,0.8224768
0,1,0.8458331
1,1,0.88010675
1,1,0.7446213
1,1,0.98665434
0,1,0.9906596
1,1,0.9609543
1,1,0.9960605
1,1,0.99626887
1,1,0.9756572
1,1,0.98338753
1,1,0.97829795
0,0,0.49569565
1,1,0.9969575
1,1,0.93519586
1,1,0.98285764
1,1,0.8822892
1,1,0.99214834
1,1,0.9927021
1,1,0.9943674
1,1,0.99036074
1,1,0.931577
1,1,0.97076654
1,1,0.9879925
1,1,0.9827113
0,0,0.4821701
0,1,0.9813756
1,1,0.92099136
1,0,0.45524192
1,1,0.9968089
1,1,0.9891231
1,1,0.9807029
1,1,0.99020064
1,1,0.98470616
1,1,0.9689482
1,1,0.9464465
1,1,0.99409515
1,1,0.9900496
1,1,0.98600334
1,1,0.9778245
1,1,0.9542028
1,1,0.95837355
1,1,0.9911669
1,1,0.99560887
1,1,0.9896759
1,1,0.90484136
1,1,0.98723257
1,1,0.9706822
1,1,0.9911683
1,1,0.99826217
1,1,0.99074507
1,1,0.8699667
1,1,0.99544966
1,1,0.977259
1,1,0.9454863
1,1,0.9444202
1,1,0.7473948
1,1,0.94729704
1,1,0.9867201
1,1,0.9878425
1,1,0.99328816
1,1,0.99534345
1,1,0.9914528
1,1,0.9866281
1,1,0.97999465
1,1,0.93316555
1,1,0.98846847
1,1,0.97525996
1,1,0.9490333
1,1,0.96077377
1,1,0.90070313
1,1,0.98939544
1,1,0.9849284
1,1,0.9951145
1,1,0.98725665
1,1,0.74513906
1,1,0.9482721
1,1,0.9859602
1,1,0.9952383
1,1,0.9431613
1,1,0.83583546
1,1,0.9956013
1,1,0.9964587
1,1,0.83706427
1,1,0.9915834
1,1,0.99267036
1,1,0.9966069
1,1,0.94798374
1,1,0.98510605
1,1,0.993796
1,1,0.9812805
1,1,0.9421773
1,1,0.9905518
1,1,0.98165405
0,1,0.69022787
1,1,0.9920742
1,1,0.9590005
1,1,0.9897342
1,1,0.955411
1,1,0.97106546
1,1,0.6655353
1,1,0.99683255
1,1,0.98492146
1,1,0.9948156
1,1,0.9221819
1,1,0.99501526
1,1,0.96653533
0,1,0.59560484
1,1,0.99028313
0,1,0.9156535
1,1,0.92048246
1,1,0.93351567
1,1,0.9694399
1,1,0.9340194
1,1,0.9663032
1,1,0.8241067
1,1,0.9936976
1,1,0.8162821
1,1,0.94886935
1,1,0.86432326
1,1,0.8786866
1,1,0.97140235
1,1,0.998542
0,1,0.52595246
1,1,0.9719742
1,1,0.99515563
1,1,0.994357
1,1,0.9783428
0,1,0.8768549
1,1,0.9868222
1,1,0.9757612
1,1,0.94218475
1,1,0.9427548
1,1,0.9217343
1,1,0.9137559
1,1,0.9620993
1,1,0.7976342
0,1,0.9138105
1,1,0.9865437
0,1,0.8542522
1,1,0.94815844
1,1,0.98365533
1,1,0.98825604
0,1,0.8113932
1,1,0.94670784
1,1,0.9036494
1,1,0.9915545
1,1,0.9500175
1,1,0.9277854
1,1,0.66277134
1,1,0.9442724
1,1,0.98546225
1,1,0.8766874
1,1,0.89475286
1,1,0.99479014
1,1,0.9938825
1,1,0.9604346
1,1,0.9964107
1,1,0.9794094
1,1,0.9831326
0,1,0.9244315
1,1,0.9424936
0,1,0.6605586
1,1,0.96845156
1,1,0.8072808
0,1,0.89683914
1,1,0.8991682
0,1,0.9968457
1,1,0.94282323
1,1,0.99490374
1,1,0.9873254
1,1,0.9865811
1,1,0.9566526
1,1,0.9850912
1,1,0.99054116
1,1,0.9708425
1,1,0.9914526
1,1,0.97192
1,1,0.9626908
1,1,0.9966315
1,1,0.9811971
1,1,0.99346787
1,1,0.95843875
1,1,0.9970557
1,1,0.99629897
1,1,0.6233189
1,1,0.89014494
0,1,0.9721709
1,1,0.9774287
0,1,0.57368326
1,1,0.98366886
1,1,0.94140494
0,1,0.62656766
1,1,0.95125335
1,1,0.9083262
0,1,0.9745508
1,1,0.9638839
1,1,0.9778863
1,1,0.9969959
1,1,0.99644846
1,1,0.98928696
1,0,0.15813814
1,1,0.6926958
1,1,0.98199904
1,1,0.99626714
1,1,0.95889705
1,1,0.9929702
1,1,0.9835509
1,1,0.9923105
1,1,0.88961565
1,1,0.9964845
1,1,0.93475527
1,1,0.89088994
1,1,0.9911205
1,1,0.8989969
1,1,0.983545
1,1,0.9879015
1,1,0.9684139
1,1,0.9866534
1,1,0.9406555
1,1,0.9755831
1,1,0.7797535
1,1,0.9740793
1,1,0.9963783
1,1,0.9880888
1,1,0.9943158
1,1,0.9837997
1,1,0.99112856
1,1,0.97390044
1,1,0.8171829
1,1,0.9974127
1,1,0.9302122
1,1,0.98866695
1,1,0.9434391
1,1,0.98912686
1,1,0.97159946
1,1,0.993478
1,1,0.972673
1,1,0.9485032
1,1,0.98853034
1,1,0.9868484
1,1,0.9870168
1,1,0.9825456
1,1,0.9987483
1,1,0.9381673
1,1,0.9861571
1,1,0.98390096
1,1,0.9870359
1,1,0.9808
1,1,0.9521648
1,1,0.9565824
1,1,0.9922393
1,1,0.99567443
0,0,0.49888557
1,1,0.9929639
1,1,0.8974809
1,1,0.9946508
1,1,0.9312303
1,1,0.9952014
1,1,0.9751611
1,1,0.9941575
1,1,0.92453754
0,1,0.6833479
1,1,0.9898291
1,1,0.8661923
1,1,0.98484683
1,1,0.98032975
1,1,0.99199635
1,1,0.9943263
1,1,0.9985301
0,1,0.5863254
0,1,0.89215446
1,1,0.9930445
1,1,0.980511
1,1,0.9883862
1,1,0.9029974
1,1,0.643023
1,1,0.9950777
1,1,0.9963254
1,1,0.8410832
1,1,0.99126214
1,1,0.96507645
1,1,0.98438096
1,1,0.95562506
1,1,0.9885393
1,1,0.98676574
1,1,0.97742164
1,1,0.97156334
1,1,0.9466375
1,1,0.98775005
1,1,0.9193805
1,1,0.9774766
1,1,0.95891386
1,1,0.8752682
1,1,0.97551066
1,1,0.8913714
1,1,0.9747096
1,1,0.97277707
1,1,0.9744699
1,1,0.9851113
1,1,0.99105066
1,1,0.8200524
1,1,0.9586983
1,1,0.9707044
1,1,0.9710873
1,1,0.9049233
1,1,0.98763514
1,1,0.9750992
1,1,0.9897594
1,1,0.99747205
1,1,0.995416
1,1,0.99641263
1,1,0.80244964
1,1,0.8904291
1,1,0.9936112
1,1,0.9843648
1,1,0.9001616
1,1,0.9710996
1,1,0.99790716
1,1,0.99304587
1,1,0.8138648
1,1,0.92159975
1,1,0.97435194
1,1,0.91761196
1,1,0.935812
1,1,0.990519
1,1,0.9865584
1,1,0.977736
1,1,0.6786551
1,1,0.9526349
1,1,0.9926848
1,1,0.99204457
1,1,0.987488
1,1,0.99092555
1,1,0.99375844
1,1,0.8375542
1,1,0.9958957
0,1,0.9444431
1,1,0.99360234
1,1,0.98522455
1,1,0.99638295
1,1,0.9949177
1,1,0.56977946
1,1,0.99234104
1,1,0.98586655
1,1,0.8337676
1,1,0.9917844
1,1,0.9090498
1,1,0.97643423
1,1,0.9812289
1,1,0.99285287
1,1,0.9565352
0,1,0.7482145
1,1,0.9497995
1,1,0.99497336
1,1,0.99828225
1,1,0.99399835
1,1,0.8263297
1,1,0.98528033
1,1,0.99397075
1,1,0.6794936
1,1,0.9739936
1,1,0.566396
1,1,0.98665696
1,1,0.97447807
1,1,0.9902863
1,1,0.9975071
1,1,0.7970071
0,0,0.36743674
1,1,0.9339484
1,1,0.98884165
1,1,0.99615127
1,1,0.9939635
1,1,0.8124174
1,1,0.98258704
1,1,0.99326575
1,1,0.9915093
1,1,0.8617759
1,1,0.96859
1,1,0.9838337
1,1,0.8896837
1,1,0.9850317
0,1,0.7066287
1,1,0.9188842
1,1,0.9902247
1,1,0.989342
1,1,0.9757461
1,1,0.66665745
0,1,0.9926356
1,1,0.9714533
1,1,0.940893
1,1,0.96689874
1,1,0.9799897
1,1,0.95220786
1,1,0.97594887
1,1,0.9937142
1,1,0.9984889
0,1,0.9518122
1,1,0.9904616
1,1,0.99308383
1,1,0.8868246
1,1,0.9402995
1,1,0.95580816
1,1,0.99776953
1,1,0.9786816
0,1,0.96079606
1,1,0.99701035
1,1,0.97409415
1,1,0.96679866
1,1,0.97956395
1,1,0.9837527
1,1,0.98350143
1,1,0.98387647
1,1,0.9891492
1,1,0.99331605
1,1,0.91963595
1,1,0.98464626
1,1,0.9548961
1,1,0.78374255
1,1,0.93855983
1,1,0.9838338
0,1,0.98461574
1,1,0.92123353
1,1,0.99362975
1,1,0.9482493
1,1,0.98428667
1,1,0.9958502
1,1,0.91251624
1,1,0.79614747
1,1,0.9968927
1,1,0.8580004
1,1,0.9704562
1,1,0.98790807
1,1,0.9881257
1,1,0.9940676
1,1,0.9945786
1,1,0.9472631
1,1,0.9972436
1,1,0.9962218
1,1,0.8727403
1,1,0.9955528
1,1,0.9971073
1,1,0.97653353
1,1,0.97221875
1,1,0.93636984
1,1,0.9870717
1,1,0.94564366
1,1,0.9813796
1,1,0.98294723
1,1,0.92653143
1,1,0.99660456
1,0,0.44564477
0,1,0.50427437
1,1,0.987781
1,1,0.9728046
1,1,0.99029183
1,1,0.6591246
0,1,0.87476546
1,1,0.9701907
1,1,0.86552495
1,1,0.98955846
1,1,0.95677894
1,1,0.9654543
1,1,0.99350196
1,1,0.9574115
1,1,0.9905499
1,1,0.9601718
1,1,0.9917673
1,1,0.99702173
1,1,0.9870151
1,1,0.9838058
1,1,0.923028
1,1,0.99549603
1,1,0.99270093
1,1,0.99358356
1,1,0.89498216
1,1,0.9496211
1,1,0.984254
1,1,0.9905928
1,1,0.9614147
1,1,0.9599646
1,1,0.8633943
1,1,0.99297935
1,1,0.92005813
1,1,0.98267704
1,1,0.8763239
1,1,0.9935285
1,1,0.8235512
1,1,0.9911851
1,1,0.9046336
1,1,0.9530736
1,1,0.99391484
1,1,0.9817921
1,1,0.7783533
1,1,0.84772426
0,1,0.5110198
1,1,0.9779514
1,1,0.8599385
1,1,0.99508566
1,1,0.9929172
1,1,0.98237675
1,1,0.96900076
1,1,0.98633724
1,1,0.90553755
1,1,0.9096193
1,1,0.9781853
1,1,0.9885851
1,1,0.9743638
0,1,0.91358453
1,1,0.9654273
0,1,0.56543624
1,1,0.9906703
1,1,0.987486
1,1,0.9852828
1,1,0.9751251
1,1,0.9972514
1,1,0.9841318
1,1,0.9896804
0,1,0.5725304
1,1,0.9901669
1,1,0.9748536
1,1,0.9906814
1,1,0.805992
1,1,0.98349303
1,1,0.92496425
1,1,0.9912972
1,1,0.971449
0,1,0.98920727
1,1,0.9864449
1,1,0.99243695
1,1,0.99117357
1,1,0.9849543
1,1,0.9839173
1,1,0.98290014
1,1,0.9948506
1,1,0.996467
1,1,0.82914466
1,1,0.9233952
1,1,0.98060584
0,1,0.95030296
1,1,0.9198362
1,1,0.9611882
0,1,0.79483944
1,1,0.7847814
1,1,0.98476684
1,1,0.99703306
1,1,0.983452
0,1,0.79951185
1,1,0.9825063
1,1,0.9106519
1,1,0.8636207
0,1,0.7744596
1,1,0.97769815
1,1,0.8089706
1,1,0.7689512
1,1,0.9933234
1,1,0.9711959
1,1,0.71198636
1,1,0.9943299
0,1,0.75760645
0,0,0.46669698
1,1,0.996775
1,1,0.9976761
1,1,0.8878921
1,1,0.9880758
1,1,0.9966062
1,1,0.9904091
1,1,0.8644305
1,1,0.9837585
1,1,0.95690197
1,1,0.85341084
1,1,0.9738493
1,1,0.9967376
1,1,0.98415095
1,1,0.9962932
1,1,0.9858341
1,1,0.96896124
0,1,0.9246484
1,1,0.9878827
1,1,0.94626725
1,1,0.9190087
1,1,0.9020321
1,1,0.9853071
0,1,0.50731915
1,1,0.99670625
1,1,0.8874603
1,1,0.9976143
1,1,0.9788897
1,1,0.86531633
1,1,0.98442084
1,1,0.99465984
1,1,0.9932731
1,1,0.9925746
1,1,0.9980448
1,1,0.990174
1,1,0.9831483
1,1,0.99164504
1,1,0.7566501
1,1,0.97936475
1,1,0.97003907
1,1,0.98593456
1,1,0.9925647
1,1,0.9922761
1,1,0.99321324
1,1,0.92122
1,1,0.88287854
1,1,0.9859465
1,1,0.982252
1,1,0.94560176
1,1,0.9497274
1,1,0.9947786
1,1,0.9906723
1,1,0.92569876
1,1,0.93917936
1,1,0.9967181
1,1,0.96276146
1,1,0.97544515
1,1,0.99686044
0,1,0.57758254
1,1,0.96494865
1,1,0.934583
1,1,0.9930702
1,1,0.98664856
1,1,0.9749214
1,1,0.9881684
1,1,0.8361546
1,1,0.99211895
1,1,0.9846238
1,1,0.9889813
1,1,0.9985308
1,1,0.98803097
1,1,0.9883727
1,1,0.96981704
1,1,0.9745287
0,1,0.95265806
1,1,0.98791194
1,1,0.98106194
1,1,0.976679
1,1,0.7874619
1,1,0.97797865
1,1,0.8971411
1,1,0.99082565
1,1,0.92638355
1,1,0.98715484
0,1,0.9028325
1,1,0.9949979
1,1,0.89791304
1,1,0.99415624
1,1,0.8962355
1,1,0.9921191
1,1,0.9392402
1,1,0.9968198
1,1,0.9196103
1,1,0.9816399
1,1,0.9635316
1,1,0.9314345
1,1,0.93341184
1,1,0.9832243
1,1,0.96729183
1,1,0.98406416
1,1,0.98697644
1,1,0.94400615
1,1,0.9410112
1,1,0.99414736
1,1,0.94488806
1,1,0.9472218
1,1,0.9646197
1,1,0.9329361
1,1,0.99557877
1,1,0.9975811
1,1,0.949561
1,1,0.987659
1,1,0.95531386
1,1,0.9575279
1,1,0.9947665
1,1,0.93654597
0,1,0.9822768
1,1,0.9160209
1,1,0.9749228
1,1,0.9834422
1,1,0.962977
1,1,0.99203616
1,1,0.9885286
1,1,0.9877759
1,1,0.98989385
1,1,0.97709036
1,1,0.981836
1,1,0.9833666
1,1,0.9929367
1,1,0.99240035
1,1,0.98097277
1,1,0.9889855
1,1,0.9828581
1,1,0.99388325
1,1,0.7539725
1,1,0.99156404
1,1,0.99858505
1,1,0.90933627
1,1,0.74203783
1,1,0.9946457
1,1,0.9804212
1,1,0.9805172
1,1,0.9056032
1,1,0.99062407
1,1,0.9167099
1,1,0.8721086
0,1,0.72386795
1,1,0.9895333
1,1,0.9894407
0,1,0.929194
1,1,0.87543905
1,1,0.96214116
1,1,0.99816525
1,1,0.9921406
1,1,0.9866194
1,1,0.9895249
1,1,0.90710425
1,1,0.8963122
1,1,0.90174645
1,1,0.91882783
0,1,0.9830612
1,1,0.9861657
1,1,0.9814836
1,1,0.9862655
1,1,0.9386536
1,1,0.9719478
1,1,0.9068146
1,1,0.98780406
1,1,0.9951013
1,1,0.90329754
1,1,0.9983806
1,1,0.9971726
1,1,0.9471465
1,1,0.96552783
1,1,0.9477458
1,1,0.95973283
1,1,0.99187636
1,1,0.9892758
1,1,0.9890115
1,1,0.9796002
1,1,0.8958873
1,1,0.9967321
1,1,0.91366035
1,1,0.6653352
1,1,0.9858097
1,1,0.9813539
1,1,0.986156
1,1,0.9831086
1,1,0.9842855
1,1,0.8961324
1,1,0.9640816
1,1,0.8680925
1,1,0.9826032
1,1,0.9929405
1,1,0.9587577
1,1,0.5006563
1,1,0.98571444
1,1,0.9808135
0,1,0.93424004
1,1,0.9805017
1,1,0.9077755
1,1,0.9657294
1,1,0.9882261
1,1,0.99047184
1,1,0.9660794
1,1,0.96571034
1,1,0.98711956
1,1,0.99068063
1,1,0.9775453
1,1,0.7698671
1,1,0.9928124
1,1,0.99133444
1,1,0.9958219
0,1,0.70226836
1,1,0.9892817
1,1,0.9016071
1,1,0.9162726
1,1,0.9439046
1,1,0.9255431
1,1,0.93755484
1,1,0.9208673
1,1,0.938422
1,1,0.96540046
1,1,0.8642737
1,1,0.9735276
1,1,0.99152356
1,1,0.9832851
1,1,0.77150834
1,1,0.98190016
1,1,0.92722917
1,1,0.9976131
1,1,0.99762034
1,1,0.98959225
1,1,0.9978924
1,1,0.98633504
1,1,0.9868272
1,1,0.9944043
1,1,0.94832104
0,1,0.85918474
1,1,0.9434575
1,1,0.97428507
1,1,0.92297137
1,1,0.97955763
1,1,0.9827591
1,1,0.9858923
0,1,0.69940794
1,1,0.9976057
1,1,0.98803854
1,1,0.9929074
1,1,0.9930317
1,1,0.9930335
1,1,0.9522483
1,1,0.98763067
1,1,0.99810874
1,1,0.987459
1,1,0.9801913
0,1,0.7940392
1,1,0.97684777
1,1,0.99214536
1,1,0.9717221
1,1,0.8376641
1,1,0.9916905
1,1,0.9968094
1,1,0.95117337
1,1,0.8531154
0,1,0.57771
1,1,0.8608844
1,1,0.99203134
1,1,0.9710785
1,1,0.9425507
1,1,0.99538016
1,1,0.96480244
1,1,0.982197
1,1,0.9862551
1,1,0.9924515
1,1,0.8334928
1,1,0.9850117
1,1,0.9688298
1,1,0.9299212
1,1,0.9808569
0,1,0.8748459
1,1,0.9526011
1,1,0.98757887
1,1,0.98184705
0,1,0.6846454
1,1,0.9874375
1,1,0.99379987
1,1,0.9447231
1,1,0.95051247
1,1,0.76760966
1,1,0.96824497
1,1,0.9636254
1,1,0.93987197
1,1,0.784278
1,1,0.9496899
1,1,0.8806478
0,1,0.5466985
1,1,0.9909595
1,1,0.98935676
1,1,0.79010797
1,1,0.91349435
1,1,0.9879395
1,1,0.96601135
1,1,0.9599984
1,1,0.71485716
1,1,0.9937433
1,1,0.99229974
1,1,0.9927392
1,1,0.97093946
1,1,0.9909699
1,1,0.9294655
1,1,0.937806
1,1,0.9911308
1,1,0.9372871
1,1,0.9461702
0,1,0.98144054
1,1,0.99023336
1,1,0.9764556
0,1,0.968385
1,1,0.92669564
1,1,0.98404264
1,1,0.58027935
1,1,0.99656343
1,1,0.9241538
1,1,0.99448746
1,1,0.96229917
1,1,0.9716182
1,1,0.9115587
1,1,0.9645276
1,1,0.937749
1,1,0.8976694
1,1,0.9315718
1,1,0.9937393
1,1,0.9752528
1,1,0.9295857
1,1,0.993081
1,1,0.9614172
1,1,0.8147199
1,1,0.9807247
1,1,0.9335874
1,1,0.9835945
1,1,0.9987051
1,1,0.99285305
1,1,0.9789655
1,1,0.9373808
1,1,0.99435925
1,1,0.9618286
1,1,0.9594444
1,1,0.91114944
1,1,0.991371
1,1,0.97794205
1,1,0.9929672
1,1,0.9687622
1,1,0.92394
1,1,0.9850497
1,1,0.9402988
1,1,0.99751264
1,1,0.9982043
1,1,0.99336904
1,1,0.96780556
1,1,0.95863426
1,1,0.86096036
1,1,0.9272704
1,1,0.99117506
1,1,0.9659385
0,1,0.7469785
1,1,0.99111515
1,1,0.93010485
1,1,0.9934877
1,1,0.98934734
1,1,0.88736475
1,1,0.5027933
1,1,0.99829984
1,1,0.9047184
1,1,0.97067946
0,1,0.8861448
1,1,0.99018323
1,1,0.7122255
1,1,0.98877466
1,1,0.94663936
1,1,0.73646086
1,1,0.9965198
1,1,0.6644794
1,1,0.98799884
1,1,0.9384132
1,1,0.8225813
1,1,0.9899534
1,1,0.9927927
1,1,0.924305
1,1,0.9813587
1,1,0.9906118
0,1,0.8386803
1,1,0.97476655
1,1,0.97774684
1,1,0.99215853
1,0,0.48504874
1,1,0.97093195
1,1,0.9833274
1,1,0.9799036
1,1,0.9897018
1,1,0.9367614
1,1,0.7831958
1,1,0.9934173
1,1,0.99540305
1,1,0.72180057
1,1,0.9943385
1,1,0.99256927
1,1,0.9601566
1,1,0.99070674
1,1,0.9293732
1,1,0.9936119
1,1,0.9244999
1,1,0.9893188
1,1,0.9693627
0,1,0.6545946
1,1,0.99371845
0,1,0.9850823
1,1,0.9280005
1,1,0.9968351
1,1,0.9913161
1,1,0.8172641
1,1,0.9580349
1,1,0.99717546
1,1,0.9973802
1,1,0.9923908
1,1,0.9937153
1,1,0.9782125
1,1,0.9724681
1,1,0.99682736
1,1,0.9904512
1,1,0.9844625
1,1,0.992969
1,1,0.80939674
1,1,0.97101194
1,1,0.9513296
1,1,0.9737814
1,1,0.98551834
1,1,0.9999982
1,1,0.98782134
1,1,0.94447553
1,1,0.9883293
1,1,0.99558735
1,1,0.9902936
1,1,0.9570614
1,1,0.9868319
1,1,0.9528055
1,1,0.9919676
1,1,0.9913948
1,1,0.83628863
1,1,0.90751207
1,1,0.78469974
1,1,0.9464841
1,1,0.96170616
1,1,0.97237086
1,1,0.9579159
1,1,0.9074215
1,1,0.90534854
1,1,0.85630417
1,1,0.9795126
1,1,0.9418371
1,1,0.99536604
0,1,0.9682897
0,1,0.9407437
1,1,0.9584835
0,1,0.87825423
1,1,0.981475
1,1,0.93557644
1,1,0.99568707
1,1,0.99441713
1,1,0.9722151
1,1,0.9699148
1,1,0.9596513
1,1,0.70272106
1,1,0.9720413
0,1,0.610915
1,1,0.9750692
1,1,0.9327807
1,1,0.9572343
1,1,0.8230519
1,1,0.8887871
1,1,0.9640029
1,1,0.8847568
1,1,0.9015582
0,1,0.92766064
1,1,0.93497586
1,1,0.96934575
1,1,0.9934768
1,1,0.9897233
1,1,0.99326617
1,1,0.9695889
1,1,0.98152107
1,1,0.91181606
1,1,0.9811067
1,1,0.9974938
1,1,0.9948656
1,1,0.9523932
0,1,0.9914653
1,1,0.985218
1,1,0.9819597
1,1,0.99701416
1,1,0.9916284
1,1,0.93233424
1,1,0.98564893
1,1,0.9922521
0,1,0.5032865
0,1,0.77950215
1,1,0.90601194
1,1,0.9239432
1,1,0.989476
1,1,0.93884134
1,1,0.9377942
1,1,0.8650741
0,1,0.8647723
1,1,0.97007215
1,1,0.9701047
1,1,0.99289805
1,1,0.84623
1,1,0.90993696
1,1,0.9860826
1,1,0.9869356
1,1,0.89866906
1,1,0.85619164
1,1,0.9692148
1,1,0.98980975
1,1,0.9673161
1,1,0.9692051
1,1,0.99462444
1,1,0.98367846
1,1,0.8703391
1,1,0.85783374
1,1,0.9932318
1,1,0.9541101
1,1,0.9981732
1,1,0.9825718
1,1,0.8472894
1,1,0.9941284
1,1,0.9895161
1,1,0.9833274
1,1,0.80186146
1,1,0.53006774
1,1,0.97713035
1,1,0.99300975
1,1,0.9845152
1,1,0.99646175
1,1,0.9935233
1,1,0.97700673
1,1,0.98197913
1,1,0.9949412
1,1,0.9945733
1,1,0.98692083
1,1,0.93728936
1,1,0.97175455
1,1,0.9921233
1,1,0.9855126
1,1,0.99002206
1,1,0.99749696
1,1,0.9943794
1,1,0.96926403
1,1,0.9888875
1,1,0.99873495
1,1,0.99694884
1,1,0.9687179
1,1,0.99641323
1,1,0.9623804
1,1,0.9763279
1,1,0.5709287
1,1,0.93976516
1,1,0.9976459
1,1,0.99387527
1,1,0.94339645
1,1,0.9871569
1,1,0.9639778
1,1,0.9831965
1,1,0.96790844
1,1,0.9805434
1,1,0.9914426
1,1,0.7576766
1,1,0.95192266
1,1,0.99267346
1,1,0.9378272
1,1,0.99785507
0,1,0.6622141
1,1,0.9887485
0,1,0.6496332
0,0,0.40509534
1,1,0.9880671
1,1,0.99359673
1,1,0.9919584
1,1,0.9883785
1,1,0.9893363
1,1,0.9626968
0,1,0.7642888
1,1,0.9058946
1,1,0.9790068
1,1,0.93776685
1,1,0.9453275
1,1,0.98953104
1,1,0.96019834
0,1,0.9936043
1,1,0.9970278
1,1,0.9374016
1,1,0.9852321
1,1,0.98323756
1,1,0.8497805
1,1,0.88099456
1,1,0.94309086
1,1,0.996934
1,1,0.9944666
1,1,0.994153
1,1,0.73327315
1,1,0.9916452
1,1,0.95214653
1,1,0.9871974
1,1,0.96417844
1,1,0.99202675
1,1,0.995937
1,1,0.9883391
1,1,0.9922482
1,1,0.79366857
1,1,0.96025443
1,1,0.9495647
1,1,0.99542594
1,1,0.9969507
1,1,0.99159855
1,1,0.9941228
1,1,0.9403194
1,1,0.98207057
1,1,0.92718107
1,1,0.98287183
1,1,0.9789429
1,1,0.89735997
1,1,0.99328715
1,1,0.99258024
1,1,0.97727376
1,1,0.83464164
1,1,0.99610776
1,1,0.96540415
1,1,0.9840714
1,1,0.8323315
1,1,0.9968248
1,1,0.6191722
1,1,0.9742503
1,1,0.9096513
1,1,0.9923556
1,1,0.99496806
1,1,0.8730615
1,1,0.9968934
1,1,0.959558
1,1,0.9367248
1,1,0.99569726
0,1,0.5630719
1,1,0.9882838
1,1,0.98829764
1,1,0.8237619
1,1,0.98805803
1,1,0.9704779
1,1,0.9873376
1,1,0.9862339
1,1,0.97336626
1,1,0.97423387
0,1,0.5497901
1,1,0.9903661
1,1,0.94285154
1,1,0.98909557
1,1,0.9942976
1,1,0.9866749
1,1,0.98472446
1,1,0.99485636
1,1,0.9567722
1,1,0.9889675
1,1,0.99465925
1,1,0.99699265
1,1,0.9757591
1,1,0.9793909
1,1,0.88680744
1,1,0.98316586
1,1,0.94100416
1,1,0.99384856
1,1,0.511443
1,1,0.9946715
1,1,0.98772347
1,1,0.9899427
1,1,0.9985206
1,1,0.82843554
1,1,0.9876288
1,1,0.99300206
1,1,0.9924964
1,1,0.8767112
1,1,0.9975694
0,1,0.6975295
1,1,0.97263336
1,1,0.988125
0,1,0.9426686
1,1,0.92208004
1,1,0.90967315
1,1,0.96738935
1,1,0.9980318
1,1,0.99428535
1,1,0.9752434
1,1,0.9938732
1,1,0.98352206
1,1,0.9882288
1,1,0.9852339
1,1,0.8926099
1,1,0.9637959
1,1,0.90340865
1,1,0.92512876
1,1,0.98398244
1,1,0.8177976
1,1,0.981476
1,1,0.99150795
1,1,0.9981839
1,1,0.9954473
1,1,0.9801263
1,1,0.94028175
1,1,0.64105093
1,1,0.9900208
1,1,0.98269606
0,1,0.94696164
1,1,0.9853931
1,1,0.9785922
1,1,0.99516916
1,1,0.9921693
1,1,0.99369234
1,1,0.94787663
1,1,0.76555276
1,1,0.9170061
1,1,0.9962158
1,1,0.9887032
1,1,0.69050103
1,1,0.93691033
1,1,0.94784224
1,1,0.99785674
1,1,0.98862326
1,1,0.9957605
1,1,0.9852361
1,1,0.98609114
1,1,0.99634826
0,1,0.90949935
1,1,0.99034303
1,1,0.996478
1,1,0.99639714
1,1,0.9962659
1,1,0.95376176
1,1,0.9770107
1,1,0.9711443
1,1,0.99001306
1,1,0.91938496
1,1,0.96303403
1,1,0.98693687
1,1,0.9836604
1,1,0.97964436
1,1,0.99506396
1,1,0.8982001
1,1,0.9154866
0,1,0.89664906
1,1,0.9161358
1,1,0.9893737
1,1,0.9752938
1,1,0.9134499
1,1,0.9881773
0,1,0.75920063
1,1,0.952509
1,1,0.93200684
1,1,0.93427587
1,1,0.94123995
1,1,0.99611926
1,1,0.99273884
0,1,0.5204615
1,1,0.6078829
1,1,0.99051225
1,1,0.9880432
1,1,0.9885311
1,1,0.9849649
1,1,0.9931488
1,1,0.99554753
1,1,0.9967276
0,1,0.9036722
1,1,0.94136876
1,1,0.9453658
1,1,0.9789433
0,1,0.9746523
0,1,0.9764603
1,1,0.89014155
1,1,0.9621385
1,1,0.8265052
1,1,0.96151644
1,1,0.99551433
1,1,0.9519514
1,1,0.98083395
1,1,0.98529565
1,1,0.93415284
1,1,0.95312023
1,1,0.9410057
1,1,0.9148746
1,1,0.9865442
1,1,0.9827915
1,1,0.98832965
1,1,0.8672129
1,1,0.840638
1,1,0.9938764
1,1,0.9462892
1,1,0.99729043
1,1,0.9909504
1,1,0.9949387
1,1,0.8959505
1,1,0.9515978
1,1,0.97058594
1,1,0.99690056
1,1,0.98894995
0,1,0.79200226
0,1,0.9876504
1,1,0.96311015
1,1,0.9837605
1,1,0.9618835
1,1,0.9774223
1,1,0.9320725
1,1,0.9839563
1,1,0.9913457
1,1,0.99352795
1,1,0.9411182
1,1,0.9502486
1,1,0.98345095
1,1,0.997283
1,1,0.9946391
1,1,0.95351565
1,1,0.9111575
1,1,0.9908641
1,1,0.99250406
0,1,0.9344442
1,1,0.99512434
1,1,0.99627095
1,1,0.7421325
1,1,0.9884848
1,1,0.9694293
1,1,0.9811908
1,1,0.9953078
1,1,0.94859433
1,1,0.9929743
1,1,0.9284852
1,1,0.93566966
1,1,0.9889173
1,1,0.95170426
1,1,0.98447776
1,1,0.99438953
1,1,0.98547924
0,1,0.9878084
1,1,0.69512105
1,1,0.9971892
1,1,0.8707531
0,1,0.9750614
1,1,0.9937516
1,1,0.9464756
1,1,0.974439
1,1,0.9952222
1,1,0.9548771
1,1,0.9794593
1,1,0.9606268
1,1,0.9947048
1,1,0.91307694
1,1,0.994005
1,1,0.97215015
1,1,0.94513047
1,1,0.98919433
1,1,0.9374882
0,0,0.43723646
1,1,0.93161154
1,1,0.9866404
1,1,0.9929297
1,1,0.99121654
1,1,0.9610582
1,1,0.9910287
1,1,0.81858015
1,1,0.97275335
1,1,0.9844649
1,1,0.9545062
1,1,0.99490637
1,1,0.96094763
1,1,0.9804503
1,1,0.9297405
1,1,0.90828305
1,1,0.97882754
1,1,0.9880203
1,1,0.9855648
1,1,0.9948946
0,1,0.9437407
1,1,0.99618936
1,1,0.99003017
1,1,0.92291826
1,1,0.99074346
0,1,0.9798833
1,1,0.9272587
1,1,0.9773952
1,1,0.9898523
1,1,0.75089276
1,1,0.99345475
1,1,0.97992754
1,1,0.9871412
1,1,0.9943568
1,1,0.98574966
1,1,0.9593479
1,1,0.98914075
1,1,0.8923319
1,1,0.9929843
1,1,0.95486224
0,1,0.8859619
1,1,0.96061707
1,1,0.9583485
1,1,0.95852023
1,1,0.9790258
1,1,0.984222
1,1,0.9957732
1,1,0.7922329
1,1,0.9871276
1,1,0.9863366
1,1,0.8869588
1,1,0.99508476
1,1,0.9709721
1,1,0.9244429
1,1,0.97968787
1,1,0.96141535
1,1,0.9223974
1,1,0.981455
1,1,0.99063265
1,1,0.9950937
1,1,0.98932046
0,1,0.9971337
0,1,0.913061
1,1,0.8341997
1,1,0.99329245
1,1,0.9195094
1,1,0.98521376
1,1,0.86811674
1,1,0.9666397
1,1,0.92984873
1,1,0.99427223
1,1,0.8840349
1,1,0.958927
1,1,0.7509353
1,1,0.8970311
1,1,0.9899677
1,1,0.99261343
1,1,0.9846029
1,1,0.9760669
1,1,0.9492565
1,1,0.87112695
1,1,0.86373645
1,1,0.98644334
1,1,0.85688883
1,1,0.9507029
1,1,0.7581214
1,1,0.9318905
1,1,0.99578506
1,1,0.9653494
1,1,0.92764175
1,1,0.9950423
1,1,0.9823406
1,1,0.9939388
1,1,0.9496795
1,1,0.95914537
1,1,0.9830062
1,1,0.99278104
1,1,0.907752
1,1,0.9319961
1,1,0.7362821
1,1,0.98837376
1,1,0.99609816
1,1,0.9496111
1,1,0.98879695
1,1,0.9671833
1,1,0.85338736
1,1,0.95314324
1,1,0.97965693
1,1,0.8570491
1,1,0.99710494
0,1,0.78187335
1,1,0.99341273
1,1,0.9789178
1,1,0.99013203
1,1,0.953256
1,1,0.94148076
1,1,0.9913375
1,1,0.91003716
0,1,0.93628436
1,1,0.93174195
1,1,0.97919947
1,1,0.9401029
1,1,0.88911337
1,1,0.9860226
1,1,0.9366587
1,1,0.9784248
1,1,0.98215187
1,1,0.94501364
1,1,0.99716336
1,1,0.9964187
1,1,0.88201255
1,1,0.98367196
1,1,0.99263537
1,1,0.94198126
1,1,0.9981706
1,1,0.96004903
1,1,0.90669173
1,1,0.9973807
1,1,0.9963029
1,1,0.99447227
0,1,0.9084654
1,1,0.9801681
1,1,0.9391176
1,1,0.9810722
1,1,0.68824464
1,1,0.9941825
1,1,0.99437624
1,1,0.9958484
1,1,0.7046226
1,1,0.8262606
1,1,0.9325983
1,1,0.9890918
1,1,0.9955241
1,1,0.9944301
1,1,0.84242666
1,1,0.89317024
1,1,0.99610907
1,1,0.9444936
1,1,0.98900187
1,1,0.98022574
1,1,0.90248126
1,1,0.93923485
1,1,0.90252155
1,1,0.9924148
0,1,0.7658619
1,1,0.98780084
1,1,0.9396328
1,1,0.9934796
1,1,0.9497948
1,1,0.98112476
0,1,0.8360165
1,1,0.9801538
1,1,0.96964335
1,1,0.98285776
1,1,0.96234214
1,1,0.98522115
1,1,0.98447466
1,1,0.99405575
1,1,0.99400985
1,1,0.98366123
1,1,0.9507714
1,1,0.993846
1,1,0.9794594
0,1,0.73003
1,1,0.95929855
1,1,0.97113657
1,1,0.9924715
1,1,0.96536154
1,1,0.9947715
1,1,0.9729039
1,1,0.8682814
0,1,0.8501418
1,1,0.909783
0,1,0.7061639
1,1,0.97455835
1,1,0.9898044
1,1,0.9969007
1,1,0.9613747
1,1,0.9943113
1,1,0.9593349
0,1,0.8361319
1,1,0.95044667
1,1,0.9959013
1,1,0.97145987
0,1,0.89039195
1,1,0.97454435
1,1,0.95208687
1,1,0.9970582
1,1,0.95370626
1,1,0.92916304
1,1,0.6054056
1,1,0.9729492
1,1,0.9905547
1,1,0.97496676
1,1,0.91999745
1,1,0.9918645
1,1,0.99571204
1,1,0.96694756
1,1,0.9486531
1,1,0.95393944
1,1,0.98872226
1,1,0.9853714
0,1,0.6279479
1,1,0.89549285
1,1,0.95839685
1,1,0.9907012
1,1,0.99152535
1,1,0.9967291
1,1,0.97963923
1,1,0.9932932
1,1,0.9381522
1,1,0.9850539
1,1,0.9654489
1,1,0.91755784
1,1,0.98915493
0,0,0.4555962
1,1,0.99244845
1,1,0.84820765
1,1,0.87468827
1,1,0.94750744
1,1,0.9415399
1,1,0.88355106
0,1,0.8397918
1,1,0.98637277
1,1,0.99727434
1,1,0.9974794
1,1,0.99397564
1,1,0.9948826
1,1,0.9890968
1,1,0.97866505
1,1,0.89018047
1,1,0.948554
1,1,0.74077797
1,1,0.9988679
1,1,0.9962183
1,1,0.98511654
1,1,0.99149996
1,1,0.98926514
1,1,0.99214953
1,1,0.9632371
1,1,0.9931431
1,1,0.95216227
1,1,0.8847673
1,1,0.8887046
1,1,0.93069166
1,1,0.9865619
1,1,0.6534548
1,1,0.83973074
1,1,0.9854018
1,1,0.68313235
1,1,0.99568754
1,1,0.92038155
1,1,0.9895585
1,1,0.99461603
1,1,0.98862004
1,1,0.93386996
1,1,0.9912676
1,1,0.98277247
1,1,0.95300627
1,1,0.9512326
1,1,0.99604386
1,1,0.8012048
1,1,0.9696518
1,1,0.99662256
1,1,0.9615731
1,1,0.9931635
1,1,0.99612737
1,1,0.99439716
1,1,0.9901203
1,1,0.9883955
1,1,0.7750244
1,1,0.9472502
1,1,0.9163408
1,1,0.9891599
0,1,0.9928165
1,1,0.9712543
1,1,0.98137367
1,1,0.99214625
1,1,0.9926055
1,1,0.9923602
1,1,0.97110486
1,1,0.9768024
1,1,0.99095416
1,1,0.9962583
1,1,0.9824729
1,1,0.9857598
1,1,0.9825073
1,1,0.97620034
1,1,0.9803149
1,1,0.99517787
1,1,0.9947013
1,1,0.9917563
0,1,0.5905352
0,1,0.9842989
1,1,0.9834895
1,1,0.99265426
1,1,0.9046628
1,1,0.9880776
1,1,0.9878272
1,1,0.863092
1,1,0.99451137
0,1,0.7883606
1,1,0.86414707
1,1,0.86073697
1,1,0.99275124
1,1,0.991833
0,1,0.6071955
1,1,0.9690025
1,1,0.70809335
1,1,0.91575176
1,1,0.61886245
1,1,0.9815316
1,1,0.98740274
1,1,0.96303844
1,1,0.9906538
1,1,0.961647
1,0,0.4462929
1,1,0.97811544
1,1,0.99346423
1,1,0.99492335
1,1,0.9966206
1,1,0.98490006
1,1,0.99765706
1,1,0.99761486
1,1,0.99359465
1,1,0.9892337
1,1,0.9782736
1,1,0.9730443
1,1,0.99122745
1,1,0.7382428
1,1,0.99404514
1,1,0.9683762
1,1,0.9859811
0,1,0.9339556
0,1,0.7408299
1,1,0.98122686
1,1,0.90031016
1,1,0.9722336
1,1,0.98341495
1,1,0.9833421
1,1,0.95727634
1,1,0.9458631
1,1,0.99315286
1,1,0.9912466
1,1,0.98964995
1,1,0.8514127
1,1,0.94455534
1,1,0.9410818
1,1,0.9195308
1,1,0.9890455
1,1,0.8985645
1,1,0.85873014
1,1,0.95458275
1,1,0.9944649
1,1,0.90123963
1,1,0.99324346
1,1,0.6264552
1,1,0.9903109
1,1,0.9317632
1,1,0.95728123
1,1,0.879564
1,1,0.8675802
1,1,0.99132663
1,1,0.9313663
1,1,0.9817901
1,1,0.95085984
1,1,0.99571615
1,1,0.9945856
0,1,0.9755168
1,1,0.9894808
1,1,0.981326
1,1,0.9963846
1,1,0.99292874
1,1,0.77759904
1,1,0.9769981
1,1,0.98727316
1,1,0.8912048
1,1,0.99705386
1,1,0.9940506
1,1,0.98452777
1,1,0.9197908
1,1,0.92876524
1,1,0.9462905
1,1,0.9385403
1,1,0.9838027
1,1,0.99170643
1,1,0.9910652
1,1,0.7225799
1,1,0.9713786
1,1,0.9282775
1,1,0.9328168
1,1,0.95935875
1,1,0.9922027
1,1,0.9714233
1,1,0.9779666
1,1,0.991814
1,1,0.8967365
1,1,0.9669284
1,1,0.9759846
1,1,0.99170566
1,1,0.9308417
1,1,0.9459063
1,1,0.9847145
1,1,0.83836406
1,1,0.9831097
0,1,0.9733789
1,1,0.8867793
1,1,0.9875977
1,1,0.98949456
1,1,0.99797934
1,1,0.9868173
1,1,0.84973294
1,1,0.9907278
1,1,0.98725665
1,1,0.97637594
1,1,0.9933071
1,1,0.9931412
1,1,0.9005732
1,1,0.9781738
1,1,0.97914445
1,1,0.9971081
1,1,0.9530046
1,1,0.9844091
1,1,0.99574053
1,1,0.98586285
1,1,0.92250687
1,1,0.8916002
1,1,0.9947041
1,1,0.98790455
1,1,0.990497
0,1,0.9756748
1,1,0.994182
1,1,0.9243871
1,1,0.9256401
1,1,0.98988503
1,1,0.92369556
0,1,0.9496993
0,1,0.9132577
1,1,0.9688992
1,1,0.7886407
1,1,0.9949594
1,1,0.95156384
1,1,0.9847449
1,1,0.84681237
1,1,0.9902885
1,1,0.9945936
0,1,0.9826558
1,1,0.99432784
1,1,0.8729771
1,1,0.99413544
1,1,0.9400475
1,1,0.8495663
1,1,0.95489705
1,1,0.9314904
1,1,0.98297423
1,1,0.98209006
1,1,0.71547264
1,1,0.99173826
1,1,0.9846051
0,1,0.6442049
1,1,0.9824874
1,1,0.7089432
1,1,0.99602836
1,1,0.982301
1,1,0.9967234
1,1,0.9610325
1,1,0.9948388
1,1,0.99674577
1,1,0.9344476
1,1,0.75373155
1,1,0.9752864
1,1,0.9859445
1,1,0.95208716
1,1,0.9431966
1,1,0.8410261
1,1,0.9726497
1,1,0.8213911
1,1,0.9947806
1,1,0.9779531
1,1,0.8427964
1,1,0.9751272
1,1,0.9653079
1,1,0.9882561
1,1,0.8931812
1,1,0.99036205
1,1,0.9919072
0,1,0.9976684
1,1,0.9964917
0,1,0.5810681
1,1,0.8580431
1,1,0.9918925
1,1,0.94064033
1,1,0.8408769
1,1,0.53968817
0,1,0.7649536
1,1,0.9861982
1,1,0.9818697
1,1,0.89532304
1,1,0.975672
1,1,0.9609845
1,1,0.9691366
1,1,0.53575236
1,1,0.9935778
1,1,0.88730645
1,1,0.9955393
1,1,0.9107611
1,1,0.9706657
1,1,0.83786327
1,1,0.99475586
1,1,0.8996818
1,1,0.8645289
1,1,0.7976894
1,1,0.98785454
1,1,0.9305056
1,1,0.9608836
1,1,0.98779714
1,1,0.9546837
1,1,0.99784803
1,1,0.8034381
1,1,0.91291475
1,1,0.9516906
0,0,0.3864447
1,1,0.9522098
1,1,0.8388429
1,1,0.9881527
1,1,0.95736486
1,1,0.9953148
1,1,0.93211675
1,1,0.933389
1,1,0.9398938
1,1,0.96587324
1,1,0.9784192
1,1,0.98449636
1,1,0.99377906
1,1,0.9822964
1,1,0.95417655
1,1,0.99603754
1,1,0.9935444
1,1,0.99592423
1,1,0.98665494
1,1,0.96778697
1,1,0.8411802
1,1,0.9456226
1,1,0.99149114
1,1,0.9658076
1,1,0.99333996
1,1,0.84434813
1,1,0.96552414
1,1,0.9912407
1,1,0.9192683
1,1,0.9953545
0,0,0.4319851
1,1,0.9611131
1,1,0.99115306
1,1,0.98559695
1,1,0.99649864
1,1,0.9939533
1,1,0.9904452
1,1,0.9667505
1,1,0.9987366
1,1,0.9840065
1,1,0.99663854
1,1,0.9770723
1,1,0.9917018
1,1,0.9985915
1,1,0.9327823
1,1,0.983952
1,1,0.9430374
1,1,0.9897023
1,1,0.9922129
1,1,0.94004995
1,1,0.9332295
1,1,0.99385524
1,1,0.95969415
1,1,0.9625291
1,1,0.9831418
1,1,0.9216829
1,1,0.9343764
1,1,0.997143
1,1,0.9634749
1,1,0.99562323
1,1,0.9678609
1,1,0.9614919
1,1,0.9799112
1,1,0.9807583
1,1,0.9205
0,1,0.9779431
1,1,0.9388176
1,1,0.997521
1,1,0.9981704
1,1,0.97529113
1,1,0.9728241
1,1,0.9720251
1,1,0.93716186
1,1,0.9889986
1,1,0.9817462
1,1,0.994257
1,1,0.9768719
1,1,0.9949648
1,1,0.9608795
1,1,0.77452916
1,1,0.9963611
1,1,0.96911734
1,1,0.88547903
1,1,0.99767077
1,1,0.9262356
1,1,0.9896375
1,1,0.9886986
1,1,0.97757715
1,1,0.9954482
1,1,0.90096635
1,1,0.9880958
1,1,0.98466897
1,1,0.7432555
1,1,0.97426444
1,1,0.994969
1,1,0.969742
1,1,0.97849035
1,1,0.9953837
1,1,0.9942399
1,1,0.9912118
1,1,0.9940151
1,1,0.96697783
1,1,0.9953811
1,1,0.9822398
1,1,0.8772733
1,1,0.98899
1,1,0.8980526
1,1,0.9529212
1,1,0.99592274
1,1,0.98957616
1,1,0.99043494
1,1,0.9820524
1,1,0.99480134
1,1,0.6219975
1,1,0.9523911
1,1,0.96736085
1,1,0.98132014
1,1,0.89020383
1,1,0.9855084
1,1,0.9249174
1,1,0.99496025
1,1,0.9976399
1,1,0.870389
1,1,0.99745804
1,1,0.9792222
1,1,0.9888495
1,1,0.9975466
1,1,0.89549094
1,1,0.9215305
1,1,0.98577774
1,1,0.9970731
1,1,0.87350744
1,1,0.76169133
1,1,0.8553747
1,1,0.9113467
1,1,0.98862946
1,1,0.9852026
1,1,0.9975113
1,1,0.97582084
1,1,0.9458318
1,1,0.9916063
0,1,0.965802
1,1,0.9773212
1,1,0.902341
1,1,0.9922365
1,1,0.75998646
1,1,0.8805575
1,1,0.9748621
1,1,0.9895334
1,1,0.97542125
1,1,0.9959149
1,1,0.9833465
1,1,0.9845115
1,1,0.9372953
1,1,0.9956219
1,1,0.98757994
1,1,0.99055076
1,1,0.97953635
1,1,0.7128977
0,1,0.8017816
1,1,0.9103301
1,1,0.94189006
1,1,0.94959086
1,1,0.9825402
0,1,0.52897406
1,1,0.9864805
1,1,0.9911796
1,1,0.96923125
1,1,0.75750786
1,1,0.9640285
1,1,0.99441105
1,1,0.99550205
1,1,0.9940094
1,1,0.8925716
1,1,0.9936115
1,1,0.97993773
1,1,0.9964486
1,1,0.84096766
1,1,0.880209
1,1,0.99476504
1,1,0.6900828
1,1,0.95796824
1,1,0.98697454
1,1,0.9978465
0,1,0.8063491
1,1,0.9466574
1,1,0.9914269
1,1,0.9919956
1,1,0.97378033
1,1,0.9960166
1,1,0.82147217
1,1,0.9412872
1,1,0.99745727
1,1,0.9924725
1,1,0.9919173
1,1,0.99129057
1,1,0.9544919
1,1,0.83799726
1,1,0.87492967
1,1,0.98378605
1,1,0.9952377
1,1,0.9963535
1,1,0.9784596
1,1,0.99200517
1,1,0.9212407
1,1,0.9859957
1,1,0.99716663
1,1,0.9907561
1,1,0.92735183
1,1,0.99112743
1,1,0.95203567
1,1,0.95784837
1,1,0.9871978
1,1,0.9849989
1,1,0.99112236
1,1,0.923494
1,1,0.8447176
1,1,0.903109
1,1,0.9211208
1,1,0.97421587
1,1,0.8663101
1,1,0.99336565
1,1,0.9913191
1,1,0.9623961
1,1,0.9640528
1,1,0.992847
1,1,0.96394885
1,1,0.9593816
1,1,0.99141914
1,1,0.99371606
1,1,0.98583114
1,1,0.9639058
1,1,0.95331776
1,1,0.9919616
1,1,0.99575275
0,1,0.9932148
1,1,0.98974425
1,1,0.81501514
1,1,0.9284473
1,1,0.9730107
1,1,0.9843081
1,1,0.9793376
1,1,0.98414534
1,1,0.9971068
1,1,0.9865856
1,1,0.99220467
1,1,0.9175005
0,1,0.8958605
1,1,0.99689096
1,1,0.9929485
1,1,0.7801459
1,1,0.99713284
1,1,0.9969661
1,1,0.93148136
1,1,0.9935271
1,1,0.9976586
1,1,0.9937322
1,1,0.9976265
1,1,0.96842843
1,1,0.9855948
0,1,0.7071959
0,1,0.90900266
1,1,0.9664812
1,1,0.9914393
1,1,0.9933139
1,1,0.81745833
1,1,0.99228346
1,1,0.8830875
1,1,0.982005
1,1,0.9964631
1,1,0.85693854
1,1,0.96797174
1,1,0.96380633
1,1,0.98487985
0,1,0.92535317
1,1,0.9791248
1,1,0.98989236
1,1,0.99016774
1,1,0.9914381
1,1,0.964423
1,1,0.9650087
1,1,0.99274135
1,1,0.52663726
1,1,0.9915438
1,1,0.73990756
1,1,0.99128205
1,1,0.6393229
1,1,0.99747694
1,1,0.9390303
0,1,0.6957463
1,1,0.9420334
1,1,0.90964735
1,1,0.9626516
0,0,0.4304713
1,1,0.92845464
1,1,0.96896595
1,1,0.99802953
1,1,0.99356776
1,1,0.9879338
1,1,0.98760045
1,1,0.9735858
1,1,0.9885389
1,1,0.8900326
1,1,0.9847274
1,1,0.9532704
1,1,0.77511466
1,1,0.9932955
1,1,0.6540513
1,1,0.97718966
0,1,0.8870422
1,1,0.9859528
1,1,0.91136867
1,1,0.98524547
1,1,0.9935151
1,1,0.9853972
1,1,0.95564735
1,1,0.68981004
1,1,0.9925644
1,1,0.9883435
1,1,0.9926813
1,1,0.9013543
1,1,0.9939811
1,1,0.9870105
1,1,0.8875441
1,1,0.9923686
1,1,0.7610193
1,1,0.9898391
0,1,0.90895134
0,1,0.87751514
1,1,0.94054765
1,1,0.9945206
0,1,0.960385
1,1,0.98787135
1,1,0.8490284
1,1,0.9530362
0,1,0.88073146
1,1,0.98474914
1,1,0.9953008
1,1,0.7303059
1,1,0.9083416
1,1,0.974704
1,1,0.9941601
0,1,0.580549
1,1,0.99476594
1,1,0.9586224
1,1,0.98714596
1,1,0.9916627
0,1,0.871722
0,1,0.69542503
1,1,0.88340586
1,1,0.9940424
1,1,0.90021545
1,1,0.99480623
1,1,0.99102473
1,1,0.996636
1,1,0.8933883
1,1,0.93906546
1,1,0.99714744
1,1,0.8882796
1,1,0.98429704
1,1,0.9914394
1,1,0.98578453
1,1,0.99435914
1,1,0.97127235
1,1,0.98982584
1,1,0.97846913
1,1,0.93716395
1,1,0.9980752
0,1,0.9815689
1,1,0.98536944
1,1,0.995875
1,1,0.9964885
0,1,0.51321054
1,1,0.9948394
1,1,0.98743564
1,1,0.9933166
1,1,0.99452025
1,1,0.98997915
1,1,0.95506495
1,1,0.99230963
1,1,0.9632521
1,1,0.97894615
1,1,0.9962828
1,1,0.9823394
1,1,0.89512664
1,1,0.9793394
1,1,0.96706164
1,1,0.9744412
0,1,0.98067373
1,1,0.96597475
1,1,0.9449966
1,1,0.98678744
1,1,0.9733324
1,1,0.9381108
1,1,0.81597334
1,1,0.99692327
1,1,0.88775253
1,1,0.9918658
1,1,0.94701767
1,1,0.9928106
1,1,0.9773949
1,1,0.9470712
1,1,0.99405575
1,1,0.98149467
1,1,0.97943175
1,1,0.9984625
1,1,0.91028774
1,1,0.8970196
1,1,0.9912605
1,1,0.99327046
1,1,0.9730318
1,1,0.99089825
1,1,0.69376063
1,1,0.99459594
1,1,0.99560356
1,1,0.9909971
1,1,0.9899924
1,1,0.98413813
1,1,0.9541556
1,1,0.6483145
1,1,0.9979038
1,1,0.9350631
1,1,0.99156547
1,1,0.82027435
1,1,0.87367153
1,1,0.864351
1,1,0.9790915
1,1,0.99577206
1,1,0.99213976
1,1,0.94574124
1,1,0.92128015
1,1,0.94997686
1,1,0.84377354
1,1,0.9724201
1,1,0.96191335
1,1,0.96053356
1,1,0.97857046
1,1,0.77657145
1,1,0.9896038
1,1,0.99631387
0,1,0.7940121
1,1,0.90019846
1,1,0.94335115
1,1,0.9872148
1,1,0.99565285
1,1,0.97821224
1,1,0.98689413
1,1,0.97956854
1,1,0.9575179
1,1,0.99073
1,1,0.9736145
1,1,0.9924289
1,1,0.86446744
1,1,0.9934085
1,1,0.9815729
1,1,0.98716104
1,1,0.9447514
1,1,0.9975674
1,1,0.9933284
1,1,0.99159855
1,1,0.84072727
1,1,0.9006641
1,1,0.9937102
1,1,0.9888384
1,1,0.98740214
0,1,0.8247612
0,1,0.911267
1,1,0.97517216
1,1,0.99002445
1,1,0.967691
1,1,0.96961135
0,1,0.99825424
1,1,0.99758136
1,1,0.99223393
1,1,0.96160936
1,1,0.98828894
1,1,0.99284476
1,1,0.99340606
1,1,0.8521831
1,1,0.74641293
1,1,0.9873377
1,1,0.9878659
1,1,0.99711215
1,1,0.99153715
1,1,0.9736165
1,1,0.98891073
1,1,0.9602174
1,1,0.9957437
1,1,0.9157709
1,1,0.98850423
1,1,0.92956257
1,1,0.9823455
1,1,0.9692492
1,1,0.9467347
1,1,0.8724278
1,1,0.99587154
0,1,0.86610126
1,1,0.99421114
1,1,0.97775126
1,1,0.9833911
1,1,0.99058175
1,1,0.98609906
1,1,0.92849773
1,1,0.97250634
1,1,0.7734358
1,1,0.9848375
1,1,0.9391321
1,1,0.9919494
1,1,0.98365366
1,1,0.82534534
1,1,0.9930823
1,1,0.9705119
1,1,0.9821324
1,1,0.9900235
1,1,0.97770554
1,1,0.894553
1,1,0.9960927
1,1,0.98849714
1,1,0.9527031
1,1,0.9720873
1,1,0.9925284
1,1,0.9911186
1,1,0.9668869
1,1,0.9929082
0,1,0.94203585
0,1,0.93913484
0,1,0.8561512
1,1,0.9940148
1,1,0.9963782
1,1,0.98504806
1,1,0.823427
1,1,0.83472276
1,1,0.7542099
1,1,0.96077
1,1,0.9787075
0,1,0.5614662
1,1,0.9755535
0,1,0.5866333
1,1,0.9967189
1,1,0.99587524
1,1,0.95679486
0,1,0.98352593
1,1,0.97689044
1,1,0.95456064
1,1,0.9862133
1,1,0.9959076
1,1,0.9965436
1,1,0.6447319
1,1,0.9813951
1,1,0.9893356
1,1,0.9972899
1,1,0.93145967
1,1,0.98051935
1,1,0.99143773
1,1,0.9882533
1,1,0.99360263
1,1,0.98705393
1,1,0.98934096
1,1,0.9926576
1,1,0.91690046
1,1,0.7945735
1,1,0.98724
1,1,0.9140733
1,1,0.9821085
1,1,0.98743314
1,1,0.9923193
0,1,0.7174986
1,1,0.9797296
1,1,0.9376784
1,1,0.910432
1,1,0.9884656
1,1,0.9588318
0,1,0.9138688
1,1,0.99084103
1,1,0.9887518
1,1,0.99351984
1,1,0.98294187
1,1,0.9286736
1,1,0.994322
0,0,0.48952213
1,1,0.9918805
0,1,0.7388818
1,1,0.98893607
1,1,0.9495672
1,1,0.98477393
1,1,0.9962133
1,1,0.9838599
0,1,0.8436954
1,1,0.991317
1,1,0.87157345
1,1,0.98436797
1,1,0.9793785
1,1,0.9760912
1,1,0.9469199
1,1,0.9338654
1,1,0.9934695
1,1,0.9725084
1,1,0.9839965
1,1,0.9431641
1,1,0.9558916
1,1,0.98743844
1,1,0.97852576
1,1,0.9698207
1,1,0.9509749
1,1,0.84078056
1,1,0.6510111
1,1,0.8828928
1,1,0.98518693
1,1,0.97399473
1,1,0.994521
1,1,0.9765251
1,1,0.9071561
1,1,0.91709226
1,1,0.9965214
1,1,0.9889399
1,1,0.7849374
1,1,0.9593755
1,1,0.99676436
0,1,0.87534636
1,1,0.99407434
0,1,0.9792363
1,1,0.90195006
1,1,0.963763
1,1,0.9916065
1,1,0.97981066
1,1,0.99633825
1,1,0.9670176
0,1,0.88898367
1,1,0.8656793
1,1,0.99777764
1,1,0.9510663
1,1,0.90966934
1,1,0.9966451
1,1,0.91217047
1,1,0.907363
1,1,0.5647841
1,1,0.96921563
1,1,0.9563073
1,1,0.84554106
1,1,0.9820556
1,1,0.9978978
1,1,0.9903228
1,1,0.9372586
1,1,0.9923176
1,1,0.95977044
1,1,0.995583
1,1,0.98977786
1,1,0.96708626
1,1,0.90165985
1,1,0.996589
1,1,0.9838431
1,1,0.7781231
1,1,0.8925481
0,1,0.923702
1,1,0.9815898
1,1,0.9759597
1,1,0.9911387
1,1,0.9270808
1,1,0.9950489
1,1,0.9277709
1,1,0.97439325
1,1,0.9757527
1,1,0.9615477
1,1,0.9917263
1,1,0.98640317
1,1,0.9536287
1,1,0.95870036
1,1,0.95696557
1,1,0.9281908
1,1,0.9919951
1,1,0.976692
1,1,0.97236264
1,1,0.9290516
1,1,0.99265313
1,1,0.96652627
1,1,0.9914429
1,1,0.9609256
1,1,0.993766
1,1,0.96225035
1,1,0.85512424
1,1,0.9417111
1,1,0.9947626
1,1,0.99226505
1,1,0.9954151
1,1,0.6869117
1,1,0.99703324
1,1,0.72781974
1,1,0.987367
1,1,0.9392499
1,1,0.78001183
1,1,0.8308133
1,1,0.9915857
1,1,0.9579307
1,1,0.738504
1,1,0.9696185
1,1,0.9929887
1,1,0.88997626
1,1,0.97092605
1,1,0.98250264
1,1,0.9963187
1,1,0.9239216
1,1,0.96147203
1,1,0.91226494
1,1,0.9653267
1,1,0.9969829
0,1,0.91030425
1,1,0.99793667
1,1,0.9622909
1,1,0.98699903
0,1,0.5610308
0,1,0.83222014
1,1,0.99588835
1,1,0.9623914
1,1,0.9935587
1,1,0.9937278
1,1,0.9965207
1,1,0.989231
1,1,0.9902864
1,1,0.98753333
0,1,0.868226
1,1,0.9437245
1,1,0.9856064
1,1,0.9778354
1,1,0.9875314
1,1,0.9814312
1,1,0.98556215
1,1,0.95528245
0,1,0.7771549
1,1,0.9904966
1,1,0.9950096
1,1,0.97946197
1,1,0.9589717
1,1,0.9638588
1,1,0.99560994
1,1,0.99003744
1,1,0.9924491
1,1,0.8335598
1,1,0.99674946
1,1,0.98717093
1,1,0.9797082
1,0,0.44582048
1,1,0.98627615
1,1,0.9850149
1,1,0.9899431
1,1,0.8963291
1,1,0.9885981
1,1,0.99464595
1,1,0.94759464
1,1,0.928116
1,1,0.8197634
1,1,0.9980794
1,1,0.9845955
1,1,0.98440266
1,1,0.8242451
1,1,0.98846143
1,1,0.94163257
1,1,0.99528253
1,1,0.99430484
1,1,0.9910663
1,1,0.9832636
1,1,0.9886742
1,1,0.9963464
1,1,0.84877044
1,1,0.99691325
1,1,0.98466516
1,1,0.98279756
1,1,0.7534257
1,1,0.9887186
1,1,0.9978884
1,1,0.9949572
1,1,0.9946201
1,1,0.9981823
1,1,0.9914628
1,1,0.9855656
1,1,0.91707134
0,1,0.7809415
1,1,0.9894006
1,1,0.94307065
1,1,0.9934062
1,1,0.9907459
1,1,0.9746321
1,1,0.99783194
1,1,0.95526695
1,1,0.99200106
1,1,0.9819698
1,1,0.97158355
1,1,0.88091654
1,1,0.97578454
1,1,0.84843814
1,1,0.89992267
1,1,0.9460822
1,1,0.99505556
1,1,0.8960785
0,1,0.55549115
1,1,0.9901924
1,1,0.65406334
1,1,0.949186
1,1,0.989261
1,1,0.9965015
1,1,0.9904039
1,1,0.9895759
1,1,0.98954993
1,1,0.99533844
1,1,0.9728573
1,1,0.99378985
1,1,0.9937296
1,1,0.9834819
1,1,0.9962417
1,1,0.9408557
1,1,0.9862123
1,1,0.9909338
1,1,0.949954
1,1,0.9933806
0,1,0.6831435
1,1,0.90632594
1,1,0.9872264
1,1,0.9970232
1,1,0.90611196
1,1,0.8170609
0,1,0.7198001
1,1,0.98589563
1,1,0.9979333
1,1,0.7290445
1,1,0.99407065
1,1,0.99596286
1,1,0.95922315
1,1,0.9345294
1,1,0.99171954
1,1,0.85547376
1,1,0.99263877
0,1,0.55718905
1,1,0.977858
1,1,0.9644358
1,1,0.9160742
0,1,0.98444384
1,1,0.97961193
1,1,0.96718705
1,1,0.9903035
1,1,0.9803147
0,1,0.73869294
1,1,0.9549617
1,1,0.97272265
1,1,0.98020136
1,1,0.89449304
1,1,0.99011874
1,1,0.97827035
1,1,0.9742556
1,1,0.9890722
1,1,0.99107176
1,1,0.91307104
1,1,0.9964384
1,1,0.9970293
1,1,0.985605
1,1,0.9894675
1,1,0.8928395
1,1,0.9969498
1,1,0.9696345
1,1,0.9937108
1,1,0.64379984
1,1,0.9860925
0,1,0.9875238
1,1,0.9965655
1,1,0.99139065
1,1,0.9955097
1,1,0.9931496
1,1,0.99028873
1,1,0.9973415
1,1,0.99592185
1,1,0.9950266
1,1,0.9858546
1,1,0.7472066
1,1,0.9500827
1,1,0.9970522
1,1,0.9786887
1,1,0.97780573
1,1,0.9977944
1,1,0.988591
1,1,0.96076095
1,1,0.974761
1,1,0.9604949
1,1,0.95223635
1,1,0.9927696
1,1,0.98554426
1,1,0.99482465
1,1,0.98893684
1,1,0.9768979
1,1,0.99317634
1,1,0.96663976
1,1,0.990919
1,1,0.99387014
1,1,0.9881646
1,1,0.9544051
1,1,0.81259155
1,1,0.98255277
1,1,0.8973313
1,1,0.9985921
1,1,0.9962439
1,1,0.9210194
1,1,0.9987898
1,1,0.95297664
1,1,0.9974416
1,1,0.9854627
1,1,0.96771777
1,1,0.86889505
1,1,0.9426648
1,1,0.99813336
1,1,0.9973666
1,1,0.9879882
1,1,0.9843251
1,1,0.9973454
1,1,0.9952986
1,1,0.90610075
1,1,0.9411433
1,1,0.91306746
1,1,0.9725628
1,1,0.990135
1,1,0.965503
1,1,0.99226683
1,1,0.89762664
1,1,0.99694705
1,1,0.9668302
1,1,0.98990446
0,1,0.7782678
1,1,0.98724777
0,1,0.8157682
1,1,0.782972
1,1,0.9683015
1,1,0.68072057
1,1,0.9757319
1,1,0.99767673
1,1,0.9899706
1,1,0.95711905
1,1,0.9937879
1,1,0.9696909
1,1,0.99684703
1,1,0.9960882
1,1,0.9794687
1,1,0.997312
1,1,0.98297644
0,1,0.9303432
1,1,0.75908715
0,1,0.84771305
1,1,0.84353805
1,1,0.953268
1,1,0.9637464
1,1,0.96329
1,1,0.97269225
0,1,0.9586203
1,1,0.97119904
1,1,0.9888327
1,1,0.90668005
1,1,0.9837817
1,1,0.9359177
1,1,0.53571254
1,1,0.9832018
1,1,0.8261756
1,1,0.8900931
1,1,0.994778
1,1,0.9977759
1,1,0.8944519
1,1,0.9979929
1,1,0.98388195
1,1,0.99657464
1,1,0.99100566
1,1,0.9753824
1,1,0.9726826
1,1,0.9892795
1,1,0.9006523
1,1,0.89868754
1,1,0.8821511
1,1,0.98956895
1,1,0.9848004
1,1,0.9925076
1,1,0.9932773
1,1,0.9916732
1,1,0.8947804
1,1,0.997348
1,1,0.9715076
0,1,0.6656981
1,1,0.9867777
0,1,0.739783
1,1,0.98453814
1,1,0.9126124
1,1,0.963195
1,1,0.9941211
1,1,0.99699295
1,1,0.9909326
1,1,0.9304933
1,1,0.98103637
1,1,0.91356647
1,1,0.96704566
1,1,0.98060894
1,1,0.9904078
1,1,0.98340726
1,1,0.9377335
1,1,0.9913818
1,1,0.9723078
1,1,0.99442136
1,1,0.9549552
1,1,0.9949288
0,1,0.9797116
1,1,0.9152514
1,1,0.93133104
1,1,0.9955877
1,1,0.99041337
1,1,0.9004627
1,1,0.95759386
1,1,0.89736253
1,1,0.97131675
1,1,0.99275917
1,1,0.9827736
1,1,0.9593897
1,1,0.99580777
1,1,0.93178
1,1,0.99851215
1,1,0.9841052
1,1,0.9818161
1,1,0.8680979
1,1,0.9593394
1,1,0.984111
1,1,0.89074874
0,1,0.8535362
1,1,0.9935714
1,1,0.99696535
1,1,0.9313531
1,1,0.9545897
1,1,0.9945691
1,1,0.9394645
1,1,0.9930038
1,1,0.9049185
1,1,0.96219766
1,1,0.98548055
1,1,0.9951274
1,1,0.98476535
1,1,0.9918952
1,1,0.973485
1,1,0.67351156
1,1,0.99468696
1,1,0.9346483
1,1,0.8899415
1,1,0.9853063
1,1,0.72431725
1,1,0.98443407
1,1,0.9877275
1,1,0.9913397
1,1,0.9956027
1,1,0.95817363
1,1,0.6527605
1,1,0.9445042
1,1,0.9676821
1,1,0.9876658
1,1,0.5455765
1,1,0.98971546
1,1,0.9955321
1,1,0.94643646
1,1,0.9664411
1,1,0.9460179
1,1,0.9822354
1,1,0.97657526
1,1,0.99416864
1,1,0.9134222
1,1,0.99420494
1,1,0.9152392
1,1,0.99491197
1,1,0.9830253
1,1,0.9930088
1,1,0.9965639
1,1,0.8710763
1,1,0.99624413
1,1,0.9877006
1,1,0.9618042
1,1,0.9654953
1,1,0.995257
1,1,0.6003675
1,1,0.8753172
1,1,0.9621162
1,1,0.8163197
1,1,0.98970616
1,1,0.994115
1,1,0.9825609
1,1,0.9586815
1,1,0.9950523
1,1,0.96096504
1,1,0.9658463
1,1,0.97795695
1,1,0.8520174
1,1,0.9760946
1,1,0.9246104
1,1,0.94974065
1,1,0.9924339
1,1,0.9978352
1,1,0.99523467
1,1,0.8374769
1,1,0.9819804
1,1,0.98041517
1,1,0.994055
1,1,0.9467281
1,1,0.9968764
1,1,0.996652
1,1,0.98875123
1,1,0.98507184
1,1,0.99106586
1,1,0.9862124
1,1,0.9389194
1,1,0.8742384
1,1,0.98280764
1,1,0.9690039
1,1,0.98998755
1,1,0.99229926
1,1,0.9830896
1,1,0.99008894
1,1,0.995936
1,1,0.9829638
1,1,0.78908485
1,1,0.9676969
1,1,0.88768893
0,1,0.9868869
1,1,0.9947776
1,1,0.98379767
1,1,0.98536974
1,1,0.96631134
1,1,0.9943198
1,1,0.9914886
1,1,0.9903123
1,1,0.9821428
1,1,0.9944964
1,1,0.98576987
1,1,0.9961928
1,1,0.9637379
1,1,0.94131017
1,1,0.9851603
1,1,0.81367725
1,1,0.9639481
1,1,0.9801033
1,1,0.9965047
1,1,0.94820327
1,1,0.90970594
1,1,0.54585516
1,1,0.9954804
1,1,0.97952825
1,1,0.94400775
0,1,0.6553249
1,1,0.990801
0,1,0.9641723
0,0,0.4796339
1,1,0.9829991
1,1,0.99207705
0,1,0.97910476
1,1,0.99766886
1,1,0.98760426
1,1,0.9965289
1,1,0.98183644
1,1,0.9894504
1,1,0.99002
1,1,0.9489263
1,1,0.85214514
1,1,0.98934394
1,1,0.93805015
1,1,0.9055843
1,1,0.98111975
1,1,0.9750242
1,1,0.945056
1,1,0.987521
1,1,0.9875788
1,1,0.9181342
1,1,0.99009603
1,1,0.98467934
1,1,0.9325496
1,1,0.9836276
1,1,0.97016275
1,1,0.9946551
1,1,0.94569564
1,1,0.9956343
1,1,0.715938
1,1,0.90973884
1,1,0.98403
1,1,0.9763235
1,1,0.9929497
1,1,0.9690509
0,0,0.48316428
0,1,0.92183477
1,1,0.87058085
1,1,0.98570865
1,1,0.9811038
1,1,0.9965739
1,1,0.9296361
1,1,0.9490054
1,1,0.98399186
1,1,0.9926317
1,1,0.8837595
1,1,0.94532984
1,1,0.9929225
0,1,0.8541244
1,1,0.9964938
0,1,0.95153606
0,1,0.9362573
1,1,0.9782805
1,1,0.98884743
1,1,0.98809713
1,1,0.9913764
0,1,0.9733652
1,1,0.9884261
1,1,0.97564286
1,1,0.98721814
1,1,0.97936857
1,1,0.9869062
1,1,0.98025113
1,1,0.9935067
1,1,0.97223145
1,1,0.5613304
1,1,0.9497946
1,1,0.9892224
1,1,0.6327188
1,1,0.8881004
0,1,0.8378514
1,1,0.9906096
1,1,0.9372952
1,1,0.98490787
1,1,0.8495878
1,1,0.73565304
1,1,0.9750244
1,1,0.9835121
1,1,0.89856577
1,1,0.96993667
1,1,0.99436635
1,1,0.9870412
1,1,0.9203044
1,1,0.9135425
1,1,0.9916317
1,1,0.98984903
1,1,0.9903559
1,1,0.9685879
1,1,0.96895504
1,1,0.9711308
1,1,0.95376486
1,1,0.99268997
1,1,0.97778785
1,1,0.84922206
1,1,0.996028
1,1,0.93713313
1,1,0.98694
1,1,0.9982991
1,1,0.99543566
1,1,0.9818391
1,1,0.97592777
1,1,0.9817531
1,1,0.99799895
1,1,0.99310935
0,0,0.47169316
1,1,0.9789771
1,1,0.93253505
1,1,0.9870655
1,1,0.96285367
1,1,0.9924424
1,1,0.99238735
1,1,0.64638746
1,1,0.9885567
1,1,0.9816953
1,1,0.9961119
1,1,0.9763358
1,1,0.99074066
1,1,0.99709314
1,1,0.8284853
1,1,0.9980238
1,1,0.91942185
1,1,0.9921025
1,1,0.995979
1,1,0.9930959
1,1,0.98766756
1,1,0.937371
1,1,0.9955582
1,1,0.9724377
1,1,0.9952649
1,1,0.9737039
1,1,0.9866554
1,1,0.9334043
1,1,0.9310278
1,1,0.9962669
1,1,0.9983947
1,1,0.912921
1,1,0.98572683
1,1,0.8877191
1,1,0.99810857
1,1,0.62734544
1,1,0.9927772
1,1,0.9732679
1,1,0.92879117
1,1,0.9716693
1,1,0.9944165
1,1,0.9104229
1,1,0.9246578
1,1,0.9777617
1,1,0.97614217
1,1,0.99501723
1,1,0.9856562
1,1,0.99140507
1,1,0.9967481
1,1,0.9889299
1,1,0.8806606
1,1,0.9873402
1,1,0.97550976
1,1,0.8400222
1,1,0.9444737
1,1,0.9485055
1,1,0.99673104
1,1,0.9953428
1,1,0.99894756
1,1,0.8940054
1,1,0.92879194
0,1,0.9516536
1,1,0.9944565
1,1,0.7607466
1,1,0.98961693
1,1,0.96002144
1,1,0.9642912
1,1,0.79842126
1,1,0.99772954
1,1,0.994086
1,1,0.9759658
1,1,0.9110743
1,1,0.9943639
1,1,0.9093572
1,1,0.9925792
1,1,0.9959782
1,1,0.99768764
0,1,0.5488673
1,1,0.9878076
1,1,0.9799665
1,1,0.9621678
1,1,0.9952322
1,1,0.89108247
1,1,0.9923505
1,1,0.9755358
1,1,0.99597955
1,1,0.7127777
1,1,0.95733994
1,1,0.99510366
1,1,0.97859293
1,1,0.94752485
1,1,0.9839471
1,1,0.99801385
1,1,0.88795817
1,1,0.9765761
0,1,0.5734862
1,1,0.9898689
1,1,0.59227663
1,1,0.9019492
1,1,0.9187817
1,1,0.9556597
0,1,0.94754934
1,1,0.96698624
1,1,0.928596
1,1,0.9820423
1,1,0.9921264
1,1,0.9379356
1,1,0.9927573
1,1,0.9749915
1,1,0.9959206
1,1,0.9941131
1,1,0.9131653
1,1,0.9969202
1,1,0.9892911
1,1,0.98739153
1,1,0.9736013
1,1,0.93314046
1,1,0.9932046
1,1,0.9592466
1,1,0.9858489
1,1,0.9931341
1,1,0.987531
1,1,0.97657347
1,1,0.9875518
0,1,0.6304118
1,1,0.9901661
1,1,0.99599826
1,1,0.9861472
1,1,0.8546834
1,1,0.99354184
1,1,0.94379085
1,1,0.9192217
1,1,0.96664274
1,1,0.9905084
1,1,0.9771441
1,1,0.97242475
1,1,0.99286395
1,1,0.9724062
1,1,0.9033859
1,1,0.9918329
1,1,0.93966687
1,1,0.9809322
1,1,0.86008465
1,1,0.9913312
1,1,0.99073845
1,1,0.9702188
1,1,0.9937668
1,1,0.9767537
1,1,0.9920227
1,1,0.98427206
1,1,0.94404006
1,1,0.93893254
1,1,0.9876321
1,1,0.94031435
1,1,0.9845202
1,1,0.9823792
0,1,0.65451735
1,1,0.9680845
1,1,0.96494895
1,1,0.9486879
1,1,0.9952505
1,1,0.9727295
1,1,0.9868003
1,1,0.9517777
1,1,0.9397068
1,1,0.9765339
1,1,0.9403669
1,1,0.98404807
1,1,0.8139532
1,1,0.9262448
1,1,0.9241126
1,1,0.9738769
1,1,0.96325153
1,1,0.88590604
1,1,0.98810065
1,1,0.99108356
1,1,0.9792456
1,1,0.9873255
1,1,0.9192742
1,1,0.9780721
1,1,0.9750505
1,1,0.97784764
1,1,0.89568067
1,1,0.99183047
1,1,0.9963188
1,1,0.98309463
1,1,0.921124
1,1,0.98139775
1,1,0.80932844
0,0,0.46774632
1,1,0.9912756
1,1,0.92914265
1,1,0.98605317
1,1,0.9603904
1,1,0.9844305
0,1,0.93135536
1,1,0.9863499
1,1,0.98500866
1,1,0.9345972
1,1,0.95153993
1,1,0.9972932
1,1,0.99878126
1,1,0.9396253
1,1,0.93767095
1,1,0.9195308
1,1,0.9863723
1,1,0.9339614
1,1,0.9841239
1,1,0.92738575
0,1,0.9776818
1,1,0.62228507
1,1,0.85397947
1,1,0.9035242
1,1,0.9864435
1,1,0.877389
1,1,0.9117543
1,1,0.98977417
1,1,0.9966802
1,1,0.985763
1,1,0.82055897
1,1,0.9748996
1,1,0.9971459
1,1,0.9983109
1,1,0.9975945
1,1,0.980797
1,1,0.9948393
1,1,0.98645055
1,1,0.99711037
1,1,0.97130406
1,1,0.9501345
1,1,0.9953087
1,1,0.9976574
1,1,0.8041016
1,1,0.99115795
1,1,0.9803827
1,1,0.82352555
1,1,0.9846282
1,1,0.97523606
1,1,0.94794416
1,1,0.99647444
1,1,0.8060231
1,1,0.99796796
1,1,0.98521453
1,1,0.98586553
1,1,0.96375304
1,1,0.9969499
1,1,0.9944183
1,1,0.9629671
1,1,0.99213666
1,1,0.9851922
1,1,0.9331497
1,1,0.9830788
1,1,0.8992678
1,1,0.9789798
1,1,0.97501767
1,1,0.99455994
1,1,0.95652264
1,1,0.99615127
0,1,0.7419488
1,1,0.9827228
1,1,0.99375695
1,1,0.9460413
1,1,0.9066117
1,1,0.9909509
1,1,0.6519262
1,1,0.9558744
1,1,0.97450083
1,1,0.99768114
1,1,0.959931
1,1,0.98969495
1,1,0.924897
1,1,0.98153347
1,1,0.98651457
1,1,0.97732764
1,1,0.9901508
1,1,0.81789863
1,1,0.99593383
0,1,0.6187691
1,1,0.9798608
1,1,0.9913098
1,1,0.92982143
1,1,0.9962982
1,1,0.95811915
1,1,0.94942784
1,1,0.97623014
1,1,0.9147312
1,1,0.9887622
1,1,0.99176407
1,1,0.98878205
1,1,0.99239653
1,1,0.93763405
1,1,0.94632095
1,1,0.99149233
1,1,0.9827302
1,1,0.9923083
1,1,0.9877573
1,1,0.9892416
1,1,0.9919411
1,1,0.90133697
1,1,0.981585
1,1,0.8594718
1,1,0.99337935
1,1,0.9541661
1,1,0.96716464
1,1,0.99691415
1,1,0.98743993
1,1,0.99392384
1,1,0.98895574
1,1,0.9965734
1,1,0.9593714
1,1,0.9151351
1,1,0.9811028
1,1,0.9814159
1,1,0.96795845
1,1,0.9403584
0,0,0.45390162
1,1,0.97550637
1,1,0.85983515
1,1,0.89402634
1,1,0.9552174
1,1,0.9474253
1,1,0.98467
1,1,0.9830924
1,1,0.99055094
1,1,0.9933215
1,1,0.9949941
1,1,0.98597413
1,1,0.9869433
1,1,0.99693716
1,1,0.9766724
1,1,0.993023
1,1,0.983834
1,1,0.9877294
1,1,0.9854383
1,1,0.99657327
1,1,0.99209714
1,1,0.9887246
1,1,0.9587275
1,1,0.968744
1,1,0.9835292
1,1,0.9604656
1,1,0.940829
1,1,0.98207414
1,1,0.9942087
1,1,0.9793184
0,1,0.6555629
0,1,0.7813208
0,1,0.9381901
1,1,0.9882907
1,1,0.99548036
1,1,0.9189668
1,1,0.9772126
1,1,0.96229726
1,1,0.89852935
1,1,0.988087
1,1,0.993451
1,1,0.9870435
1,1,0.9612143
1,1,0.99342936
1,1,0.89510393
1,1,0.98576695
1,1,0.99772877
1,1,0.99626565
1,1,0.9382776
1,1,0.9412506
1,1,0.94178593
1,1,0.9210407
1,1,0.994293
0,1,0.6891702
1,1,0.9878536
1,1,0.9542199
1,1,0.9787182
1,1,0.97790504
1,1,0.98057914
1,1,0.99576724
1,1,0.98609644
1,1,0.97209126
1,1,0.8847705
1,1,0.99395084
1,1,0.7989113
1,1,0.998425
1,1,0.97781664
1,1,0.9927576
1,1,0.9966097
1,1,0.99759865
1,1,0.7686021
1,1,0.97836614
1,1,0.95193905
1,1,0.89632255
1,1,0.94151425
1,1,0.94264233
1,1,0.9977347
1,1,0.90501964
1,1,0.944667
1,1,0.97023535
1,1,0.8581474
1,1,0.9784364
1,1,0.9951922
1,1,0.99543804
1,1,0.9783707
1,1,0.94149834
1,1,0.995669
1,1,0.9951165
1,1,0.98101914
1,1,0.87333196
1,1,0.9459556
1,1,0.9290063
1,1,0.96073407
1,1,0.9970726
1,1,0.98602325
1,1,0.9459919
1,1,0.9643029
1,1,0.9431218
1,1,0.9517366
1,1,0.97310275
1,1,0.7515178
0,1,0.9461566
1,1,0.91288054
1,1,0.893024
1,1,0.9091604
1,1,0.9840722
1,1,0.9058352
0,1,0.7806791
1,1,0.91404283
1,1,0.9833989
1,1,0.6022241
1,1,0.9615952
1,1,0.7820514
1,1,0.94967574
1,1,0.85236895
1,1,0.9918504
1,1,0.9915192
1,1,0.97919303
1,1,0.9936523
1,1,0.9610777
1,1,0.98812354
1,1,0.95079863
1,1,0.9731296
1,1,0.6967728
1,1,0.96433854
1,1,0.9811733
1,1,0.70434374
0,1,0.88391197
1,1,0.99748695
1,1,0.88584596
1,1,0.84146667
1,1,0.9407358
1,1,0.7703734
1,1,0.9952106
1,1,0.7509875
1,1,0.9815369
1,1,0.9893552
1,1,0.98405594
1,1,0.9916498
1,1,0.99416775
1,1,0.9970183
1,1,0.97108495
1,1,0.9801267
1,1,0.9856383
1,1,0.9828755
1,1,0.98956406
1,1,0.87249154
1,1,0.94610536
1,1,0.98863703
1,1,0.9973954
1,1,0.9979579
1,1,0.99495727
1,1,0.9911019
1,1,0.98647356
1,1,0.99073565
1,1,0.99639386
1,1,0.9886017
1,1,0.9471245
1,1,0.9194954
1,1,0.954615
1,1,0.91929483
1,1,0.98049694
1,1,0.9535435
1,1,0.9590244
1,1,0.9384156
1,1,0.98554456
1,1,0.79754686
1,1,0.934946
1,1,0.9977931
1,1,0.9926025
1,1,0.966432
1,1,0.99523604
1,1,0.98196614
1,1,0.9843203
1,1,0.9921148
1,1,0.9805644
1,1,0.6796836
1,1,0.97988963
1,1,0.9830809
1,1,0.80229795
1,1,0.95138115
1,1,0.994122
1,1,0.99530333
1,1,0.971683
1,1,0.9020584
1,1,0.960975
1,1,0.9956257
0,0,0.4960875
0,1,0.89043874
1,1,0.9916603
0,1,0.8672093
1,1,0.9970685
1,1,0.99445146
1,1,0.98991275
1,1,0.98310167
1,1,0.76309144
1,1,0.99392015
1,1,0.9942768
1,1,0.9755163
1,1,0.94138324
1,1,0.9954009
1,1,0.9899886
1,1,0.99542093
1,1,0.9888441
1,1,0.9347871
1,1,0.99549335
0,1,0.9218982
1,1,0.992127
1,1,0.9911269
1,1,0.9909569
1,1,0.93830204
1,1,0.9919874
1,1,0.92326826
1,1,0.979557
1,1,0.63056403
1,1,0.9577365
1,1,0.99541104
1,1,0.97917014
0,1,0.96774477
1,1,0.9710176
1,1,0.9924013
1,1,0.8831311
1,1,0.9817306
1,1,0.9877028
1,1,0.98545504
1,1,0.9481883
1,1,0.9794774
1,1,0.9956784
1,1,0.87483686
1,1,0.85202533
1,1,0.9791853
1,1,0.9934294
1,1,0.97238547
1,1,0.92210454
1,1,0.9461261
1,1,0.5769561
1,1,0.9628689
1,1,0.94894046
1,1,0.92640215
1,1,0.950334
1,1,0.9896363
1,1,0.9406719
0,1,0.95774204
1,1,0.9972397
1,1,0.889748
1,1,0.9604093
1,1,0.9918375
1,1,0.88807267
1,1,0.86339164
1,1,0.8825875
1,1,0.99063826
1,1,0.9897452
1,1,0.749107
1,1,0.95984155
1,1,0.83833987
1,1,0.9902523
1,1,0.85090464
1,1,0.913465
1,1,0.91927266
1,1,0.9585463
1,1,0.91839516
1,1,0.9851125
1,1,0.99661314
1,1,0.9476812
0,1,0.9082313
1,1,0.987679
1,1,0.9179072
0,1,0.9798459
1,1,0.9907327
1,1,0.99192977
1,1,0.96847063
1,1,0.94353205
1,1,0.9885807
1,1,0.9845302
1,1,0.96149176
1,1,0.983456
1,1,0.9779303
1,1,0.9862053
1,1,0.9871869
1,1,0.9937529
1,1,0.9611848
1,1,0.96294135
1,1,0.94782984
0,1,0.93591595
1,1,0.9942997
1,1,0.92579746
1,1,0.94676197
1,1,0.96902555
1,1,0.9242369
1,1,0.9873596
1,1,0.9756909
0,1,0.515388
1,1,0.90501285
1,1,0.94553185
1,1,0.9780553
1,1,0.96402353
1,1,0.95346445
1,1,0.9895438
1,1,0.94967294
1,1,0.99259007
1,1,0.98722434
0,1,0.933047
1,1,0.9452049
0,1,0.926434
1,1,0.9913527
1,1,0.9667806
1,1,0.967756
0,1,0.9923196
1,1,0.9949017
1,1,0.98694575
1,1,0.99567384
0,1,0.7143423
1,1,0.99421537
1,1,0.8893633
0,1,0.59998894
1,1,0.99591994
1,1,0.93857294
1,1,0.9780863
1,1,0.9693369
1,1,0.8711797
1,1,0.8940316
1,1,0.90528
1,1,0.8521436
1,1,0.78749216
1,1,0.9956564
1,1,0.9197178
1,1,0.9937545
1,1,0.98989815
1,1,0.9400751
1,1,0.8818215
1,1,0.97706
1,1,0.97894514
1,1,0.92564857
1,1,0.9854367
1,1,0.9494215
1,1,0.96998745
1,1,0.85330445
1,1,0.985805
1,1,0.8457458
1,1,0.9599416
1,1,0.9774233
1,1,0.87874585
1,1,0.863693
1,1,0.9885299
1,1,0.5966315
1,1,0.9615408
1,1,0.99839306
1,1,0.9742219
1,1,0.950331
1,1,0.98493403
1,1,0.98992896
1,1,0.99391174
1,1,0.9896535
1,1,0.825508
1,1,0.95012945
1,1,0.99172074
1,1,0.9385818
1,1,0.9256075
1,1,0.9706849
1,1,0.98822474
1,1,0.996341
1,1,0.98986393
1,1,0.8718864
1,1,0.99721825
1,1,0.99811435
1,1,0.9829044
1,1,0.96902764
0,1,0.5762545
1,1,0.9869676
0,1,0.70304894
1,1,0.97760516
1,1,0.94576025
1,1,0.9936455
1,1,0.97894025
1,1,0.9918349
1,1,0.9668264
1,1,0.9949095
1,1,0.9654646
1,1,0.9777986
1,1,0.96727335
1,1,0.99786705
0,1,0.6914611
1,1,0.9942616
1,1,0.99349695
0,1,0.862823
1,1,0.9943273
1,1,0.89544576
1,1,0.99535483
1,1,0.9018248
1,1,0.9839675
1,1,0.91062266
1,1,0.90904516
1,1,0.92609465
0,1,0.90044045
1,1,0.9919761
1,1,0.78479636
1,1,0.95286506
1,1,0.9924885
1,1,0.90626055
1,1,0.957267
1,1,0.9234925
0,1,0.96208286
1,1,0.97430366
1,1,0.98389286
1,1,0.99614984
1,1,0.97276896
1,1,0.99169284
1,1,0.9901542
1,1,0.9835591
1,1,0.9825567
1,1,0.9972154
1,1,0.9109161
1,1,0.99181914
1,1,0.98569727
1,1,0.97141093
1,1,0.9619838
1,1,0.87884164
1,1,0.9771039
1,1,0.9925219
1,1,0.9916201
1,1,0.7163917
1,1,0.95631045
1,1,0.8622294
1,1,0.93108904
1,1,0.58196175
1,1,0.99754083
1,1,0.9942311
1,1,0.9963015
1,1,0.9768033
1,1,0.56628567
1,1,0.94124603
0,0,0.32320556
1,1,0.9932801
1,1,0.96127725
0,1,0.5868365
1,1,0.86592096
1,1,0.99742717
1,1,0.94963884
1,1,0.8175718
1,1,0.9892184
1,1,0.8969797
1,1,0.9985969
1,1,0.8986039
1,1,0.9643989
1,1,0.95561993
1,1,0.8539506
1,1,0.99572045
1,1,0.97225964
1,1,0.5558427
1,1,0.97541845
1,1,0.9906292
1,1,0.9645498
1,1,0.9928129
1,1,0.9767002
1,1,0.99255955
1,1,0.9971314
1,1,0.99186605
1,1,0.9895875
1,1,0.8792733
1,1,0.8871198
1,1,0.76624656
1,1,0.93327147
1,1,0.98339915
1,1,0.9959859
1,1,0.9469444
1,1,0.98882294
1,1,0.8900715
1,1,0.9921065
1,1,0.9814531
1,1,0.9949797
1,1,0.78355217
1,1,0.92336655
0,1,0.7000256
1,1,0.9478068
1,1,0.94149274
1,1,0.98368454
1,1,0.8186888
1,1,0.57252544
1,1,0.97525376
1,1,0.987771
1,1,0.99582714
1,1,0.948195
1,1,0.9883504
1,1,0.9849561
1,1,0.9793667
1,1,0.93341196
1,1,0.990132
1,1,0.9946728
1,1,0.9553867
1,1,0.9884973
1,1,0.9976248
1,1,0.9968573
1,1,0.9904908
1,1,0.99307734
0,1,0.9736188
1,1,0.9528677
1,1,0.99082595
1,1,0.98335266
1,1,0.940076
1,1,0.9881758
1,1,0.9346912
1,1,0.9553475
1,1,0.9886726
1,1,0.99797183
1,1,0.97964615
1,1,0.95975846
1,1,0.9945619
1,1,0.9564661
1,1,0.9896946
1,1,0.8893886
1,1,0.9783693
1,1,0.99684805
1,1,0.7782457
1,1,0.95047736
1,1,0.99782723
1,1,0.99109256
1,1,0.982118
1,1,0.98419636
1,1,0.97579926
1,1,0.90690285
1,1,0.94757974
1,1,0.9915253
1,1,0.95765233
1,1,0.7441387
1,1,0.7981621
1,1,0.99608207
1,1,0.97450054
1,1,0.6501598
1,1,0.9008436
1,1,0.84208405
1,1,0.9957155
1,1,0.995378
1,1,0.93517536
1,1,0.8518692
1,1,0.9420726
1,1,0.9785453
1,1,0.9924296
1,1,0.91773415
1,1,0.985769
1,1,0.8140736
1,1,0.9822693
1,1,0.89635944
1,1,0.9940534
1,1,0.9522251
1,1,0.98897904
1,1,0.95246226
1,1,0.9607733
1,1,0.9669415
1,1,0.8987368
1,1,0.54895085
1,1,0.8860915
1,1,0.97830147
1,1,0.95618635
1,1,0.9863877
1,1,0.9865978
1,1,0.991058
1,1,0.98480004
1,1,0.98286647
1,1,0.97515625
1,1,0.9845596
1,1,0.97061527
1,1,0.96018827
1,1,0.9927601
1,1,0.986118
1,1,0.99566025
1,1,0.9839097
1,1,0.842975
1,1,0.9964467
1,1,0.98965836
1,1,0.91932535
1,1,0.9849986
1,1,0.9092889
1,1,0.94758964
1,1,0.99839336
1,1,0.94204134
1,1,0.5644645
1,1,0.9325296
1,1,0.9956325
1,1,0.976082
0,1,0.8282202
1,1,0.9837177
1,1,0.9793077
0,1,0.83055234
1,1,0.9938166
1,1,0.98534614
1,1,0.9582099
1,1,0.99160564
1,1,0.9737322
1,1,0.8577431
1,1,0.9787378
1,1,0.9592639
0,1,0.94321024
1,1,0.9970394
1,1,0.99253124
1,1,0.9886761
1,1,0.9886526
1,1,0.9804718
1,1,0.86509836
1,1,0.977321
1,1,0.95852685
1,1,0.9875739
1,1,0.97219396
1,1,0.9956325
1,1,0.98945194
1,1,0.99471587
1,1,0.8181717
1,1,0.9389763
1,1,0.99616903
1,1,0.9984698
1,1,0.99185735
1,1,0.9907934
1,1,0.9962289
1,1,0.9986793
1,1,0.99355567
1,1,0.98398685
1,1,0.9849564
1,1,0.83808357
1,1,0.97892916
1,1,0.9332831
1,1,0.92951494
1,1,0.9957074
1,1,0.9202382
1,1,0.9854171
1,1,0.9281622
1,1,0.97073656
0,1,0.71111166
1,1,0.99486077
1,1,0.9907314
1,1,0.9402334
1,1,0.9934237
1,1,0.9655347
1,1,0.9922825
1,1,0.986824
1,1,0.9712443
1,1,0.9783659
1,1,0.98517114
1,1,0.98519534
1,1,0.98955
1,1,0.99614525
1,1,0.5377287
1,1,0.78366745
1,1,0.9935971
0,1,0.5376305
1,1,0.9926392
0,1,0.9585422
1,1,0.9801923
1,1,0.9717786
1,1,0.8695581
1,1,0.95785916
1,1,0.9556354
1,1,0.99802476
1,1,0.9678398
1,1,0.93554235
0,1,0.914325
1,1,0.969726
1,1,0.9920873
0,1,0.64678013
1,1,0.996129
1,1,0.99234384
1,1,0.99039745
1,1,0.9883444
1,1,0.99259514
1,1,0.9971521
1,1,0.6816992
1,1,0.9515303
1,1,0.9918484
1,1,0.98896563
1,1,0.9656758
1,1,0.9844198
1,1,0.9974844
1,1,0.91956854
1,1,0.9973736
1,1,0.9905197
1,1,0.6256779
1,1,0.99111974
1,1,0.98622847
1,1,0.9974268
1,1,0.98597246
1,1,0.9643265
1,1,0.99206424
1,1,0.9649811
1,1,0.99273413
1,1,0.9941928
1,1,0.97173864
1,1,0.9589521
1,1,0.956112
1,1,0.99389946
1,1,0.9748402
1,1,0.9219856
1,1,0.99584013
1,1,0.9961599
1,1,0.99580663
1,1,0.98570246
1,1,0.97145593
1,1,0.99500155
1,1,0.92074245
1,1,0.97033894
1,1,0.9973504
1,1,0.99411887
1,1,0.99163216
1,1,0.9951556
1,1,0.9605879
1,1,0.9541361
1,1,0.9793427
1,1,0.99693066
1,1,0.99414104
1,1,0.96661454
1,1,0.9939114
1,1,0.98745257
1,1,0.9893683
1,1,0.97160137
1,1,0.8730482
1,1,0.9878601
1,1,0.96271235
1,1,0.9658454
1,1,0.81152606
1,1,0.9682287
1,1,0.98273605
1,1,0.9787011
1,1,0.9831988
1,1,0.9651947
1,1,0.98860735
1,1,0.6998294
1,1,0.9663158
1,1,0.993959
1,1,0.98613197
1,1,0.9714272
1,1,0.98817194
1,1,0.9882153
0,1,0.930332
1,1,0.9905531
1,1,0.9899345
1,1,0.9502621
1,1,0.98816895
1,1,0.9616264
1,1,0.94930464
1,1,0.9044472
1,1,0.9968669
1,1,0.9933208
1,1,0.87683696
1,1,0.9918954
1,1,0.99013484
1,1,0.98929703
1,1,0.99681085
1,1,0.93324023
1,1,0.9704798
1,1,0.9929249
1,1,0.97524476
1,1,0.99602205
1,1,0.98942465
1,1,0.9899587
1,1,0.9968998
1,1,0.8628596
1,1,0.9400244
1,1,0.9469963
1,1,0.9940386
1,1,0.90597403
1,1,0.9665937
1,1,0.9000824
1,1,0.89187574
1,1,0.96502185
1,1,0.92313
1,1,0.76406974
1,1,0.9795667
1,1,0.987346
1,1,0.94776654
1,1,0.99259496
1,1,0.98040223
1,1,0.8859418
1,1,0.9975489
0,1,0.7607623
1,1,0.98937625
1,1,0.98121053
1,1,0.96209997
1,1,0.7393733
1,1,0.7794497
1,1,0.9794838
1,1,0.9961484
1,1,0.9904711
1,1,0.9913708
1,1,0.9719481
1,1,0.9966558
1,1,0.99164087
1,1,0.9431798
1,1,0.99429476
1,1,0.919237
0,1,0.62924385
1,1,0.90799797
1,1,0.9448987
1,1,0.9344535
1,1,0.9462513
1,1,0.8004939
1,1,0.96624047
1,1,0.9924299
1,1,0.9943336
1,1,0.9951915
1,1,0.97849196
1,1,0.97829026
1,1,0.9669469
1,1,0.9808228
1,1,0.9390511
1,1,0.9985608
1,1,0.7701692
1,1,0.9934111
1,1,0.9924917
1,1,0.9970749
1,1,0.58962905
1,1,0.98266
1,1,0.9281131
0,1,0.6276957
1,1,0.98309547
1,1,0.992313
1,1,0.9509623
1,1,0.9750789
1,1,0.9926462
1,1,0.99188256
1,1,0.99685824
1,1,0.99531317
1,1,0.95498353
1,1,0.8467405
1,1,0.97495556
1,1,0.99649286
1,1,0.92428553
1,1,0.9493583
1,1,0.9753562
1,1,0.93678457
1,1,0.993892
1,1,0.9008927
1,1,0.8953928
1,1,0.991318
1,1,0.7037379
1,1,0.9345415
1,1,0.95870453
1,1,0.9893821
1,1,0.96635914
1,1,0.98847395
0,0,0.49442935
1,1,0.9616338
1,1,0.9935938
1,1,0.95693105
1,1,0.9596194
1,1,0.99561805
1,1,0.9319292
1,1,0.9636171
1,1,0.9932579
1,1,0.9736065
1,1,0.7732861
1,1,0.99118173
1,1,0.9956644
1,1,0.99317014
1,1,0.99484974
1,1,0.99363565
1,1,0.99425685
1,1,0.8987269
1,1,0.977127
1,1,0.9944875
1,1,0.88859797
1,1,0.9951123
1,1,0.965786
1,1,0.9962985
1,1,0.9937635
1,1,0.8975861
1,1,0.99326044
1,1,0.9924399
1,1,0.9871005
1,1,0.98962116
1,1,0.9734052
1,1,0.98407406
1,1,0.96452904
1,1,0.99799573
1,1,0.9939799
1,1,0.71585065
1,1,0.97708726
1,1,0.9907188
1,1,0.9925907
1,1,0.98352635
1,1,0.9928634
1,1,0.9907714
1,1,0.9366001
1,1,0.9786446
1,1,0.9931145
1,1,0.992038
1,1,0.9534151
1,1,0.9917486
1,1,0.86141306
1,1,0.9899702
1,1,0.94219077
1,1,0.9947495
1,1,0.85281634
1,1,0.9903346
1,1,0.9977134
1,1,0.9298319
1,1,0.9879009
1,1,0.59643763
1,1,0.5376794
1,1,0.9919179
1,1,0.59660393
1,1,0.8881784
0,0,0.43425807
0,1,0.9668805
1,1,0.98021775
1,1,0.9922319
1,1,0.9932783
1,1,0.9615934
1,1,0.9273328
1,1,0.95293033
1,1,0.99691254
1,1,0.9926357
1,1,0.98215914
1,1,0.97251433
1,1,0.96199995
0,1,0.93497944
1,1,0.92403525
1,1,0.9959121
1,1,0.9937579
1,1,0.8969275
1,1,0.90861475
1,1,0.994848
1,1,0.9948911
1,1,0.9759882
1,1,0.97673225
1,1,0.9944648
1,1,0.9961836
1,1,0.982889
1,1,0.99191064
1,1,0.99298584
1,1,0.9880481
1,1,0.9867951
1,1,0.9765816
0,1,0.76192516
1,1,0.98620373
1,1,0.8570597
1,1,0.7666209
1,1,0.98913753
1,1,0.9019126
1,1,0.98466086
1,1,0.9921945
1,1,0.99623305
1,1,0.9727975
1,1,0.91766846
1,1,0.84887534
1,1,0.97642094
1,1,0.9883334
1,1,0.69286096
1,1,0.99246097
1,1,0.9840705
1,1,0.91717446
1,1,0.9410808
1,1,0.99131113
1,1,0.98911667
0,1,0.9902063
1,1,0.94849396
1,1,0.8249624
1,1,0.99645513
1,1,0.961998
0,1,0.5456382
1,1,0.9614803
1,1,0.8807596
1,1,0.99340045
1,1,0.9792477
1,1,0.9856976
1,1,0.76187354
1,1,0.94613785
1,0,0.46256468
1,1,0.97023994
1,1,0.9875288
1,1,0.9919899
1,1,0.86804444
1,1,0.9906841
1,1,0.92994666
1,1,0.9960792
1,1,0.9246108
1,1,0.92936337
1,1,0.9904376
0,1,0.88462305
0,1,0.9432712
1,1,0.7500701
1,1,0.9943396
1,1,0.93559694
1,1,0.91495514
1,1,0.99596906
1,1,0.9190287
1,1,0.92388123
0,1,0.8624618
1,1,0.9973337
1,1,0.9319321
1,1,0.9672803
1,1,0.96718657
1,1,0.9570411
1,1,0.8966015
1,1,0.9829284
1,0,0.45951536
1,1,0.9976303
1,1,0.9878301
1,1,0.86761385
1,1,0.9578761
1,1,0.9208503
1,1,0.9936692
1,0,0.47093832
1,1,0.99098694
0,1,0.9029602
1,1,0.9915871
1,1,0.7295774
1,1,0.960917
1,1,0.9329361
1,1,0.9820355
1,1,0.9883155
1,1,0.93800235
1,1,0.97438484
1,1,0.8499242
1,1,0.99624884
1,1,0.9924357
1,1,0.9907144
1,1,0.950759
1,1,0.9874159
1,1,0.9922927
1,1,0.99414456
1,1,0.96785784
1,1,0.9943526
1,1,0.9979583
1,1,0.9646892
1,1,0.9493013
0,1,0.71519035
1,1,0.9904913
1,1,0.882992
1,1,0.9429261
1,1,0.98124015
1,1,0.9801181
1,1,0.9729129
0,1,0.90498745
1,1,0.9964327
0,1,0.98556805
1,1,0.9948665
1,1,0.98940086
1,1,0.90395343
1,1,0.99555415
1,1,0.8671805
1,1,0.9948019
1,1,0.9868613
1,1,0.91373616
1,1,0.9735167
1,1,0.97175664
1,1,0.9365213
0,1,0.6021051
1,1,0.9932528
1,1,0.55522174
1,1,0.9940278
1,1,0.9825264
1,1,0.91186255
1,1,0.8936228
1,1,0.9234843
1,1,0.9927423
1,1,0.96954423
1,1,0.9646774
1,1,0.9917993
0,1,0.5577159
1,1,0.9572872
1,1,0.97369087
1,1,0.9946286
0,1,0.94804215
1,1,0.87070245
1,1,0.8888068
1,1,0.97483736
1,1,0.9841122
1,1,0.7444477
1,1,0.9932182
1,1,0.97531474
1,1,0.9862567
1,1,0.9959003
1,1,0.98803794
1,1,0.98972964
1,1,0.988937
1,1,0.9614118
1,1,0.98608065
1,1,0.7404325
0,1,0.5253762
1,1,0.99412686
1,1,0.99152404
1,1,0.95094264
1,1,0.9864242
1,1,0.95816916
1,1,0.92958385
1,1,0.8958623
1,1,0.97079736
1,1,0.99395835
1,1,0.9747526
1,1,0.884348
0,1,0.677944
1,1,0.93684053
1,1,0.9956987
1,1,0.97653013
1,1,0.9300975
1,1,0.9414288
1,1,0.99216336
1,1,0.9931849
1,1,0.99879843
1,1,0.9500707
1,1,0.98496056
1,1,0.9112908
1,1,0.9803342
1,1,0.9965953
1,1,0.9896028
1,1,0.9753326
1,1,0.9862855
1,1,0.9608115
1,1,0.98677576
1,1,0.9877265
1,1,0.9943458
1,1,0.9890545
1,1,0.9936872
1,1,0.95862406
1,1,0.905392
1,1,0.98247963
1,1,0.9853175
1,1,0.93161464
1,1,0.9906927
1,1,0.9877431
1,1,0.99845135
1,1,0.82253104
1,1,0.91895634
1,1,0.9545448
1,1,0.9892862
0,1,0.75531507
1,1,0.9796813
1,1,0.9128236
1,1,0.99343
1,1,0.99069506
1,1,0.9806021
1,1,0.98830354
1,1,0.96965194
1,1,0.9300109
1,1,0.98952824
1,1,0.9245711
1,1,0.9353549
1,1,0.9929716
1,1,0.9655507
1,1,0.997074
1,1,0.9982423
1,1,0.9020382
1,1,0.9889073
1,1,0.99506754
1,1,0.95119506
1,1,0.9913915
1,1,0.9955612
1,1,0.98049366
1,1,0.8912696
1,1,0.978289
1,1,0.88799626
1,1,0.9409896
1,1,0.9361206
1,1,0.93054277
1,1,0.98274297
1,1,0.9031961
1,1,0.89740056
0,0,0.46703592
1,1,0.7774716
1,1,0.73315793
1,1,0.8754141
1,1,0.9885242
1,1,0.995913
1,1,0.97526896
1,1,0.98901176
1,1,0.9826595
1,1,0.9765615
1,1,0.71344525
1,1,0.98995966
0,1,0.6046391
1,1,0.9634831
1,1,0.9808789
1,1,0.98882717
0,1,0.6162635
1,1,0.9926786
1,1,0.7722014
1,1,0.9726305
1,1,0.964025
1,1,0.96838313
1,1,0.9947371
1,1,0.994529
1,1,0.8792374
1,1,0.87263167
1,1,0.9978177
1,1,0.75353837
1,1,0.8920962
1,1,0.96027946
0,0,0.44209698
1,1,0.989053
1,1,0.8605819
1,1,0.9926717
1,1,0.90351474
0,1,0.92693925
1,1,0.9677849
1,1,0.9936329
1,1,0.9908563
1,1,0.9926945
1,1,0.9969345
1,1,0.9935622
1,1,0.97645074
1,1,0.9690293
1,1,0.97896045
1,1,0.9964998
0,1,0.88804424
1,1,0.9906905
1,1,0.989967
1,1,0.8565065
1,1,0.7939218
1,1,0.9654185
1,1,0.99186695
1,1,0.9578044
1,1,0.9793143
1,1,0.9550345
1,1,0.958413
1,1,0.976743
1,1,0.9951145
1,1,0.9914923
1,1,0.88281465
1,1,0.72492003
1,1,0.9363827
1,1,0.99565744
1,1,0.96122664
1,1,0.9942218
1,1,0.8592036
1,1,0.9947273
1,1,0.86061645
1,1,0.9911958
1,1,0.98827994
1,1,0.858979
1,1,0.80884993
0,1,0.83999616
1,1,0.99298847
1,1,0.94829166
1,1,0.99539423
1,1,0.9860818
1,1,0.97956926
1,1,0.98947346
1,1,0.98744905
1,1,0.9684028
1,1,0.9746253
1,1,0.9263846
1,1,0.9760085
1,1,0.97980803
1,1,0.99704826
1,1,0.97381085
1,1,0.98854375
1,1,0.92267317
1,1,0.9973477
1,1,0.99533033
1,1,0.9924826
1,1,0.9972618
1,1,0.9263541
1,1,0.9890853
1,1,0.9796132
1,1,0.98605615
1,1,0.8361584
1,1,0.99146736
1,1,0.9978939
0,1,0.94643676
1,1,0.98027545
1,1,0.9843767
0,1,0.8814498
1,1,0.96822053
1,1,0.9912544
0,1,0.90601826
1,1,0.9810296
0,1,0.88879716
1,1,0.9656301
1,1,0.9888368
1,1,0.99500024
1,1,0.81290656
1,1,0.9915435
1,1,0.97355855
1,1,0.9590128
1,1,0.9959168
1,1,0.91018647
1,1,0.95830834
1,1,0.59318066
1,1,0.95951486
1,1,0.95465696
1,1,0.98633796
1,1,0.98575586
1,1,0.9981344
1,1,0.994101
1,1,0.99323225
1,1,0.9781841
1,1,0.9637011
1,1,0.99285215
1,1,0.89744407
1,1,0.9952743
1,1,0.98204637
0,1,0.85169566
1,1,0.99303687
1,1,0.95600194
1,1,0.9682287
1,1,0.9488042
1,1,0.7602261
1,1,0.9928525
1,1,0.94367826
1,1,0.9820983
1,1,0.9883874
1,1,0.9935592
1,1,0.9586627
1,1,0.93370783
0,1,0.95469576
1,1,0.9893597
1,1,0.9884247
1,1,0.9900861
0,1,0.7923859
1,1,0.8811533
1,1,0.9965201
1,1,0.7665296
1,1,0.9955469
1,1,0.9209097
1,1,0.9713575
1,1,0.97978014
1,1,0.96085477
1,1,0.9861341
1,1,0.59148675
0,1,0.8247619
1,1,0.98950726
1,1,0.9372394
1,1,0.993803
1,1,0.99220437
1,1,0.9898962
1,1,0.98502094
1,1,0.9901763
1,1,0.9890875
1,1,0.93309736
1,1,0.9487899
1,1,0.99102706
1,1,0.95692396
1,1,0.9960377
1,1,0.9870811
1,1,0.9938093
1,1,0.78773403
0,1,0.968452
1,1,0.9583532
1,1,0.9373312
1,1,0.8992126
1,1,0.98563784
1,1,0.99527556
1,1,0.723899
1,1,0.9954468
1,1,0.9926443
1,1,0.98941123
0,1,0.6171622
1,1,0.7301057
1,1,0.9658313
1,1,0.902698
1,1,0.99452305
1,1,0.97275466
1,1,0.9850776
1,1,0.98726374
1,1,0.99675226
1,1,0.59802794
1,1,0.68259424
1,1,0.99617094
1,1,0.9679938
1,1,0.9981124
1,1,0.92175114
1,1,0.994759
1,1,0.9945692
1,1,0.9879345
1,1,0.951503
1,1,0.9985944
1,1,0.98787886
0,1,0.93226576
1,1,0.98834425
1,1,0.9843136
0,1,0.67538553
1,1,0.996607
1,1,0.9965468
1,1,0.9960276
1,1,0.97098154
1,1,0.98553663
1,1,0.98569065
1,1,0.99738866
1,1,0.9973617
1,1,0.82222086
1,1,0.9224166
1,1,0.86944467
1,1,0.9954822
1,1,0.9545059
1,1,0.9790369
1,1,0.81501514
1,1,0.99786913
1,1,0.99181944
1,1,0.89400476
1,1,0.9679273
1,1,0.95868987
1,1,0.8437194
1,1,0.87465024
1,1,0.9738103
1,1,0.8192336
1,1,0.88232994
1,1,0.97603834
1,1,0.9742779
1,1,0.9935765
1,1,0.99603486
1,1,0.99321526
1,1,0.97135055
1,1,0.9313555
1,1,0.99250484
1,1,0.90228504
1,1,0.994108
1,1,0.9835235
1,1,0.9854386
1,1,0.83615553
1,1,0.9965904
1,1,0.9934206
1,1,0.9809241
1,1,0.9208992
1,1,0.9582389
1,1,0.9706806
0,1,0.9553218
1,1,0.9921601
1,1,0.996743
1,1,0.9909484
1,1,0.99289256
1,1,0.99834925
1,1,0.9805785
1,1,0.9840861
1,1,0.9849235
1,1,0.99285585
0,1,0.82239467
1,1,0.9902841
1,1,0.9884534
1,1,0.8354275
1,1,0.96456975
1,1,0.9856793
1,1,0.8632751
1,1,0.9888253
1,1,0.9889409
1,1,0.9665679
1,1,0.9878661
1,1,0.9512678
1,1,0.89856154
1,1,0.95360506
1,1,0.9833956
1,1,0.89722586
1,1,0.9933951
0,1,0.66879857
1,1,0.98217386
1,1,0.99625665
1,1,0.96821964
1,1,0.9846745
1,1,0.846082
1,1,0.9874186
1,1,0.97118527
1,1,0.9923064
1,1,0.77952397
1,1,0.9978322
1,1,0.91686535
1,1,0.9472664
1,1,0.95631003
1,1,0.9983423
1,1,0.9865948
1,1,0.93786573
1,1,0.9957555
1,1,0.9338031
1,1,0.9592829
1,1,0.97858167
1,1,0.9578749
1,1,0.95502704
1,1,0.9868704
1,1,0.9723675
1,1,0.9618183
1,1,0.9769932
0,1,0.81990004
1,1,0.95515615
1,1,0.9802971
1,1,0.99737
1,1,0.93783116
1,1,0.98460853
1,1,0.9564533
1,1,0.98970294
1,1,0.96738136
1,1,0.98362964
1,1,0.98877704
1,1,0.99305344
1,1,0.9447674
1,1,0.98135394
1,1,0.9816081
1,1,0.9828898
1,1,0.9329421
1,1,0.9909946
1,1,0.98947126
1,1,0.99310625
1,1,0.91347694
0,1,0.9565552
1,1,0.9975268
1,1,0.97553885
1,1,0.9685894
1,1,0.9759571
1,1,0.95752496
1,1,0.99447453
1,1,0.99793863
1,1,0.9569534
1,1,0.95099187
1,1,0.98558813
1,1,0.99473107
1,1,0.9970338
0,1,0.53013575
1,1,0.9765079
1,1,0.92808527
1,1,0.91051686
1,1,0.97939944
1,1,0.9770729
1,1,0.9943398
1,1,0.99726236
1,1,0.98911136
1,1,0.9920178
1,1,0.9848628
1,1,0.98042786
1,1,0.99585813
1,1,0.9748165
1,1,0.9967772
1,1,0.99758446
1,1,0.98385847
1,1,0.99028575
1,1,0.9359216
1,1,0.99637884
1,1,0.9797095
1,1,0.6634966
1,1,0.995043
1,1,0.98409593
1,1,0.95188236
1,1,0.9809192
1,1,0.9880476
1,1,0.99409115
1,1,0.98639894
1,1,0.9796758
1,1,0.98943377
1,1,0.9961591
1,1,0.9707971
1,1,0.9947077
0,1,0.9468628
1,1,0.98766613
1,1,0.9964279
0,1,0.9685527
1,1,0.97270316
1,1,0.99071825
1,1,0.98862195
1,1,0.7926633
1,1,0.8723064
1,1,0.9940124
0,1,0.9294231
1,1,0.8633352
1,1,0.99753255
1,1,0.99679536
1,1,0.95147145
1,1,0.9935551
1,1,0.8929768
1,1,0.8589974
1,1,0.9689408
1,1,0.9783865
1,1,0.8906516
1,1,0.997455
1,1,0.9657169
1,1,0.9828705
1,1,0.9487545
1,1,0.9868412
1,1,0.9909438
1,1,0.9839245
1,1,0.99510306
1,1,0.9166614
1,1,0.99151677
1,1,0.99432087
1,1,0.9962879
1,1,0.8968136
1,1,0.95012444
1,1,0.9929676
1,1,0.9874977
1,1,0.9691394
1,1,0.987662
1,1,0.9592319
1,1,0.98634064
1,1,0.98112774
1,1,0.9493106
1,1,0.9380424
1,1,0.99435174
1,1,0.9092525
1,1,0.9728883
0,1,0.920989
1,1,0.99497014
1,1,0.98940307
1,1,0.99125046
1,1,0.8747916
1,1,0.9391468
0,1,0.5333098
1,1,0.9935965
1,1,0.8888393
1,1,0.9949054
1,1,0.9244236
1,1,0.9835596
0,1,0.56549245
1,1,0.991108
1,1,0.82302445
0,1,0.97133917
1,1,0.90174425
1,1,0.95536673
1,1,0.8836443
1,1,0.9853858
1,1,0.93239313
0,1,0.86803055
1,1,0.9876403
0,1,0.97411174
1,1,0.9866198
1,1,0.92175287
1,1,0.9756436
1,1,0.9826704
1,1,0.796997
1,1,0.94122136
1,1,0.95666224
1,1,0.91568387
1,1,0.9940131
1,1,0.9392815
1,1,0.99494374
1,1,0.96371496
1,1,0.9293941
1,1,0.94495285
1,1,0.98589844
1,1,0.5568685
1,1,0.99222714
1,1,0.9907751
1,1,0.91957265
1,1,0.8148617
1,1,0.8092965
1,1,0.92762595
1,1,0.6219925
1,1,0.98837966
1,1,0.99339455
1,1,0.9607193
1,1,0.95149493
1,1,0.92982507
1,1,0.99392575
1,1,0.9355958
1,1,0.9846746
1,1,0.9968871
1,1,0.9895675
1,1,0.99244314
1,1,0.8178303
1,1,0.9900545
0,1,0.9201567
1,1,0.97610414
1,1,0.90306073
1,1,0.9474415
1,1,0.93057066
1,1,0.90795887
1,1,0.93809706
1,1,0.9619991
1,1,0.98202056
0,1,0.9733911
1,1,0.99003345
1,1,0.8997392
1,1,0.99789184
1,1,0.7861239
1,1,0.8544038
1,1,0.9972277
1,1,0.9829475
1,1,0.97934896
1,1,0.9899086
1,1,0.9494807
1,1,0.9727028
1,1,0.9933248
1,1,0.97937685
1,1,0.85139495
1,1,0.9710584
1,1,0.9801877
0,1,0.6002788
1,1,0.99115336
1,1,0.9930064
1,1,0.97975034
1,1,0.98294574
1,1,0.98123807
1,1,0.97051436
1,1,0.90984744
1,1,0.85993093
1,1,0.6910575
1,1,0.98331666
1,1,0.69966877
1,1,0.9984874
1,1,0.9871916
1,1,0.9872968
1,1,0.9851231
1,1,0.9869428
1,1,0.98815155
1,1,0.9947204
1,1,0.9947985
1,1,0.98420244
1,1,0.99857134
1,1,0.7681118
1,1,0.93150187
1,1,0.99125457
1,1,0.9868158
1,1,0.98818815
1,1,0.9978175
0,1,0.5603717
1,1,0.97700524
1,1,0.9847597
1,1,0.9984702
1,1,0.9809619
1,1,0.9353579
1,1,0.9787796
1,1,0.98518157
1,1,0.99249434
1,1,0.99864304
0,1,0.8931073
0,1,0.7585716
1,1,0.995705
1,1,0.97832274
1,1,0.9521662
1,1,0.9271167
1,1,0.9919496
1,1,0.9637443
1,1,0.9640297
1,1,0.9965541
1,1,0.98018944
1,1,0.9922912
0,1,0.58115697
1,1,0.64840305
1,1,0.974542
1,1,0.9639047
1,1,0.99596673
1,1,0.9968522
1,1,0.5886825
1,1,0.947384
1,1,0.9381283
1,1,0.84291375
1,1,0.8673568
1,1,0.98075926
1,1,0.84959906
1,1,0.9044499
1,1,0.9748746
1,1,0.9812758
1,1,0.9927242
1,1,0.99313277
1,1,0.99799633
1,1,0.99799085
1,1,0.9762251
1,1,0.99041885
1,1,0.93978417
1,1,0.93086666
1,1,0.5675494
1,1,0.8184646
1,1,0.9829817
1,1,0.95598215
1,1,0.99321467
1,1,0.9826743
1,1,0.78320974
1,1,0.87442935
1,1,0.9894697
1,1,0.9958174
1,1,0.9201908
1,0,0.4811152
1,1,0.8863532
1,1,0.9446308
1,1,0.9973594
1,1,0.98345464
1,1,0.98855394
1,1,0.7980699
1,1,0.94638574
1,1,0.9915813
1,1,0.891956
1,1,0.9801023
1,1,0.97668064
1,1,0.991826
1,1,0.98343647
1,1,0.974969
1,1,0.92062205
1,1,0.996014
1,1,0.9876788
1,1,0.95577914
1,1,0.8541782
0,1,0.91588837
1,1,0.9897092
1,1,0.9329241
1,1,0.93204397
1,1,0.6328763
1,1,0.97163266
1,1,0.9964297
1,1,0.9123032
1,1,0.99329954
1,1,0.9219419
1,1,0.94568044
1,1,0.9661352
1,1,0.9696237
1,1,0.9793018
1,1,0.9084716
1,1,0.94158167
1,1,0.99239504
1,1,0.9878179
1,1,0.97318035
1,1,0.9781835
1,1,0.99400085
0,1,0.9433944
1,1,0.97207385
1,1,0.9701744
1,1,0.9679949
1,1,0.98444617
1,1,0.9125679
1,1,0.9921682
1,1,0.98904765
1,1,0.98904896
1,1,0.97278064
1,1,0.99302405
1,1,0.97260433
1,1,0.99344337
1,1,0.9847966
1,1,0.968159
1,1,0.98975736
1,1,0.99519056
1,1,0.9617803
1,1,0.9917295
1,1,0.6078795
1,1,0.9973206
1,1,0.99463063
1,1,0.99134535
1,1,0.95460653
1,1,0.95472395
1,1,0.9701648
1,1,0.9810831
1,1,0.9203993
1,1,0.92082006
1,1,0.93461007
1,1,0.9785651
1,1,0.962711
1,1,0.9362152
1,1,0.80400383
1,1,0.9955874
1,1,0.9516596
1,1,0.9809644
1,1,0.6647122
1,1,0.99636734
1,1,0.9948335
1,1,0.9478566
1,1,0.9716131
1,1,0.9868946
1,1,0.99133885
1,1,0.9752014
1,1,0.95629764
1,1,0.98013765
1,1,0.99414504
1,1,0.98320925
1,1,0.9236266
1,1,0.9895263
1,1,0.978516
1,1,0.99586314
1,1,0.9761268
0,1,0.96208864
1,1,0.94245815
1,1,0.99203795
1,1,0.85591775
1,1,0.96666455
1,1,0.8993386
1,1,0.95816207
1,1,0.9842897
1,1,0.98493505
1,1,0.9517249
1,1,0.95849836
1,1,0.8388818
1,1,0.9892028
1,1,0.99122167
1,1,0.8526947
1,1,0.8956871
1,1,0.98524976
1,1,0.9719137
1,1,0.97469145
1,1,0.93705887
1,1,0.9974215
1,1,0.8790771
1,1,0.993364
1,1,0.9917345
1,1,0.9434111
1,1,0.9945878
1,1,0.9937409
1,1,0.994276
1,1,0.9672142
1,1,0.99121106
1,1,0.9864917
1,1,0.9971837
1,1,0.9732953
1,1,0.9535426
1,1,0.95972025
1,1,0.9673325
1,1,0.9933751
1,1,0.99510145
1,1,0.9354715
1,1,0.9526658
1,1,0.98782885
1,1,0.99669594
1,1,0.9478821
1,1,0.9317526
1,1,0.9831996
1,1,0.9917207
1,1,0.99696386
1,1,0.99055564
0,1,0.8413307
1,1,0.9909273
1,1,0.985268
1,1,0.8794705
1,1,0.9703107
1,1,0.9781046
1,1,0.98482555
1,1,0.9933038
1,1,0.97706074
1,1,0.93571985
1,1,0.99800104
1,1,0.8936891
1,1,0.9445976
0,1,0.9778533
1,1,0.98258996
1,1,0.95829153
1,1,0.9673725
1,1,0.92179275
1,1,0.99808013
1,1,0.98920697
1,1,0.95974535
1,1,0.9927268
1,1,0.99348444
1,1,0.9755333
1,1,0.9722019
0,1,0.78531426
1,1,0.94140756
1,1,0.9856498
1,1,0.93461704
1,1,0.97365993
1,1,0.9956833
1,1,0.9964016
1,1,0.9912371
1,1,0.9353541
1,1,0.98857033
1,1,0.9918849
1,1,0.9685126
0,1,0.52573174
1,1,0.98406625
1,1,0.9760131
1,1,0.9959003
1,1,0.95306
1,1,0.95232075
1,1,0.9860266
1,1,0.9907923
1,1,0.9902855
1,1,0.95427823
1,1,0.95546097
1,1,0.9910206
0,1,0.9938412
1,1,0.9934341
1,1,0.9436855
1,1,0.9662919
1,1,0.95259935
1,1,0.95381457
1,1,0.98549753
1,1,0.94972384
1,1,0.8043036
1,1,0.9608287
1,1,0.90352154
1,1,0.9855405
1,1,0.9916444
1,1,0.990869
1,1,0.99654424
1,1,0.99007756
1,1,0.9055409
1,1,0.9269422
1,1,0.957057
1,1,0.986047
1,1,0.9531523
1,1,0.9795057
0,1,0.7443312
1,1,0.97981083
1,1,0.9736801
1,1,0.93977755
1,1,0.892307
1,1,0.8926051
1,1,0.99727166
1,1,0.98513997
1,1,0.9909314
1,1,0.9886908
1,1,0.9606001
0,1,0.9805541
1,1,0.96751183
1,1,0.7699746
1,1,0.7490653
1,1,0.9555816
1,1,0.80230033
1,1,0.97488654
1,1,0.9963534
1,1,0.99213153
1,1,0.9725948
1,1,0.98354214
1,1,0.957346
1,1,0.9945312
1,1,0.98906535
1,1,0.9873342
1,1,0.9967436
1,1,0.9579908
1,1,0.9952945
1,1,0.99251926
1,1,0.81057733
1,1,0.9940304
1,1,0.9826354
1,1,0.9897707
1,1,0.9449678
1,1,0.9917899
1,1,0.901903
1,1,0.882571
1,1,0.9734669
1,1,0.8940906
1,1,0.9580499
1,1,0.9936656
1,1,0.98151404
1,1,0.89830846
1,1,0.99475676
1,1,0.983967
1,1,0.9315809
1,1,0.9983904
1,1,0.9931404
1,1,0.9931221
1,1,0.9921475
1,1,0.99812096
1,1,0.99549115
1,1,0.9760177
1,1,0.9939651
1,1,0.99489766
1,1,0.9939839
1,1,0.9973983
1,1,0.7487828
1,1,0.9457151
1,1,0.99748325
1,1,0.99644965
1,1,0.91313165
1,1,0.5566658
1,1,0.99538374
1,1,0.9577979
1,1,0.98495513
1,1,0.96552676
1,1,0.9824442
1,1,0.9293521
1,1,0.9569542
1,1,0.9654623
1,1,0.84849787
1,1,0.9712619
1,1,0.94929564
1,1,0.77321774
1,1,0.9737428
1,1,0.99630135
1,1,0.8894772
1,1,0.9950665
1,1,0.9981833
1,1,0.98957586
0,1,0.66538304
0,1,0.87115663
1,1,0.98630756
1,1,0.9943782
1,1,0.9716418
1,1,0.9920314
1,1,0.98819387
1,1,0.99598867
0,0,0.44790748
1,1,0.99744624
0,1,0.92546904
1,1,0.987358
1,1,0.970513
1,1,0.99717516
1,1,0.948745
1,1,0.995917
1,1,0.97715914
0,1,0.69297075
1,1,0.96804094
1,1,0.9895446
1,1,0.98246896
1,1,0.7803984
1,1,0.9942342
1,1,0.9676187
0,1,0.95958906
1,1,0.7722328
0,1,0.7190391
1,1,0.9688951
1,1,0.98391813
1,1,0.9924631
1,1,0.9784594
1,1,0.99081486
1,1,0.9946488
1,1,0.9197006
1,1,0.9819404
1,1,0.8365401
1,1,0.8791704
1,1,0.76775503
1,1,0.92338717
1,1,0.9971835
1,1,0.92482185
1,1,0.9737202
1,1,0.9877604
1,1,0.9863423
1,1,0.9966197
1,1,0.98078907
1,1,0.96821725
1,1,0.9859476
1,1,0.8973395
1,1,0.8502102
1,1,0.9770346
1,1,0.9966175
1,1,0.9944256
1,1,0.9900676
1,1,0.9254175
1,1,0.9788686
1,1,0.8875691
1,1,0.9721209
1,1,0.9665436
1,1,0.9898649
1,1,0.9797447
1,1,0.9904591
1,1,0.98479754
1,1,0.89553493
1,1,0.9978057
1,1,0.9665071
1,1,0.9212928
1,1,0.8797069
1,1,0.98776937
1,1,0.8850382
1,1,0.9772208
1,1,0.93050003
1,1,0.9790371
1,1,0.9802281
1,1,0.8462786
1,1,0.93472934
1,1,0.98325396
1,1,0.99184304
1,1,0.9900529
1,1,0.8664421
1,1,0.98359346
1,1,0.9851602
1,1,0.969838
1,1,0.8936617
1,1,0.99048877
1,1,0.93272734
1,1,0.78295845
1,1,0.9964945
1,1,0.9578472
1,1,0.9825462
1,1,0.9904958
1,1,0.9978031
1,1,0.99396396
1,1,0.9946065
1,1,0.989932
1,1,0.9372325
1,1,0.9846834
1,1,0.99253726
1,1,0.92307127
1,1,0.9962717
0,1,0.67276627
1,1,0.9805768
1,1,0.719848
1,1,0.97933525
1,1,0.8999344
1,1,0.96891433
1,1,0.9698823
1,1,0.88582504
1,1,0.9774622
1,1,0.9958696
1,1,0.91553795
1,1,0.9414684
1,1,0.8951624
1,1,0.98370564
1,1,0.9318595
1,1,0.9979097
1,1,0.98960555
1,1,0.9003654
1,1,0.99462336
1,1,0.9918497
1,1,0.89030695
1,1,0.9950976
1,1,0.9901305
1,1,0.98663723
0,1,0.9699896
1,1,0.98003644
1,1,0.99414444
1,1,0.98766845
1,1,0.9806403
1,1,0.9556616
1,1,0.98912585
1,1,0.9702684
1,1,0.96122307
1,1,0.99744713
1,1,0.9462595
1,1,0.98245883
0,1,0.89342916
1,1,0.9286631
1,1,0.9794609
1,1,0.89850307
1,1,0.9897568
1,1,0.9780717
1,1,0.9543615
1,1,0.96961087
1,1,0.99731505
1,1,0.90549064
1,1,0.97382486
1,1,0.977098
1,1,0.99778014
1,1,0.9326234
1,1,0.9571908
1,1,0.9261103
1,1,0.9906428
1,1,0.81806535
1,1,0.95442253
1,1,0.9924212
1,1,0.91732323
1,1,0.97529054
1,1,0.9924037
1,1,0.9881341
1,1,0.99746007
1,1,0.9808516
1,1,0.99338686
1,1,0.9939508
1,1,0.9956346
1,1,0.9611793
1,1,0.9925895
1,1,0.96762925
1,1,0.9124476
1,1,0.9892566
1,1,0.9799617
1,1,0.9940203
1,1,0.91795105
1,1,0.98432493
1,1,0.9798862
1,1,0.98613656
1,1,0.9680712
1,1,0.97858894
1,1,0.87487566
1,1,0.98379993
1,1,0.9205456
1,1,0.82971525
1,1,0.9883123
1,1,0.9933306
1,1,0.9925082
1,1,0.9963678
1,1,0.972237
1,1,0.9949962
1,1,0.9873278
1,1,0.99249464
1,1,0.9882885
1,1,0.9932868
1,1,0.9983565
1,1,0.9950218
1,1,0.9903922
1,1,0.797132
1,1,0.99070495
1,1,0.8598082
1,1,0.9787025
1,1,0.93532974
1,1,0.91344696
1,1,0.9153545
1,1,0.98604465
1,1,0.9934823
1,1,0.9898148
1,1,0.9570112
1,1,0.98995376
1,1,0.75822145
1,1,0.9929939
1,1,0.8639688
1,1,0.9915234
1,1,0.86774176
1,1,0.99837285
1,1,0.99797195
1,1,0.85251683
1,1,0.9732213
1,1,0.91071767
1,1,0.9893168
1,1,0.98395663
1,1,0.9896204
1,1,0.99734217
1,1,0.99226534
1,1,0.98707634
1,1,0.89254224
1,1,0.96990913
1,1,0.740363
1,1,0.9861284
1,1,0.98548704
1,1,0.9760216
1,1,0.98641604
0,1,0.625901
1,1,0.8861127
1,1,0.9932185
1,1,0.9980012
1,1,0.9388496
1,1,0.9745266
1,1,0.9473599
1,1,0.92940634
1,1,0.8865315
1,1,0.9216668
1,1,0.8430688
1,1,0.9901974
1,1,0.9532627
1,1,0.9327795
1,1,0.97378963
1,1,0.96562266
1,1,0.96384937
1,1,0.9875647
1,1,0.9662394
1,1,0.9918666
1,1,0.86495346
1,1,0.9955974
1,1,0.58808213
1,1,0.98686236
1,1,0.9840053
1,1,0.9903979
1,1,0.9490735
1,1,0.97828925
1,1,0.9923687
1,1,0.9685881
1,1,0.99651283
1,1,0.98588765
1,1,0.9835817
1,1,0.9280796
1,1,0.94936585
0,1,0.7045902
1,1,0.9838412
1,1,0.99092096
1,1,0.9982495
1,1,0.93366164
1,1,0.6733823
1,1,0.9486521
1,1,0.97588646
1,1,0.9440024
1,1,0.97046983
1,1,0.96402246
1,1,0.98415864
1,1,0.9965125
1,1,0.9824972
1,1,0.96550745
1,1,0.9447517
1,1,0.99187964
1,1,0.9303683
1,1,0.9849159
1,1,0.9765044
1,1,0.9969504
1,1,0.9910783
1,1,0.98746353
1,1,0.99684924
1,1,0.9517735
1,1,0.99741864
0,1,0.5912766
1,1,0.9944072
1,1,0.9965831
1,1,0.95098805
1,1,0.98277164
1,1,0.9495371
1,1,0.88235635
1,1,0.99855185
1,1,0.99610126
1,1,0.9961588
1,1,0.8841589
1,1,0.9207262
0,1,0.5405367
1,1,0.86987287
1,1,0.9886088
1,1,0.9974854
1,1,0.9930722
1,1,0.9875796
1,1,0.92669904
1,1,0.99569535
0,1,0.79772156
1,1,0.9380078
1,1,0.9795204
1,1,0.9745541
1,1,0.9979524
1,1,0.9018652
1,1,0.85697174
1,1,0.9090261
1,1,0.959163
0,1,0.9860603
1,1,0.97018707
1,1,0.9797958
1,1,0.99662316
1,1,0.9823044
1,1,0.92901164
0,1,0.8462733
1,1,0.9553733
1,1,0.98580045
1,1,0.9657434
1,1,0.99577546
1,1,0.9965992
0,1,0.90568465
1,1,0.9973912
1,1,0.86519796
1,1,0.99560004
1,1,0.9926205
1,1,0.9928791
1,1,0.9955934
1,1,0.9829609
1,1,0.99433655
1,1,0.9968528
0,1,0.96938455
0,1,0.881234
1,1,0.94245946
1,1,0.9655468
1,1,0.9968043
1,1,0.9905743
1,1,0.79253185
1,1,0.99492145
1,1,0.9387149
1,1,0.97741646
1,1,0.98885137
1,1,0.98456746
0,1,0.93556696
1,1,0.993084
1,1,0.99016154
1,1,0.8819006
1,1,0.93302065
1,1,0.98476994
0,1,0.55932784
0,1,0.78740996
1,1,0.9881479
1,1,0.99383754
1,1,0.8739822
1,1,0.99620855
1,1,0.9934192
1,1,0.95607764
1,1,0.9827042
1,1,0.9869133
1,1,0.9917957
1,1,0.9871604
0,1,0.9425814
1,1,0.99017656
1,1,0.99557334
1,1,0.91041636
1,1,0.99513936
1,1,0.9915619
1,1,0.9651777
1,1,0.98440355
1,1,0.91487783
1,1,0.98979354
1,1,0.8746855
1,1,0.988221
1,1,0.968325
1,1,0.9636696
1,1,0.9577729
1,1,0.98234224
1,1,0.7993257
1,1,0.9524365
1,1,0.912438
1,1,0.99515367
1,1,0.99610054
1,1,0.9710835
1,1,0.96754146
1,1,0.99639326
1,1,0.9923768
1,1,0.8805046
1,1,0.99612224
1,1,0.9392516
1,1,0.8767127
1,1,0.91186357
1,1,0.937481
0,1,0.9064972
1,1,0.97195566
0,1,0.98193187
1,1,0.9942077
1,1,0.9788276
1,1,0.9214888
1,1,0.64809597
1,1,0.9237757
1,1,0.9853985
1,1,0.9157875
1,1,0.9923355
1,1,0.56988806
1,1,0.9878399
1,1,0.81157136
1,1,0.6384794
1,1,0.9889718
1,1,0.91770995
1,1,0.97930115
1,1,0.9805959
1,1,0.61489177
1,1,0.9975122
1,1,0.9696338
1,1,0.9890734
1,1,0.88767946
1,1,0.9753834
1,1,0.9959996
1,1,0.6701241
1,1,0.9289778
1,1,0.82441163
1,1,0.9926063
1,1,0.95751345
1,1,0.97812843
1,1,0.9974385
1,1,0.9966588
0,1,0.7371828
1,1,0.9975061
1,1,0.97026616
1,1,0.9799973
1,1,0.9958395
1,1,0.9784072
1,1,0.9269594
1,1,0.9894583
1,1,0.98186684
1,1,0.98774433
1,1,0.98419917
1,1,0.94144756
1,1,0.9954943
1,1,0.84944606
1,1,0.9264605
1,1,0.9841007
1,1,0.9220132
1,1,0.891517
1,1,0.9943475
1,1,0.93141574
1,1,0.9952452
1,1,0.98810923
1,1,0.98110574
1,1,0.9898307
1,1,0.9736653
1,1,0.98616666
1,1,0.99744713
1,1,0.9823049
1,1,0.95014995
1,1,0.99510187
0,1,0.9419012
1,1,0.9523002
0,0,0.4733016
1,1,0.9719536
1,1,0.90541035
1,1,0.91441804
1,1,0.99274194
1,1,0.99010056
1,1,0.98535424
1,1,0.9422419
1,1,0.98986346
1,1,0.98117006
1,1,0.9915949
1,1,0.9940101
1,1,0.97697574
1,1,0.99569553
1,1,0.93500555
1,1,0.9828215
1,1,0.58567476
1,1,0.9709024
1,1,0.99439776
1,1,0.9780344
0,1,0.9347434
1,1,0.8988346
1,1,0.9937931
1,1,0.9765185
0,1,0.89024734
1,1,0.8929585
1,1,0.9188517
1,1,0.9914638
1,1,0.9766834
1,1,0.8944387
1,1,0.97414345
1,1,0.9564336
1,1,0.9578154
1,1,0.77337563
1,1,0.9740334
1,1,0.9609308
0,1,0.7667257
1,1,0.98805785
1,1,0.98219293
1,1,0.9849269
1,1,0.9949211
1,1,0.9782911
1,1,0.83450425
1,1,0.9913199
1,1,0.97891444
1,1,0.87084216
1,1,0.995845
1,1,0.9333765
1,1,0.9678951
1,1,0.98857874
1,1,0.92544115
1,1,0.9975718
1,1,0.6353215
1,1,0.98238516
1,1,0.99781895
1,1,0.9678106
1,1,0.8023518
1,1,0.98571634
0,1,0.97914886
1,1,0.97642803
1,1,0.99103504
1,1,0.9172638
1,1,0.95988995
1,1,0.93557835
1,1,0.99435693
1,1,0.92382455
1,1,0.9914117
1,1,0.9902309
0,1,0.646684
1,1,0.954101
1,1,0.92938507
0,1,0.91391337
1,1,0.99188024
1,1,0.98023385
1,1,0.9921676
1,1,0.64954907
1,1,0.994916
1,1,0.9972383
1,1,0.93477666
1,1,0.9893456
1,1,0.9932842
1,1,0.98471713
1,1,0.9963262
1,1,0.9943263
1,1,0.9781419
1,1,0.9881368
1,1,0.986984
1,1,0.9947718
1,1,0.9820585
1,1,0.99451524
1,1,0.97923213
1,1,0.81238216
1,1,0.9890309
1,1,0.99415153
1,1,0.9892807
1,1,0.9724414
1,1,0.7145547
1,1,0.93015814
1,1,0.9865866
1,1,0.93402463
1,1,0.99170166
1,1,0.96192867
1,1,0.9748905
1,1,0.9526683
1,1,0.9869769
1,1,0.98925406
1,1,0.99109936
1,1,0.95307297
1,1,0.9370258
1,1,0.98740953
1,1,0.9868206
1,1,0.9935658
1,1,0.9907011
1,1,0.98857665
1,1,0.98741484
1,1,0.91567075
1,1,0.92806184
1,1,0.9879958
1,1,0.8672306
1,1,0.9401343
1,1,0.9917832
1,1,0.9903824
1,1,0.9350656
1,1,0.9754956
1,1,0.99184805
1,1,0.9914415
0,1,0.92478544
1,1,0.9874035
1,1,0.9856706
1,1,0.9870437
1,1,0.96266246
1,1,0.9942489
1,1,0.98662925
1,1,0.90727377
1,1,0.9857595
1,1,0.9770185
1,1,0.9900573
1,1,0.9457635
1,1,0.9910404
1,1,0.9900731
1,1,0.92825097
1,1,0.9677878
1,1,0.97251785
1,1,0.9432705
1,1,0.95498055
1,1,0.9902817
1,1,0.9851081
1,1,0.9874602
0,1,0.55662346
1,1,0.97851026
1,1,0.98938906
1,1,0.98870075
1,1,0.9796646
1,1,0.97494346
1,1,0.98648363
1,1,0.9929586
1,1,0.57291067
1,1,0.6603288
1,1,0.6789267
1,1,0.6567608
1,1,0.99519056
0,1,0.6333931
1,1,0.85970306
1,1,0.99141324
1,1,0.964751
1,1,0.9406718
1,1,0.8922275
1,1,0.9927594
1,1,0.98469645
0,1,0.8153984
1,1,0.9837495
1,1,0.9967205
1,1,0.9943113
1,1,0.9914735
1,1,0.98897386
1,1,0.98601854
1,1,0.9147777
1,1,0.9384646
1,1,0.98291594
0,1,0.5948026
1,1,0.9886945
1,1,0.9667411
1,1,0.9876623
1,1,0.9180113
1,1,0.98977375
1,1,0.9355672
1,1,0.9391347
1,1,0.99226165
1,1,0.9757705
1,1,0.9804657
1,1,0.9879295
1,1,0.9925542
1,1,0.99076116
1,1,0.99036056
1,1,0.9963447
1,1,0.9952122
0,1,0.86778086
1,1,0.94207495
1,1,0.99579054
1,1,0.9667215
1,1,0.99553007
1,1,0.96141905
1,1,0.95320755
1,1,0.84875184
1,1,0.9056957
1,1,0.62449694
1,1,0.9966073
1,1,0.9980491
1,1,0.9756288
1,1,0.9931744
1,1,0.9941629
1,1,0.97504586
1,1,0.99455494
1,1,0.9958954
1,1,0.9603635
1,1,0.99298966
1,1,0.9621952
1,1,0.95735395
1,1,0.98533154
1,1,0.9879307
1,1,0.94819343
1,1,0.9219907
1,1,0.92304325
1,1,0.96650815
1,1,0.98608255
0,1,0.6577947
1,1,0.9149444
1,1,0.9898164
1,1,0.99011916
1,1,0.9048365
1,1,0.938188
1,1,0.9008558
1,1,0.9631216
1,1,0.8461639
1,1,0.9971562
1,1,0.98138523
1,1,0.98251516
1,1,0.9920072
1,1,0.81332767
1,1,0.9943769
1,1,0.9674219
1,1,0.8277221
1,1,0.99256396
1,1,0.99515206
1,1,0.95492566
1,1,0.988444
1,1,0.8487676
1,1,0.9832013
1,1,0.9711676
1,1,0.93803215
1,1,0.98024553
1,1,0.83736676
1,1,0.9373763
1,1,0.9812272
1,1,0.9981437
1,1,0.99678373
0,1,0.89428806
1,1,0.99622965
1,1,0.97515255
1,1,0.997678
1,1,0.9856923
1,1,0.99160224
1,1,0.9865359
1,1,0.7869286
1,1,0.9664462
1,1,0.99673456
0,1,0.70413065
1,1,0.9378872
1,1,0.9701315
0,1,0.72722477
1,1,0.945465
1,1,0.9892018
1,1,0.9978141
1,1,0.9525506
1,1,0.80111545
1,1,0.95054376
1,1,0.99480546
1,1,0.9585874
1,1,0.93972385
1,1,0.9631578
1,1,0.9984174
1,1,0.99815357
1,1,0.9938969
1,1,0.98789823
0,1,0.967281
1,1,0.84823877
1,1,0.9610382
1,1,0.78759265
1,1,0.99063545
1,1,0.9718811
1,1,0.64890605
1,1,0.9339458
1,1,0.84470516
1,1,0.99520415
1,1,0.992046
1,1,0.78260803
1,1,0.9522575
1,1,0.96269786
1,1,0.99266243
1,1,0.9328216
1,1,0.98142064
1,1,0.99890137
0,1,0.9284836
1,1,0.8954453
1,1,0.91541964
1,1,0.9971884
1,1,0.99107885
1,1,0.9234163
1,1,0.9356271
1,1,0.93514407
1,1,0.8123952
1,1,0.9906276
1,1,0.88748187
1,1,0.97883713
1,1,0.9895642
1,1,0.9903067
1,1,0.9704216
1,1,0.9933103
1,1,0.9525135
1,1,0.9539968
1,1,0.99316525
1,1,0.9442424
1,1,0.5172227
1,1,0.9899988
1,1,0.5808329
1,1,0.9882776
1,1,0.98712724
0,1,0.69507414
1,1,0.9931705
1,1,0.91904205
1,1,0.90927225
1,1,0.9542568
1,1,0.9970315
1,1,0.9857918
1,1,0.9841506
1,1,0.9942089
0,1,0.95138615
1,1,0.7427533
1,1,0.94847465
1,1,0.9911497
1,1,0.9719724
1,1,0.98015517
1,1,0.94195396
1,1,0.99657696
1,1,0.9878639
1,1,0.94716203
1,1,0.94151044
1,1,0.99566466
1,1,0.8879475
1,1,0.9939603
1,1,0.9470575
1,1,0.96414524
1,1,0.9845433
1,1,0.91557664
1,1,0.949418
1,1,0.9977675
1,1,0.95906293
0,1,0.98565584
1,1,0.89329094
0,1,0.5858808
1,1,0.9888155
1,1,0.98817104
1,1,0.9178289
1,1,0.99069685
1,1,0.9538078
1,1,0.7211702
1,1,0.9805579
1,1,0.9677288
1,1,0.9842463
1,1,0.9964158
1,1,0.9864516
1,1,0.9798371
1,1,0.9323087
1,1,0.98932487
1,1,0.9330599
1,1,0.86332124
1,1,0.9869556
1,1,0.95194477
1,1,0.70099014
1,1,0.98812515
1,1,0.93047863
1,1,0.9226064
1,1,0.9727215
1,1,0.9909056
0,0,0.4704541
1,1,0.99303037
1,1,0.99310964
1,1,0.99688464
1,1,0.9801114
1,1,0.9409407
1,1,0.98747116
1,1,0.7962059
1,1,0.9960164
1,1,0.9841188
1,1,0.9851743
1,1,0.9157284
1,1,0.9056391
1,1,0.98677814
1,1,0.99092513
1,1,0.9949768
1,1,0.9905587
1,1,0.9543281
1,1,0.9931206
1,1,0.5657749
1,1,0.9889828
1,1,0.9871495
1,1,0.9979482
1,1,0.9873767
1,1,0.98826426
1,1,0.97948045
1,1,0.93175596
1,1,0.98781025
1,1,0.9959599
1,1,0.9939422
1,1,0.8515524
0,0,0.472547
1,1,0.98400956
1,1,0.9814557
1,1,0.97580516
1,1,0.8497627
1,1,0.9929005
1,1,0.9927784
1,1,0.9809371
1,1,0.9886972
1,1,0.9826195
1,1,0.9618375
1,1,0.88859445
1,1,0.99518955
1,1,0.99262834
1,1,0.9224679
1,1,0.95202863
1,1,0.8051885
1,1,0.99624985
1,1,0.9897639
1,1,0.59867513
1,1,0.98358434
0,1,0.92018926
1,1,0.9956611
1,1,0.9924676
1,1,0.99716187
1,1,0.98087233
1,1,0.9852722
1,1,0.99635965
1,1,0.99076897
1,1,0.9392824
1,1,0.88892436
1,1,0.9942734
1,1,0.9804017
0,1,0.57520664
1,1,0.98704123
1,1,0.97223717
1,1,0.8597373
1,1,0.95139486
1,1,0.91532624
1,1,0.98805356
1,1,0.99016196
1,1,0.94878095
1,1,0.89281064
1,1,0.5718445
1,1,0.9932774
1,1,0.989518
1,1,0.97689444
1,1,0.9815632
1,1,0.98550284
1,1,0.89186305
0,1,0.85842884
1,1,0.9960032
1,1,0.92839426
1,1,0.99640167
1,1,0.9865471
1,1,0.9908674
1,1,0.9682363
1,1,0.98931473
1,1,0.99021375
1,1,0.95803785
1,1,0.99635035
1,1,0.99608827
1,1,0.99106115
1,1,0.9812187
1,1,0.798973
1,1,0.94993967
1,1,0.99006456
1,1,0.97234803
1,1,0.9945704
1,1,0.9870439
1,1,0.80530345
1,1,0.89352477
1,1,0.9850104
1,1,0.66041565
1,1,0.914756
1,1,0.89492965
1,1,0.9920846
1,1,0.9973842
1,1,0.96181166
1,1,0.9901252
1,1,0.9801282
1,1,0.9742307
1,1,0.97950137
1,1,0.9974402
1,1,0.97697884
1,1,0.9132795
1,1,0.9946779
1,1,0.9243976
1,1,0.9826059
1,1,0.96888804
1,1,0.9508128
1,1,0.89228815
1,1,0.9824224
1,1,0.9581718
1,1,0.995241
1,1,0.98954225
1,1,0.9875972
1,1,0.88590246
1,1,0.98663133
1,1,0.8953296
1,1,0.99708736
1,1,0.9826707
1,1,0.9304584
1,1,0.99803704
1,1,0.9312775
1,1,0.98994994
1,1,0.9466094
1,1,0.9931139
1,1,0.9664227
1,1,0.97437197
1,1,0.92651165
1,1,0.9881291
1,1,0.5622163
1,1,0.9814748
1,1,0.994777
1,1,0.9685258
1,1,0.975252
1,1,0.93155915
0,1,0.5996872
1,1,0.8806278
1,1,0.98698354
1,1,0.99633074
1,1,0.97684336
1,1,0.99662817
1,1,0.9916165
1,1,0.9621204
1,1,0.9960657
1,1,0.98965126
1,1,0.99361926
1,1,0.99374014
1,1,0.9757244
1,1,0.9694802
1,1,0.9958652
1,1,0.9975591
1,1,0.9891236
1,1,0.9876061
1,1,0.9930805
1,1,0.98319685
1,1,0.95271
1,1,0.96872616
1,1,0.95195365
1,1,0.9951422
1,1,0.9914316
1,1,0.9539222
1,1,0.97673815
1,1,0.9783708
1,1,0.94975436
1,1,0.98468703
1,1,0.90947056
1,1,0.9764369
1,1,0.9311481
1,1,0.89555997
1,1,0.984697
1,1,0.9886287
1,1,0.98853797
1,1,0.9852756
1,1,0.7571173
1,1,0.99631214
1,1,0.9845647
1,1,0.9296863
1,1,0.94234335
1,1,0.90175825
1,1,0.9965391
1,1,0.98111486
1,1,0.9819616
1,1,0.99568605
0,1,0.9967637
1,1,0.99631995
1,1,0.9888996
1,1,0.9678597
1,1,0.963678
1,1,0.98696476
1,1,0.84573907
1,1,0.9960053
1,1,0.97023314
1,1,0.5354978
1,1,0.9911495
0,1,0.9838207
1,1,0.9921047
1,1,0.9924721
1,1,0.9775713
1,1,0.99027294
1,1,0.99744534
1,1,0.6838167
1,1,0.97817314
1,1,0.99157715
1,1,0.9404407
0,1,0.9519693
1,1,0.99571544
1,1,0.9901359
1,1,0.9871148
1,1,0.98236483
1,1,0.8193311
1,1,0.95919126
1,1,0.97655064
1,1,0.88591504
1,1,0.9670231
1,1,0.9951514
1,1,0.9803861
1,1,0.99135894
0,1,0.9337384
1,1,0.99814045
1,1,0.99152166
1,1,0.99009734
1,1,0.97438025
1,1,0.91810924
1,1,0.98846406
1,1,0.9932406
1,1,0.9854006
1,1,0.9945021
1,1,0.98801994
0,1,0.7515569
1,1,0.95744276
1,1,0.9748282
1,1,0.9812333
1,1,0.9726548
1,1,0.88882756
1,1,0.9345897
1,1,0.9910903
1,1,0.7387917
1,1,0.9915749
1,1,0.8968684
1,1,0.7622053
1,1,0.9783929
1,1,0.79822564
1,1,0.9363428
1,1,0.7936542
1,1,0.988794
1,1,0.8723527
1,1,0.9120007
1,1,0.98711354
1,1,0.99253654
1,1,0.993101
1,1,0.9803294
1,1,0.98919284
1,1,0.9098063
0,1,0.6869377
0,1,0.7399291
0,1,0.9648398
1,1,0.9467339
1,1,0.9901944
1,1,0.98874193
1,1,0.95419633
1,1,0.96385926
1,1,0.9804631
1,1,0.9600646
1,1,0.99530405
1,1,0.9479669
1,1,0.95582867
1,1,0.96655303
1,1,0.9396497
1,1,0.99830526
1,1,0.99643373
1,1,0.99468887
1,1,0.97203845
1,1,0.9974619
1,1,0.98518354
1,1,0.9538692
0,1,0.70358795
1,1,0.9588323
0,1,0.8245057
1,1,0.942038
1,1,0.9335626
1,1,0.8917038
1,1,0.90200716
1,1,0.968622
1,1,0.8766132
1,1,0.98694205
1,1,0.9895005
1,1,0.71018034
1,1,0.95004535
1,1,0.9412029
1,1,0.9924159
1,1,0.9959875
1,1,0.95675045
1,1,0.99259466
1,1,0.8777097
1,1,0.9547552
1,1,0.99159175
1,1,0.98941475
1,1,0.9932213
1,1,0.9278676
1,1,0.98636115
1,1,0.99287254
1,1,0.8346374
1,1,0.97807115
1,1,0.95475405
1,1,0.99487513
1,1,0.98723024
1,1,0.9254666
1,1,0.9876901
1,1,0.94581723
1,1,0.9833861
1,1,0.9676879
1,1,0.9504772
1,1,0.98316324
1,1,0.98687744
1,1,0.99565667
1,1,0.99625224
1,1,0.9652806
1,1,0.97756386
1,1,0.9811887
1,1,0.97736335
1,1,0.99297297
1,1,0.97844344
1,1,0.9815655
1,1,0.9539308
1,1,0.99271965
1,1,0.9916815
0,1,0.7572854
1,1,0.89089197
1,1,0.74916977
1,1,0.99336326
1,1,0.98267615
1,1,0.99736714
1,1,0.9535704
1,1,0.99345535
1,1,0.9571087
1,1,0.69142574
1,1,0.98652446
1,1,0.9537796
1,1,0.9958861
0,1,0.8923037
1,1,0.9727486
1,1,0.99591196
1,1,0.9941317
1,1,0.97399193
1,1,0.8964832
1,1,0.9970448
1,1,0.9752337
1,1,0.9866311
1,1,0.9522737
1,1,0.9785256
1,1,0.9629023
1,1,0.97934455
1,1,0.98457843
1,1,0.9773121
1,1,0.9930924
1,1,0.9231967
1,1,0.98609906
1,1,0.99499977
1,1,0.9870126
1,1,0.97475743
1,1,0.8667345
1,1,0.9455363
1,1,0.89213496
1,1,0.99466664
1,1,0.87300694
1,1,0.96882546
1,1,0.9881328
1,1,0.9910655
1,1,0.9908287
1,1,0.85047245
1,1,0.98707575
1,1,0.9734312
1,1,0.9819219
1,1,0.9970429
1,1,0.96298796
1,1,0.99816257
1,1,0.9981358
1,1,0.97991574
1,1,0.9765678
1,1,0.9886118
1,1,0.98274356
1,1,0.99500024
1,1,0.9905078
1,1,0.89201784
1,1,0.9089209
0,1,0.90529615
1,1,0.8746118
1,1,0.95442975
1,1,0.96736306
1,1,0.99388224
1,1,0.8872771
1,1,0.71151334
1,1,0.99066263
1,1,0.9928551
1,1,0.9894299
1,1,0.98192275
1,1,0.6424068
1,1,0.96105087
1,1,0.99709904
1,1,0.9436152
1,1,0.9859887
1,1,0.95356447
1,1,0.9954997
1,1,0.9621496
1,1,0.9757048
0,1,0.97994703
1,1,0.992631
0,1,0.6828137
1,1,0.98933727
0,0,0.4837812
1,1,0.98709726
1,1,0.9585833
1,1,0.98871136
1,1,0.99326277
1,1,0.94614995
1,1,0.9920052
1,1,0.99809474
0,1,0.85754025
1,1,0.98910415
1,1,0.9250325
1,1,0.8998723
1,1,0.9858572
1,1,0.9960053
1,1,0.9827249
1,1,0.9674777
1,1,0.9846071
1,1,0.96629304
1,1,0.80503017
0,1,0.502954
1,1,0.94772243
1,1,0.9924117
1,1,0.9970006
1,1,0.96164656
1,1,0.9867223
1,1,0.99544334
1,1,0.99306524
0,1,0.8860545
1,1,0.9975023
1,1,0.9906326
1,1,0.9780933
1,1,0.9876944
1,1,0.9371617
1,1,0.9927907
1,1,0.93889827
1,1,0.974854
1,1,0.94035316
1,1,0.963151
1,1,0.9961457
1,1,0.9770762
1,1,0.7573114
1,1,0.969768
1,1,0.9947962
1,1,0.92750037
1,1,0.9907083
1,1,0.9784193
1,1,0.995801
1,1,0.98807645
1,1,0.94104654
0,1,0.91434574
1,1,0.941377
1,1,0.99552304
1,1,0.9884511
1,1,0.90666544
1,1,0.99751395
1,1,0.9260064
1,1,0.98969746
1,1,0.98941785
1,1,0.96429235
1,1,0.98219967
0,1,0.98083603
1,1,0.9307509
0,1,0.5990158
1,1,0.99630046
0,1,0.8485977
1,1,0.98043257
1,1,0.9913653
1,1,0.9409686
1,1,0.9902195
1,1,0.847897
1,1,0.993903
1,1,0.9345454
1,1,0.9901206
1,1,0.9565898
1,1,0.9896708
0,1,0.8452463
1,1,0.9900515
1,1,0.99810195
1,1,0.9797172
1,1,0.9723006
1,1,0.99220365
1,1,0.95069057
1,1,0.975497
1,1,0.99417114
1,1,0.9908232
1,1,0.9762076
1,1,0.99818146
1,1,0.9972003
1,1,0.99424934
1,1,0.98955894
1,1,0.9964937
1,1,0.9742309
1,1,0.9941225
1,1,0.9279702
1,1,0.93874973
1,1,0.90833706
1,1,0.98928124
0,1,0.9158304
1,1,0.983005
1,1,0.99580395
1,1,0.9945486
1,1,0.9899133
1,1,0.99540824
1,1,0.9842852
1,1,0.98873806
1,1,0.99628776
1,1,0.98481447
1,1,0.9980999
1,1,0.9497166
1,1,0.98513067
1,1,0.97886074
1,1,0.9769072
1,1,0.9942158
1,1,0.9825008
1,1,0.95649683
1,1,0.9931972
1,1,0.9713566
0,1,0.8720306
1,1,0.9647837
1,1,0.9901776
1,1,0.9977431
1,1,0.99221754
1,1,0.73985255
1,1,0.8754641
1,1,0.97683686
1,1,0.866939
1,1,0.91265064
1,1,0.9878627
1,1,0.9926366
1,1,0.9814744
0,1,0.8560102
1,1,0.56804824
1,1,0.97422683
1,1,0.9973366
1,1,0.9889112
1,1,0.9316327
1,1,0.9713341
0,1,0.5735844
1,1,0.97932416
1,1,0.996549
1,1,0.9375679
1,1,0.9847754
1,1,0.99733955
1,1,0.9962799
1,1,0.99597543
1,1,0.9898496
1,1,0.97039306
1,1,0.9970061
1,1,0.9900445
1,1,0.9862564
1,1,0.9967954
1,1,0.9932514
1,1,0.9855
1,1,0.9943337
1,1,0.9969049
1,1,0.99758255
0,1,0.6398751
1,1,0.9927932
1,1,0.98970383
1,1,0.99263614
0,1,0.7601072
1,1,0.9859002
1,1,0.98638463
1,1,0.96519595
0,1,0.7348463
1,1,0.96233743
1,1,0.96929294
0,1,0.8457978
1,1,0.9062085
1,1,0.969622
1,1,0.995733
1,1,0.9951358
1,1,0.9783418
1,1,0.8810328
1,1,0.9961074
1,1,0.97769225
1,1,0.9880261
1,1,0.97034687
1,1,0.99779433
1,1,0.97391236
1,1,0.93832433
1,1,0.9427607
1,1,0.96991944
1,1,0.94648415
1,1,0.9618748
0,1,0.95697236
0,1,0.9370788
1,1,0.9837344
1,1,0.99492216
1,1,0.9922536
1,1,0.91150326
1,1,0.91204554
0,0,0.4532881
1,1,0.939258
1,1,0.94798166
1,1,0.76112217
1,1,0.98293966
1,1,0.9951175
1,1,0.9260477
1,1,0.90205973
1,1,0.98122597
1,1,0.9935702
1,1,0.9784984
0,1,0.98748225
1,1,0.97520953
1,1,0.93707275
1,1,0.97863704
1,1,0.91168237
1,1,0.87091607
1,1,0.972466
0,1,0.7498557
1,1,0.99367446
1,1,0.98761505
1,1,0.9556565
1,1,0.99251
1,1,0.9958922
0,1,0.90500015
1,1,0.982448
1,1,0.98159474
1,1,0.95015067
1,1,0.9817914
1,1,0.9798668
1,1,0.9871418
1,1,0.9774728
1,1,0.9870007
1,1,0.9965415
1,1,0.9475279
1,1,0.9881013
1,1,0.99539053
1,1,0.9825434
1,1,0.98528594
1,1,0.8783871
0,1,0.82976913
1,1,0.9964637
1,1,0.74275744
1,1,0.9886806
0,1,0.80187595
1,1,0.9949698
1,1,0.866352
1,1,0.9775069
1,1,0.8848873
1,1,0.9833176
1,1,0.98401093
1,1,0.9956114
0,1,0.5861173
1,1,0.81510633
1,1,0.9917725
1,1,0.9633697
1,1,0.791187
1,1,0.9958833
1,1,0.99125135
1,1,0.9980107
1,1,0.99186367
1,1,0.9949294
1,1,0.9912447
1,1,0.94614494
1,1,0.9565225
1,1,0.9976898
1,1,0.9725033
1,1,0.98634166
1,1,0.90949625
1,1,0.9859289
1,1,0.9879571
1,1,0.9986702
1,1,0.9722256
1,1,0.9896024
1,1,0.9512051
1,1,0.9935272
1,1,0.99400556
1,1,0.9854852
1,1,0.9605917
1,1,0.989019
1,1,0.9871539
1,1,0.9881993
1,1,0.9445794
1,1,0.9485641
1,1,0.9799897
1,1,0.9925661
1,1,0.9916058
1,1,0.97644585
1,1,0.8757138
1,1,0.94962513
1,1,0.98853105
1,1,0.9977284
1,1,0.9749187
1,1,0.9894323
1,1,0.7502286
1,1,0.9876014
1,1,0.98279136
1,1,0.9934961
1,1,0.9755803
1,1,0.9875443
1,1,0.97501165
1,1,0.9958137
1,1,0.91259676
1,1,0.99256563
1,1,0.8663427
1,1,0.7627399
1,1,0.75267553
1,1,0.98723644
1,1,0.9426518
1,1,0.9303616
1,1,0.9709705
1,1,0.9916664
1,1,0.61584693
1,1,0.9648906
1,1,0.96615326
1,1,0.98563683
1,1,0.9867738
1,1,0.975107
1,1,0.98920447
1,1,0.96864545
1,1,0.9976948
1,1,0.9496984
1,1,0.9935042
0,1,0.524358
1,1,0.99609816
1,1,0.95731664
0,1,0.9236904
1,1,0.91025215
1,1,0.9842395
1,1,0.97247666
1,1,0.9885374
1,1,0.99168456
1,1,0.97948223
1,1,0.99800885
1,1,0.9971916
1,1,0.9917312
1,1,0.9740898
1,1,0.9974908
1,1,0.9814415
1,1,0.98611695
1,1,0.9955485
1,1,0.9312229
1,1,0.98810524
1,1,0.99681914
1,1,0.98704654
1,1,0.9781309
1,1,0.91512424
1,1,0.8432375
1,1,0.9967906
1,1,0.9656371
1,1,0.9518514
0,1,0.901422
1,1,0.9869982
1,1,0.9965205
0,1,0.98195916
1,1,0.99515027
1,1,0.97348
1,1,0.99547005
1,1,0.97308636
1,1,0.97978854
1,1,0.9658531
1,1,0.98256123
1,1,0.94399655
1,1,0.9903985
0,1,0.9636263
1,1,0.94484377
1,1,0.94191813
1,1,0.969622
1,1,0.999111
0,1,0.8355111
1,1,0.9897858
1,1,0.828639
1,1,0.9968395
1,1,0.97899437
1,1,0.7976734
0,1,0.9893689
1,1,0.93191606
1,1,0.99375117
1,1,0.9346339
1,1,0.96269196
0,1,0.82645625
1,1,0.98978305
1,1,0.9893443
1,1,0.9889598
1,1,0.9871439
1,1,0.99158067
1,1,0.9780659
1,1,0.9131121
1,1,0.9881003
1,1,0.98370457
1,1,0.9840837
1,1,0.9913574
1,1,0.9981089
1,1,0.984864
0,1,0.82255656
1,1,0.9946024
1,1,0.8867389
1,1,0.9924971
1,1,0.9815703
1,1,0.9672877
0,1,0.8586624
1,1,0.9916851
1,1,0.9840136
1,1,0.9682915
1,1,0.99573714
1,1,0.98640746
1,1,0.9679933
1,1,0.99239266
1,1,0.98994106
1,1,0.7120448
1,1,0.92443144
1,1,0.9945119
1,1,0.9772586
1,1,0.9481805
1,1,0.9979464
1,1,0.9972415
1,1,0.9924393
1,1,0.9973027
1,1,0.89753395
1,1,0.995309
1,1,0.98846996
1,1,0.9867713
1,1,0.986304
1,1,0.97655207
1,1,0.9741335
1,1,0.99596375
1,1,0.95540035
1,1,0.99075073
1,1,0.9850262
1,1,0.99251455
0,0,0.41544354
1,1,0.9930511
1,1,0.9959647
1,1,0.98677444
1,1,0.9389554
1,1,0.99173075
1,1,0.9536759
1,1,0.99530995
0,1,0.96062243
1,1,0.97418875
1,1,0.83179134
1,1,0.9951622
1,1,0.99709266
1,1,0.95398
1,1,0.51412135
1,1,0.9776085
1,1,0.9454413
1,1,0.97897017
1,1,0.99608475
1,1,0.9362351
1,1,0.9077745
0,1,0.777699
1,1,0.9965204
1,1,0.9777838
1,1,0.99716485
1,1,0.99510735
1,1,0.9780869
1,1,0.9882143
1,1,0.9933772
1,1,0.939362
1,1,0.9746777
0,1,0.68637097
0,1,0.79045844
1,1,0.8767897
1,1,0.9655874
1,1,0.9876301
1,1,0.98623663
1,1,0.9413197
1,1,0.9887686
1,1,0.99483836
1,1,0.9973341
1,1,0.9275963
1,1,0.9669352
1,1,0.91371936
1,1,0.99665654
1,1,0.99555707
1,1,0.9830799
1,1,0.93956965
1,1,0.99287575
1,1,0.99552983
1,1,0.991954
1,1,0.55289745
1,1,0.9951821
1,1,0.98718077
1,1,0.8661254
1,1,0.9834329
1,1,0.9579827
1,1,0.99329066
1,1,0.9375926
1,1,0.9846978
1,1,0.9591896
1,1,0.985724
1,1,0.9502027
1,1,0.86648625
1,1,0.9929402
1,1,0.99830526
1,1,0.82295316
1,1,0.9896754
1,1,0.89709616
1,1,0.82058877
0,1,0.6311601
1,1,0.9717142
0,1,0.8740791
1,1,0.94755167
1,1,0.9935317
1,1,0.9892674
1,1,0.80743283
1,1,0.93328947
1,1,0.9976584
1,1,0.9831749
1,1,0.9809881
1,1,0.9813019
1,1,0.9571998
1,1,0.962449
1,1,0.84260285
1,1,0.95965004
1,1,0.8792795
1,1,0.9746913
1,1,0.9663826
1,1,0.5998106
1,1,0.97051454
1,1,0.960027
1,1,0.9710214
1,1,0.9825558
1,1,0.989731
1,1,0.9854549
1,1,0.99574983
1,1,0.9103723
1,1,0.9411931
1,1,0.9942233
1,1,0.9728262
1,1,0.9933852
0,1,0.5676484
1,1,0.79431045
1,1,0.9923034
1,1,0.83918214
1,1,0.9856887
1,1,0.90322536
1,1,0.7850744
1,1,0.9840981
1,1,0.9934281
1,1,0.9867336
1,1,0.9899323
1,1,0.9932477
1,1,0.96349823
1,1,0.98420423
1,1,0.9934477
1,1,0.9864524
1,1,0.99287915
1,1,0.995691
1,1,0.98041487
1,1,0.8298417
1,1,0.9906094
1,1,0.9303602
1,1,0.98588616
1,1,0.78207296
1,1,0.9922428
1,1,0.9749059
1,1,0.9887214
1,1,0.98710066
1,1,0.9954866
1,1,0.98470366
1,1,0.9782618
1,1,0.9712489
1,1,0.9628765
1,1,0.9951272
1,1,0.98694134
1,1,0.9853512
0,1,0.9713559
1,1,0.9389554
1,1,0.9946248
1,1,0.99569327
1,1,0.984172
1,1,0.9689085
1,1,0.97004235
1,1,0.9888714
1,1,0.93452084
1,1,0.99624336
1,1,0.9813199
1,1,0.9838718
1,1,0.9726475
1,1,0.99110055
1,1,0.982653
1,1,0.9942378
1,1,0.8968236
1,1,0.95275235
1,1,0.98048323
1,1,0.9970986
1,1,0.9344495
0,1,0.7278921
1,1,0.99100757
1,1,0.87781626
1,1,0.99433154
1,1,0.99395406
1,1,0.9718483
1,1,0.99103934
1,1,0.9914084
1,1,0.84852636
1,1,0.5910316
1,1,0.9820102
1,1,0.8394134
1,1,0.98605806
1,1,0.98397243
1,1,0.9454011
1,1,0.98911524
1,1,0.9522076
1,1,0.9964017
1,1,0.98669297
1,1,0.97746027
1,1,0.9799909
1,1,0.9935001
1,1,0.8018012
1,1,0.7173108
1,1,0.9948366
1,1,0.9713124
0,1,0.9053325
1,1,0.9913977
1,1,0.9863586
1,1,0.99381703
1,1,0.8914032
1,1,0.9481725
0,1,0.92126924
0,1,0.7475308
1,1,0.99264824
1,1,0.9631316
1,1,0.9773552
1,1,0.99307525
1,1,0.9885303
1,1,0.98059446
1,1,0.991551
1,1,0.99594384
1,1,0.98720497
1,1,0.9947602
1,1,0.9861874
1,1,0.98957574
1,1,0.9964869
1,1,0.9882485
1,1,0.9847445
1,1,0.9812471
1,1,0.92053413
1,1,0.8851444
1,1,0.99476755
0,1,0.54619247
1,1,0.9234707
1,1,0.9960963
1,1,0.9047025
1,1,0.8455388
1,1,0.99245906
1,1,0.93794626
1,1,0.99194014
0,1,0.8820435
1,1,0.99479306
1,1,0.99194014
1,1,0.9763818
1,1,0.9874254
1,1,0.9973358
1,1,0.98049194
1,1,0.9966284
1,1,0.9706419
1,1,0.99137837
1,1,0.97704715
1,1,0.9877238
1,1,0.9850222
1,1,0.7230074
1,1,0.9891123
1,1,0.97785795
1,1,0.7380295
1,1,0.8067027
1,1,0.9812655
1,1,0.84759027
0,0,0.3821531
1,1,0.6365844
0,1,0.7326597
1,1,0.58580303
1,1,0.9972061
1,1,0.9921499
1,1,0.83402187
0,1,0.87842804
1,1,0.980705
1,1,0.995699
1,1,0.90530765
1,1,0.9710433
1,1,0.98341125
1,1,0.95367503
1,1,0.99198693
1,1,0.95643854
1,1,0.9903852
1,1,0.91277355
1,1,0.9749857
1,1,0.9058939
1,1,0.9438201
1,1,0.97911537
1,1,0.95146877
1,1,0.91015786
1,1,0.99359596
1,1,0.8189562
1,1,0.98709506
1,1,0.99700683
1,1,0.9854748
1,1,0.9780777
1,1,0.9915052
1,1,0.9519896
1,1,0.9609402
1,1,0.9909867
1,1,0.9976979
1,1,0.9090799
1,1,0.9947902
1,1,0.9959786
1,1,0.8844607
1,1,0.99483794
1,1,0.99014926
1,1,0.99838084
1,1,0.75985444
1,1,0.97800463
1,1,0.8849884
1,1,0.9916597
1,1,0.94370294
1,1,0.9939984
1,1,0.98444676
1,1,0.949538
1,1,0.98604697
0,1,0.7981815
0,1,0.7507818
1,1,0.9672786
1,1,0.99213886
1,1,0.9937146
1,1,0.97769845
1,1,0.90263325
1,1,0.9357274
1,1,0.9851715
1,1,0.8173451
1,1,0.9955524
1,1,0.84429747
1,1,0.9264325
1,1,0.9479275
1,1,0.5908792
1,1,0.98949873
1,1,0.98382986
1,1,0.97999173
1,1,0.97946596
1,1,0.97258055
1,1,0.98372805
1,1,0.9912209
1,1,0.99645346
1,1,0.99268
1,1,0.9867634
1,1,0.98964506
1,1,0.986585
1,1,0.9798116
1,1,0.9597121
1,1,0.99390644
0,1,0.9501413
1,1,0.99446243
1,1,0.9714169
1,1,0.8499178
1,1,0.99388343
1,1,0.99358237
0,1,0.9679129
1,1,0.9847523
1,1,0.9879911
1,1,0.9959141
1,1,0.9655932
1,1,0.7082248
1,1,0.9925858
1,1,0.54927397
1,1,0.8808323
1,1,0.99290395
1,1,0.93697834
1,1,0.9085643
1,1,0.9979101
1,1,0.98868287
1,1,0.88233274
1,1,0.99198
1,1,0.9927075
1,1,0.992709
1,1,0.9765113
1,1,0.97589695
1,1,0.9968545
1,1,0.9931894
1,1,0.96649486
1,1,0.9964888
1,1,0.93394315
1,1,0.9940742
1,1,0.91799194
1,1,0.795361
0,1,0.6947412
1,1,0.9999068
1,1,0.9898182
1,1,0.63014436
1,1,0.7551516
1,1,0.8292955
1,1,0.99556893
1,1,0.9769063
1,1,0.7973414
1,1,0.9879713
1,1,0.9588403
0,1,0.9497898
1,1,0.99760365
1,1,0.99095666
1,1,0.9924097
1,1,0.97989666
1,1,0.9379513
1,1,0.9064951
1,1,0.9538181
1,1,0.96394974
1,1,0.97230536
1,1,0.9565804
1,1,0.9913046
0,1,0.5628613
1,1,0.9851605
1,1,0.98903775
1,1,0.99316126
1,1,0.99796957
1,1,0.9942806
1,1,0.95177156
1,1,0.6730204
1,1,0.9656629
1,1,0.8789981
1,1,0.98057973
1,1,0.9952418
1,1,0.98829955
0,1,0.98591435
1,1,0.99587643
1,1,0.97714764
1,1,0.9907644
1,1,0.9523474
1,1,0.9776233
1,1,0.9876295
0,1,0.67204964
1,1,0.7266065
1,1,0.9403694
1,1,0.92837244
1,1,0.99917686
1,1,0.9713705
1,1,0.99259657
1,1,0.8968673
1,1,0.99044657
1,1,0.8388329
1,1,0.92964756
1,1,0.9880219
1,1,0.9365318
1,1,0.9798528
0,1,0.9549625
1,1,0.94176346
1,1,0.5851053
1,1,0.99014956
1,1,0.8591127
1,1,0.9948322
1,1,0.99541396
1,1,0.97042304
1,1,0.99707943
0,1,0.97812265
1,1,0.97970045
1,1,0.9846906
1,1,0.98575705
1,1,0.9569415
1,1,0.92690057
1,1,0.9556322
1,1,0.91594493
1,1,0.9031966
1,1,0.9964265
1,1,0.9503309
1,1,0.92453563
1,1,0.9249801
1,1,0.99226654
1,1,0.9781427
1,1,0.9817763
1,1,0.9894826
1,1,0.5907061
1,1,0.98495257
1,1,0.9895012
1,1,0.99528533
1,1,0.9962891
0,1,0.8784914
1,1,0.98321444
1,1,0.88432795
1,1,0.9946035
1,1,0.9962008
1,1,0.7874735
1,1,0.90938
1,1,0.9980672
1,1,0.9962377
1,1,0.9961465
1,1,0.57905024
1,1,0.9822849
0,1,0.96446097
1,1,0.99435
1,1,0.96293455
1,1,0.9385849
1,1,0.9904001
1,1,0.9943345
1,1,0.92394507
1,1,0.9833417
1,1,0.628456
1,1,0.9887807
1,1,0.94732964
1,1,0.9816398
1,1,0.98472023
1,1,0.979549
1,1,0.9317902
1,1,0.98875624
1,1,0.9977073
1,1,0.9943638
1,1,0.9979798
1,1,0.97313744
1,1,0.99659294
0,1,0.51759154
1,1,0.9842741
1,1,0.9924204
1,1,0.9938088
0,1,0.9252086
1,1,0.9884217
1,1,0.98353755
1,1,0.86158806
1,1,0.9886875
1,1,0.99664366
1,1,0.9836108
1,1,0.8538024
1,1,0.9974015
1,1,0.8448744
1,1,0.92533547
0,1,0.98736835
1,1,0.59995824
1,1,0.98616934
1,1,0.93284655
1,1,0.92915887
1,1,0.99515885
1,1,0.9925398
1,1,0.9867666
1,1,0.99321175
1,1,0.93050635
1,1,0.5659515
1,1,0.9921759
1,1,0.8620503
1,1,0.919291
1,1,0.98678446
1,1,0.99248147
1,1,0.9973411
1,1,0.9974296
1,0,0.40408695
1,1,0.9839957
1,1,0.9559396
1,1,0.9449862
1,1,0.98204505
1,1,0.9928983
1,1,0.9964253
1,1,0.97549164
1,1,0.97664577
1,1,0.96258867
1,1,0.9840832
1,1,0.9889695
1,1,0.9913157
1,1,0.9306555
0,1,0.6072485
1,1,0.94515646
1,1,0.9844753
1,1,0.9796776
1,1,0.9942701
1,1,0.80990064
1,1,0.9670704
1,1,0.9794263
1,1,0.99211377
1,1,0.9882848
1,1,0.99340916
1,1,0.9982245
1,1,0.995284
1,1,0.99599034
1,1,0.95439595
1,1,0.9944348
1,1,0.9776664
1,1,0.9580774
1,1,0.97394997
1,1,0.9453836
1,1,0.7124413
1,1,0.98608816
1,1,0.91066957
1,1,0.98310107
1,1,0.99819714
1,1,0.9954347
1,1,0.9583121
1,1,0.9755753
1,1,0.9718053
1,1,0.9876105
1,1,0.9960173
1,1,0.94759804
1,1,0.9921714
1,1,0.9677425
1,1,0.9492297
1,1,0.9935616
1,1,0.5781294
1,1,0.9885926
1,1,0.94515514
1,1,0.99707216
1,1,0.87631303
1,1,0.9815446
1,1,0.9954941
1,1,0.9413298
0,1,0.89556503
1,1,0.9710419
1,1,0.9913576
1,1,0.9715184
1,1,0.86239344
1,1,0.9920362
1,1,0.9803138
1,1,0.57333755
1,1,0.98366594
1,1,0.9811337
1,1,0.89225566
1,1,0.9645142
1,1,0.98637515
1,1,0.99449474
1,1,0.9608954
1,1,0.97594094
1,1,0.92607886
1,1,0.99097425
1,1,0.7625115
1,1,0.9964215
1,1,0.8424349
1,1,0.99839765
0,1,0.9729999
0,1,0.9832011
1,1,0.71954393
1,1,0.9036775
1,1,0.988059
1,1,0.9879304
1,1,0.94748074
1,1,0.90615124
1,1,0.9802006
1,1,0.99599177
1,1,0.993753
1,1,0.9970161
1,1,0.97920823
1,1,0.98978573
1,1,0.99117017
1,1,0.939473
1,1,0.9948572
1,1,0.99172634
1,1,0.874399
1,1,0.9595755
0,1,0.8508417
1,1,0.9881443
1,1,0.98703086
1,1,0.99540657
1,1,0.99543506
1,1,0.9907245
1,1,0.96800846
1,1,0.9966034
0,1,0.99080247
1,1,0.94657904
0,1,0.9720059
1,1,0.9349721
1,1,0.99161804
1,1,0.98004997
1,1,0.98617166
1,1,0.9573759
0,1,0.9023362
1,1,0.9901937
1,1,0.9889778
1,1,0.9083854
1,1,0.9811181
1,1,0.9927077
1,1,0.9905351
0,1,0.75791776
1,1,0.9875923
1,1,0.9722552
1,1,0.96645683
0,1,0.9454065
1,1,0.8902689
1,1,0.9199667
1,1,0.97330827
1,1,0.9515939
0,1,0.599778
1,1,0.98743486
1,1,0.65887815
1,1,0.9723599
1,1,0.9835744
1,1,0.9135467
1,1,0.889795
0,1,0.70640635
1,1,0.92193115
1,1,0.9326002
1,1,0.9914399
1,1,0.97064584
1,1,0.9928304
0,1,0.62581414
1,1,0.98906916
1,1,0.9310857
1,1,0.996953
1,1,0.8737943
1,1,0.9856823
1,1,0.8977883
1,1,0.9537986
1,1,0.9968635
1,1,0.99341357
1,1,0.99084073
1,1,0.976618
1,1,0.7684181
1,1,0.9935771
1,1,0.94236004
1,1,0.97828746
1,1,0.9915837
1,1,0.7413879
1,1,0.9956066
1,1,0.9931891
0,1,0.6095749
1,1,0.97526526
1,1,0.9771643
1,1,0.8471093
1,1,0.8035504
1,1,0.9701463
1,1,0.98014677
1,1,0.9906183
1,1,0.7545527
1,1,0.9968403
1,1,0.99567807
1,1,0.98506147
1,1,0.99183154
1,1,0.99863434
1,1,0.9832061
1,1,0.98093116
1,1,0.99685746
1,1,0.965075
1,1,0.9454973
1,1,0.9878538
1,1,0.99167675
1,1,0.9911004
1,1,0.97972095
1,1,0.9432417
1,0,0.47888762
1,1,0.99194026
1,1,0.965005
1,1,0.9548987
1,1,0.9861996
1,1,0.98413557
1,1,0.9118604
1,1,0.93913746
1,1,0.97701216
1,1,0.9821841
1,1,0.9920614
1,1,0.9895729
1,1,0.97161216
1,1,0.9905522
1,1,0.9833245
1,1,0.9844647
1,1,0.99313277
0,1,0.9188216
1,1,0.9610628
1,1,0.9962868
1,1,0.9882281
1,1,0.8630461
1,1,0.9973329
1,1,0.98194593
1,1,0.91384757
1,1,0.984809
1,1,0.89938587
1,1,0.99346256
1,1,0.95608723
1,1,0.9959849
1,1,0.9923846
1,1,0.9657808
1,1,0.9931696
1,1,0.9912682
1,1,0.98260486
1,1,0.99395734
1,1,0.85739213
1,1,0.88856864
1,1,0.99504036
1,1,0.991899
1,1,0.989026
1,1,0.99454594
1,1,0.97528374
1,1,0.9188713
1,1,0.9735671
1,1,0.855115
1,1,0.9525645
1,1,0.97289735
1,1,0.96415704
0,1,0.6484662
0,0,0.4721844
1,1,0.9818059
1,1,0.9940315
1,1,0.96451545
1,1,0.8910163
1,1,0.9912194
1,1,0.9568071
1,1,0.98216665
1,1,0.9850047
1,1,0.86558783
1,1,0.9858054
1,1,0.99591434
1,1,0.9553374
1,1,0.9273364
1,1,0.9905804
1,1,0.993634
0,1,0.68092716
1,1,0.9713815
1,1,0.9285183
1,1,0.9162652
1,1,0.9935544
1,1,0.5790751
1,1,0.9693325
1,1,0.98206294
1,1,0.78651595
1,1,0.94495994
1,1,0.9930995
1,1,0.9492256
1,1,0.9915402
1,1,0.98232174
1,1,0.98967916
1,1,0.9951657
1,1,0.9966371
1,1,0.99525046
1,1,0.9170229
1,1,0.99372315
0,1,0.59383506
1,1,0.98766416
1,1,0.9947987
1,1,0.9947963
1,1,0.9954448
1,1,0.89724416
1,1,0.9988846
1,1,0.9635055
1,1,0.99717796
1,1,0.8943061
1,1,0.97071266
1,1,0.98750955
1,1,0.99792403
1,1,0.9922984
1,1,0.9820606
1,1,0.9973794
1,1,0.9914622
1,1,0.9253256
1,1,0.970734
1,1,0.92824656
1,1,0.89049643
1,1,0.9261135
1,1,0.87025857
1,1,0.9869536
1,1,0.98596567
1,1,0.96939564
1,1,0.680207
1,1,0.96105164
1,1,0.98104507
1,1,0.93003666
1,1,0.90428555
1,1,0.99521005
1,1,0.9769394
1,1,0.9917707
1,1,0.9915321
1,1,0.9682099
1,1,0.98031145
1,1,0.86620045
1,1,0.9788849
1,1,0.7358613
1,1,0.9558974
1,1,0.84497297
1,1,0.9782746
0,1,0.56283957
1,1,0.88882333
1,1,0.9729603
1,1,0.96755207
1,1,0.9317092
1,1,0.9828466
1,1,0.7201338
1,1,0.9819304
1,1,0.85484624
0,1,0.6347137
0,1,0.85011566
1,1,0.9974657
1,1,0.9562682
0,1,0.9454275
1,1,0.94122607
1,1,0.9828132
1,1,0.981346
1,1,0.9976587
1,1,0.972768
1,1,0.61414915
1,1,0.84020644
1,1,0.77880186
1,1,0.99766845
1,1,0.86916345
1,1,0.8686624
0,1,0.8048756
1,1,0.98578614
1,1,0.9915825
1,1,0.9927893
1,1,0.9495925
0,1,0.9747956
1,1,0.9664137
1,1,0.9798676
1,1,0.9637234
1,1,0.9961542
1,1,0.97571284
1,1,0.98347366
1,1,0.99276835
1,1,0.8946824
1,1,0.9744745
1,1,0.9946897
1,1,0.9381165
1,1,0.7912145
1,1,0.995891
1,1,0.97131956
1,1,0.894201
1,1,0.85747963
1,1,0.89881396
1,1,0.959443
1,1,0.67297953
1,1,0.9962577
1,1,0.9054946
1,1,0.99653876
1,1,0.99545306
0,1,0.7034597
1,1,0.79295605
1,1,0.95895183
1,1,0.951857
1,0,0.48526713
1,1,0.98441184
1,1,0.98732305
1,1,0.9356152
1,1,0.9524919
1,1,0.97195965
1,1,0.96936464
1,1,0.9942892
1,1,0.9306793
1,1,0.8071566
1,1,0.99609196
1,1,0.9696283
1,1,0.9960735
1,1,0.99359727
1,1,0.8844292
1,1,0.6957726
1,1,0.97901976
1,1,0.99795085
1,1,0.9552637
1,1,0.9796844
1,1,0.97373843
1,1,0.9916876
1,1,0.9614978
1,1,0.9475381
1,1,0.99255794
1,1,0.7767202
1,1,0.98798406
1,1,0.9837387
1,1,0.9881209
1,1,0.9566392
1,1,0.99783117
1,1,0.9518473
1,1,0.9570339
1,1,0.9516502
1,1,0.9922065
1,1,0.93072087
1,1,0.99919
1,1,0.9916441
0,1,0.8280057
1,1,0.9936503
1,1,0.99032253
1,1,0.9957863
1,1,0.94523203
1,1,0.9690068
1,1,0.9843881
1,1,0.9765008
1,1,0.9732548
1,1,0.9816491
1,1,0.9935372
1,1,0.9924442
1,1,0.9565772
1,1,0.916979
1,1,0.89930856
1,1,0.9784274
1,1,0.98615295
1,1,0.99741524
1,1,0.9246563
1,1,0.9818533
1,1,0.98937166
1,1,0.96788174
1,1,0.9668371
1,1,0.9922021
1,1,0.9855596
1,1,0.94049245
1,1,0.8520717
1,1,0.9887316
1,1,0.9930412
0,1,0.76542914
1,1,0.9964569
1,1,0.9912082
1,1,0.9923079
1,1,0.9449293
1,1,0.9170636
1,1,0.99718994
1,1,0.97776914
1,1,0.97178257
1,1,0.992822
1,1,0.98982644
1,1,0.99221575
1,1,0.9904579
1,1,0.9862515
1,1,0.9208603
1,1,0.9546573
1,1,0.989151
1,1,0.99395007
1,1,0.9959391
1,1,0.6074859
1,1,0.9962986
1,1,0.99198043
1,1,0.9851275
1,1,0.9557459
1,1,0.9228266
1,1,0.8965286
1,1,0.8887799
0,1,0.738117
1,1,0.93265945
1,1,0.9983918
1,1,0.8666609
1,1,0.9933273
1,1,0.99358463
1,1,0.9970433
1,1,0.98915637
1,1,0.9375297
1,1,0.951279
1,1,0.9774923
1,1,0.99006635
1,1,0.9908857
1,1,0.88296396
1,1,0.937309
1,1,0.98143446
1,1,0.92499906
1,1,0.99718285
1,1,0.96141773
0,1,0.6375661
1,1,0.9790884
1,1,0.9748826
1,1,0.8314186
1,1,0.9865781
1,1,0.93879074
1,1,0.992754
1,1,0.9910291
1,1,0.9253588
1,1,0.9949021
1,1,0.9738869
1,1,0.98198587
1,1,0.57202923
1,1,0.97691065
1,1,0.9597569
1,1,0.93422866
0,1,0.92360836
1,1,0.9849252
1,1,0.8911891
1,1,0.9663057
1,1,0.9942895
1,1,0.63503146
1,1,0.9958781
1,1,0.97906965
1,1,0.9822093
1,1,0.98970634
0,1,0.95534575
1,1,0.9466179
1,1,0.9893638
1,1,0.98138285
1,1,0.99178505
1,1,0.99095756
1,1,0.9917322
1,1,0.94885784
1,1,0.9846949
1,1,0.9891473
1,1,0.9663321
1,1,0.982817
1,1,0.99371165
1,1,0.9850763
1,1,0.86646795
1,1,0.9903866
1,1,0.9934503
1,1,0.98999715
1,1,0.97397524
0,1,0.96927506
1,1,0.90926486
1,1,0.9957839
1,1,0.96047723
1,1,0.99177
1,1,0.9922367
1,1,0.98293763
1,1,0.948376
1,1,0.6203693
1,1,0.96039313
1,1,0.9187349
1,1,0.978418
1,1,0.9628047
1,1,0.8683708
1,1,0.98340243
1,1,0.99325347
1,1,0.88509434
1,1,0.9956405
1,1,0.9890026
1,1,0.58066225
1,1,0.9894249
1,1,0.9885638
1,1,0.9159381
1,1,0.99477607
1,1,0.99552035
1,1,0.9895912
1,1,0.97471166
1,1,0.984029
1,1,0.9890246
0,1,0.95557
1,1,0.9926946
1,1,0.97604847
1,1,0.9970429
1,1,0.9938651
1,1,0.8273949
1,1,0.9766411
1,1,0.9797572
1,1,0.8943373
1,1,0.9541251
1,1,0.9981382
1,1,0.94699067
1,1,0.9701275
0,1,0.83113945
1,1,0.9393255
1,1,0.98252934
1,1,0.94696426
1,1,0.94911814
1,1,0.9820059
1,1,0.9919245
1,1,0.8747354
1,1,0.9783736
1,1,0.98420924
1,1,0.94471294
1,1,0.9911301
1,1,0.9408023
1,1,0.99089
1,1,0.98678595
1,1,0.9933057
1,1,0.9791007
1,1,0.8534104
1,1,0.9943213
1,1,0.99449277
1,1,0.9888376
1,1,0.9688943
1,1,0.98976636
1,1,0.99676985
0,1,0.71825844
1,1,0.9707701
1,1,0.91370136
1,1,0.89546543
1,1,0.98359406
1,1,0.9917569
1,1,0.9925358
1,1,0.97832537
1,1,0.9409758
1,1,0.9172048
1,1,0.98551
1,1,0.9769767
1,1,0.98772126
1,1,0.9927673
1,1,0.996054
1,1,0.834463
1,1,0.996082
1,1,0.99270993
1,1,0.98003155
1,1,0.99626935
1,1,0.94597995
1,1,0.9616117
1,1,0.965629
1,1,0.9693495
1,1,0.99548644
1,1,0.929013
1,1,0.9943109
1,1,0.9959088
1,1,0.99500066
1,1,0.9950652
1,1,0.9366835
1,1,0.7920238
1,1,0.55772114
1,1,0.9286769
1,1,0.8924248
1,1,0.9930752
1,1,0.98552597
1,1,0.98589444
1,1,0.98697805
0,1,0.973097
1,1,0.92914706
1,1,0.94323474
1,1,0.97767246
1,1,0.99260837
1,1,0.9617764
1,1,0.8467591
1,1,0.9506051
1,1,0.9914377
1,1,0.9631927
1,1,0.9794215
1,1,0.9972121
1,1,0.9710914
1,1,0.9393774
1,1,0.9654284
1,1,0.9844618
1,1,0.9318339
1,1,0.9080734
1,1,0.89773893
1,1,0.9279765
1,1,0.85998917
1,1,0.9977628
1,1,0.924484
1,1,0.9839009
1,1,0.98731405
1,1,0.9222839
1,1,0.99046606
1,1,0.995464
1,1,0.9301749
1,1,0.99805075
1,1,0.5881654
1,1,0.71047026
1,1,0.98652655
1,1,0.961608
1,1,0.994097
1,1,0.98341995
1,1,0.98933506
1,1,0.991346
1,1,0.9602176
1,1,0.9956764
0,0,0.45352772
0,1,0.8424365
