y_true,y_pred,prob
1,1,0.80355763
1,1,0.9285421
1,1,0.8665269
1,0,0.08474156
1,1,0.84211755
0,0,0.12331119
1,0,0.31851596
1,1,0.5695496
0,1,0.5626557
1,1,0.9565455
1,1,0.6726087
1,1,0.91685086
1,1,0.91572493
1,1,0.7610095
1,1,0.74526536
1,1,0.9211623
1,1,0.79235464
1,1,0.51501304
1,0,0.34501535
1,1,0.8944827
1,1,0.84260356
1,0,0.29680148
1,1,0.90537107
0,1,0.5701815
1,1,0.8844372
1,1,0.8519996
1,0,0.4264384
1,0,0.4591698
1,1,0.7808687
1,1,0.8763305
1,1,0.53503275
1,0,0.37429467
1,1,0.7077979
1,1,0.84634936
1,1,0.87868613
1,1,0.8934621
0,0,0.090220466
1,1,0.7450333
1,0,0.38867596
1,1,0.9291355
1,1,0.80196077
1,1,0.6667334
1,1,0.51516086
1,0,0.22677238
1,0,0.21612883
1,1,0.94533396
1,1,0.58716357
1,1,0.91565746
1,1,0.9418258
1,1,0.8713161
1,0,0.44996268
1,0,0.17683433
1,0,0.052612785
1,1,0.9315081
1,1,0.84677476
1,1,0.76857686
1,0,0.18021156
1,1,0.7245153
1,0,0.4583959
1,1,0.50574046
1,1,0.61722904
1,1,0.7480266
1,1,0.77028394
1,1,0.6656577
1,1,0.7822842
1,1,0.6398274
0,1,0.8176068
1,1,0.9157012
1,1,0.7823307
1,1,0.53621334
1,1,0.57671016
1,1,0.83133227
1,1,0.78123236
1,1,0.75450844
1,0,0.17465153
1,1,0.5826362
1,1,0.89900285
1,1,0.7934199
1,1,0.94313735
1,0,0.20234358
0,0,0.4505254
1,1,0.90143675
1,1,0.8355122
1,1,0.7993834
1,1,0.91909283
1,0,0.07238682
1,1,0.7109855
1,1,0.95990247
1,1,0.8625861
1,1,0.9112782
0,0,0.3267916
1,0,0.44777384
1,0,0.42124736
1,0,0.40787497
1,0,0.4350982
1,0,0.20844983
1,0,0.23757705
1,1,0.6248223
1,1,0.81722647
1,0,0.36449444
0,0,0.041353982
1,1,0.6203484
0,0,0.20438644
1,0,0.3717165
1,0,0.4052841
1,0,0.48904508
1,1,0.8447144
1,1,0.8983167
1,1,0.8429605
1,0,0.3102743
1,1,0.6365402
1,1,0.80430263
0,0,0.41147974
1,1,0.8948101
1,1,0.58485675
1,1,0.9381453
1,1,0.7675003
1,0,0.45612437
1,1,0.55669826
1,1,0.7578191
1,1,0.9094242
1,1,0.8427714
1,1,0.82128257
1,1,0.7795296
1,1,0.8414579
0,0,0.41843787
0,0,0.044454336
0,0,0.20274152
1,1,0.52212304
1,1,0.6939703
1,0,0.33694473
1,1,0.88624877
1,0,0.28054357
1,1,0.8900846
1,1,0.71205604
1,1,0.78713804
1,1,0.70335054
1,1,0.9328808
1,0,0.47807527
1,0,0.24287458
1,1,0.5966322
1,0,0.45285475
1,1,0.8761781
1,1,0.52827716
1,1,0.88151735
1,1,0.734777
1,1,0.85499185
1,1,0.762649
1,0,0.38939193
1,1,0.8618175
1,0,0.12900856
1,1,0.8590608
0,0,0.43017328
1,0,0.27525422
1,1,0.5152134
1,1,0.8786168
0,0,0.03573687
1,1,0.5153723
1,0,0.2903585
1,0,0.4370224
1,0,0.44881442
1,1,0.6159598
1,1,0.7261813
1,1,0.8885104
1,1,0.89431924
1,1,0.78360814
1,1,0.56288683
1,1,0.85845584
1,1,0.68556046
1,1,0.94940907
1,1,0.6656969
1,1,0.88329476
1,1,0.6237515
1,1,0.7454882
1,1,0.63999695
1,0,0.4001006
1,0,0.3892278
1,0,0.30387822
1,1,0.85916245
1,1,0.83359236
1,1,0.67759573
1,1,0.88249254
1,1,0.81667995
1,1,0.93795174
1,1,0.669229
1,1,0.91720945
1,1,0.909916
1,1,0.5477385
1,1,0.907815
1,1,0.9509121
1,1,0.8379755
1,0,0.0676833
1,0,0.4662776
1,1,0.8838357
1,1,0.5013886
1,0,0.14117122
1,1,0.53763396
1,1,0.52008253
1,1,0.50789005
1,1,0.78755397
1,1,0.94961816
1,1,0.500494
1,1,0.51169765
1,1,0.6329268
1,0,0.37711793
1,1,0.7265336
1,1,0.71978813
1,1,0.7348702
1,1,0.5478599
0,1,0.7290269
1,1,0.7044236
1,1,0.68142515
1,1,0.8035453
1,1,0.7504765
1,1,0.74281365
1,1,0.9364519
1,1,0.6162754
1,1,0.81076926
1,0,0.4957688
1,1,0.93265074
1,1,0.6940708
1,0,0.2661324
1,1,0.54085535
1,1,0.9477413
1,1,0.5430262
1,0,0.3672944
1,0,0.13075742
1,1,0.61275226
1,0,0.24584433
0,0,0.061920963
1,1,0.90170705
1,1,0.91887677
1,1,0.7793247
1,1,0.93554246
1,1,0.61472595
1,1,0.78365225
1,0,0.2836313
1,1,0.82808053
1,1,0.5683798
1,1,0.84336394
1,1,0.8768424
1,1,0.7392733
1,1,0.91939485
1,1,0.86315686
1,0,0.4215153
1,0,0.41567832
1,1,0.7132294
1,1,0.861483
1,0,0.4845235
1,1,0.57439876
0,0,0.09146336
1,1,0.9049428
1,1,0.9391348
1,1,0.8434656
1,0,0.3628681
1,0,0.49353176
0,0,0.23785375
0,1,0.9157657
1,1,0.8729235
1,1,0.51061255
1,0,0.12976304
1,1,0.84661967
1,1,0.92693627
1,1,0.8852445
1,1,0.54335123
1,1,0.640538
1,1,0.5042684
1,0,0.275215
1,1,0.68012303
1,0,0.08422617
1,1,0.85086197
1,1,0.57684547
1,1,0.72804236
1,1,0.86674243
1,1,0.9216054
1,1,0.77335346
1,1,0.9227563
1,1,0.5914975
1,1,0.8491933
1,0,0.4050995
1,1,0.7268745
1,1,0.865201
1,1,0.9133414
1,0,0.1804729
1,1,0.94429654
1,0,0.17145644
1,1,0.5161842
1,0,0.45146072
1,1,0.75828224
1,1,0.5012362
1,1,0.9309159
1,0,0.085998155
1,1,0.85332537
1,1,0.9399447
1,0,0.44600317
1,1,0.8051072
1,1,0.887812
1,1,0.6483411
1,1,0.8640362
1,1,0.71129084
0,0,0.16290087
1,1,0.8257201
0,0,0.11868255
1,1,0.70406425
1,1,0.9198055
1,1,0.57627714
1,0,0.21851358
1,1,0.7899933
1,1,0.83822525
1,1,0.76840734
1,1,0.85510653
1,1,0.95331496
1,1,0.65443337
1,1,0.7387286
1,1,0.87199837
0,1,0.53600687
1,1,0.7645496
1,1,0.83592576
1,1,0.81988233
1,0,0.27891898
1,1,0.9273122
1,1,0.7265879
1,0,0.47621873
1,1,0.8470426
1,1,0.8116455
1,1,0.7682081
1,1,0.94797385
1,0,0.2730309
1,1,0.90625
1,1,0.5118689
1,1,0.8056414
1,0,0.47408843
1,1,0.9435056
0,0,0.040674046
1,1,0.58742404
1,0,0.46354598
1,1,0.514983
1,1,0.79400885
1,1,0.9611415
1,1,0.7637488
1,1,0.61784667
1,1,0.89337707
1,1,0.8746343
1,0,0.3891579
1,1,0.8323732
1,1,0.881274
1,1,0.602233
1,1,0.86568403
1,1,0.83936906
1,1,0.71054614
1,1,0.7493355
1,0,0.36217198
1,1,0.79390514
1,1,0.67590356
1,1,0.9110431
1,1,0.79065156
1,1,0.8580885
1,1,0.9139766
1,1,0.8098595
1,0,0.22588247
1,1,0.6272161
1,0,0.4874615
1,1,0.80642235
1,1,0.8325782
1,0,0.08155766
1,0,0.43686458
0,0,0.15740554
1,1,0.89677787
1,1,0.8971454
1,0,0.099416964
1,1,0.7987481
1,1,0.7700174
1,0,0.46397662
1,1,0.8528174
1,1,0.60130805
1,0,0.4242636
1,1,0.9258424
1,0,0.22209927
1,0,0.33401763
1,0,0.37390074
1,0,0.26357952
1,0,0.26073158
1,1,0.8993265
1,1,0.9337828
1,1,0.8242263
1,1,0.5552088
1,1,0.8850978
1,1,0.8915823
1,1,0.66817117
1,1,0.77857894
0,1,0.5070055
1,0,0.47306415
1,1,0.8018981
1,1,0.9146799
1,1,0.88415605
1,0,0.47464484
1,1,0.6552909
1,1,0.8677584
1,1,0.95075387
1,1,0.5482548
1,1,0.8274713
1,0,0.23246832
0,0,0.061977487
1,0,0.100137606
1,1,0.75984836
1,0,0.094600014
1,1,0.96020037
0,0,0.141765
1,1,0.81682533
1,1,0.67757505
1,1,0.85669595
1,1,0.90818214
1,1,0.89419615
1,1,0.87394804
1,1,0.68907875
1,1,0.82831985
1,1,0.7540705
1,1,0.87729657
1,1,0.89320093
0,1,0.784913
1,0,0.19633734
1,0,0.09323588
1,0,0.045672067
1,1,0.533488
1,0,0.13506593
1,1,0.8290477
1,0,0.49716634
1,1,0.82212913
1,1,0.771229
0,0,0.15824354
1,0,0.35091737
1,1,0.71572787
1,0,0.4117028
1,1,0.8000316
1,1,0.51265943
1,1,0.8666801
1,1,0.94967014
1,0,0.40669936
1,0,0.48566422
1,1,0.8938327
1,1,0.830196
1,1,0.9204532
1,1,0.90870625
1,1,0.8943647
1,1,0.7268179
1,1,0.78137547
1,1,0.7228359
1,0,0.16976947
1,1,0.7723673
1,1,0.8916599
1,1,0.9400491
1,0,0.14977157
1,1,0.81877047
1,1,0.7860749
1,1,0.53261346
0,1,0.661206
1,0,0.41694888
0,0,0.07030809
1,1,0.89320165
1,0,0.04251011
1,1,0.88060004
1,1,0.9122893
1,0,0.4104087
1,0,0.2776308
1,0,0.42154247
1,1,0.6882457
1,1,0.90173995
1,1,0.75444984
1,1,0.9064249
1,1,0.8353713
1,1,0.78982276
1,0,0.4974103
1,1,0.8321579
1,1,0.69145757
1,0,0.29416835
1,1,0.8016312
1,1,0.87715
1,1,0.8304453
1,0,0.4597726
0,0,0.45373616
1,1,0.9582172
1,1,0.83126074
1,1,0.9538809
1,1,0.752059
1,0,0.39157435
1,0,0.49163595
1,1,0.9285289
1,1,0.9429001
1,1,0.52971166
1,1,0.5682703
1,1,0.8289208
1,1,0.9090278
1,0,0.45839667
1,1,0.9399247
1,1,0.9263097
1,1,0.74653614
1,1,0.5411359
0,1,0.8084138
1,1,0.9506889
1,1,0.8486648
1,0,0.44257668
1,1,0.81056
1,1,0.5517576
1,1,0.8854489
1,0,0.4583505
1,1,0.8809338
1,1,0.9340078
1,1,0.7016014
1,0,0.30919263
1,1,0.68737704
1,1,0.7835502
1,0,0.25862437
1,0,0.16748884
1,1,0.6470583
1,1,0.77540493
0,0,0.19315337
1,1,0.88462424
1,1,0.5929534
1,1,0.8581805
1,1,0.78962165
1,0,0.4365659
1,1,0.57041204
1,1,0.628022
1,1,0.624846
1,1,0.9374811
1,1,0.8302
1,1,0.6906215
1,1,0.840601
1,1,0.8299654
1,1,0.9174657
1,1,0.54584837
1,1,0.7641063
1,1,0.8968143
1,1,0.8353274
1,1,0.56285983
0,0,0.3834864
1,1,0.73402846
1,1,0.8932012
1,1,0.90782243
1,1,0.78564775
1,1,0.7723609
1,1,0.83978504
1,1,0.7686373
1,1,0.66003716
1,1,0.9337534
0,1,0.84091944
1,0,0.18890505
1,1,0.8939372
1,1,0.5896364
1,0,0.4511705
1,1,0.8888033
1,1,0.58538747
1,1,0.7644638
1,0,0.14199828
0,0,0.23622684
1,0,0.41778594
0,0,0.049586955
1,1,0.85156065
1,1,0.6954639
1,0,0.34648252
1,0,0.10728044
1,1,0.925606
1,1,0.6371677
1,1,0.71360964
1,1,0.8156291
0,1,0.90587056
1,1,0.83464867
0,1,0.53215224
1,1,0.9439333
1,0,0.19335689
1,1,0.7930855
1,1,0.90299076
1,0,0.16684102
1,1,0.9207223
1,1,0.55647767
0,0,0.15842414
1,1,0.5293036
1,1,0.92350715
1,1,0.86849767
1,1,0.6862905
1,1,0.74434346
0,0,0.49861565
1,1,0.5962106
1,0,0.45959234
1,0,0.49793833
1,1,0.92020804
1,0,0.29322863
1,0,0.23534487
1,1,0.6783101
1,1,0.9109882
1,1,0.6362784
1,1,0.89878005
0,0,0.22477089
1,1,0.5306831
1,1,0.6543129
1,0,0.14365822
1,1,0.8203762
1,1,0.785452
1,1,0.84236485
1,1,0.8926689
1,0,0.3601599
1,1,0.9432831
1,1,0.8494635
1,1,0.8201608
1,1,0.9037862
1,1,0.9217083
1,0,0.4956993
1,1,0.8536345
1,1,0.6022633
0,0,0.055921618
1,1,0.7303626
1,1,0.79130816
1,1,0.6261561
1,1,0.8337189
1,1,0.79569274
0,0,0.05621474
1,1,0.73782796
1,1,0.92544556
1,1,0.5454604
1,1,0.5728365
1,1,0.8781777
1,1,0.9501395
1,1,0.72448856
1,1,0.60503125
1,1,0.75093484
1,1,0.84785825
1,0,0.34722763
1,1,0.8657907
1,1,0.52230257
1,1,0.7753327
1,1,0.5815809
1,1,0.5462369
1,1,0.76920044
1,0,0.38911432
1,1,0.5063898
1,1,0.81717676
1,0,0.43178186
1,1,0.9108691
1,0,0.18533644
1,0,0.22807075
1,1,0.95619357
1,1,0.66648036
1,1,0.5573139
1,0,0.44354853
1,0,0.30441007
1,0,0.12978286
1,1,0.9138144
1,1,0.5182433
1,1,0.69212186
1,0,0.43344212
1,1,0.92545426
1,0,0.4496161
1,1,0.8585187
1,1,0.58063966
1,1,0.8252417
1,0,0.32413307
1,1,0.67497677
1,1,0.93328625
1,0,0.25924954
1,0,0.34583566
1,1,0.52463585
1,0,0.44845572
1,1,0.9408829
1,0,0.20981705
1,1,0.7969125
1,1,0.619109
1,1,0.7764559
1,1,0.6424844
1,1,0.8711964
1,1,0.64952654
1,1,0.65171397
1,1,0.84135467
1,1,0.9618997
1,1,0.8790379
0,0,0.2780782
1,1,0.7552835
1,1,0.7846497
1,1,0.6200196
1,1,0.7887429
1,1,0.8506008
1,1,0.8725329
1,1,0.7081367
0,0,0.40472755
1,0,0.4391201
1,0,0.34655645
1,1,0.8941451
1,1,0.7216116
1,1,0.8645796
1,0,0.3056011
1,0,0.25301343
1,1,0.87385666
1,1,0.6544815
1,1,0.92742795
1,1,0.9163089
1,1,0.9618625
1,1,0.922287
0,0,0.45979053
1,0,0.09989687
1,0,0.1179135
1,1,0.920789
1,1,0.8142077
0,0,0.19265616
1,0,0.37503496
1,1,0.8848339
1,1,0.95678675
1,1,0.52373695
0,0,0.3037202
1,0,0.12345678
1,1,0.8790276
1,1,0.5974255
1,1,0.7748508
1,0,0.47649106
1,1,0.81802344
1,0,0.03986213
1,1,0.94738287
1,1,0.91187215
1,1,0.790812
1,1,0.8464704
1,1,0.7534788
1,1,0.62438154
1,0,0.25476488
1,1,0.73155016
1,1,0.9152673
1,0,0.3436246
1,0,0.124674305
1,1,0.7481897
1,1,0.88537306
1,1,0.9496659
1,1,0.84234583
1,0,0.31644392
1,1,0.56230074
1,1,0.703327
1,1,0.81556946
1,1,0.6212645
1,1,0.53116226
1,1,0.528875
1,1,0.9396434
1,0,0.4593315
1,1,0.501283
1,1,0.660162
1,1,0.71689403
1,0,0.48368105
1,1,0.7965645
1,1,0.94705236
1,1,0.88267994
1,0,0.3744782
1,1,0.55656433
1,1,0.7357446
1,1,0.5939379
1,1,0.60815084
1,1,0.5203217
1,1,0.7560619
1,1,0.82635427
1,1,0.8404391
0,0,0.37443465
1,1,0.9188709
1,0,0.49630803
1,1,0.50540376
1,1,0.7605892
1,1,0.8298606
1,1,0.9343247
1,1,0.904694
1,1,0.91298234
1,1,0.91102016
0,0,0.23486228
1,0,0.4038513
1,1,0.8719382
1,1,0.8026231
1,1,0.5592299
1,1,0.70112634
1,1,0.8548407
1,1,0.60400397
0,0,0.20294209
1,1,0.7837058
1,1,0.66403455
1,1,0.94080204
1,1,0.9186444
1,1,0.7343821
1,1,0.64886695
1,1,0.9035085
1,1,0.6650524
1,0,0.31269768
1,1,0.5466817
1,1,0.6296967
1,1,0.8272655
1,0,0.14557777
1,1,0.85357445
1,0,0.10366237
1,1,0.84321725
1,1,0.7999579
1,1,0.8725712
1,1,0.9070857
1,1,0.9076976
1,0,0.44213352
1,1,0.895673
1,1,0.8856551
1,1,0.92494965
1,1,0.92120564
1,1,0.8987816
1,1,0.7777919
1,1,0.52362007
1,1,0.8239126
1,1,0.8000235
1,0,0.16780418
1,1,0.6937148
1,1,0.8377208
1,1,0.9196258
1,1,0.5501273
1,1,0.6547898
1,1,0.9600025
1,1,0.6092633
1,1,0.9401947
1,1,0.82715654
1,0,0.24799599
1,1,0.86953294
1,1,0.8737892
1,1,0.86108994
1,1,0.60146993
1,1,0.8726231
1,1,0.8065653
1,1,0.93369824
1,1,0.76787925
0,1,0.7532216
1,1,0.8951401
1,1,0.94497603
1,1,0.7029313
1,1,0.8493697
1,1,0.86213154
1,1,0.8197439
1,1,0.54066515
1,1,0.7558025
1,1,0.8828728
0,0,0.43742365
1,1,0.81294715
1,1,0.66157526
1,1,0.9477219
1,1,0.5449863
1,1,0.8365523
1,1,0.54353476
1,1,0.65535367
1,1,0.65219694
1,1,0.8893226
1,1,0.7984123
1,1,0.93126804
1,1,0.88293517
1,1,0.9399481
1,1,0.62336725
1,1,0.7238061
1,1,0.85043144
1,1,0.6966418
1,1,0.7733764
1,1,0.8688312
1,1,0.958289
1,0,0.49338913
1,0,0.2728896
1,1,0.7358022
1,1,0.57550687
1,1,0.5958472
1,1,0.8688335
1,1,0.8654919
1,1,0.7857429
1,1,0.9082431
1,0,0.4309948
1,0,0.39356822
1,1,0.9007731
1,0,0.47820222
0,1,0.7303748
1,0,0.386311
1,1,0.6925765
1,1,0.92086035
1,1,0.8609514
1,1,0.91566193
1,1,0.77562034
1,1,0.9189128
1,0,0.45520565
1,1,0.59249353
1,1,0.65544635
1,1,0.9082608
1,1,0.6707291
1,0,0.29426098
1,1,0.9263191
1,0,0.47836748
1,0,0.4479863
1,1,0.92233247
1,1,0.7316993
1,1,0.83378506
1,1,0.8210317
1,1,0.6575519
1,0,0.33415258
1,1,0.68868965
1,1,0.5738574
1,1,0.6833236
1,1,0.8364698
1,1,0.8975766
1,1,0.78645676
1,0,0.4584506
1,1,0.90931606
0,0,0.10393579
1,1,0.7630047
1,1,0.60335124
0,1,0.6392801
1,1,0.62277424
1,1,0.8562188
1,1,0.88862175
1,1,0.8888952
1,1,0.92931515
1,1,0.8963019
1,1,0.8636937
1,0,0.4643084
1,0,0.46325323
1,1,0.66491556
1,1,0.8534779
0,1,0.615217
1,1,0.90314764
1,0,0.30349797
1,1,0.9121815
1,1,0.8467286
1,1,0.7638405
1,1,0.7621653
1,1,0.51607805
1,1,0.51376104
1,1,0.89820915
0,0,0.12556511
1,0,0.3353352
1,1,0.50801116
1,1,0.8019312
1,1,0.8780218
1,1,0.7080813
1,1,0.73170143
1,1,0.93141836
1,1,0.93120784
1,1,0.6834844
1,1,0.5684036
1,1,0.73168695
1,1,0.8612205
1,1,0.92486703
1,1,0.8735021
1,1,0.8914853
1,1,0.7839256
1,0,0.48244506
1,1,0.7242688
1,1,0.9130328
1,1,0.94250494
1,1,0.77409047
1,1,0.867663
1,1,0.84270394
1,1,0.7340263
1,1,0.6126353
1,1,0.6039403
1,1,0.78865266
1,1,0.82637393
1,1,0.7169701
1,1,0.8211674
1,1,0.6851351
1,0,0.23397774
1,1,0.9382565
1,0,0.39787254
1,1,0.64862454
1,1,0.7920822
1,0,0.3330214
1,1,0.94628453
1,1,0.8564304
1,1,0.66428995
1,1,0.7973859
1,1,0.89865243
1,1,0.6821059
1,0,0.49299535
1,1,0.8790826
0,0,0.46233264
1,1,0.5819518
1,1,0.9159888
1,1,0.88640434
1,1,0.7842038
1,0,0.33417732
1,1,0.90740865
1,1,0.7839525
1,1,0.84942615
1,0,0.061858132
1,1,0.7986629
1,1,0.9010292
1,0,0.44931367
1,1,0.80174005
1,1,0.8442417
1,1,0.5133713
1,0,0.26900205
1,1,0.7154406
1,1,0.86155164
1,1,0.76667655
1,1,0.6120761
1,1,0.7968391
1,1,0.7429463
1,1,0.84596974
1,1,0.55754673
1,1,0.57833064
1,1,0.8288596
0,0,0.1177611
1,1,0.8310145
1,1,0.73678124
1,1,0.8779468
1,0,0.33763593
1,1,0.8298336
1,1,0.846546
1,1,0.8067311
1,1,0.8859277
1,0,0.43908435
1,1,0.7401713
1,1,0.6760526
1,1,0.7539086
1,1,0.88129115
1,0,0.3377501
1,0,0.035086345
1,1,0.6141472
0,0,0.03608503
1,1,0.5123441
1,1,0.80251837
1,0,0.49184418
1,1,0.59165025
1,1,0.69710517
1,0,0.26426977
1,1,0.87081087
1,1,0.6915465
1,1,0.9127542
1,1,0.8071612
1,0,0.46994856
1,1,0.9324346
1,1,0.554999
1,1,0.816889
1,1,0.7071648
1,1,0.70865446
1,1,0.86065835
1,1,0.64045167
1,1,0.8620539
0,0,0.07845044
1,0,0.31285694
1,1,0.7112194
1,1,0.61243325
1,1,0.6593271
1,0,0.20823012
1,1,0.84419155
1,1,0.72786015
1,1,0.8915717
1,1,0.8711368
1,0,0.24521974
1,1,0.85486454
1,0,0.38765308
1,1,0.61622
1,0,0.39085698
1,1,0.9014764
1,1,0.96240085
1,1,0.7514553
1,1,0.7608984
1,0,0.47642666
1,1,0.8621818
1,1,0.71638596
1,1,0.70247495
1,1,0.8763522
1,1,0.8649461
1,1,0.52163583
1,1,0.6607682
1,1,0.5015895
1,1,0.87460774
1,1,0.9179838
1,0,0.10048277
1,0,0.20251009
1,1,0.6226917
1,1,0.86691666
1,1,0.5128997
1,1,0.85052514
1,1,0.8336904
1,0,0.215531
1,1,0.6049999
1,1,0.9030017
1,1,0.58424824
1,1,0.5223488
1,1,0.84136504
0,0,0.08259449
1,1,0.91326505
1,0,0.10827882
1,1,0.77289724
1,0,0.46482164
1,0,0.23555915
1,1,0.8822393
1,1,0.85994583
1,1,0.9224701
1,1,0.89818245
1,1,0.8545392
1,1,0.7441744
1,1,0.6394318
1,1,0.8619654
1,1,0.61175346
1,1,0.8122549
1,0,0.33832783
1,1,0.6397028
1,0,0.3801798
1,0,0.14867951
1,1,0.77258
1,1,0.7909926
1,1,0.78214145
1,1,0.8887661
1,1,0.6318295
1,1,0.8561391
1,1,0.848124
1,1,0.91069794
1,1,0.9275672
1,0,0.047307845
1,1,0.8610612
1,1,0.51716596
1,1,0.7398765
1,0,0.33193582
1,1,0.63264984
1,1,0.85938025
1,1,0.8071454
0,0,0.17528206
1,1,0.548518
1,1,0.5558996
1,1,0.8551136
1,1,0.8993453
1,1,0.9039222
1,1,0.501204
1,1,0.53690255
1,1,0.88232213
1,1,0.85762584
1,1,0.85098433
0,1,0.5021328
1,1,0.86664975
1,1,0.6351981
1,1,0.837195
0,1,0.7699349
1,1,0.83012
1,0,0.17198984
1,1,0.80307376
1,0,0.43006003
1,1,0.9055565
1,1,0.86091113
0,1,0.59096223
1,1,0.7893915
1,1,0.6166125
0,0,0.2451769
1,1,0.93706924
1,0,0.49608213
1,1,0.8363404
1,1,0.8443396
1,1,0.8139607
1,1,0.77558446
1,1,0.5717943
1,0,0.3943794
1,1,0.9411989
1,1,0.66856676
0,0,0.2188954
1,1,0.6613141
1,1,0.7230777
1,1,0.94557136
1,1,0.5531817
0,0,0.16287923
1,1,0.770247
1,1,0.8611693
1,1,0.5336622
1,1,0.82722
1,0,0.1361399
1,1,0.6057856
1,1,0.85850513
1,0,0.43713734
0,1,0.53802145
1,1,0.9437873
1,1,0.8443509
1,0,0.46118924
1,1,0.6513161
1,1,0.9037985
1,1,0.87306195
1,0,0.4721666
1,0,0.28743085
1,1,0.6419038
1,1,0.7301975
1,1,0.91166204
1,1,0.7669535
1,1,0.94427526
0,0,0.06692811
1,0,0.053159915
1,1,0.8794289
1,1,0.82389873
1,1,0.82169604
1,1,0.8865869
1,1,0.7490378
1,1,0.8872988
1,1,0.8346816
1,1,0.7789331
1,1,0.7787999
1,1,0.849305
1,1,0.9270301
1,1,0.7751851
1,1,0.865714
1,1,0.82398766
1,1,0.57579994
1,1,0.852156
1,1,0.6067617
1,1,0.6808409
1,1,0.90749204
1,1,0.7933761
1,0,0.42575926
1,1,0.8987402
1,1,0.6385264
1,1,0.5825474
1,1,0.5700049
1,1,0.9328054
1,1,0.5031918
1,1,0.8408846
1,1,0.7283064
0,0,0.42607963
1,1,0.6843355
1,1,0.7408182
1,1,0.5888137
1,0,0.49738437
0,1,0.6481278
1,0,0.20245492
1,1,0.62841684
1,1,0.8804599
1,1,0.740107
1,1,0.7426871
1,1,0.8768888
1,0,0.2965628
1,1,0.8940858
1,1,0.89111716
1,0,0.3380185
1,1,0.67323357
1,1,0.9279969
1,1,0.7274282
1,0,0.2649193
1,1,0.8541371
1,1,0.73622173
1,1,0.53657097
1,1,0.821514
1,0,0.4964671
1,1,0.9288331
1,1,0.92074686
1,1,0.6012976
1,0,0.26017565
1,1,0.93783116
1,1,0.69650495
1,1,0.8561522
1,1,0.9630065
1,1,0.68906134
1,0,0.04263553
1,1,0.9262056
1,1,0.53268784
1,1,0.54007906
1,1,0.67772967
0,0,0.07445643
1,1,0.8376277
1,1,0.84504133
1,0,0.43455392
1,0,0.30741984
1,0,0.3456842
1,1,0.8866529
1,1,0.71458554
1,1,0.80240476
1,1,0.54957885
1,1,0.87018067
1,1,0.7728222
1,1,0.90864414
1,1,0.91195095
1,1,0.5608052
1,1,0.608438
1,0,0.30914208
1,1,0.8405199
1,1,0.9097175
1,1,0.7021009
1,1,0.50138175
1,1,0.90103674
1,1,0.5653766
0,1,0.61814076
1,1,0.9376753
1,1,0.55370224
0,1,0.50870186
1,0,0.44780436
1,1,0.8806127
1,0,0.15506029
1,1,0.86600405
1,1,0.55439836
1,1,0.5900949
1,1,0.5771847
1,1,0.87893236
1,1,0.6801415
1,1,0.6096634
1,1,0.9103605
1,1,0.57236487
1,1,0.8723135
1,0,0.26303515
1,1,0.9403241
1,1,0.8651045
1,1,0.86771053
1,0,0.48213872
1,1,0.7553139
0,1,0.6045358
1,1,0.9502165
1,1,0.92849237
1,1,0.8643339
1,1,0.66984296
1,1,0.80396277
1,1,0.7141457
1,1,0.9467915
1,1,0.9313715
1,0,0.32922
1,1,0.8442121
1,0,0.3085853
1,1,0.5229831
1,0,0.42062616
1,0,0.26237968
1,0,0.35679317
1,1,0.8585471
1,1,0.5253174
1,1,0.7057024
1,1,0.7260908
1,1,0.9317899
1,0,0.38173193
1,1,0.52841175
1,1,0.68990755
1,1,0.7686596
1,0,0.48125684
1,1,0.87902814
1,0,0.4425401
1,1,0.52246416
1,1,0.5189793
1,1,0.8287344
1,1,0.73056054
1,0,0.186109
1,1,0.9475418
1,0,0.36117536
1,1,0.9502667
1,1,0.71663696
1,0,0.28436884
1,1,0.92993027
1,1,0.68764704
1,1,0.60388285
1,1,0.65166503
1,1,0.9053368
1,1,0.78029853
1,1,0.75205964
1,1,0.85201526
1,1,0.74362826
1,0,0.430697
1,0,0.11755878
1,1,0.7737275
1,1,0.8949548
1,1,0.90383625
1,1,0.8473196
1,1,0.7523352
0,1,0.85943604
1,1,0.88863915
1,1,0.8515672
1,1,0.58708483
1,1,0.76409435
1,0,0.21935043
1,1,0.8086166
1,1,0.9339985
1,1,0.7784188
1,1,0.7060489
1,1,0.51959825
1,1,0.8491531
1,1,0.91683084
1,0,0.035967182
1,1,0.83184314
1,1,0.90008116
1,1,0.93743753
1,1,0.5628099
1,1,0.6184112
1,1,0.8774034
1,0,0.49472848
1,0,0.45705584
1,1,0.6358422
1,1,0.89746326
1,1,0.90721834
1,1,0.8249326
1,1,0.9502672
0,0,0.23376322
1,1,0.5098934
1,1,0.9351805
1,0,0.23475331
1,1,0.8678175
0,0,0.37450013
1,1,0.75397843
1,1,0.85094017
1,1,0.8015804
1,1,0.7877684
1,1,0.89890957
1,0,0.31331646
1,1,0.7541306
1,0,0.44011387
0,0,0.07859445
1,1,0.8206546
1,0,0.42841485
1,1,0.5999107
1,1,0.94831324
1,1,0.93653506
1,0,0.49347898
1,1,0.8616528
1,1,0.8686988
1,0,0.47886726
1,0,0.34688705
0,0,0.43002492
1,0,0.22425357
1,0,0.1886282
1,1,0.89922583
1,1,0.90832335
1,1,0.9004657
1,1,0.83257765
1,1,0.90211016
1,1,0.5615659
1,0,0.2746034
1,0,0.45726213
1,1,0.93435675
1,0,0.15085119
1,1,0.8500687
1,1,0.54945195
1,1,0.788713
1,1,0.55066276
1,1,0.82907426
1,1,0.68906575
1,1,0.8584683
1,1,0.8090828
1,1,0.9524356
1,1,0.9182679
1,1,0.73468095
1,1,0.8071678
1,0,0.26915824
1,1,0.6957598
1,1,0.5177879
1,0,0.07211097
1,1,0.86240506
1,1,0.5596935
1,1,0.9173203
1,1,0.7154049
1,0,0.18361694
1,0,0.18363887
1,1,0.5540632
1,1,0.9039945
1,0,0.47725365
1,0,0.48158866
1,1,0.87170273
1,0,0.48657537
1,1,0.59439814
1,1,0.8212331
1,1,0.71480757
1,1,0.52189153
1,1,0.8423295
1,1,0.9066412
1,1,0.5631406
0,0,0.23594739
1,1,0.54183286
1,0,0.283563
1,1,0.6984773
1,1,0.5207302
1,1,0.7293337
0,0,0.088196926
1,1,0.50964826
1,1,0.95991576
1,1,0.6114904
1,1,0.85418963
1,1,0.7499614
1,1,0.6326402
1,0,0.35047066
1,1,0.5651186
1,0,0.43491846
1,1,0.6232177
1,1,0.6059351
1,1,0.6507959
1,1,0.86610883
1,1,0.86738634
1,1,0.8892933
1,1,0.74257976
1,1,0.9001112
1,1,0.79580355
1,1,0.7856448
1,0,0.41911405
1,1,0.63881224
1,1,0.6281518
1,1,0.90840816
0,0,0.4734389
0,0,0.39595637
1,1,0.90676
1,1,0.7743084
1,1,0.65182453
1,1,0.7278532
1,1,0.6156551
0,0,0.12108167
1,1,0.5097283
1,1,0.8688609
1,1,0.5069989
1,1,0.55709225
1,1,0.69487363
1,1,0.7348293
1,1,0.7558777
1,1,0.9199212
1,0,0.26236024
1,1,0.77922523
1,1,0.6156047
1,1,0.8754169
1,1,0.6867385
1,1,0.6223734
1,1,0.74803454
1,1,0.8426096
1,0,0.19142227
1,1,0.9371762
1,1,0.8614802
1,1,0.7093984
1,1,0.5670509
1,1,0.50005066
1,0,0.15703294
1,0,0.4789944
1,1,0.8607363
1,1,0.682812
1,1,0.83162266
0,0,0.29180452
1,1,0.856203
1,1,0.8354863
1,1,0.64755976
1,1,0.76733154
0,0,0.16752537
1,1,0.84793496
1,1,0.8549511
0,0,0.2772457
1,1,0.9555929
1,0,0.21320221
1,0,0.39025873
1,1,0.88835984
1,1,0.8024931
1,1,0.82985646
1,1,0.9642567
1,0,0.35011286
1,1,0.8162968
1,1,0.6045343
1,1,0.6415049
1,1,0.75587434
1,1,0.8976237
1,0,0.31662726
1,0,0.41491792
1,1,0.5770449
1,1,0.90584165
1,0,0.2676885
1,1,0.8117297
1,1,0.54303354
1,1,0.5889433
1,0,0.04279449
1,1,0.7720224
1,1,0.8737439
1,1,0.88902926
1,1,0.8190353
1,1,0.94424486
1,1,0.68496865
1,0,0.2008128
1,0,0.36997136
0,0,0.02661221
1,1,0.9349249
1,1,0.91271216
1,0,0.48493078
1,1,0.7480119
1,1,0.859356
1,1,0.50183433
1,1,0.68124896
1,1,0.8824506
0,0,0.21453552
1,1,0.9590833
1,1,0.6749263
1,1,0.59989345
1,1,0.78299785
1,1,0.5091244
0,0,0.42429656
1,1,0.7661824
1,1,0.95862913
1,1,0.55351716
1,1,0.60574347
1,0,0.44091105
1,1,0.6964635
0,1,0.67417103
1,1,0.9437464
1,1,0.8937624
1,0,0.39819717
1,1,0.7192996
1,1,0.563835
1,1,0.6784882
1,1,0.8450469
1,1,0.531577
1,0,0.45457864
1,0,0.49873832
1,0,0.3593066
1,1,0.75015336
1,1,0.7972716
1,0,0.46256143
1,1,0.70684654
1,0,0.4884826
0,1,0.69892895
1,1,0.7055351
1,1,0.928187
1,1,0.7026505
1,1,0.8111691
1,0,0.09438589
1,1,0.5695935
1,0,0.43090135
1,1,0.87432027
1,1,0.68324935
1,1,0.9152804
1,1,0.65854776
1,1,0.6916703
1,0,0.07181127
1,1,0.70230114
1,1,0.94614655
1,0,0.4884876
1,1,0.50161
1,1,0.8951305
1,1,0.62958294
1,0,0.44798535
1,1,0.8901478
1,0,0.35098842
1,1,0.68173116
1,1,0.6866611
1,1,0.5633703
1,1,0.7047217
0,1,0.6678099
1,1,0.7411108
1,1,0.5089443
1,1,0.6414241
1,1,0.6651023
1,1,0.8822341
1,1,0.5492964
0,0,0.32255495
1,1,0.6728896
1,1,0.781593
1,1,0.66915053
1,0,0.31045648
1,1,0.68254143
1,1,0.9468883
1,1,0.89343894
0,1,0.6273478
1,1,0.5045979
1,1,0.80664015
1,1,0.82971734
1,1,0.87943345
1,1,0.6199803
1,1,0.78080535
1,1,0.85540354
1,1,0.62327343
1,1,0.8639072
0,0,0.21110398
1,1,0.78740764
1,1,0.7534743
1,1,0.95044804
1,1,0.9167365
1,1,0.8700991
0,0,0.17370056
1,1,0.72085077
1,1,0.903752
1,1,0.8175392
1,1,0.9179493
1,1,0.6328416
1,1,0.85417455
0,0,0.3566515
1,1,0.654095
1,0,0.47785592
1,1,0.50881034
1,1,0.80775106
1,1,0.8348572
1,1,0.57479894
1,1,0.82620054
1,1,0.720721
1,1,0.9237184
1,1,0.83736223
1,1,0.9325923
1,1,0.7173743
1,1,0.84029216
1,0,0.4899075
1,1,0.9691684
1,1,0.61649996
1,1,0.5240548
1,1,0.87419343
1,1,0.7468839
1,1,0.8285352
1,1,0.8790649
1,0,0.48690602
1,1,0.6182878
1,1,0.83978695
1,1,0.7044163
1,0,0.2303292
1,1,0.8552701
1,1,0.8767171
1,1,0.59164304
1,1,0.93151623
1,0,0.36860365
0,0,0.42193553
1,1,0.6757614
1,1,0.93238956
1,1,0.8646743
1,1,0.82806015
1,1,0.58986115
1,0,0.45500442
1,1,0.88503146
1,1,0.90374887
1,0,0.22563894
1,0,0.4699371
1,1,0.71974546
1,1,0.80530536
1,0,0.43997973
1,0,0.43645948
1,1,0.9079203
1,1,0.88953185
1,1,0.92323893
1,1,0.7257284
1,1,0.7981726
1,1,0.95007485
1,1,0.6378675
1,1,0.83727634
1,1,0.8514568
1,0,0.22759993
1,1,0.8468755
1,1,0.56117153
1,1,0.5776106
1,1,0.91655886
1,0,0.48956048
1,1,0.9131966
1,1,0.622969
0,1,0.61234415
1,1,0.58551204
0,0,0.24507791
0,0,0.048857402
1,1,0.8358387
1,1,0.85313046
1,1,0.52496994
1,1,0.9389904
1,1,0.81745636
1,1,0.8278573
1,0,0.13329639
1,0,0.32669652
1,1,0.76968336
1,1,0.57014805
1,1,0.6940731
1,0,0.38190377
1,0,0.31245416
1,1,0.8790183
1,1,0.9160139
1,0,0.33422795
1,1,0.869851
1,1,0.5017062
1,1,0.6577263
1,1,0.92433375
1,1,0.6426322
1,1,0.9459702
1,1,0.94258916
1,1,0.92910343
1,1,0.52636695
1,1,0.9240856
1,1,0.8835731
1,1,0.51546866
1,0,0.44148532
0,0,0.4580161
1,1,0.57344586
1,1,0.76765287
1,1,0.8626439
1,1,0.9284704
1,0,0.2795002
0,1,0.8791076
1,1,0.9272317
1,1,0.5165893
1,1,0.567995
1,0,0.26897633
1,1,0.7161124
1,0,0.38867858
1,1,0.8958634
1,0,0.20578496
0,0,0.27107012
1,1,0.7086414
1,1,0.828235
1,1,0.8606816
1,1,0.8737657
1,1,0.79699194
1,1,0.8935906
1,1,0.71146864
1,1,0.9156616
1,1,0.90908056
1,1,0.89573747
1,1,0.8502029
1,0,0.1790725
1,1,0.6210924
1,1,0.95095825
1,1,0.86906767
1,0,0.087832525
1,0,0.33594212
1,1,0.87052214
1,1,0.84283733
1,1,0.5219201
1,1,0.6534952
1,1,0.9125733
0,0,0.13935867
1,1,0.81089735
1,0,0.43396392
1,1,0.8208897
1,0,0.063218646
1,1,0.8713759
1,1,0.75576574
1,0,0.14249335
1,1,0.6377234
1,1,0.8181787
1,1,0.9250539
1,1,0.9558015
1,1,0.93042123
1,1,0.58536124
1,1,0.63658625
1,0,0.414724
1,0,0.11344667
1,1,0.8703353
1,1,0.9215812
1,1,0.8762244
0,0,0.32593894
1,1,0.90382063
1,1,0.94995964
1,0,0.10929507
1,1,0.89000267
1,1,0.87346685
1,1,0.5262254
0,1,0.74389356
1,0,0.4737649
1,0,0.15843484
1,1,0.663919
1,1,0.9320279
1,1,0.74992293
1,1,0.5493588
1,1,0.8743496
1,1,0.8901264
1,1,0.8749787
1,1,0.6273484
1,0,0.4297819
1,1,0.9541232
1,1,0.7843924
1,1,0.6570322
1,1,0.74513847
1,0,0.05548131
1,0,0.30196196
1,1,0.87465465
1,1,0.5214934
1,1,0.7890152
1,0,0.23051736
1,1,0.841245
1,1,0.8371657
1,1,0.73152834
1,1,0.64880663
1,0,0.08009941
1,1,0.80037874
1,1,0.65013915
1,0,0.42850047
1,1,0.7110193
1,1,0.9615428
1,1,0.88697296
1,1,0.83171445
1,1,0.68599266
1,0,0.29757217
1,1,0.8586284
1,1,0.81233764
1,1,0.6052501
1,1,0.9412181
1,1,0.6698923
1,1,0.6627564
1,0,0.18247283
1,1,0.9384078
1,1,0.78998244
1,1,0.9492077
1,0,0.38793766
1,1,0.74909335
1,1,0.8503167
1,1,0.5792648
1,1,0.5686026
1,1,0.66413003
1,0,0.47892955
1,1,0.55807436
0,1,0.61148375
1,1,0.9474378
1,1,0.93352604
0,0,0.21804729
1,1,0.62668955
1,1,0.63534445
1,1,0.860594
1,1,0.9547727
1,0,0.36823753
1,1,0.9203984
1,1,0.8512421
1,1,0.8584278
1,1,0.6017525
1,1,0.64615285
1,0,0.21102266
1,0,0.42694628
1,1,0.6746863
1,1,0.8513586
1,0,0.4970953
1,0,0.49828595
1,1,0.5275777
1,1,0.5190887
1,1,0.9177787
1,0,0.17112893
1,1,0.8811545
1,1,0.5675876
1,0,0.042359084
1,1,0.5377579
1,0,0.15585837
1,1,0.6983075
1,0,0.3911827
1,1,0.8143592
1,1,0.6256987
1,1,0.91416645
1,1,0.8227491
1,0,0.48130798
1,1,0.92609376
1,1,0.66443706
1,1,0.8656618
1,1,0.7588272
1,0,0.38760114
1,1,0.6824219
1,1,0.8545258
1,1,0.6219728
1,1,0.88551736
1,1,0.92622226
1,0,0.46968538
1,1,0.8655848
1,1,0.69455045
1,1,0.91248584
1,1,0.877623
1,1,0.8485726
1,1,0.88574994
1,0,0.47752973
1,1,0.6171723
0,1,0.6371946
1,1,0.8777658
1,1,0.8823003
1,0,0.4911287
1,1,0.90990824
1,0,0.06109329
1,0,0.23835696
1,1,0.8493221
1,1,0.87898046
1,1,0.843339
1,1,0.95529175
1,1,0.82548374
1,1,0.85789025
1,0,0.48663053
1,1,0.883657
1,1,0.75965494
1,1,0.62964374
1,1,0.62090343
1,1,0.7084398
1,1,0.5895747
1,1,0.70433414
1,0,0.28457066
1,1,0.87026364
1,0,0.34613132
1,0,0.35432383
1,1,0.91946393
0,0,0.060317233
1,1,0.8357812
1,1,0.93825996
1,1,0.5413059
1,0,0.112306125
1,1,0.6484838
1,1,0.9064128
1,1,0.79098153
1,1,0.8224272
1,1,0.8047347
1,0,0.49106938
1,0,0.4031779
1,1,0.8375788
1,1,0.72664917
1,1,0.75240606
1,1,0.758231
1,0,0.49546576
1,1,0.8608698
1,1,0.8864725
1,0,0.33966345
1,1,0.9222489
1,0,0.4351674
1,0,0.47419992
1,1,0.80991757
1,1,0.8292065
1,0,0.41699225
1,0,0.19053598
1,1,0.8198179
1,0,0.272734
1,0,0.46279722
1,1,0.8389927
1,1,0.6567467
1,1,0.8561992
1,1,0.7718217
1,1,0.78473157
1,0,0.23122571
1,1,0.66671234
1,1,0.9594517
1,1,0.9602263
1,0,0.38456377
1,1,0.71344244
1,1,0.8414503
1,1,0.7470146
1,1,0.69323003
1,1,0.70725995
0,1,0.6472939
1,0,0.3189609
1,1,0.909603
1,1,0.9611648
0,0,0.4416579
1,0,0.114551924
1,1,0.89322937
1,1,0.6266464
0,0,0.41830873
0,0,0.084264986
1,1,0.9058534
1,1,0.50863576
1,1,0.9010443
1,1,0.7156194
1,1,0.73082083
1,1,0.8907414
0,1,0.741919
1,1,0.8963903
0,0,0.15863846
1,0,0.21309453
1,1,0.92019945
0,1,0.85311013
1,1,0.92564267
1,1,0.55243117
1,1,0.80454665
1,1,0.8650319
1,1,0.8513356
1,1,0.9283982
1,1,0.8505037
1,1,0.7722901
1,0,0.39675608
1,1,0.886836
0,0,0.1156045
1,0,0.4866987
1,1,0.87272614
1,1,0.86998665
1,1,0.5437123
1,0,0.20344739
1,1,0.9086764
1,0,0.31465107
1,1,0.77530533
1,0,0.16597988
1,1,0.91584337
1,0,0.46177655
1,1,0.76828027
1,1,0.7427243
1,1,0.76324403
1,1,0.934163
0,1,0.55933076
1,0,0.18366149
1,1,0.71791553
1,1,0.80720186
1,1,0.5319787
1,1,0.9563544
0,0,0.425534
1,1,0.87420154
1,1,0.6638576
1,1,0.82197773
1,1,0.8673266
0,0,0.07710517
1,1,0.8280555
1,1,0.89565426
1,1,0.9139341
1,1,0.857362
1,1,0.89228123
1,0,0.40799075
1,0,0.11151784
1,1,0.8131115
1,0,0.48054385
1,1,0.6115726
1,0,0.17150335
1,0,0.27469414
1,1,0.78269714
1,1,0.8729429
1,1,0.71664435
1,1,0.9144365
1,1,0.64221585
1,1,0.86310685
1,0,0.31747106
1,1,0.8544574
1,1,0.82690465
1,0,0.42510176
1,1,0.5720254
1,1,0.88458854
1,1,0.83771765
1,0,0.18227804
1,1,0.73130757
1,0,0.45881766
1,0,0.26254746
1,1,0.95690966
1,1,0.77302754
1,1,0.80836874
1,1,0.76958245
1,0,0.37399206
1,1,0.8362876
1,1,0.75643563
1,1,0.80145484
1,1,0.8704093
1,1,0.7411772
1,1,0.8941874
1,1,0.50160533
1,0,0.15052432
1,0,0.447688
1,1,0.77822334
1,1,0.7190948
1,1,0.81020314
1,1,0.60493636
1,1,0.8135879
1,1,0.91582197
1,1,0.87134033
1,1,0.7233162
1,0,0.4298281
1,1,0.77024263
1,1,0.84276855
1,1,0.66192216
1,1,0.7811466
1,1,0.902271
1,1,0.94864
1,1,0.6539783
1,0,0.41405022
1,1,0.80797434
1,1,0.68738306
1,1,0.9061144
1,1,0.86075443
1,1,0.63625467
1,1,0.9128014
1,1,0.5094878
0,0,0.14319846
1,1,0.85841465
1,1,0.6490686
1,0,0.06932877
1,1,0.5779663
1,0,0.3532263
1,1,0.82081133
1,0,0.17899337
1,1,0.768822
0,0,0.17342815
1,0,0.2662493
1,1,0.8423771
1,1,0.84184605
1,1,0.9001903
1,1,0.7192654
1,1,0.9193949
1,0,0.29444176
1,1,0.79914916
1,1,0.93656105
1,1,0.6576597
1,1,0.960713
1,1,0.9244379
1,1,0.62385935
1,1,0.87757903
1,1,0.600409
1,0,0.4835534
1,1,0.9219491
1,1,0.9187234
1,1,0.67685366
1,1,0.8253112
1,0,0.4436029
1,1,0.61252713
1,1,0.93443674
1,1,0.5694979
1,1,0.94186866
1,0,0.47422147
1,1,0.62588066
1,1,0.79903483
1,1,0.67074275
1,1,0.8337927
1,1,0.79463905
1,1,0.5514279
1,1,0.71929693
1,1,0.5148785
1,0,0.4997973
1,1,0.84689057
1,1,0.7602032
1,1,0.94465744
1,1,0.80930555
1,1,0.63120854
1,1,0.73880744
1,1,0.6317339
1,1,0.57768583
1,0,0.17827252
1,0,0.3231555
1,1,0.9207807
1,0,0.46347734
1,1,0.94545585
1,1,0.7394927
1,1,0.93095815
1,0,0.24015023
1,1,0.6590518
1,1,0.542024
1,1,0.76192933
1,1,0.91076726
1,1,0.6438143
1,0,0.48928383
1,1,0.87984717
1,1,0.7534419
1,1,0.66147107
1,1,0.9235044
1,1,0.9052342
0,0,0.37342846
0,1,0.7607782
1,0,0.4990865
1,1,0.66596115
1,1,0.8614575
1,1,0.85151005
1,1,0.81085634
1,1,0.8872498
1,1,0.8421091
1,1,0.68381757
1,1,0.83026254
1,0,0.47073057
1,1,0.69842476
1,1,0.57277507
1,0,0.2395562
1,0,0.2779464
1,1,0.54180074
1,1,0.8674608
1,0,0.2648835
1,0,0.45822215
1,0,0.18902324
1,1,0.8376493
1,1,0.76675695
1,1,0.59817475
1,1,0.6005198
0,1,0.8510515
1,1,0.6186155
1,0,0.35870323
1,0,0.13691169
1,1,0.9315921
1,1,0.5100857
0,1,0.90530413
1,0,0.45059624
1,1,0.6714211
1,1,0.8287271
1,1,0.84083325
1,1,0.93887573
0,0,0.1606237
1,1,0.94231206
1,0,0.39855096
1,0,0.15133433
1,1,0.89980483
1,1,0.93024683
1,1,0.92948455
1,1,0.9085461
1,1,0.67669207
1,1,0.8575611
1,1,0.59972036
1,1,0.8320234
1,1,0.81662333
1,1,0.9153972
1,1,0.89061385
1,1,0.72703415
1,1,0.8830937
1,1,0.8065387
1,1,0.908723
0,1,0.5719646
1,0,0.16157152
1,1,0.86369926
1,1,0.5617475
1,0,0.4337522
1,1,0.8585528
1,1,0.89398164
1,1,0.7688564
1,1,0.6592526
1,1,0.9107434
1,1,0.5689701
1,1,0.90008223
1,1,0.5878315
1,1,0.6381201
1,1,0.8122012
1,1,0.5238286
1,1,0.76427704
1,0,0.28612617
1,0,0.33108518
1,1,0.5397875
1,1,0.77260524
1,1,0.8805402
1,0,0.46037763
1,1,0.90315837
1,1,0.731287
1,0,0.43397507
1,0,0.14610988
1,1,0.52865666
1,0,0.1945066
1,1,0.65054256
1,1,0.878575
1,1,0.9593491
1,1,0.83359617
1,1,0.8467757
1,1,0.90862244
1,0,0.32992572
1,0,0.49456197
1,0,0.19530714
1,1,0.6496376
1,1,0.77743196
1,0,0.3854267
1,1,0.7732372
1,0,0.47199795
1,1,0.5600059
1,1,0.74130505
1,1,0.9520174
1,0,0.15466468
1,1,0.90900767
1,1,0.6175462
1,1,0.6092582
1,0,0.056898154
1,1,0.931102
1,1,0.8316307
1,1,0.8543202
1,1,0.9557853
1,0,0.43973148
1,1,0.8841129
1,1,0.95174295
1,1,0.74672484
1,1,0.6287789
1,1,0.58356076
1,1,0.8510981
1,1,0.74036705
1,1,0.870205
1,1,0.85956913
1,1,0.881881
1,1,0.9315655
1,1,0.9421097
1,1,0.58542985
1,1,0.7440777
1,1,0.66476035
1,1,0.77513635
1,1,0.8647838
1,1,0.5775078
1,0,0.15260808
0,0,0.059598662
1,1,0.7828741
1,0,0.2385089
1,1,0.6637339
1,1,0.60080135
1,1,0.7729985
1,1,0.8450365
1,0,0.4918695
1,0,0.43369472
1,1,0.87379485
0,0,0.14242706
1,0,0.41131467
1,1,0.7655414
1,1,0.8563196
0,0,0.04155546
1,1,0.9356434
1,0,0.45169574
1,1,0.70811504
1,0,0.40607303
1,1,0.6533602
1,1,0.92523265
1,1,0.9236329
1,1,0.62989277
1,1,0.8910399
1,0,0.37293944
0,0,0.36757484
1,1,0.88770545
1,1,0.7990008
1,1,0.87710625
1,1,0.64722896
1,1,0.9453678
1,1,0.8724564
1,1,0.80948055
1,0,0.33056128
0,1,0.6888198
1,1,0.7682981
1,1,0.84270775
1,1,0.76643956
1,1,0.94311595
1,1,0.6956808
1,1,0.8084786
1,1,0.55868906
1,1,0.82037807
1,1,0.94613117
1,1,0.79437923
1,1,0.59535164
1,1,0.89634955
1,1,0.87124425
1,1,0.5634486
1,1,0.6685406
1,1,0.6231887
1,0,0.3325822
1,1,0.7783512
1,1,0.9585059
1,1,0.7083102
1,1,0.8477942
1,0,0.3458931
1,1,0.54286134
1,0,0.47307077
1,1,0.58682936
1,1,0.9028599
0,0,0.1878107
1,1,0.5626364
1,1,0.7422388
1,1,0.74363333
1,1,0.91156566
1,1,0.85100126
1,1,0.8201118
1,1,0.9031986
1,0,0.29624853
1,1,0.7620911
1,0,0.44502664
1,0,0.3659432
1,1,0.55984557
1,1,0.8446081
1,1,0.9245054
1,1,0.790691
1,0,0.43731204
1,0,0.20769235
1,1,0.65014076
1,1,0.923151
1,0,0.39080012
1,0,0.4560777
1,1,0.75286144
1,1,0.7458405
1,1,0.9349628
1,1,0.9016657
1,1,0.86464906
1,1,0.7076438
1,1,0.6289625
1,0,0.119419985
1,1,0.845401
1,0,0.37518978
0,0,0.14204967
1,1,0.9099392
1,0,0.24138951
0,0,0.17266357
1,0,0.4737181
1,1,0.82365155
1,1,0.5648602
1,0,0.1157966
1,1,0.7356384
1,1,0.6639984
1,1,0.8535805
0,0,0.380521
1,0,0.39455193
1,1,0.82491595
1,0,0.46769014
0,1,0.67336655
1,1,0.93851453
1,1,0.6669603
1,1,0.9342789
1,1,0.66887623
1,1,0.9505313
1,1,0.86910784
1,1,0.5841421
1,1,0.7705673
0,1,0.524322
1,0,0.1732634
1,1,0.6325644
1,1,0.7831551
0,0,0.28384155
1,0,0.2412597
1,0,0.18790673
1,1,0.8467563
1,1,0.9017823
1,1,0.7993678
1,1,0.8441594
1,1,0.83792424
1,1,0.7310134
1,0,0.059112616
1,1,0.8200438
1,1,0.6814478
1,0,0.47517014
1,1,0.76994854
1,1,0.7617812
1,1,0.56140083
1,1,0.90133995
0,0,0.2195067
1,0,0.2807628
1,1,0.5402161
1,1,0.5159064
1,1,0.91194737
1,0,0.20326062
1,1,0.77770084
1,1,0.6606281
1,0,0.2393501
0,0,0.068229206
1,1,0.7692826
1,1,0.51961446
0,0,0.38585427
1,1,0.683131
1,1,0.94862914
1,1,0.83671165
1,1,0.8795213
1,1,0.93383366
1,1,0.763201
1,1,0.59788066
1,1,0.7585685
1,1,0.8335436
1,1,0.6998522
1,1,0.9106699
0,0,0.15224624
1,1,0.93654746
1,0,0.49415806
1,1,0.8136113
1,1,0.8989566
1,0,0.21245065
1,1,0.88810396
1,1,0.8214722
1,1,0.8998129
1,1,0.81038225
0,0,0.08763402
1,1,0.75668687
0,1,0.5072146
1,1,0.89537114
1,0,0.4942057
1,1,0.8319952
1,1,0.87166613
1,0,0.47439605
1,1,0.83871657
1,1,0.56065625
1,0,0.38862622
1,1,0.9329066
1,1,0.907127
1,1,0.6934985
1,1,0.9238657
1,1,0.8748462
1,1,0.90754694
1,1,0.76005405
1,1,0.81334597
1,1,0.8229526
1,1,0.54920185
0,0,0.48417014
1,1,0.51448345
1,0,0.4693252
1,1,0.94510305
1,1,0.93148744
1,1,0.6383678
1,1,0.64125675
1,1,0.5732711
1,1,0.89460146
1,1,0.64609206
0,0,0.068782434
0,0,0.119692616
1,1,0.9582366
1,1,0.5649639
1,1,0.7391209
1,1,0.8964556
1,1,0.5506824
1,1,0.6050922
1,0,0.13859892
1,1,0.50393355
1,1,0.83165103
1,0,0.48415896
1,1,0.68264663
1,1,0.7938457
1,0,0.11645969
1,1,0.9094886
1,1,0.7167156
1,1,0.8702594
1,1,0.7416137
0,0,0.32149842
1,1,0.67610395
1,1,0.73778546
1,0,0.45576534
1,1,0.76017267
1,1,0.89674294
1,1,0.88645476
1,1,0.60668993
1,1,0.65046066
1,1,0.8387173
1,0,0.42094558
1,1,0.89573115
1,0,0.21185793
1,1,0.8897852
1,1,0.55675995
0,1,0.5221301
1,1,0.8877845
1,1,0.7732993
1,1,0.6294011
1,1,0.5685521
1,0,0.47847503
1,1,0.9332376
1,1,0.87742597
1,1,0.8541579
1,1,0.8912658
1,1,0.6548371
1,0,0.40453002
1,1,0.6983215
1,1,0.5749906
1,0,0.4467701
1,1,0.5192158
1,1,0.93022984
0,0,0.31021267
1,1,0.8609825
1,1,0.9028994
1,1,0.60150826
1,0,0.39822266
1,1,0.74100834
1,1,0.6307585
1,1,0.9233688
1,1,0.9067441
1,1,0.92867297
1,1,0.7028049
1,1,0.5940821
1,1,0.83517456
1,1,0.57189715
1,1,0.77907693
1,1,0.813518
1,1,0.75084805
1,1,0.7955935
1,1,0.56781524
1,1,0.9034711
1,1,0.54217744
1,1,0.9469168
1,0,0.31200695
1,1,0.6650535
1,1,0.7872471
1,1,0.5660654
1,0,0.43997678
1,1,0.87791604
1,1,0.75196844
1,1,0.74497306
1,1,0.92381066
1,1,0.78893167
1,1,0.5854413
1,1,0.86125374
0,0,0.26801214
1,1,0.7163133
1,1,0.7556888
1,1,0.8470778
1,1,0.90354437
1,1,0.5439929
1,1,0.94667464
1,1,0.6124246
1,0,0.13142738
1,1,0.8901203
1,1,0.6094039
1,1,0.8795718
1,0,0.44531032
1,1,0.803965
1,0,0.31898212
0,0,0.39421514
1,1,0.6172048
1,1,0.52777934
1,1,0.6169849
1,1,0.59121066
1,1,0.73960495
1,1,0.8899816
1,1,0.81886876
1,1,0.8632344
1,1,0.87475026
1,1,0.9406992
1,0,0.33833244
1,1,0.811144
1,1,0.83363783
1,1,0.67562354
1,1,0.5085823
1,1,0.70074624
1,0,0.2322781
0,0,0.22462007
1,1,0.77954113
1,1,0.7642316
1,1,0.8659396
1,1,0.7596842
0,0,0.14573435
1,1,0.8755492
1,0,0.4707005
1,1,0.60107136
1,1,0.87977105
1,1,0.7310879
1,0,0.26063484
1,1,0.888165
1,1,0.93999684
1,1,0.5494753
1,1,0.92854846
1,0,0.48240545
1,1,0.84818363
1,1,0.6245704
1,1,0.7391427
1,0,0.27041438
1,1,0.8601552
1,1,0.755171
1,1,0.84279937
1,1,0.8930101
1,1,0.8626472
0,0,0.041476727
1,1,0.5302448
0,0,0.14425221
1,1,0.8458208
1,1,0.90027833
1,1,0.91256523
1,0,0.22328478
1,1,0.7820064
1,0,0.31700578
1,1,0.56250554
1,1,0.7314208
1,1,0.82228494
1,1,0.7116594
1,0,0.26252136
1,1,0.6142775
1,1,0.5343366
1,1,0.7486607
1,0,0.29413933
1,1,0.85432565
1,1,0.9120638
1,1,0.7929568
1,0,0.13698104
1,0,0.23037204
1,1,0.8374305
1,1,0.80724955
1,1,0.7503571
1,0,0.3269384
1,0,0.22150977
1,1,0.82062423
1,1,0.8480809
1,1,0.6360984
1,1,0.8987519
1,1,0.7767241
0,0,0.091323644
1,0,0.07292535
1,1,0.91237384
1,1,0.6786955
1,1,0.8311215
1,1,0.5177768
1,1,0.72741497
1,1,0.6383375
1,1,0.80282706
0,0,0.42430726
1,1,0.9455753
1,1,0.81748235
1,0,0.1921718
1,1,0.6720413
1,0,0.41929564
1,1,0.86410064
1,0,0.06524851
1,0,0.46595395
1,0,0.22553685
1,1,0.85851204
1,1,0.80255806
1,1,0.86629325
1,1,0.9000494
1,1,0.8028782
1,1,0.84484756
1,1,0.8980182
1,1,0.7080586
1,0,0.3991327
1,1,0.77521724
1,0,0.38963732
1,1,0.8181963
1,1,0.5916032
1,1,0.86884934
1,0,0.3680505
1,0,0.27397174
1,0,0.072300345
1,0,0.43616587
1,1,0.82896733
1,1,0.9248387
1,1,0.6271634
1,1,0.85176235
1,1,0.8616266
1,1,0.9430584
1,1,0.8142112
1,1,0.8739383
1,0,0.41716817
1,1,0.883185
1,1,0.9183043
1,1,0.89794666
1,1,0.95776755
1,0,0.44549224
1,1,0.9245311
1,1,0.8099584
1,1,0.8983066
1,1,0.8290011
1,1,0.92685986
1,1,0.53409916
1,0,0.42536375
1,0,0.22469127
1,1,0.7905335
1,1,0.7738027
1,1,0.9029331
1,1,0.93667483
1,1,0.70052296
1,1,0.8499889
1,1,0.6331202
1,1,0.8509928
1,1,0.8537888
1,1,0.90114737
1,1,0.81875837
1,1,0.82097083
0,1,0.78271765
1,1,0.56811386
0,0,0.09643254
1,1,0.77356046
1,1,0.82102275
1,1,0.73114866
1,1,0.9195586
0,0,0.14776358
1,1,0.7828268
1,0,0.26168138
1,1,0.532886
1,1,0.9107466
1,1,0.80153906
1,1,0.82225317
1,1,0.9313047
1,1,0.6515452
1,1,0.7981585
1,0,0.39032772
1,1,0.8878792
0,0,0.46730083
1,1,0.84369993
1,0,0.41412187
1,1,0.95812285
1,1,0.8451051
1,0,0.16760412
0,0,0.06851471
1,1,0.94966346
1,1,0.8871185
1,0,0.45503542
1,1,0.7721117
1,1,0.8803069
1,1,0.8381777
1,1,0.7957697
1,1,0.9120336
1,1,0.8731749
1,1,0.7578846
1,1,0.7097042
1,1,0.9168301
1,1,0.9196848
1,1,0.679623
1,1,0.50488645
1,1,0.85089403
1,0,0.2685424
1,1,0.88392025
1,1,0.86887354
1,0,0.29188934
0,0,0.17353348
1,1,0.5113637
1,1,0.8126259
1,1,0.908485
1,1,0.9265354
1,1,0.9197803
1,1,0.7715828
1,1,0.758442
1,1,0.54808587
1,1,0.85022044
1,0,0.47015122
1,1,0.84949356
1,1,0.67378485
1,1,0.83380604
1,0,0.32909545
1,0,0.21707806
1,0,0.38420713
1,1,0.7882008
1,1,0.8823641
0,1,0.53373957
1,1,0.5885026
1,1,0.83482724
1,1,0.7879624
1,1,0.510244
1,1,0.6903541
1,1,0.73119503
1,1,0.8152901
1,1,0.6763752
1,1,0.6355794
1,1,0.9027157
1,1,0.7441302
1,0,0.46172252
1,1,0.50847435
0,0,0.12738447
1,1,0.939833
1,1,0.8735154
1,1,0.95044774
1,1,0.8619708
1,0,0.3186291
1,0,0.06838061
1,1,0.90100646
1,1,0.8808516
1,0,0.21431616
1,0,0.48243728
1,1,0.8892113
1,0,0.49259564
1,1,0.54623264
1,1,0.86928236
1,1,0.56353396
1,1,0.85773456
1,1,0.50031865
1,1,0.9644559
1,0,0.1846958
1,0,0.40880832
1,1,0.9045351
1,1,0.718718
1,1,0.50801516
1,1,0.81801724
1,1,0.882642
1,1,0.5323128
1,1,0.9599348
1,1,0.9286615
1,1,0.85310465
1,1,0.6959866
1,1,0.5274916
1,1,0.83643913
1,0,0.17992431
1,1,0.9245489
1,1,0.7905531
1,1,0.89994127
1,1,0.923308
1,1,0.65041
1,1,0.65617734
1,1,0.65956837
1,1,0.7760592
1,0,0.18822387
0,0,0.045707263
1,1,0.68774915
1,1,0.8800973
1,1,0.75300837
1,1,0.92429584
1,1,0.75207245
1,1,0.80626583
1,0,0.18865414
1,1,0.8740494
1,1,0.9270495
1,0,0.46959817
1,1,0.89808625
1,1,0.8728534
1,1,0.81199247
1,1,0.7983838
1,0,0.12875688
1,1,0.6805846
1,1,0.5535334
1,0,0.3034954
1,1,0.7823433
1,1,0.8654671
0,0,0.34248957
1,1,0.7012502
1,1,0.8051809
1,1,0.75192565
1,1,0.8565142
1,1,0.50557137
1,0,0.17791538
1,1,0.8813095
1,1,0.63133115
1,0,0.18228325
1,1,0.81933147
1,0,0.4400753
1,1,0.55690855
1,1,0.84612393
0,0,0.18945645
1,0,0.31088883
1,1,0.90630335
1,1,0.8545763
1,1,0.88285977
1,1,0.8226585
1,1,0.6191783
1,1,0.9664352
1,1,0.89204395
1,1,0.75980765
1,1,0.5342778
1,0,0.06316603
1,1,0.6328542
1,0,0.32287893
1,1,0.88882107
1,1,0.60003895
0,0,0.33359897
1,1,0.93647826
1,1,0.7796978
1,1,0.5045746
1,0,0.09268541
1,1,0.56432194
1,1,0.5368802
1,1,0.7956375
0,0,0.12118259
1,1,0.53436697
1,1,0.7386055
1,1,0.62518805
1,1,0.81304896
1,1,0.77375567
1,0,0.39752537
1,1,0.5656298
1,1,0.5851251
1,1,0.86667126
1,0,0.43965206
1,1,0.84229875
1,1,0.6934509
1,1,0.70155936
1,1,0.5929016
1,0,0.3789355
1,1,0.793883
1,1,0.6894833
1,1,0.8045157
1,1,0.52220297
1,1,0.62222993
1,0,0.2707428
1,1,0.9468848
1,1,0.86960906
1,0,0.17615218
1,1,0.6626631
1,0,0.07414339
1,1,0.9565763
1,0,0.17419465
1,1,0.6676158
1,1,0.8589469
1,1,0.7473836
1,1,0.6425118
1,1,0.7752307
1,0,0.42049408
1,1,0.8461234
1,0,0.13306122
1,1,0.7376349
0,0,0.048938844
1,1,0.73466927
1,1,0.6983662
1,1,0.6321663
1,1,0.8560157
1,1,0.5470525
1,1,0.8784312
1,1,0.5352951
1,1,0.8947651
1,1,0.56499624
0,0,0.17696232
1,1,0.9110386
1,1,0.8200944
1,0,0.38141745
1,1,0.51652104
1,1,0.6575679
1,1,0.895668
1,1,0.96101105
1,1,0.6573073
1,1,0.63167864
1,1,0.91416913
1,1,0.88503194
1,1,0.8061779
1,1,0.78142774
1,1,0.8098233
1,1,0.8770062
1,1,0.52884007
1,1,0.9347784
1,1,0.90346164
1,1,0.90743697
1,1,0.7606686
1,1,0.82267225
1,1,0.6080344
1,0,0.48633772
1,1,0.6088655
1,1,0.8616569
1,1,0.90557086
1,1,0.8148636
1,1,0.87911147
1,1,0.66954666
1,1,0.92280275
1,0,0.37514582
1,0,0.35340935
1,1,0.657653
1,1,0.84458053
1,1,0.8792469
1,0,0.364149
1,1,0.87991923
1,0,0.1078712
1,1,0.8794169
1,1,0.6977036
1,1,0.5336834
1,1,0.876415
1,1,0.60806614
1,1,0.626089
1,1,0.7709636
1,1,0.886071
1,1,0.8089449
1,1,0.6826568
1,0,0.19032401
1,1,0.74385303
1,1,0.91340554
1,0,0.33657408
1,1,0.85434294
1,1,0.7142022
1,1,0.8284916
1,1,0.7595057
1,1,0.9193383
1,1,0.5647757
1,1,0.84665465
1,1,0.62667155
1,1,0.6838942
1,1,0.7749263
1,1,0.88768566
1,1,0.9106916
1,1,0.8932936
1,1,0.8912417
1,1,0.5675902
1,1,0.85568047
1,0,0.36016715
1,0,0.30024183
1,0,0.46293208
1,0,0.48169032
1,1,0.8234911
1,0,0.3677458
1,1,0.93991417
1,0,0.2694247
0,0,0.073376656
1,1,0.77642924
1,1,0.90013295
1,0,0.16789167
1,1,0.9049387
1,1,0.91479653
1,1,0.66075027
1,1,0.57704437
1,1,0.5557934
1,0,0.4182349
1,0,0.2589978
0,0,0.2726632
1,1,0.73451996
1,1,0.8898805
1,1,0.86716455
1,1,0.8563157
1,1,0.7701291
1,1,0.58048314
1,0,0.23473029
1,1,0.79172945
1,0,0.23764037
1,1,0.7959093
1,1,0.7925888
1,1,0.5215985
1,1,0.6251114
1,0,0.20611507
1,1,0.7130234
1,0,0.47053528
1,0,0.23374037
1,1,0.9506067
1,1,0.87163967
1,1,0.64580846
0,0,0.039713603
1,1,0.82199794
1,1,0.87558657
1,1,0.9511505
1,1,0.58711785
1,1,0.8179583
1,0,0.3492936
1,1,0.6358878
1,1,0.61843944
0,0,0.44732153
1,1,0.6858231
1,1,0.552168
1,1,0.8363179
1,1,0.77193797
1,1,0.7608418
1,0,0.49811184
1,1,0.5443359
1,0,0.24332878
1,1,0.77846175
0,1,0.6993389
1,0,0.41302472
1,1,0.88763463
1,1,0.8059129
1,0,0.48204395
1,1,0.81227094
1,1,0.9346456
1,0,0.4969863
1,1,0.5192702
1,1,0.88771063
1,1,0.522618
1,1,0.79181236
1,1,0.6895472
1,1,0.83860034
1,1,0.8323227
1,1,0.84758544
1,1,0.5417018
1,1,0.9340518
1,1,0.84461737
1,1,0.89135057
1,1,0.7813676
1,1,0.7364884
1,1,0.6994704
1,0,0.15687129
1,1,0.58334154
1,1,0.80969423
1,1,0.8717148
1,1,0.70635206
1,0,0.36619526
1,1,0.8618099
1,1,0.76891124
1,1,0.867842
1,1,0.90863764
1,1,0.66490954
1,0,0.13045914
1,1,0.52160585
1,1,0.735025
1,1,0.86173236
1,0,0.4180305
1,1,0.83381337
1,1,0.58660907
1,1,0.7749502
1,1,0.85213673
1,0,0.059641063
1,1,0.9530838
1,1,0.8332499
1,1,0.5156066
1,1,0.92375094
1,0,0.37432748
1,1,0.79820216
1,1,0.9292741
1,1,0.82487416
1,1,0.751518
1,1,0.89728546
1,1,0.8813409
1,0,0.36552045
1,1,0.6446529
1,0,0.49928945
1,0,0.45567814
0,0,0.245784
1,0,0.10817966
1,1,0.84043956
0,0,0.30276433
1,0,0.47496578
1,1,0.94406736
1,1,0.81558895
0,0,0.034540296
1,0,0.3393256
1,1,0.53258276
0,0,0.12304648
1,1,0.73164266
1,1,0.9399426
0,0,0.32408613
1,0,0.44211346
0,0,0.35088572
1,1,0.88578546
1,1,0.8896493
1,0,0.41457006
0,0,0.100119874
1,0,0.47968388
0,1,0.5661419
1,1,0.94938594
1,1,0.943404
1,1,0.84051174
1,1,0.94989413
1,1,0.79120284
1,1,0.78801656
1,1,0.87559354
1,1,0.85250205
1,0,0.22973782
1,1,0.8195246
1,1,0.5301183
1,1,0.8443695
1,1,0.8747699
1,1,0.8724286
1,1,0.7270242
1,1,0.8030733
1,1,0.85619295
1,1,0.7459596
1,1,0.6436755
1,0,0.26552942
1,1,0.9080303
1,1,0.6875927
1,1,0.8577701
1,1,0.688132
1,0,0.44175455
1,1,0.8755555
1,1,0.666841
1,1,0.79381394
1,1,0.795874
1,1,0.88337475
1,1,0.81093246
1,1,0.94281405
1,0,0.1611388
1,1,0.8509273
1,1,0.891929
1,0,0.21966663
1,1,0.84525174
1,0,0.2658294
1,0,0.17451708
1,1,0.5780807
1,0,0.14658499
1,0,0.2521953
1,1,0.95280105
1,1,0.60160995
1,1,0.8756572
1,1,0.8912142
1,1,0.90492934
1,0,0.22979523
1,1,0.84622633
1,1,0.884969
0,0,0.18799764
1,1,0.6736905
1,1,0.75389135
1,1,0.939994
1,1,0.81121796
1,1,0.87618047
1,1,0.8911323
1,1,0.84936833
1,1,0.93002635
1,1,0.8726014
1,1,0.71914655
1,1,0.90445065
1,1,0.70626277
1,1,0.81121325
1,1,0.5479807
1,1,0.7849379
1,1,0.52245706
1,1,0.8602745
1,1,0.9419826
1,1,0.6958945
1,1,0.5618499
1,1,0.83167136
0,0,0.44134393
1,1,0.78573173
1,0,0.30844647
1,1,0.87151986
1,1,0.72073495
1,1,0.9176691
1,1,0.59037906
1,1,0.7184666
1,1,0.52152073
1,1,0.6808615
1,1,0.74451965
1,0,0.49464923
1,1,0.9097907
1,1,0.57613117
1,1,0.5050261
1,0,0.28045923
1,1,0.51735485
1,1,0.78320426
1,1,0.8440889
1,0,0.1634253
1,0,0.38934436
1,1,0.5429786
1,1,0.605015
1,0,0.3527163
1,1,0.89806193
1,1,0.7234581
0,0,0.32455826
1,1,0.8840869
0,0,0.3395653
0,0,0.14484799
1,0,0.18478286
1,1,0.88643104
1,1,0.8992478
1,1,0.74169385
1,1,0.9628438
1,1,0.92516804
0,0,0.35709432
1,1,0.51767474
1,0,0.09579755
1,1,0.93602383
1,0,0.47321475
1,1,0.8350178
1,1,0.7818306
1,1,0.63391775
1,0,0.113270864
1,1,0.6421654
1,1,0.81335807
1,1,0.54645246
1,1,0.90748316
1,1,0.58777684
1,1,0.9144874
1,1,0.9487147
1,1,0.9212818
1,1,0.54553336
1,1,0.875708
1,1,0.85197455
1,1,0.94049406
1,0,0.24520817
1,0,0.13565126
1,1,0.59848744
1,1,0.7646528
1,1,0.8232532
1,0,0.24039052
0,0,0.1419891
1,0,0.31399775
1,0,0.2173618
1,0,0.4825694
1,1,0.85990316
1,1,0.6931644
1,1,0.6951173
1,1,0.943385
1,1,0.7783127
1,0,0.43631315
1,1,0.51430565
1,1,0.8788589
1,1,0.86110187
1,1,0.9003745
1,1,0.6192838
1,0,0.41791478
1,1,0.7286784
1,1,0.8370269
1,1,0.8703587
1,1,0.8701296
1,0,0.29671127
0,0,0.4906693
1,0,0.31687665
1,1,0.895302
1,0,0.40470535
1,1,0.6919615
1,1,0.7334361
1,1,0.92672026
0,0,0.49383348
1,1,0.6512489
1,1,0.61105883
1,1,0.938742
1,1,0.7768423
1,0,0.29477432
1,1,0.74668837
1,1,0.6319268
1,1,0.71718895
1,1,0.8418719
0,0,0.34281152
1,0,0.2886304
1,0,0.46161163
0,1,0.7252015
1,0,0.34945673
1,1,0.85503614
1,1,0.8420471
1,1,0.8343477
0,0,0.45035365
1,1,0.8873849
1,1,0.8169108
1,1,0.9285348
1,1,0.90616876
1,1,0.6637085
1,1,0.8801234
1,1,0.77307427
1,1,0.7265629
1,1,0.8377772
1,0,0.49621472
1,1,0.70566297
1,1,0.58113635
1,0,0.33521715
1,0,0.47336087
1,1,0.74628377
1,1,0.87608826
1,1,0.63849556
1,0,0.45702714
1,1,0.5263827
1,1,0.88387907
1,1,0.83201474
1,1,0.95335066
1,0,0.35318545
1,1,0.667708
0,1,0.5223616
1,1,0.9329188
1,1,0.8907502
1,1,0.78358346
1,1,0.87526774
1,1,0.52029145
0,0,0.07361983
1,1,0.7274599
1,1,0.79490334
1,1,0.8038402
1,1,0.908087
1,1,0.9458921
1,1,0.785046
0,1,0.60413575
1,0,0.14348392
1,1,0.79013675
1,1,0.553044
1,1,0.54412484
1,1,0.5749141
0,0,0.26319358
1,0,0.43331498
1,0,0.4355879
1,1,0.7061664
1,1,0.81232184
1,1,0.8805034
1,0,0.41228023
0,0,0.05046867
1,1,0.8872814
1,1,0.8378132
1,1,0.9049962
1,1,0.83534104
1,1,0.5266722
1,1,0.5480733
1,1,0.79277205
1,0,0.44986367
1,1,0.72087294
1,1,0.73024184
1,1,0.7944644
0,0,0.085634574
0,0,0.0451065
1,1,0.6038515
1,1,0.9147751
1,1,0.82229257
1,1,0.71442354
1,1,0.8114734
1,0,0.34664866
1,1,0.85527873
1,1,0.5147173
1,1,0.91303194
1,1,0.76252145
1,1,0.843722
1,1,0.79074603
0,1,0.5208939
1,1,0.80341333
1,1,0.9691263
1,1,0.85604644
1,0,0.47265312
1,1,0.7633029
1,0,0.35561475
1,1,0.7792635
1,1,0.74572515
1,1,0.75338924
1,0,0.46661958
1,1,0.7053664
1,1,0.7427962
1,0,0.49461687
1,1,0.64048004
1,1,0.75434166
1,1,0.5276227
1,1,0.92915857
1,0,0.29488844
1,1,0.58713144
1,1,0.8505917
1,1,0.8672308
1,1,0.92464256
1,0,0.23387219
1,1,0.8052749
1,1,0.9129269
1,1,0.5954736
1,1,0.9054903
1,1,0.8171376
1,1,0.9254385
1,1,0.93175757
1,1,0.861241
1,1,0.54049236
1,1,0.7772332
1,1,0.86941123
1,0,0.21838464
1,1,0.86321545
1,1,0.8102642
1,1,0.7665476
1,1,0.6341747
1,1,0.9353418
1,1,0.9328382
0,0,0.05253571
1,1,0.7546172
1,1,0.77375346
1,1,0.8437991
1,1,0.92586327
1,1,0.8803728
1,1,0.8694003
1,0,0.28460735
1,1,0.81367016
1,1,0.74062127
1,0,0.4046644
1,1,0.8102462
1,1,0.88280916
0,1,0.58172596
1,1,0.9525688
1,1,0.5542171
1,0,0.13067546
0,0,0.3084295
1,1,0.81860054
1,0,0.23664185
0,0,0.16819301
1,1,0.6363649
1,1,0.8068735
1,1,0.6329619
1,1,0.61530316
1,1,0.8096151
1,1,0.7148336
1,1,0.5626879
1,1,0.90442294
1,1,0.8547937
1,1,0.89517957
1,1,0.77725697
1,0,0.34723988
1,1,0.78489244
1,0,0.19495922
1,1,0.8102962
1,0,0.14110604
1,0,0.2800989
1,0,0.41237482
1,1,0.74406004
1,1,0.754272
1,1,0.7112911
1,1,0.9494865
1,1,0.6535537
1,1,0.6754166
1,1,0.9236362
1,0,0.38514555
1,1,0.86651814
1,1,0.88031715
1,0,0.47085434
1,1,0.54012203
1,1,0.89206535
1,1,0.5324021
1,0,0.28774694
1,1,0.9011228
1,1,0.87895745
1,1,0.7550929
1,0,0.16492154
1,1,0.90731245
0,0,0.0571033
1,1,0.51235163
1,1,0.8760811
1,0,0.04953853
1,1,0.93091196
0,0,0.24036762
0,0,0.111900724
1,1,0.8930395
1,1,0.81673753
1,0,0.49115333
1,0,0.26673973
1,0,0.15440722
1,1,0.73553455
1,1,0.72253
1,1,0.87676823
1,0,0.3503895
1,1,0.76514083
1,1,0.75576174
1,1,0.72656447
1,0,0.12318013
1,1,0.76047873
1,1,0.84221697
1,1,0.533854
1,0,0.36993775
1,1,0.89742714
1,1,0.71192664
1,1,0.9514323
0,0,0.23148605
1,1,0.92147815
1,1,0.9149489
1,1,0.5615172
1,1,0.65258074
1,1,0.901775
1,1,0.8812757
0,0,0.3657662
1,0,0.47349292
1,1,0.7763275
1,1,0.73160475
1,0,0.39694077
1,1,0.93088627
1,1,0.96204674
1,1,0.8734272
1,1,0.96211463
1,0,0.34621024
1,0,0.15310262
1,1,0.9154573
1,0,0.37221277
0,0,0.05457672
1,0,0.39687955
1,0,0.31203008
1,1,0.885654
1,0,0.18363178
1,1,0.8131787
1,1,0.91940844
1,0,0.24417228
1,1,0.63843656
1,1,0.9414156
1,0,0.47510922
1,1,0.75840837
1,0,0.4003106
1,1,0.7626861
1,1,0.8395447
1,0,0.36727995
1,1,0.80935645
1,1,0.8493365
1,1,0.725952
1,0,0.46257138
1,1,0.8491374
1,1,0.5533461
1,1,0.8218406
1,1,0.92320156
1,1,0.9089906
1,1,0.746374
1,1,0.5578725
1,1,0.9079209
1,1,0.7121437
1,1,0.7820455
1,1,0.60862637
1,1,0.70841986
1,0,0.24235219
1,1,0.7787515
1,0,0.104130425
1,1,0.9504731
1,0,0.35151985
1,0,0.18773142
1,1,0.73603326
1,0,0.36516735
1,1,0.80444795
1,1,0.95663905
1,1,0.9137101
1,1,0.83841395
0,1,0.7824463
1,1,0.67724454
1,0,0.29280373
1,0,0.4847
1,1,0.8003007
1,1,0.9571693
1,0,0.20307603
1,1,0.8983585
1,1,0.7540376
1,0,0.48318842
1,1,0.87886214
1,1,0.9044297
1,1,0.82429737
1,1,0.872786
1,1,0.5742345
1,1,0.91824913
1,1,0.7706452
1,1,0.7852333
1,1,0.5452614
1,1,0.90557146
1,1,0.83213764
1,1,0.5913455
1,1,0.7596354
1,1,0.5476181
1,0,0.25204346
1,1,0.9305581
1,1,0.84087956
1,1,0.84801966
1,1,0.94775385
1,1,0.94378996
1,0,0.06494352
1,1,0.61509377
1,0,0.22363241
1,1,0.8001531
0,0,0.27726087
1,1,0.9233505
1,1,0.80753684
1,0,0.11369188
0,0,0.3116674
1,1,0.809327
1,1,0.8163293
1,1,0.87146646
1,0,0.4397764
1,0,0.3738081
1,1,0.8831194
1,1,0.93167925
1,1,0.90455383
1,1,0.8467299
1,1,0.6712033
1,1,0.88841313
1,1,0.8831269
0,0,0.34468737
1,0,0.35343122
1,1,0.87002873
1,1,0.52546805
1,1,0.50116235
1,1,0.9088525
1,0,0.24254906
1,1,0.87661666
1,1,0.62009984
1,1,0.5020199
1,1,0.6566042
1,1,0.7692329
1,1,0.5268631
1,1,0.78332216
1,1,0.9321622
1,1,0.6112591
1,0,0.4135298
1,0,0.18693925
1,1,0.85002244
1,1,0.8961879
1,1,0.9338791
0,0,0.31484896
1,1,0.94509315
1,1,0.868325
1,1,0.87690187
1,1,0.8906547
1,1,0.85753787
1,1,0.86147267
1,1,0.7162294
1,1,0.94320875
1,1,0.9081163
1,0,0.2054875
1,1,0.9099351
1,1,0.5469696
1,1,0.873844
1,1,0.86392426
1,1,0.633426
1,0,0.27938825
1,1,0.87756807
1,1,0.8607024
1,1,0.695004
1,1,0.59097284
1,0,0.460911
1,1,0.55119157
1,1,0.95213455
1,1,0.74514335
1,1,0.5558846
1,1,0.5265722
1,0,0.34651676
1,1,0.8681927
0,1,0.8092181
1,1,0.69893056
1,1,0.54333025
1,1,0.57668865
1,0,0.37882596
1,1,0.8335684
1,1,0.6700046
1,1,0.6943071
1,1,0.64326394
0,0,0.39614323
1,0,0.45217198
1,1,0.88319564
1,0,0.3870419
1,0,0.34657127
0,0,0.20911033
1,0,0.31404352
0,0,0.4122932
1,1,0.7506897
1,1,0.70058215
1,0,0.47869882
1,1,0.9128512
1,1,0.5055874
1,1,0.8848719
1,1,0.5224213
1,1,0.90914476
0,0,0.14899126
1,0,0.18376885
1,1,0.92244697
1,0,0.12017969
1,1,0.91654056
1,1,0.58484423
1,1,0.600724
0,0,0.36321503
1,1,0.8602583
1,0,0.16493283
1,1,0.95526665
1,1,0.92721677
1,0,0.4030011
1,0,0.31136885
1,0,0.45961592
1,1,0.850158
1,1,0.7698301
1,1,0.570654
1,0,0.22531703
1,1,0.6184683
1,1,0.744412
1,1,0.8924153
1,1,0.81331056
1,1,0.6552524
1,1,0.76216847
1,0,0.15751627
1,1,0.87240994
1,1,0.65693164
1,1,0.8884587
1,1,0.848681
1,1,0.7822704
1,1,0.8747513
1,1,0.7366597
0,0,0.38651466
1,0,0.4341997
1,1,0.8966122
1,0,0.07975071
1,1,0.7662637
1,1,0.90116984
1,0,0.31353474
1,1,0.67456615
1,1,0.79882693
1,1,0.89991885
1,0,0.4346611
1,1,0.59283465
1,0,0.48610234
1,1,0.802925
1,1,0.7085589
1,0,0.42190215
1,1,0.8906116
1,1,0.79747283
1,1,0.83337563
1,1,0.5308436
1,1,0.5836314
1,1,0.74282354
1,0,0.36628053
0,0,0.2103897
1,1,0.91772455
1,0,0.15227662
1,0,0.27658802
1,1,0.7670109
1,1,0.61580247
1,1,0.5628896
1,0,0.32222354
1,1,0.7471482
1,1,0.8122546
1,1,0.92226005
1,1,0.67253363
1,0,0.1372467
1,1,0.7541763
1,1,0.58821195
1,0,0.46138376
1,1,0.6594378
1,1,0.9336662
1,1,0.8756468
1,1,0.5366966
1,1,0.71210945
1,1,0.7894677
1,1,0.86316556
0,0,0.12201359
1,1,0.8682849
1,1,0.7756852
1,1,0.6543672
0,0,0.16024262
1,0,0.4609191
1,1,0.89622235
1,0,0.44915685
1,0,0.16380806
1,1,0.5543609
1,1,0.88457495
0,0,0.29003438
1,1,0.74071854
1,0,0.4911378
1,0,0.4965308
1,1,0.6821559
1,1,0.8960647
1,1,0.87027955
0,0,0.35723627
1,1,0.9531008
1,1,0.89084756
1,1,0.53073823
1,0,0.43203592
1,1,0.72057587
0,0,0.26005578
1,1,0.5928484
1,1,0.91227674
1,0,0.33540794
1,0,0.38156423
1,1,0.6428915
1,1,0.902099
1,1,0.8427144
0,0,0.13726653
1,1,0.7225483
1,1,0.80779433
1,0,0.06590498
1,1,0.8722043
1,1,0.90859765
1,1,0.8327772
1,0,0.2970148
1,1,0.8083621
1,1,0.9525988
0,0,0.11134824
1,0,0.46590146
1,1,0.55016357
1,1,0.73710895
1,1,0.7554651
1,1,0.8174448
1,1,0.95377
1,1,0.5678341
1,1,0.8587704
0,0,0.19294606
1,0,0.3422623
1,1,0.92357683
1,1,0.8922313
1,1,0.87468714
1,1,0.7971173
1,1,0.8851919
1,0,0.27881208
0,0,0.34249085
1,1,0.9249523
1,1,0.86240613
1,0,0.4749199
1,0,0.46905932
1,1,0.73332703
1,1,0.7457178
1,1,0.734039
0,0,0.44831228
0,0,0.20552747
1,1,0.592164
1,1,0.8831919
1,1,0.8425054
1,1,0.88473934
1,1,0.8154855
1,1,0.86523134
1,0,0.38762462
1,1,0.84872323
1,1,0.6755271
1,1,0.6178154
1,1,0.90436876
1,1,0.93052083
1,1,0.8176074
1,0,0.4169159
1,1,0.8368355
1,0,0.3277996
1,1,0.7932003
1,0,0.31973052
1,1,0.858792
1,1,0.5056456
1,1,0.85764825
1,1,0.84887993
0,1,0.5715134
1,1,0.5072255
1,1,0.72108716
1,1,0.7648611
1,1,0.7960784
1,1,0.9651437
1,1,0.8793321
1,1,0.80147856
1,1,0.8249542
1,1,0.6790982
1,1,0.9381628
1,1,0.9218297
1,1,0.70304936
1,0,0.45137045
1,1,0.6146543
1,1,0.9008588
1,1,0.8760599
1,1,0.910117
1,1,0.8180519
1,1,0.8339921
1,1,0.65097916
1,1,0.71816945
1,0,0.3285073
1,0,0.4623036
1,1,0.5694558
0,1,0.8294726
1,0,0.4290508
1,1,0.72009915
1,1,0.70711875
1,0,0.3590373
1,1,0.80082
1,1,0.8907251
1,0,0.33083403
1,1,0.91628754
1,1,0.86543626
1,1,0.7849711
1,1,0.82795644
1,1,0.6560713
1,1,0.7822453
1,1,0.66841763
1,1,0.92376304
1,1,0.8845225
1,1,0.9458782
1,0,0.20418333
0,1,0.5957152
1,1,0.9511092
1,1,0.9495571
1,1,0.76861846
1,1,0.9261325
0,1,0.58911264
1,1,0.8913819
1,1,0.8035381
1,1,0.6425023
1,0,0.2635064
1,1,0.9327636
1,1,0.9408184
0,0,0.07016404
1,1,0.93731034
1,1,0.90339655
1,1,0.92902637
0,0,0.4202477
1,0,0.33828932
1,1,0.6455452
1,1,0.6674187
1,1,0.5105531
1,1,0.76506215
1,1,0.52710843
1,0,0.438838
1,1,0.7861106
1,1,0.93558294
0,0,0.46908858
1,1,0.8544707
1,1,0.89120144
1,1,0.5816144
1,1,0.6281605
1,0,0.066199616
1,1,0.71497315
1,0,0.20990558
1,1,0.700908
1,1,0.78505117
1,1,0.74052256
1,1,0.87448096
1,1,0.9415982
1,1,0.8081776
1,1,0.8936566
1,1,0.72816175
1,1,0.5628959
1,0,0.49893773
1,0,0.47948948
1,1,0.5940653
1,1,0.7846389
1,1,0.72203934
1,1,0.83225536
0,0,0.3570969
1,1,0.8464048
1,0,0.23348324
1,1,0.50940704
0,1,0.592347
1,0,0.15658642
1,1,0.8985766
1,1,0.65388
1,1,0.9173542
1,1,0.6018903
1,1,0.88966256
1,1,0.77406484
1,0,0.33952263
1,1,0.9159522
0,0,0.12278172
1,1,0.83248544
1,1,0.7426757
1,1,0.9291808
1,1,0.726449
1,0,0.17644674
1,0,0.48500985
1,1,0.6930314
1,1,0.8803434
1,1,0.9133072
1,1,0.78683096
1,0,0.19840352
1,1,0.5545334
1,0,0.19867973
1,1,0.9558955
1,1,0.6895935
1,1,0.9316434
1,1,0.8803518
1,1,0.854739
1,1,0.51556987
1,1,0.55895054
1,1,0.8748139
1,1,0.8485394
1,1,0.5587658
1,1,0.88122344
1,1,0.7969612
1,1,0.8847696
1,1,0.8922297
1,1,0.94280803
0,1,0.5131134
1,1,0.7667544
1,1,0.5103542
1,1,0.8820786
1,0,0.3804489
1,1,0.6718457
1,1,0.53535753
1,1,0.81638587
1,1,0.8137774
1,1,0.73493266
1,1,0.9231027
1,1,0.8210121
1,1,0.7943495
1,0,0.38552883
0,0,0.13278295
1,1,0.85438967
1,1,0.82996523
1,1,0.9588176
1,0,0.41831696
1,1,0.86797756
1,1,0.86978215
1,1,0.8255849
1,1,0.8997194
1,1,0.81048304
1,1,0.53059316
1,1,0.74124676
1,1,0.7698993
1,0,0.20584328
1,1,0.68891984
1,1,0.7520982
1,1,0.7017815
1,1,0.8300561
1,1,0.6212415
1,1,0.86689764
1,0,0.27844152
1,1,0.62667954
1,1,0.53034806
1,1,0.86926425
1,1,0.81203955
1,1,0.89453125
1,1,0.54441816
1,1,0.764395
1,1,0.8156744
1,0,0.15809472
0,0,0.42544547
1,0,0.4255222
1,1,0.88718486
1,1,0.74378836
1,1,0.7992745
1,1,0.8344307
1,1,0.7123396
1,0,0.39331523
1,0,0.3397671
1,1,0.909778
1,1,0.75996643
1,1,0.81208795
1,0,0.26814586
1,1,0.7520948
1,1,0.9109272
1,0,0.117807426
1,1,0.7754435
1,1,0.67891
1,1,0.9055663
1,1,0.61290365
1,0,0.4913017
1,1,0.6625796
1,1,0.5228699
1,1,0.90890217
1,1,0.94085336
1,1,0.9263107
1,0,0.21979141
1,1,0.6421397
1,1,0.82166606
1,0,0.27291778
1,1,0.89747334
1,1,0.9168963
1,1,0.8230851
1,1,0.5704275
0,0,0.24760208
1,1,0.7897708
1,1,0.89810914
1,1,0.9340779
1,1,0.7667533
1,1,0.81628776
1,1,0.8988573
1,1,0.93688846
1,0,0.32380807
0,0,0.15298729
1,1,0.77564377
1,1,0.9411358
1,1,0.60413295
1,1,0.91901034
1,1,0.669605
1,1,0.7494223
1,1,0.9169426
0,1,0.82512105
1,0,0.3039263
1,1,0.89150584
0,0,0.3833048
1,1,0.8389999
1,1,0.89190567
1,1,0.7944828
1,1,0.8242385
1,0,0.26909912
1,0,0.4310233
1,0,0.29836705
1,1,0.7743528
1,1,0.8359047
1,1,0.7523657
1,1,0.84959424
1,1,0.82273465
1,1,0.619031
1,1,0.7059165
1,1,0.81712615
1,0,0.35325417
1,1,0.507402
1,0,0.49431893
1,1,0.88602495
1,1,0.9196799
1,0,0.25221583
1,0,0.4374973
1,0,0.49588478
1,0,0.25500512
1,1,0.86804104
0,0,0.48970228
1,0,0.47711515
1,1,0.9528223
1,1,0.81159574
1,1,0.92863554
0,1,0.57796
1,1,0.5809633
1,0,0.46276194
1,1,0.83252454
1,1,0.854904
1,1,0.92420137
0,0,0.06592504
1,1,0.8330387
0,0,0.08657519
1,1,0.6742339
1,1,0.8385341
1,0,0.4245112
1,1,0.8446213
1,0,0.3987198
1,0,0.4875922
1,0,0.3901061
1,0,0.43160632
1,0,0.33095837
1,1,0.82421654
1,1,0.9301477
1,1,0.82793665
1,1,0.8196335
1,1,0.7527345
1,1,0.91931283
1,1,0.88024443
1,1,0.95084524
1,1,0.77418405
1,0,0.3766148
1,1,0.6836561
1,1,0.9623485
1,1,0.5449626
1,1,0.9544068
1,1,0.8558555
1,1,0.62610686
1,1,0.558392
1,1,0.88709074
1,1,0.8835185
1,1,0.87302744
1,1,0.78520197
1,1,0.72825944
1,1,0.5255836
1,1,0.879086
1,1,0.92028385
1,1,0.91561115
1,1,0.82350314
1,0,0.41855302
1,0,0.046121083
1,1,0.5000591
1,1,0.7840973
1,1,0.5987593
1,1,0.9327809
1,1,0.935924
1,0,0.44201005
1,1,0.9469047
1,1,0.7122712
1,1,0.6299173
1,1,0.56116587
1,0,0.44445065
1,1,0.9294641
1,1,0.84685385
1,1,0.81623
1,1,0.880233
1,1,0.6772535
1,1,0.57256794
1,1,0.6523247
1,1,0.6928118
1,1,0.8532677
1,1,0.63785475
0,0,0.48234332
1,0,0.29854235
1,0,0.2113914
1,1,0.6320535
1,1,0.5085994
1,1,0.51810265
1,1,0.9081739
1,1,0.87830025
1,1,0.83288306
1,1,0.8188507
1,0,0.3623005
1,1,0.7908381
1,0,0.26545864
1,1,0.92618823
0,0,0.10318809
1,1,0.86347735
1,1,0.6892881
1,1,0.9012554
1,0,0.36733127
1,1,0.9017164
1,1,0.63037604
1,1,0.8861936
1,1,0.737649
1,1,0.93438876
1,1,0.944891
1,1,0.68022466
1,1,0.93969214
1,1,0.8953584
1,1,0.89425516
1,1,0.8182187
1,1,0.6993527
1,0,0.4213077
1,1,0.7612802
1,1,0.8976029
1,1,0.82000244
1,1,0.93481
1,1,0.6586524
1,1,0.6826225
1,1,0.8926074
1,1,0.7831774
1,1,0.68925124
1,0,0.27146357
1,1,0.62418514
1,1,0.83960056
1,1,0.8751162
0,1,0.57517934
1,1,0.6592596
1,1,0.5163466
1,1,0.6553868
1,1,0.86277646
1,1,0.6661912
1,1,0.8746842
1,1,0.8883462
0,0,0.23429921
1,1,0.7458891
1,0,0.24361858
1,1,0.92854077
1,1,0.64438313
1,1,0.5775563
1,1,0.9077732
1,1,0.8437985
1,0,0.117079325
1,1,0.6284534
1,0,0.49247572
1,1,0.8726526
1,1,0.81395876
1,1,0.8469908
1,1,0.81953615
1,1,0.56344306
1,1,0.76819146
1,1,0.896951
1,0,0.13870366
1,0,0.48088732
1,1,0.8399602
0,0,0.1690857
1,0,0.49198478
0,1,0.85575724
1,1,0.61274564
1,1,0.8844772
1,1,0.7779827
1,1,0.6181259
1,1,0.6570668
0,0,0.49941954
1,1,0.7050179
1,1,0.8854997
1,1,0.7775636
1,1,0.9436201
1,1,0.9285948
1,1,0.6529018
1,1,0.906273
1,1,0.85322034
1,1,0.7720745
1,1,0.9422351
1,1,0.6541039
1,1,0.8695346
1,1,0.91244495
1,1,0.88723177
1,1,0.90702754
1,0,0.2181173
0,0,0.24823819
0,0,0.44358206
1,1,0.7934858
1,1,0.9553383
1,0,0.48144603
1,1,0.5890779
1,1,0.74628794
1,1,0.8033766
1,1,0.83058083
1,1,0.78348196
1,1,0.9408824
1,1,0.9333751
1,1,0.69961536
1,1,0.6679702
1,0,0.47418272
1,1,0.79839873
1,1,0.7430686
1,1,0.65410995
1,1,0.74002194
1,1,0.8075537
1,0,0.3509846
1,1,0.7294726
1,1,0.79953855
1,1,0.92977864
0,0,0.15544893
1,1,0.9118845
1,0,0.2163471
1,1,0.67635375
1,1,0.866891
1,1,0.62401855
1,1,0.8350623
1,1,0.88288593
1,1,0.6425757
1,0,0.35226455
0,0,0.23444799
1,1,0.55956256
1,1,0.924934
1,1,0.889388
1,1,0.75798905
0,0,0.38297305
1,1,0.87645996
1,1,0.9296959
1,1,0.9332122
1,0,0.2970232
1,1,0.8594596
0,0,0.40383673
1,0,0.35846463
1,1,0.70449275
1,1,0.762498
1,1,0.87555385
1,0,0.26907954
1,1,0.8480552
1,1,0.8424995
1,0,0.19368185
1,1,0.8325829
1,1,0.9133051
1,1,0.81341916
1,1,0.83444655
1,1,0.77896357
1,1,0.95575076
1,0,0.47400004
1,1,0.71516204
1,0,0.15447076
1,1,0.5099635
1,0,0.38828707
1,1,0.782012
1,1,0.8658384
1,1,0.9344187
1,1,0.8188659
1,1,0.52289915
1,1,0.87640935
1,1,0.8576005
1,1,0.72174644
1,0,0.34365305
1,1,0.6908046
1,0,0.37312618
1,1,0.93584985
1,1,0.8340498
0,1,0.7477215
1,1,0.872957
1,1,0.84461033
1,1,0.78731066
1,0,0.1401528
1,1,0.7392148
1,1,0.88405716
1,1,0.89387655
1,0,0.19711162
1,0,0.49451277
1,1,0.9441848
1,1,0.9254858
1,1,0.80328953
1,1,0.7895969
1,1,0.8471859
1,1,0.5102419
1,1,0.80118865
1,1,0.92464215
1,1,0.6394006
1,1,0.89125216
1,1,0.7302186
1,1,0.7889471
1,0,0.2133757
1,1,0.8193378
1,1,0.9428664
0,0,0.17728788
1,0,0.24529095
1,1,0.6401091
1,0,0.30127394
1,0,0.14722188
1,1,0.7452895
1,1,0.8746392
0,1,0.6774283
1,1,0.71312153
1,0,0.41233534
1,0,0.2687984
1,1,0.8897342
1,1,0.9451169
1,0,0.3959509
0,0,0.47809374
1,0,0.2342945
1,1,0.9687026
1,1,0.9205288
1,1,0.6882579
1,0,0.417855
0,0,0.15111606
1,0,0.23634206
1,1,0.6572398
1,1,0.912269
1,1,0.671529
1,1,0.88116294
1,1,0.79373574
1,1,0.759182
1,1,0.6035363
1,0,0.1572095
1,1,0.7572504
1,1,0.8963624
1,0,0.19301319
1,1,0.73172796
1,0,0.3314021
1,0,0.43402222
1,1,0.9150452
1,0,0.31096765
0,0,0.039095666
1,1,0.73245406
1,1,0.91150266
1,1,0.8593235
1,1,0.9093082
1,1,0.6040441
1,1,0.5994435
1,1,0.8958569
1,1,0.89952415
1,1,0.6108408
1,0,0.43621376
1,1,0.8599957
1,0,0.47974128
0,0,0.2373952
1,0,0.3918346
1,0,0.05413277
1,1,0.63281363
1,1,0.80457926
1,1,0.8840948
1,1,0.7999533
1,1,0.712663
1,1,0.8374579
1,1,0.7658009
1,1,0.9488753
1,1,0.5945877
1,0,0.49112234
1,0,0.36025575
1,1,0.6388945
1,1,0.5123237
1,1,0.939975
1,1,0.78441817
1,1,0.5299855
1,0,0.20662516
1,0,0.4972843
1,1,0.9051341
1,0,0.42214403
1,1,0.8233612
1,1,0.9555477
1,0,0.34794635
1,1,0.689536
1,1,0.6171264
1,1,0.5128993
1,1,0.5214472
1,1,0.8795329
1,1,0.9098808
1,1,0.84492344
1,0,0.3662509
1,1,0.91263276
1,1,0.7335355
1,1,0.7767079
1,1,0.68672234
1,0,0.27836084
1,0,0.39752415
1,0,0.19041099
1,1,0.8808593
1,1,0.8806744
1,1,0.92173237
1,1,0.55215484
1,1,0.74356174
1,1,0.7592164
1,0,0.16325249
1,1,0.8326492
1,1,0.8568259
1,0,0.49077827
1,1,0.8002395
1,1,0.8282432
1,1,0.7673147
1,0,0.26562122
1,1,0.52547395
1,1,0.5788943
1,1,0.9016502
1,0,0.18540531
1,1,0.90849555
1,1,0.84941787
1,0,0.16489202
1,1,0.81502837
1,1,0.8902469
1,1,0.92195797
1,0,0.14217049
1,1,0.7072329
1,1,0.80763745
1,0,0.40757135
1,0,0.084201135
1,1,0.8350986
1,1,0.7927688
1,1,0.91334164
0,0,0.07322095
1,1,0.818284
0,0,0.40715635
0,0,0.086017944
1,1,0.8388194
1,1,0.5986923
1,0,0.4163662
1,1,0.76464146
1,1,0.798763
1,1,0.69659436
1,1,0.7128137
1,1,0.8327841
1,1,0.8571464
1,1,0.9047064
1,1,0.87376803
1,1,0.73744094
1,1,0.81901646
1,0,0.16149679
1,1,0.9472071
1,1,0.89969367
1,1,0.8911097
1,1,0.88895744
1,1,0.84526265
1,0,0.102416106
1,1,0.84346807
1,1,0.7802559
0,0,0.24607508
1,1,0.86465806
1,1,0.9109797
1,0,0.35905966
0,0,0.15404244
1,0,0.27757174
1,1,0.69272685
1,1,0.9403785
1,1,0.7905325
1,1,0.80013263
1,1,0.92651135
1,1,0.72293377
1,1,0.95278543
1,1,0.5889331
1,1,0.8538662
1,1,0.62131953
1,1,0.9637596
1,1,0.50107074
1,1,0.63159156
1,1,0.94016606
1,1,0.6694326
0,0,0.37031645
1,1,0.926078
1,1,0.6498818
1,1,0.8807578
1,1,0.94075185
1,1,0.6726315
1,1,0.89555067
1,1,0.8911152
0,1,0.833763
1,1,0.7822718
1,1,0.8613811
1,1,0.6151751
1,1,0.7596723
1,0,0.40528482
1,1,0.92075354
1,1,0.9372735
1,0,0.09420787
0,0,0.3213714
1,1,0.85070413
1,1,0.8729275
1,1,0.8989519
0,0,0.08870858
1,1,0.6278963
1,0,0.3868755
1,1,0.87832314
1,0,0.3763856
1,1,0.960683
1,1,0.8873981
1,0,0.48075944
1,1,0.64671606
1,1,0.92340183
1,1,0.578706
1,0,0.04279608
1,0,0.3730803
1,0,0.19737448
0,1,0.7905333
1,1,0.74512714
1,1,0.9499221
1,1,0.86567545
0,1,0.72112036
1,0,0.4943201
1,0,0.25068253
1,0,0.45619428
1,1,0.702605
1,1,0.8823268
1,0,0.47502065
1,1,0.8721621
1,1,0.65258986
0,0,0.20054214
1,1,0.6108664
1,1,0.934771
1,1,0.94634175
1,1,0.95380825
1,0,0.18229042
1,1,0.54542917
1,1,0.8772697
1,1,0.5803502
1,1,0.7181525
1,1,0.8211016
1,0,0.32502562
1,1,0.6134485
1,1,0.9523785
1,1,0.65616655
1,1,0.7443642
1,1,0.52040017
1,1,0.9242616
1,0,0.4669505
1,1,0.6161002
1,1,0.94383585
1,0,0.4998415
1,1,0.6306345
1,1,0.94837314
1,1,0.940954
1,0,0.09221979
1,1,0.6651288
1,1,0.82343864
1,1,0.70308036
1,1,0.84368086
1,1,0.7633317
1,1,0.7867366
1,1,0.8883598
1,1,0.6845071
1,1,0.8669775
1,0,0.4883047
1,1,0.59242415
1,1,0.8793155
1,0,0.46490514
1,1,0.86504817
1,1,0.7708314
1,1,0.5391331
0,0,0.20971279
1,1,0.76505065
1,1,0.9129001
1,1,0.74856204
1,1,0.72232074
1,1,0.9218363
1,1,0.67083776
1,1,0.9491667
1,0,0.38660207
1,1,0.8811282
1,1,0.7790253
1,0,0.43347964
1,1,0.90964293
1,1,0.92054456
1,1,0.60820305
1,1,0.6150131
0,0,0.32549188
1,1,0.8554292
1,1,0.8174561
1,1,0.68900996
1,1,0.8508905
1,1,0.77210206
1,1,0.7397303
1,0,0.34682915
1,1,0.5842693
1,0,0.19581525
0,0,0.25214478
1,0,0.14561005
1,1,0.7526382
1,1,0.8882876
1,0,0.3246851
1,1,0.6001734
1,1,0.7376376
0,0,0.33673522
1,1,0.73584896
1,1,0.6232243
1,1,0.89431244
1,1,0.789301
1,1,0.8252646
1,1,0.7849
1,1,0.6764089
1,1,0.69713134
1,1,0.64522815
1,1,0.66880125
1,0,0.392494
1,1,0.5455588
1,1,0.8204613
1,1,0.8904074
1,0,0.47806758
0,1,0.6384107
1,1,0.7761973
1,1,0.546341
0,1,0.6556418
1,1,0.96354616
1,0,0.15478234
1,1,0.5805878
1,0,0.18532003
1,1,0.5320625
1,0,0.39918554
1,1,0.91682714
1,1,0.9336386
1,1,0.61724687
1,1,0.6570052
1,1,0.8377222
0,0,0.16299354
1,1,0.63817936
1,0,0.46589267
1,1,0.83906853
1,1,0.81918335
1,1,0.76801187
1,1,0.61990434
1,1,0.74622464
1,1,0.80549276
1,1,0.821822
1,1,0.78708094
1,0,0.42554694
1,1,0.7295695
1,0,0.39999986
1,0,0.2671731
1,1,0.88538104
1,1,0.69509476
1,1,0.829343
1,0,0.33521488
1,0,0.45910567
1,1,0.83154726
1,1,0.5255174
1,0,0.36200318
1,1,0.8732263
1,1,0.8726312
1,0,0.46218225
1,1,0.9190642
1,1,0.5724486
1,1,0.6922974
0,1,0.6867857
1,0,0.30904034
1,1,0.72291386
0,0,0.22128196
1,1,0.8332679
1,1,0.729758
1,1,0.6827483
1,1,0.6682816
1,1,0.79537463
1,1,0.9517722
1,1,0.9400886
1,0,0.21879712
1,1,0.75706404
1,0,0.15091173
1,0,0.48793012
1,1,0.84430677
1,0,0.28617117
1,0,0.36200294
1,1,0.8502711
1,0,0.4506198
1,0,0.3670913
1,0,0.055968296
1,1,0.889802
1,1,0.897717
1,1,0.83838457
1,1,0.85988575
1,1,0.81179625
1,0,0.30872548
1,1,0.7221797
1,0,0.3298102
1,1,0.550872
1,1,0.7931083
1,1,0.8186084
1,1,0.6342572
1,1,0.91497403
1,0,0.46429545
1,0,0.29679152
1,1,0.55430555
0,0,0.44373384
1,1,0.911641
1,1,0.95011884
1,1,0.71913713
1,1,0.8552543
1,1,0.83473456
1,1,0.67509484
1,0,0.27045873
1,1,0.9404949
1,1,0.65135205
1,0,0.48174143
1,1,0.94579524
1,1,0.89536875
1,1,0.82456326
1,1,0.959132
1,1,0.8077787
1,1,0.73738855
1,1,0.9147329
1,1,0.8536165
1,1,0.70132494
0,0,0.203272
1,1,0.8609577
1,1,0.85825574
1,1,0.8815832
1,0,0.35500598
1,1,0.8141772
1,0,0.22273178
1,1,0.7556134
1,1,0.8295777
1,1,0.74722093
1,1,0.69395083
1,1,0.7964622
1,1,0.8641678
1,1,0.84850335
1,1,0.7541199
1,1,0.62711126
0,0,0.10316945
1,0,0.45302403
1,1,0.9165409
1,1,0.92622995
1,1,0.77470875
1,1,0.9027805
1,1,0.7160625
1,1,0.7563664
1,1,0.87641567
0,0,0.06397254
1,1,0.86716855
0,0,0.16628908
1,1,0.9291763
1,1,0.6680731
1,1,0.78119147
1,1,0.8855349
1,1,0.8118861
1,1,0.8604517
1,1,0.83193016
1,1,0.889696
1,1,0.7735179
1,1,0.7973944
1,0,0.39065045
0,0,0.19416194
1,1,0.9323514
1,1,0.6988105
1,1,0.77758616
1,1,0.943461
1,1,0.646944
1,1,0.5401809
1,1,0.7238482
1,1,0.87664276
1,0,0.39877862
1,1,0.58869237
0,0,0.39211795
1,0,0.35580343
1,1,0.7566858
1,1,0.57922864
1,1,0.57264936
1,1,0.85472125
1,1,0.67135006
1,1,0.91541046
1,1,0.856687
1,0,0.20730482
0,1,0.6992329
1,1,0.8629647
1,1,0.8907598
1,1,0.96285087
0,1,0.7080301
1,1,0.5578903
1,1,0.8976389
1,1,0.6300792
1,0,0.19678722
1,1,0.90784425
1,1,0.664321
1,0,0.33759013
1,1,0.9229668
1,1,0.6026581
1,1,0.5834455
1,1,0.71961623
1,1,0.70377296
1,0,0.055224955
1,0,0.29943138
1,1,0.83847135
1,1,0.9637903
1,0,0.3970615
1,1,0.9449981
1,1,0.860442
1,1,0.5223839
1,1,0.68797153
1,1,0.78588045
1,1,0.93084925
1,0,0.47292385
1,1,0.865876
1,1,0.5302667
1,1,0.817415
0,0,0.061233904
1,1,0.8312771
1,1,0.9186943
1,1,0.62800246
1,1,0.7739158
1,1,0.92834985
1,0,0.29935098
1,1,0.964597
1,1,0.71509176
0,0,0.48904327
1,1,0.7473067
1,1,0.6065327
1,1,0.75470096
1,1,0.88445175
1,0,0.18765181
1,0,0.20545018
1,1,0.8036751
0,0,0.17527404
1,1,0.85239446
1,1,0.89435863
1,1,0.8069893
1,0,0.47614822
1,1,0.73014957
1,1,0.8531837
0,0,0.16464867
1,1,0.8197441
1,1,0.8115952
1,1,0.52100205
1,1,0.6150508
1,1,0.8994943
1,0,0.47914276
1,1,0.50964624
1,1,0.8291563
1,1,0.7999666
0,0,0.15686758
1,0,0.25378487
1,1,0.77035046
1,1,0.60949504
1,1,0.763541
1,1,0.9305838
1,0,0.41111958
1,0,0.2404281
1,1,0.89866805
1,0,0.25725546
0,0,0.2807918
1,1,0.834723
1,0,0.3426673
1,1,0.76677525
1,1,0.8925252
0,0,0.082385406
1,1,0.8712113
1,1,0.8976733
1,1,0.8887522
1,1,0.95778906
0,1,0.636917
1,1,0.9403838
1,0,0.44390225
1,1,0.68700594
1,1,0.73357177
1,0,0.40752643
1,0,0.27818415
1,1,0.91684467
1,1,0.76932424
1,1,0.554397
1,0,0.25615308
1,1,0.658204
1,0,0.26460835
1,1,0.80933905
1,0,0.3303163
1,0,0.3380554
1,1,0.7487336
1,1,0.87256247
1,1,0.9575331
1,1,0.88426584
1,1,0.8661582
0,0,0.13723856
1,1,0.6856989
1,1,0.8300731
0,0,0.09162436
1,1,0.6749374
1,1,0.91511595
1,0,0.24719058
1,0,0.40010676
1,1,0.92345345
1,0,0.29122162
1,1,0.8593434
1,1,0.77779543
1,0,0.47959086
1,1,0.9310149
1,1,0.6738744
1,1,0.7104627
1,1,0.81446964
1,1,0.8357993
1,0,0.46934843
1,1,0.7881387
1,1,0.6436826
1,1,0.9307085
1,1,0.571307
1,1,0.8813961
1,1,0.8394238
1,1,0.85814387
1,0,0.37431684
1,1,0.87018466
1,1,0.7971704
1,1,0.8718418
1,0,0.4182294
1,1,0.74970526
1,1,0.8559631
1,1,0.5155268
1,1,0.89069885
1,1,0.91278756
1,1,0.60881484
1,0,0.24585883
1,0,0.32503673
1,1,0.900681
1,0,0.3198725
1,1,0.7976253
1,1,0.5755898
1,1,0.7797342
1,1,0.8223609
1,1,0.9256633
1,1,0.76750284
1,1,0.8804275
1,1,0.929998
0,1,0.89267623
1,0,0.26925924
1,1,0.9093271
0,0,0.19960545
1,1,0.7874989
1,0,0.48741674
1,1,0.898033
1,1,0.6673085
1,1,0.91448027
1,1,0.7051301
1,1,0.85802644
1,0,0.07051551
1,0,0.48026553
1,1,0.8583152
1,1,0.83957773
1,1,0.9146836
1,0,0.42380294
1,0,0.39034948
1,1,0.83678555
1,1,0.8617197
1,1,0.6712254
1,1,0.889814
1,1,0.89204144
1,1,0.89606524
0,1,0.57653767
1,1,0.58713573
0,1,0.73584694
1,0,0.44015798
1,1,0.86148405
1,1,0.51152414
1,1,0.9257022
1,1,0.7680005
1,1,0.9719444
1,1,0.855846
1,0,0.36081815
1,1,0.81797105
1,0,0.2927955
1,1,0.6618578
1,1,0.69641393
1,1,0.8283389
1,1,0.9257141
1,1,0.8852006
1,1,0.8534195
1,1,0.89442116
1,1,0.8695665
1,1,0.6071008
0,0,0.043929394
1,1,0.689332
1,1,0.8098529
1,0,0.05793482
1,1,0.89520156
1,1,0.8681804
1,0,0.15668738
1,1,0.69679934
1,1,0.7879586
1,0,0.33067447
1,1,0.5874293
0,0,0.09536293
1,1,0.5480137
1,1,0.80864716
1,1,0.87679267
1,1,0.92776334
1,1,0.7682848
1,1,0.7798328
1,1,0.92701143
1,0,0.40020806
1,1,0.75940675
1,0,0.41488907
1,1,0.52742916
1,0,0.43621063
1,1,0.94340616
0,0,0.18920876
0,0,0.039630037
0,1,0.9424674
1,1,0.52114654
1,1,0.5876536
1,1,0.8913769
1,1,0.78619224
1,1,0.8170486
1,1,0.9092181
1,1,0.8817639
1,0,0.03975784
1,0,0.4329517
1,0,0.16363564
1,1,0.76038533
1,0,0.047928426
1,1,0.88469917
1,1,0.8128661
1,0,0.38806167
1,1,0.5406457
1,1,0.8248897
1,0,0.42973343
1,0,0.4749549
1,1,0.6641991
1,0,0.06461044
0,0,0.15741278
1,1,0.8924148
1,1,0.8860156
1,1,0.63054854
1,1,0.7356159
0,0,0.39933196
1,1,0.74567866
1,1,0.7683263
1,1,0.90462905
1,1,0.91880864
1,1,0.9176105
1,0,0.3632901
1,1,0.7859264
1,1,0.9455269
1,0,0.49702057
1,1,0.91572434
1,1,0.8292924
1,1,0.861228
1,1,0.8595204
1,1,0.91942203
0,0,0.033963226
1,1,0.60278714
1,1,0.92441994
1,1,0.7167777
1,0,0.08991838
1,1,0.7938806
1,1,0.7079786
1,1,0.72192883
1,1,0.89767474
1,0,0.111017704
1,1,0.91866475
1,0,0.31983468
1,1,0.57561177
1,1,0.89558184
1,1,0.6890716
1,0,0.3942571
1,1,0.75673646
1,0,0.2553031
1,1,0.7314514
0,0,0.10098962
1,1,0.5049368
1,0,0.16883847
1,1,0.6293405
1,0,0.2724282
1,1,0.5321478
1,1,0.86352015
1,1,0.82669663
1,0,0.46525836
1,0,0.23885296
1,1,0.7716315
1,1,0.7715074
1,1,0.86093384
1,1,0.9393767
1,1,0.91106945
1,0,0.47156122
1,0,0.2664732
1,0,0.45207125
1,1,0.7879075
1,1,0.8012385
1,0,0.42075923
1,1,0.85744584
1,1,0.6808959
1,1,0.5740152
1,1,0.5505617
1,0,0.31124115
0,1,0.77800155
1,1,0.52649945
1,0,0.31500074
1,1,0.5221322
1,1,0.67995167
1,1,0.6210139
1,0,0.20758837
1,1,0.6991101
1,0,0.20070764
1,1,0.81796634
1,1,0.7866201
0,0,0.33253968
1,1,0.8011983
1,1,0.5196314
1,1,0.8415639
1,1,0.8804
1,1,0.8580522
1,1,0.8611604
1,0,0.14022306
1,1,0.91877997
1,1,0.89745164
1,1,0.6788375
1,1,0.6144442
1,1,0.9438943
1,1,0.8522958
1,0,0.4677665
1,1,0.9335835
1,1,0.7439373
1,1,0.89260393
1,1,0.67672914
1,1,0.89996135
1,1,0.92215735
1,1,0.8818748
1,1,0.9299659
1,1,0.941604
1,0,0.121867456
1,1,0.92020255
1,1,0.5242194
1,1,0.91879284
0,1,0.79618746
0,0,0.17611
1,1,0.85158896
1,0,0.11263481
1,1,0.8774967
1,1,0.9167019
1,1,0.75721574
1,1,0.7694168
1,1,0.74036825
1,1,0.6637242
1,1,0.7817814
1,1,0.7319798
1,0,0.4489461
1,1,0.86319035
1,0,0.11947446
1,0,0.35610247
1,1,0.8759082
1,1,0.52367246
1,1,0.9345767
1,1,0.8792666
1,1,0.71426034
1,0,0.48865235
1,1,0.92413193
1,1,0.8441951
1,0,0.2678096
1,0,0.12739316
1,0,0.20641848
1,1,0.5346678
1,1,0.8094731
1,1,0.8741441
1,0,0.12761182
1,0,0.47760394
1,1,0.88424
1,0,0.4655737
1,1,0.7116326
1,1,0.783648
1,1,0.5035804
1,1,0.69893956
1,1,0.8030285
1,1,0.8258641
1,1,0.79307365
1,1,0.729209
1,1,0.8967691
1,1,0.5681088
1,1,0.94302285
1,1,0.6481697
1,1,0.6377661
1,1,0.752821
0,1,0.5109723
1,1,0.91036665
1,1,0.75888413
1,1,0.507114
1,0,0.42839026
1,1,0.9419509
1,1,0.9301961
1,1,0.8857413
1,1,0.92247504
1,0,0.48538882
1,1,0.85577667
1,1,0.68549746
1,0,0.23980118
1,1,0.8649446
1,0,0.3827352
1,1,0.9149927
1,1,0.80366814
1,0,0.3412835
0,0,0.10257345
1,1,0.8248105
0,0,0.05874181
1,1,0.84141904
1,0,0.04016456
1,1,0.53728855
1,1,0.85542715
1,1,0.87939835
1,1,0.82041943
1,1,0.9046525
1,1,0.85556614
1,1,0.6035006
1,1,0.8475819
1,1,0.8880108
1,1,0.8969318
1,1,0.8129484
1,1,0.62442607
1,1,0.6652042
1,0,0.38942772
1,0,0.25320193
1,1,0.835459
1,1,0.9372625
1,1,0.87488425
1,1,0.5393861
1,1,0.8596812
1,0,0.06574599
1,1,0.6546279
1,1,0.93158364
1,1,0.62142783
1,1,0.5162193
1,1,0.6775945
1,1,0.9417079
1,1,0.9456413
1,1,0.8086704
1,0,0.43253973
1,1,0.5493532
1,1,0.7126746
1,1,0.6072646
1,1,0.80736965
1,1,0.8955828
1,1,0.6999397
1,1,0.7927373
1,1,0.8261095
1,1,0.6219403
1,1,0.6526947
1,1,0.71499115
1,1,0.95850986
1,1,0.8652122
1,0,0.4824687
1,1,0.76962256
1,1,0.838049
1,1,0.6546678
1,1,0.9207416
1,1,0.90696216
1,1,0.8825258
1,1,0.6918725
1,0,0.2588824
1,1,0.8252189
1,1,0.51502854
1,1,0.9435551
1,1,0.7532457
1,1,0.9346361
1,1,0.646873
1,1,0.957041
1,1,0.8734618
1,0,0.100265786
1,1,0.58462137
1,1,0.6736596
1,1,0.9223533
1,1,0.94232476
1,1,0.8955812
1,0,0.16728394
1,1,0.9514
1,0,0.36787647
1,1,0.9657469
1,1,0.9424433
1,1,0.903509
1,1,0.58737797
1,1,0.8168148
1,1,0.8470096
1,1,0.88282996
1,0,0.048101343
1,1,0.78691083
1,1,0.87323964
1,1,0.65601414
1,0,0.2056145
1,1,0.9174471
1,1,0.92919624
1,1,0.81040084
1,1,0.81604254
1,1,0.5148802
1,1,0.770649
1,1,0.8037681
1,1,0.8185978
1,1,0.8614447
1,1,0.732479
1,1,0.6977828
1,1,0.50154436
1,1,0.8512527
0,0,0.08520153
1,1,0.82560515
1,1,0.5584694
0,0,0.077396885
1,0,0.40661496
1,1,0.87947255
1,1,0.58267164
1,0,0.35899162
1,1,0.584584
1,1,0.7490512
1,1,0.86271024
1,1,0.84315115
1,1,0.8372566
1,0,0.27256268
1,0,0.4116162
1,0,0.46814635
1,1,0.7620962
1,1,0.71684897
1,1,0.8361198
1,1,0.9256504
1,1,0.5072059
1,1,0.88600326
1,1,0.77931505
1,1,0.8127026
1,1,0.79388696
1,1,0.8748918
1,1,0.5306569
1,1,0.65547615
1,1,0.84356755
1,1,0.80228585
1,1,0.76970756
1,1,0.6126382
1,1,0.9370354
1,0,0.27255246
1,1,0.50535166
1,1,0.6222536
1,1,0.88461083
1,1,0.7263845
1,1,0.9031111
1,1,0.8030372
1,0,0.20798446
1,1,0.9031783
1,1,0.95772874
1,1,0.9265093
1,1,0.5423289
1,1,0.62092185
1,1,0.68036646
1,1,0.71743745
1,1,0.9561364
1,1,0.50017464
1,1,0.92790455
1,1,0.8751098
0,0,0.49013978
1,1,0.66725445
1,1,0.90136707
1,1,0.5197401
1,1,0.7014768
1,1,0.8611678
1,1,0.9296836
1,1,0.9628731
1,1,0.81010896
1,1,0.8946698
1,1,0.87795544
1,1,0.5679003
1,1,0.7501181
1,1,0.7784547
1,1,0.84792674
1,1,0.8547442
1,1,0.94337547
1,0,0.45189226
1,1,0.90502197
1,1,0.75257045
1,1,0.82625604
1,1,0.88669884
1,1,0.9359269
1,1,0.7221116
1,1,0.74299103
1,1,0.759726
1,1,0.8842494
1,1,0.91596156
1,1,0.84543055
1,1,0.75642234
1,0,0.4422761
1,1,0.89021885
1,1,0.59271115
1,1,0.695103
1,1,0.85011107
1,1,0.87306225
1,1,0.9257231
1,1,0.6342484
1,1,0.89448476
0,0,0.46167728
1,1,0.5166424
1,1,0.8405722
1,1,0.8815731
1,1,0.88109696
1,1,0.889749
1,1,0.91660696
1,1,0.89876395
1,1,0.8937999
1,1,0.82451046
1,1,0.6316783
1,1,0.63002765
1,1,0.9337367
1,1,0.852897
1,0,0.09219479
1,1,0.78607994
1,1,0.78263897
0,0,0.2878791
1,1,0.8127791
1,1,0.8938472
1,1,0.74128574
1,1,0.56032574
1,1,0.9185337
0,1,0.87863576
1,0,0.32249722
0,1,0.5286307
1,1,0.8918054
1,1,0.9120052
1,1,0.9517637
1,0,0.45113373
1,1,0.9261462
1,1,0.8888243
1,0,0.25677443
1,1,0.7670511
1,1,0.89466804
0,0,0.21898407
1,1,0.7304995
1,1,0.5340929
1,1,0.9269004
1,1,0.9514359
1,1,0.55345005
1,0,0.4590507
1,1,0.93507665
1,1,0.5967342
1,1,0.9260002
1,1,0.76975113
1,1,0.78969026
1,1,0.8828374
1,1,0.82760376
1,1,0.94439673
1,1,0.6911251
1,1,0.5185901
1,1,0.75391537
1,0,0.4988966
0,0,0.13009328
1,1,0.64739704
1,1,0.78893477
1,0,0.22834659
1,1,0.9108744
1,0,0.32277814
1,1,0.79319197
1,1,0.55258995
1,1,0.7094846
1,1,0.80782545
1,1,0.79616
1,1,0.5574504
1,1,0.8119257
1,1,0.6596156
1,1,0.79239976
1,1,0.64860225
1,1,0.8547939
1,1,0.7861938
1,1,0.9273828
1,0,0.09342544
1,0,0.15519993
1,1,0.7787563
1,0,0.29347503
1,1,0.84434074
1,0,0.08061675
1,1,0.857747
1,1,0.8602127
1,1,0.89981365
0,0,0.40457115
1,1,0.876679
1,1,0.8289803
1,0,0.47375852
1,0,0.4421516
1,0,0.2292698
1,1,0.8096415
1,0,0.2887434
1,1,0.78721124
1,1,0.8432042
1,1,0.8073465
1,1,0.80937535
1,1,0.68648005
1,1,0.63331187
0,1,0.682215
1,1,0.6802317
1,1,0.79923445
1,0,0.2809377
1,1,0.7902557
1,1,0.81311655
1,1,0.9443234
1,1,0.8570445
1,1,0.82003576
1,1,0.8971253
1,1,0.7543559
1,1,0.93719506
1,1,0.874826
1,1,0.53898543
1,1,0.7997444
1,1,0.97105354
1,1,0.9505297
1,1,0.88977724
1,1,0.7970754
1,1,0.574587
1,0,0.12583584
1,1,0.577182
1,1,0.86786145
1,1,0.76653296
1,1,0.9055684
1,1,0.9348086
1,1,0.64941895
1,0,0.25753546
1,0,0.43001488
1,1,0.8997374
1,1,0.8798544
1,1,0.86359626
1,1,0.7809063
1,1,0.54569453
1,0,0.3544802
1,0,0.2760195
1,0,0.40367293
1,0,0.3434934
1,1,0.6279577
1,1,0.8092515
1,1,0.9068583
1,1,0.85588986
1,1,0.850399
1,1,0.7147949
1,0,0.33743763
1,1,0.9097876
1,1,0.94059044
1,1,0.65689033
1,1,0.95041186
1,0,0.4981348
1,1,0.7072213
1,1,0.8562002
1,1,0.81797343
1,1,0.716664
1,1,0.90189916
1,1,0.86820924
1,1,0.9096392
1,1,0.84981585
1,1,0.9021438
1,1,0.71564
1,1,0.7833409
1,1,0.6079135
1,0,0.42047182
1,1,0.85513
1,1,0.66152847
1,1,0.8709949
1,1,0.9387705
1,1,0.7095184
1,1,0.92166024
1,0,0.49539167
1,1,0.59224737
1,0,0.04379187
1,1,0.7208349
1,1,0.7079097
1,0,0.18360797
0,0,0.36664164
1,1,0.5498218
1,0,0.17954254
1,1,0.9111172
1,1,0.91292423
1,1,0.8099154
1,1,0.916103
1,1,0.92437166
1,1,0.7725677
1,1,0.90246683
1,0,0.29049668
1,1,0.96333724
1,0,0.2526226
1,1,0.5626205
1,1,0.92899215
1,1,0.78271055
1,1,0.8835886
1,1,0.8353285
1,1,0.6679366
1,1,0.9171788
1,1,0.80826044
1,1,0.9386867
1,1,0.709285
0,1,0.5422943
1,1,0.7541745
1,1,0.66744465
1,1,0.83891195
1,1,0.8322646
1,1,0.91541386
1,1,0.8766529
1,1,0.83059233
1,1,0.7696783
1,1,0.9486927
1,0,0.26757467
1,1,0.6941084
1,1,0.7988183
1,1,0.8285824
1,0,0.42580634
1,1,0.694714
1,0,0.48792168
1,1,0.83540106
1,1,0.70413595
1,1,0.585957
1,1,0.67389244
1,1,0.87344706
1,0,0.1296904
1,0,0.37893492
1,1,0.826899
1,1,0.84526604
1,1,0.80882627
1,1,0.8772518
1,0,0.35973227
1,0,0.49872082
1,1,0.8380258
0,1,0.86832905
1,0,0.39648533
1,1,0.89449394
1,1,0.89011776
0,0,0.1550822
1,1,0.7353803
1,1,0.60835207
1,1,0.87024426
1,1,0.62378496
1,1,0.87650377
1,1,0.9093755
0,0,0.3357038
1,1,0.92810166
1,1,0.72326076
1,0,0.3907012
1,0,0.46875474
1,1,0.6617254
1,1,0.89114255
1,1,0.9120928
1,0,0.21956511
1,0,0.44100684
1,1,0.9741053
1,0,0.4374983
1,1,0.5540446
1,1,0.54871625
1,0,0.36248407
1,0,0.21733934
1,1,0.8090216
1,1,0.9590052
1,1,0.59814125
1,0,0.49602816
1,1,0.56717646
1,1,0.8201225
1,1,0.6156733
0,0,0.0666168
1,1,0.7179911
1,0,0.38308233
1,1,0.5299543
1,1,0.934539
1,1,0.8164608
1,1,0.5384174
1,0,0.28541332
1,1,0.728387
1,1,0.7763001
1,1,0.5404041
1,1,0.53918284
0,0,0.2542229
1,1,0.8170763
1,0,0.47328627
1,1,0.8043175
1,1,0.8240601
1,1,0.95858306
1,0,0.34323898
1,1,0.96791965
1,1,0.8602326
1,1,0.50838995
1,1,0.8603614
1,1,0.6294619
1,1,0.89783406
1,1,0.56777984
1,1,0.8023996
1,0,0.39542755
1,1,0.9283103
1,1,0.77795196
1,1,0.80026114
1,1,0.7797507
1,0,0.22263847
1,0,0.45694146
1,1,0.824275
1,1,0.7313366
0,1,0.94918483
1,1,0.7790026
1,1,0.8358588
1,0,0.39827204
1,1,0.6176565
1,1,0.6731721
1,1,0.8297254
1,1,0.8018033
1,1,0.64044183
1,1,0.8399322
1,1,0.81236285
1,0,0.28527987
1,1,0.8197997
1,1,0.84690446
1,1,0.7288596
1,1,0.5220077
1,1,0.5932711
1,1,0.7663706
0,0,0.283443
1,1,0.8233241
1,1,0.7922366
1,1,0.9165219
1,1,0.89056134
1,1,0.83382726
1,0,0.3574481
1,1,0.7004852
1,1,0.7327757
0,0,0.46715724
1,0,0.49824226
1,0,0.4423335
1,1,0.63376564
1,1,0.6491199
1,1,0.9519128
1,0,0.34868693
0,0,0.4881249
1,1,0.7838461
1,1,0.8562694
1,1,0.8694824
1,1,0.6982471
1,0,0.40549162
1,0,0.46728924
1,1,0.83469087
1,1,0.54411376
1,1,0.51469094
1,1,0.7212334
1,1,0.89177877
0,0,0.19589941
1,1,0.9237334
1,1,0.92526156
1,1,0.61574
1,1,0.70298177
1,1,0.8551459
1,1,0.6119007
1,1,0.8919752
1,0,0.26798338
1,1,0.8343972
1,0,0.47751656
1,1,0.64184564
1,1,0.8606807
1,1,0.84634
1,1,0.8459687
1,1,0.8335181
1,1,0.88843465
1,1,0.85254854
1,1,0.52432406
1,0,0.42784163
1,1,0.707877
1,1,0.8089504
1,0,0.45801887
1,0,0.20327047
0,0,0.09293804
1,0,0.42471874
1,1,0.9366122
1,1,0.8577439
1,1,0.91270316
1,0,0.1402418
1,1,0.78069293
1,0,0.41710338
1,1,0.8341111
1,1,0.88841075
1,1,0.9451761
1,1,0.91147095
1,1,0.64981
1,1,0.79279625
1,1,0.89080715
1,1,0.9161953
1,0,0.26215836
1,0,0.09290497
1,1,0.6699937
1,1,0.7776678
1,1,0.9159895
1,1,0.9304459
1,1,0.89124155
1,0,0.42733115
1,1,0.8777099
1,1,0.8183041
1,1,0.6167164
1,0,0.46963346
1,1,0.85437906
1,1,0.91827434
1,1,0.59023005
1,1,0.7872484
1,1,0.8056386
1,0,0.12480605
0,0,0.23672786
1,1,0.69860333
1,1,0.8505794
1,1,0.8051687
1,1,0.7246156
1,1,0.73756397
1,1,0.9621156
1,1,0.7806402
1,1,0.86405206
1,1,0.8210816
1,1,0.93007493
1,1,0.68060535
1,1,0.7329734
1,1,0.6932188
1,1,0.9000852
1,0,0.4717889
1,1,0.88376683
1,1,0.92978925
1,1,0.94384456
1,1,0.85202014
1,0,0.37417272
1,1,0.86509204
1,1,0.8329165
1,1,0.9235469
1,1,0.88165873
1,1,0.5157822
1,1,0.8834187
1,1,0.8578842
1,1,0.8538575
1,1,0.7710905
1,1,0.63603085
1,1,0.8747539
1,1,0.7771774
1,0,0.46563283
1,0,0.38522843
1,1,0.9222686
1,1,0.791544
1,1,0.55188894
1,0,0.058109734
1,1,0.5654408
1,0,0.40235454
1,1,0.85423577
1,1,0.79050136
1,0,0.38082752
1,1,0.8093637
1,1,0.840547
1,1,0.9468899
1,0,0.24547806
1,1,0.6757477
1,1,0.85015905
1,1,0.69550765
1,1,0.9001348
1,1,0.6630932
1,1,0.87332845
1,1,0.50526917
1,1,0.7463362
1,0,0.09286138
1,1,0.7864444
1,1,0.5244382
1,1,0.54683334
1,1,0.8063844
1,1,0.82029
1,1,0.88770604
1,1,0.84032094
1,0,0.27656066
1,1,0.5644745
1,0,0.17203254
1,1,0.9044602
1,1,0.87086093
1,1,0.6580073
1,0,0.18405348
1,1,0.76038647
1,1,0.8892118
1,1,0.673353
1,0,0.39398104
1,1,0.8597682
1,1,0.83218443
1,1,0.7157016
1,0,0.40606228
1,1,0.72455114
0,0,0.49995917
0,0,0.131626
1,1,0.84732044
1,1,0.8766112
1,1,0.6485037
1,1,0.8239518
1,1,0.8235233
1,1,0.8697176
1,1,0.66704214
1,1,0.72847086
1,1,0.55156446
1,1,0.93808126
1,1,0.7317582
1,1,0.9555855
1,1,0.95316035
1,1,0.5119967
1,1,0.5071918
1,0,0.44285297
1,0,0.21649273
1,1,0.8319407
1,1,0.67855054
1,1,0.6470165
1,1,0.9166409
1,1,0.94613117
1,1,0.6841489
1,1,0.8764511
1,1,0.8451848
1,0,0.312685
1,1,0.7989865
1,0,0.14509912
1,1,0.7936734
1,0,0.18450394
1,1,0.87477565
1,1,0.92347777
1,0,0.2042426
1,1,0.8497517
1,1,0.8322909
1,1,0.9303779
1,0,0.46299073
1,0,0.18607847
1,1,0.9240376
1,0,0.3501242
1,1,0.740902
1,1,0.95679605
1,1,0.63574004
1,1,0.6968134
1,1,0.8867568
1,1,0.85276574
0,0,0.07707008
1,1,0.9395854
1,1,0.647768
1,0,0.07790155
1,1,0.6640204
1,1,0.959395
1,1,0.5128959
1,1,0.71991503
1,1,0.89641917
1,0,0.4770255
1,1,0.86201364
1,1,0.8887289
1,1,0.9473031
1,1,0.9409988
1,1,0.54202
1,1,0.9354878
1,1,0.7892087
1,1,0.90946156
1,1,0.9239062
1,1,0.6869894
1,0,0.38953707
1,0,0.33384085
1,1,0.937154
1,1,0.7565912
0,1,0.51837575
1,1,0.77897674
0,0,0.11727149
1,1,0.89755374
0,0,0.04835249
1,0,0.43952605
1,0,0.15513098
1,1,0.911234
1,0,0.28512678
1,1,0.56137806
1,0,0.49421328
1,1,0.80342627
1,1,0.94816464
1,1,0.8733009
1,1,0.5862666
1,0,0.4650487
1,1,0.5425886
1,1,0.6758371
1,0,0.3298981
1,0,0.49788457
1,1,0.9568643
1,1,0.6874067
1,1,0.7782988
1,0,0.045861974
0,0,0.11839587
1,1,0.905595
0,1,0.68911505
1,1,0.9560926
1,1,0.9050764
1,1,0.6553416
1,1,0.8958002
1,1,0.89751416
1,1,0.5512749
1,0,0.3325794
1,1,0.8692282
1,1,0.75280976
1,1,0.54610217
1,1,0.81949204
0,0,0.402327
1,1,0.8950325
0,0,0.22475982
1,1,0.54990566
1,0,0.43426722
1,1,0.8869139
1,1,0.6031867
1,1,0.86207813
1,1,0.8890035
1,1,0.58250153
1,1,0.87950087
1,1,0.9497627
1,1,0.72177446
1,1,0.69952196
1,1,0.73054045
1,0,0.03159365
1,1,0.7007087
1,0,0.3443359
1,1,0.5872361
1,1,0.6446432
1,1,0.82229
1,1,0.8550166
1,1,0.81776035
1,1,0.70182484
1,1,0.60477525
1,1,0.9016002
1,1,0.54930264
1,1,0.55247134
1,1,0.868001
1,1,0.85039747
1,1,0.65333295
1,1,0.698998
1,1,0.6577593
1,0,0.0400962
1,1,0.8971283
1,1,0.93177176
1,0,0.4302803
1,0,0.2087056
1,1,0.8046775
0,0,0.1742549
1,1,0.8350864
1,1,0.8259636
1,1,0.5507502
1,1,0.89445454
1,1,0.84709954
1,1,0.8149307
1,0,0.3965991
1,0,0.18819842
1,0,0.32778308
1,1,0.90961504
1,1,0.59658206
1,1,0.79444784
1,0,0.27381653
0,1,0.7585613
1,0,0.47412965
0,0,0.16296032
1,1,0.87721545
1,1,0.91587436
1,1,0.52738494
1,1,0.8383418
1,1,0.9014916
1,1,0.8405098
1,1,0.8026622
1,1,0.52794033
1,1,0.80290306
1,1,0.88728535
1,1,0.942335
1,1,0.8813962
1,1,0.83597475
1,1,0.7900069
1,0,0.47589734
1,1,0.5851551
1,1,0.5646812
1,1,0.77049387
1,0,0.43725073
1,1,0.7810208
1,1,0.8638733
0,0,0.07250419
1,1,0.85159403
1,1,0.7427905
1,1,0.88884795
1,1,0.5379339
1,1,0.859792
1,1,0.894817
1,1,0.8977861
1,1,0.86893946
1,1,0.87291235
0,0,0.45693454
1,1,0.75595796
1,0,0.43555102
1,0,0.42877266
1,1,0.8181465
1,1,0.7982495
1,0,0.10025408
1,1,0.72649235
1,1,0.6229236
1,1,0.93155766
1,1,0.7712975
1,1,0.67089254
1,1,0.8681587
1,0,0.4920082
1,1,0.67964953
1,1,0.8736181
1,1,0.7962119
1,1,0.83537453
1,1,0.9240527
1,1,0.6303702
1,0,0.21819982
1,1,0.73671407
1,1,0.9422166
1,1,0.9020591
1,1,0.501907
1,1,0.73995095
1,1,0.9185856
1,1,0.86380595
1,1,0.8607858
1,0,0.25528818
1,0,0.07170452
1,0,0.29359916
1,1,0.924285
1,1,0.72124356
1,1,0.7130066
1,1,0.53556806
1,1,0.91973364
1,1,0.7987147
1,1,0.86482334
1,1,0.82312554
1,1,0.67846185
1,1,0.80088437
1,1,0.68231696
0,0,0.13600887
1,0,0.26962146
1,1,0.8734592
1,0,0.11933263
1,1,0.80033964
1,1,0.9504018
1,1,0.5499083
1,1,0.93990785
1,1,0.7656881
1,1,0.86799234
1,1,0.5495238
1,1,0.7600993
1,0,0.3673226
1,1,0.614424
1,0,0.48934817
1,1,0.91723186
1,0,0.31209645
1,0,0.30971757
1,0,0.39438447
1,1,0.9055564
1,1,0.55826306
1,1,0.58805084
1,1,0.9471662
0,1,0.69953
1,1,0.84865993
1,1,0.7932004
1,1,0.9548502
1,1,0.73677284
1,1,0.7607365
1,0,0.40530315
1,0,0.42074987
1,1,0.8350406
1,1,0.77375835
1,1,0.8728023
1,0,0.2565523
1,1,0.75277036
1,1,0.85545665
1,1,0.9449313
1,0,0.13405499
1,1,0.5450128
1,1,0.8036223
1,1,0.9415798
1,1,0.73006725
1,1,0.8717387
1,1,0.53582275
1,0,0.41605133
1,1,0.73845524
1,1,0.70593315
1,1,0.87674093
1,1,0.7451693
1,1,0.89226824
1,1,0.92795765
1,1,0.75993234
1,1,0.8538228
1,1,0.89507854
1,1,0.6885642
1,1,0.9583754
1,0,0.42114878
1,1,0.80194217
1,0,0.4767928
1,1,0.8790754
1,1,0.829607
1,1,0.5066453
1,0,0.33388615
1,1,0.8890525
1,1,0.50859755
1,1,0.8285489
1,1,0.5845099
1,1,0.5146224
1,1,0.7645451
1,1,0.8939362
1,1,0.78923064
1,1,0.5996953
1,1,0.91449684
1,0,0.3996796
1,1,0.79610866
1,1,0.7070942
1,1,0.61087406
1,1,0.84184945
1,1,0.7791882
1,1,0.88858813
1,1,0.9334652
1,1,0.830267
1,1,0.81725067
1,0,0.22160248
1,1,0.92748237
1,1,0.6629745
1,1,0.93612933
1,1,0.821318
1,1,0.5744851
1,1,0.64123166
1,1,0.86161494
1,1,0.8657843
1,0,0.30116004
1,1,0.69058514
1,1,0.6775843
1,1,0.8979564
1,1,0.7073512
0,0,0.044618122
1,0,0.33662778
1,1,0.8162185
1,1,0.94914585
1,0,0.44589955
1,1,0.7398624
1,1,0.7460547
1,1,0.5726403
1,1,0.92780995
1,0,0.25094602
0,0,0.12208141
1,1,0.6209695
1,0,0.43088186
1,1,0.6986113
1,1,0.9219199
1,1,0.93474936
0,1,0.8444627
1,0,0.42485082
1,0,0.4976978
1,0,0.40362805
1,1,0.61748505
0,0,0.05818752
1,1,0.89685994
1,1,0.65724134
1,1,0.82006925
0,0,0.15581886
1,1,0.5056822
1,1,0.9447392
1,0,0.3550101
1,1,0.9540423
0,0,0.088394724
1,1,0.72666454
1,1,0.88884753
1,1,0.8344262
1,1,0.9332443
1,1,0.6512121
1,1,0.9215993
1,0,0.40708435
1,1,0.58978236
1,0,0.4312237
1,1,0.7424247
1,1,0.9117222
1,1,0.81761044
1,1,0.8986461
1,1,0.7564773
1,1,0.8229451
1,0,0.49095568
1,0,0.22970566
1,1,0.89431196
1,1,0.7034163
0,1,0.74610215
1,1,0.78505236
1,1,0.9341807
1,1,0.8633552
1,1,0.7084911
1,1,0.94353133
1,1,0.7047132
1,0,0.3092097
1,1,0.59957474
1,1,0.805903
1,0,0.06585522
1,1,0.9164246
1,1,0.9040524
1,0,0.3510661
1,1,0.7895391
1,0,0.13188133
1,1,0.5379733
1,1,0.86204284
1,1,0.6675729
1,1,0.8222925
1,1,0.73800164
1,1,0.9163543
1,1,0.621744
1,1,0.91540176
0,1,0.6950848
1,1,0.7065838
1,1,0.9309921
1,1,0.5187555
1,1,0.84728235
1,0,0.3122695
1,1,0.93220633
1,1,0.688267
1,1,0.9170239
1,1,0.83175164
1,1,0.96883684
1,0,0.10796121
0,0,0.056677442
1,1,0.9065342
1,0,0.17438999
1,1,0.685837
1,1,0.8279416
1,1,0.6865093
1,1,0.7757748
1,1,0.90658057
1,1,0.5210164
1,1,0.86323065
1,1,0.8968928
1,1,0.86999875
1,1,0.8776928
1,0,0.15686549
1,1,0.69182724
1,0,0.20704208
1,1,0.6646253
1,1,0.72726846
1,1,0.7749581
1,1,0.8439894
1,1,0.88423496
1,1,0.81267637
1,1,0.8572905
1,1,0.9706442
1,0,0.37239677
1,1,0.64855343
1,1,0.68539506
1,1,0.763184
1,0,0.38520536
1,1,0.7233632
1,1,0.91548246
1,1,0.9167601
1,0,0.060908556
1,0,0.48805675
1,1,0.54267555
1,1,0.74488586
1,1,0.95728576
1,0,0.31661522
1,1,0.69465685
1,1,0.79233354
1,1,0.75233024
1,0,0.21307464
1,1,0.8117869
1,0,0.24057616
1,1,0.732236
1,1,0.8939017
1,0,0.37139162
1,1,0.6649378
1,1,0.75372475
1,0,0.1322361
1,0,0.24451189
1,1,0.7718655
1,0,0.40273482
1,1,0.846147
1,0,0.2663615
1,1,0.9222277
1,1,0.95772916
1,1,0.8625569
1,1,0.86771375
1,1,0.9027279
0,0,0.28129157
1,1,0.6228389
1,1,0.63531715
1,1,0.8053937
1,1,0.89495105
1,1,0.8513088
1,0,0.10792991
1,1,0.79655313
1,1,0.87183166
1,0,0.35165578
1,0,0.22269852
0,0,0.12941189
1,1,0.87552947
1,1,0.84717315
1,1,0.8014165
1,1,0.81885564
1,0,0.20869084
1,1,0.9280729
0,0,0.27043882
1,1,0.7416229
1,0,0.4526684
1,1,0.61731
1,1,0.8531658
1,1,0.8057705
1,1,0.75659394
1,1,0.9188203
1,1,0.8664642
1,1,0.9063039
0,0,0.27368551
1,1,0.81243616
1,1,0.83774
1,0,0.23779857
1,1,0.76206464
1,1,0.7805087
0,0,0.10759531
0,0,0.31660601
1,1,0.8138919
1,1,0.7141501
1,1,0.8445992
1,1,0.7449115
1,1,0.91003805
1,1,0.93162763
1,1,0.78496397
1,1,0.8466643
1,1,0.8751473
1,1,0.8075984
1,1,0.8631019
1,0,0.4657255
1,1,0.8159003
1,1,0.9087477
1,1,0.7687555
1,1,0.91184884
1,1,0.91719645
1,1,0.5793197
1,1,0.71181023
1,1,0.84846115
1,1,0.60775846
1,1,0.9344052
1,1,0.7674111
0,0,0.30986
1,1,0.86292624
1,0,0.25067058
1,1,0.7058746
1,1,0.6801815
1,1,0.8703038
1,1,0.9480429
1,1,0.90884626
1,1,0.68973637
1,1,0.9042663
1,1,0.7987423
1,1,0.71160936
1,1,0.6270146
1,0,0.45967415
1,1,0.8724581
1,1,0.76677567
1,1,0.70918655
1,1,0.8225906
1,1,0.5383044
1,1,0.78152734
1,1,0.7671686
1,1,0.6700513
1,1,0.7143138
0,1,0.54438657
1,1,0.6151237
1,1,0.9072737
1,0,0.4000255
1,1,0.7950955
1,0,0.4734785
1,0,0.34883446
1,1,0.74457556
1,1,0.80911756
1,1,0.57598084
1,0,0.4519772
1,0,0.17167334
1,1,0.86340505
1,1,0.91717666
1,1,0.8148698
1,1,0.8062618
1,1,0.9063408
1,0,0.39616707
1,1,0.77790153
1,1,0.5665538
1,0,0.16647352
1,1,0.61648023
1,1,0.5666223
1,0,0.42032427
1,0,0.31518188
1,1,0.6324209
1,1,0.87040997
1,1,0.647237
1,1,0.9367995
0,1,0.5550577
1,1,0.95521766
1,1,0.5184537
1,1,0.5340958
1,0,0.434431
1,1,0.6214543
1,1,0.8966267
1,1,0.7327447
1,0,0.4791313
0,0,0.124367595
1,0,0.24011518
1,0,0.09365402
1,1,0.7483489
1,0,0.219382
1,1,0.9308457
1,0,0.27999425
1,1,0.93120235
0,0,0.2532454
1,0,0.41317925
1,1,0.8096211
1,1,0.92004925
1,1,0.90729725
1,1,0.9343413
0,0,0.20093842
1,1,0.89449763
1,1,0.75831693
1,0,0.3187871
1,0,0.33725297
1,1,0.93685895
1,1,0.7854982
1,1,0.5222354
1,1,0.80030406
1,1,0.91807306
1,1,0.8500185
1,0,0.40450442
1,0,0.44601038
1,1,0.505065
1,0,0.18840122
1,1,0.7173893
1,1,0.7417044
0,1,0.9137351
0,0,0.053737137
1,0,0.41999435
1,1,0.75757694
1,0,0.44573057
1,0,0.445102
1,1,0.79440665
1,1,0.6993521
1,1,0.92828774
1,1,0.58577955
1,0,0.28399283
0,0,0.085560694
1,0,0.05438068
1,1,0.83484834
1,1,0.8323208
1,1,0.90459764
1,1,0.913254
1,1,0.8096405
1,1,0.8452819
1,1,0.88493186
1,1,0.8538173
1,1,0.8229178
1,1,0.9024853
1,1,0.56550044
1,1,0.8425895
1,1,0.8429602
0,0,0.36517268
1,0,0.42222926
1,1,0.8649651
1,0,0.2522074
1,0,0.1870107
1,1,0.80900633
0,0,0.18391198
1,1,0.8731787
1,1,0.9015399
1,1,0.86149716
1,1,0.89239514
1,1,0.6238911
1,1,0.79981923
1,1,0.839052
1,1,0.7232342
1,1,0.5234645
1,1,0.7761483
1,1,0.79509133
1,1,0.79480207
1,0,0.1751847
1,1,0.6235078
1,0,0.4687452
1,0,0.4094684
1,1,0.70614636
1,0,0.35504222
1,1,0.5340037
1,1,0.7171836
1,0,0.3980118
1,1,0.7605259
1,1,0.76816475
1,1,0.6050754
1,0,0.26241034
1,1,0.53719985
1,1,0.79322505
1,1,0.78996944
1,0,0.46110362
1,1,0.8417964
0,0,0.24846265
1,1,0.8998093
1,1,0.9016059
1,1,0.88457036
1,1,0.76947075
1,1,0.92063665
1,1,0.8711537
0,0,0.1201306
1,1,0.8583468
1,0,0.45051682
1,1,0.8220931
1,0,0.31147072
1,0,0.40493765
1,1,0.71506417
1,1,0.8756762
1,0,0.4575261
1,1,0.96060795
1,1,0.72940993
1,1,0.8929831
1,1,0.8747433
1,1,0.8824887
1,1,0.74179703
1,1,0.7616893
1,1,0.80262786
1,1,0.9004426
1,1,0.6598351
1,1,0.7865069
0,1,0.5746608
1,0,0.40355992
1,1,0.89483714
1,0,0.37565532
1,1,0.80604535
1,1,0.5468894
1,1,0.8957711
1,1,0.8380565
1,1,0.51949173
1,1,0.729135
1,0,0.41827837
0,0,0.11827423
1,1,0.53134245
1,1,0.90856236
1,1,0.8852292
1,1,0.54371893
0,0,0.11082928
1,1,0.91893184
1,1,0.90677196
1,0,0.121789254
1,0,0.16557236
1,1,0.6394665
0,0,0.38496134
1,1,0.79952383
0,1,0.52511895
1,1,0.5753008
1,1,0.86223114
1,1,0.5970735
1,1,0.5294501
1,1,0.787435
1,1,0.8587023
1,1,0.749164
1,1,0.633906
1,1,0.9524817
1,0,0.3074216
1,1,0.6157994
1,1,0.8321833
1,1,0.6317762
1,1,0.7919889
1,1,0.8945505
1,1,0.8223765
1,1,0.5529059
1,1,0.8773109
1,1,0.8785231
1,1,0.67922026
1,0,0.4527461
1,1,0.7665441
1,0,0.289573
1,1,0.79646915
1,1,0.57033074
1,0,0.361404
1,1,0.85411954
1,1,0.73963207
1,1,0.6063548
1,1,0.67188525
1,1,0.82814777
1,1,0.5849727
1,1,0.5656495
1,1,0.91797704
1,1,0.9521069
1,1,0.8713638
1,1,0.9076205
1,1,0.77584946
0,0,0.23140813
1,1,0.8424263
1,0,0.3478441
1,1,0.9085772
1,1,0.89257234
1,1,0.5047027
1,1,0.6557248
1,1,0.6075723
1,1,0.92716146
1,1,0.5641636
1,1,0.7068322
1,0,0.26891634
0,0,0.066417776
1,1,0.55913043
1,1,0.5185748
1,0,0.3364039
1,1,0.9336724
1,1,0.6000449
0,1,0.72510636
0,0,0.12220918
1,1,0.8317458
1,1,0.54685664
1,1,0.7675909
1,1,0.8827011
1,1,0.7892605
1,1,0.6867927
1,1,0.8198233
1,1,0.9009051
1,1,0.9306674
1,1,0.53781956
1,1,0.72857255
1,0,0.13922028
1,1,0.5726648
1,1,0.67444783
1,0,0.40121037
0,0,0.064773604
1,1,0.7966886
1,0,0.36990207
1,1,0.6938833
1,1,0.6938013
1,1,0.8415525
1,1,0.73165107
1,1,0.76778024
1,1,0.93922687
1,1,0.64974725
1,1,0.7591864
1,0,0.49547812
1,1,0.8671819
1,1,0.60106903
0,0,0.13410835
1,1,0.8354636
1,1,0.94475573
1,1,0.81011844
1,1,0.84789526
1,1,0.7833673
1,1,0.86478233
1,1,0.8000244
1,1,0.9102912
1,1,0.7212615
1,1,0.7016742
1,1,0.5094724
1,1,0.6349784
1,1,0.8272296
1,1,0.78475
1,1,0.834915
1,0,0.19912425
0,0,0.26102754
1,0,0.3115245
1,0,0.17741595
1,1,0.78415525
0,1,0.69468504
1,1,0.5670924
1,1,0.89668274
1,1,0.9239199
1,1,0.73689187
1,1,0.79140526
1,1,0.73925334
0,0,0.041215405
1,1,0.8805726
1,1,0.5472733
1,1,0.7969144
1,0,0.308548
1,1,0.8420307
1,1,0.9096608
1,1,0.9144441
1,1,0.83946776
1,1,0.5163948
1,1,0.66415256
1,1,0.84128237
1,1,0.7273579
0,0,0.07744489
0,1,0.7139009
1,0,0.4927769
1,0,0.051478397
1,1,0.92229545
1,1,0.7931866
1,1,0.7586043
1,1,0.8763216
1,1,0.8708792
1,1,0.58083576
1,1,0.5979511
1,1,0.8702744
1,1,0.863014
1,1,0.89430696
1,1,0.83551425
1,1,0.5741282
1,1,0.63228416
1,1,0.91972375
1,1,0.8550044
1,1,0.86840343
1,0,0.37298277
1,1,0.817131
1,1,0.63955927
1,1,0.87965286
1,1,0.91897875
1,1,0.85750467
1,0,0.40221715
1,1,0.9029243
1,1,0.6860214
1,1,0.54629743
1,1,0.5001358
1,0,0.19812758
1,1,0.6146193
1,1,0.81701255
1,1,0.81510204
1,1,0.87121576
1,1,0.9291388
1,1,0.80288583
1,1,0.73058796
1,1,0.7938936
1,0,0.485234
1,1,0.55034053
1,1,0.63714147
1,1,0.5656158
1,0,0.495468
1,0,0.4635052
1,1,0.80337715
1,1,0.83300453
1,1,0.88932484
1,1,0.82058597
1,0,0.12642972
1,1,0.5742664
1,1,0.85558665
1,1,0.9352308
1,0,0.4443393
1,0,0.26452467
1,1,0.8854569
1,1,0.9317532
1,0,0.32771915
1,1,0.8722681
1,1,0.8425103
1,1,0.94597644
1,1,0.6523763
1,1,0.83183324
1,1,0.7960951
1,1,0.74796456
1,1,0.5289168
1,1,0.84869397
1,1,0.8354589
0,0,0.082333446
1,1,0.7996332
1,1,0.6456907
1,1,0.79495037
1,1,0.64223176
1,1,0.67855924
1,0,0.12840432
1,1,0.95077455
1,1,0.8792906
1,1,0.9150402
1,1,0.5431792
1,1,0.9157805
1,1,0.6614748
0,0,0.074721545
1,1,0.8105676
0,0,0.4085513
1,1,0.6430084
1,1,0.51668316
1,1,0.71405506
1,0,0.4335474
1,1,0.67468834
1,0,0.353139
1,1,0.886501
1,0,0.24386185
1,1,0.55849296
1,0,0.34433284
1,0,0.26014736
1,1,0.6095543
1,1,0.8911019
0,0,0.04047813
1,1,0.7064392
1,1,0.94576913
1,1,0.87409776
1,1,0.7545642
0,0,0.27497226
1,1,0.84404933
1,1,0.7705171
1,1,0.58722293
1,1,0.51749235
1,1,0.5075573
1,0,0.3888435
1,1,0.6386768
1,0,0.2640579
0,1,0.52906084
1,1,0.86417025
0,0,0.2892398
1,1,0.51260245
1,1,0.6859467
1,1,0.7969275
0,0,0.19808647
1,1,0.570203
1,1,0.5620533
1,1,0.886119
1,1,0.50143534
1,1,0.5209411
1,0,0.12815249
1,1,0.5762735
1,1,0.7535477
1,0,0.33177996
1,0,0.37845817
1,1,0.9503139
1,1,0.918279
1,1,0.5967054
1,1,0.87740684
1,1,0.7881578
1,1,0.7908257
0,0,0.46916956
1,1,0.5546804
0,0,0.11936922
1,1,0.7564778
1,0,0.27277556
0,0,0.21852003
1,0,0.39811265
0,1,0.9520754
1,1,0.5763924
1,1,0.8995609
1,1,0.85087705
1,1,0.82404447
1,1,0.64573723
1,1,0.77423054
1,1,0.8368778
1,1,0.6614599
1,1,0.91158485
1,1,0.6095447
1,1,0.6624153
1,1,0.91926193
1,1,0.68835175
1,1,0.8489571
1,1,0.5164502
1,1,0.9524156
1,1,0.9105533
1,0,0.07304832
1,0,0.45795155
0,1,0.61563176
1,1,0.7223291
0,0,0.043406934
1,1,0.7718254
1,1,0.5095327
0,0,0.0891105
1,1,0.54854
1,0,0.44956717
0,1,0.64655286
1,1,0.6906885
1,1,0.7325416
1,1,0.891132
1,1,0.92569673
1,1,0.8853184
1,0,0.04058031
1,0,0.16763759
1,1,0.8276427
1,1,0.91764957
1,1,0.6304857
1,1,0.90149117
1,1,0.7004615
1,1,0.8253447
1,0,0.28708497
1,1,0.87608814
1,1,0.5232608
1,0,0.38756934
1,1,0.8826643
1,0,0.32780415
1,1,0.6379204
1,1,0.85126364
1,1,0.5943202
1,1,0.8777794
1,1,0.5602908
1,1,0.7252731
1,0,0.22990805
1,1,0.70777756
1,1,0.8902713
1,1,0.83383584
1,1,0.9171343
1,1,0.6849006
1,1,0.79632103
1,1,0.74966323
1,0,0.21000428
1,1,0.9204541
1,0,0.3963144
1,1,0.881884
1,0,0.44204843
1,1,0.8329792
1,1,0.6516759
1,1,0.9244439
1,1,0.7766345
1,1,0.64385825
1,1,0.8529368
1,1,0.8105629
1,1,0.82389885
1,1,0.79841274
1,1,0.94633836
1,1,0.5087498
1,1,0.8251513
1,1,0.83105826
1,1,0.77866894
1,1,0.7595376
1,1,0.58349156
1,1,0.52630746
1,1,0.89114404
1,1,0.87071097
0,0,0.04033407
1,1,0.90443224
1,0,0.4976301
1,1,0.92311233
1,1,0.6138094
1,1,0.8982864
1,1,0.6450931
1,1,0.91438997
1,1,0.55744314
0,0,0.15130322
1,1,0.8904912
1,0,0.40703267
1,1,0.8775577
1,1,0.8100002
1,1,0.8627402
1,1,0.9135063
1,1,0.94409734
0,0,0.1009816
0,0,0.37980214
1,1,0.891539
1,1,0.8295952
1,1,0.7961101
1,0,0.39038816
1,0,0.112733595
1,1,0.91129214
1,1,0.9373762
1,0,0.23438735
1,1,0.8698034
1,1,0.6277186
1,1,0.8451574
1,1,0.6354114
1,1,0.88157415
1,1,0.87531394
1,1,0.6814534
1,1,0.56026536
1,0,0.41335875
1,1,0.8161592
1,0,0.46148157
1,1,0.763088
1,0,0.47329783
1,0,0.32819718
1,1,0.78855777
1,0,0.27134252
1,1,0.7944404
1,1,0.6742206
1,1,0.7747259
1,1,0.82339406
1,1,0.77969426
1,0,0.215689
1,1,0.6108952
1,1,0.65721196
1,1,0.66842514
1,0,0.29676622
1,1,0.79313874
1,1,0.640383
1,1,0.880173
1,1,0.9350166
1,1,0.9159155
1,1,0.93886596
1,0,0.24768472
1,0,0.48647273
1,1,0.82431155
1,1,0.7701362
1,0,0.37769592
1,1,0.6127733
1,1,0.94999146
1,1,0.8705332
1,0,0.23584573
1,0,0.43072432
1,1,0.6721545
1,0,0.44637725
1,1,0.5015893
1,1,0.8040446
1,1,0.76106447
1,1,0.7458826
1,0,0.11120701
1,1,0.58510333
1,1,0.9184834
1,1,0.84680265
1,1,0.8308733
1,1,0.85674495
1,1,0.8766537
1,0,0.23324177
1,1,0.9512937
0,1,0.5161385
1,1,0.9229881
1,1,0.8738803
1,1,0.93909395
1,1,0.88889134
1,0,0.08450102
1,1,0.9130761
1,1,0.8391676
1,0,0.2579225
1,1,0.898101
1,0,0.45756486
1,1,0.68471795
1,1,0.8104586
1,1,0.87883323
1,1,0.64414835
0,0,0.1927494
1,0,0.35234463
1,1,0.91925126
1,1,0.957011
1,1,0.8504377
1,0,0.16129246
1,1,0.75122154
1,1,0.9022478
1,0,0.16946912
1,1,0.6313418
1,0,0.056162607
1,1,0.775266
1,1,0.5440238
1,1,0.73717976
1,1,0.96865195
1,0,0.15185261
0,0,0.045811526
1,1,0.5252103
1,1,0.8867252
1,1,0.88636166
1,1,0.87655675
1,0,0.23900157
1,1,0.66338867
1,1,0.8900534
1,1,0.8835077
1,0,0.33310592
1,1,0.78652465
1,1,0.7434038
1,0,0.30835682
1,1,0.78873724
0,0,0.1639581
1,0,0.4091566
1,1,0.8319968
1,1,0.7213
1,1,0.79229134
1,0,0.12566116
0,1,0.88057256
1,1,0.7172969
1,1,0.51434
1,1,0.572256
1,1,0.6256984
1,1,0.66870654
1,1,0.78397006
1,1,0.8872623
1,1,0.8659309
0,1,0.6278809
1,1,0.83794826
1,1,0.91469526
1,0,0.35369426
1,1,0.58113587
1,1,0.62669873
1,1,0.9489831
1,1,0.69424844
0,1,0.5450797
1,1,0.89707637
1,1,0.70547193
1,1,0.5376857
1,1,0.6565164
1,1,0.79222304
1,1,0.829689
1,1,0.7491022
1,1,0.82093436
1,1,0.83530474
1,1,0.50007147
1,1,0.8005272
1,1,0.6754546
1,0,0.15503803
1,0,0.434402
1,1,0.7524494
0,1,0.7338158
1,1,0.5100316
1,1,0.8856558
1,1,0.6022765
1,1,0.81776184
1,1,0.9259338
1,1,0.5777726
1,0,0.17360145
1,1,0.9578135
1,0,0.23175125
1,1,0.70406234
1,1,0.59635055
1,1,0.89698327
1,1,0.8891566
1,1,0.830642
1,1,0.54885715
1,1,0.87779015
1,1,0.9624282
1,0,0.3897113
1,1,0.90543216
1,1,0.9137564
1,1,0.74663574
1,1,0.6848857
1,1,0.6340348
1,1,0.81018865
1,1,0.61484593
1,1,0.77535975
1,1,0.834927
1,0,0.49227384
1,1,0.9080793
1,0,0.056082156
0,0,0.042417366
1,1,0.86754656
1,1,0.5686219
1,1,0.81172466
1,0,0.0945642
0,0,0.4191646
1,1,0.7754962
1,0,0.32468718
1,1,0.80144423
1,1,0.6578967
1,1,0.6654278
1,1,0.9036745
1,1,0.61981183
1,1,0.6767042
1,1,0.7354937
1,1,0.8763531
1,1,0.8620867
1,1,0.7970781
1,1,0.80156356
1,0,0.46352276
1,1,0.91559136
1,1,0.8737053
1,1,0.8958503
1,0,0.38946658
1,1,0.59962
1,1,0.68174636
1,1,0.9076067
1,1,0.6799147
1,1,0.8016066
1,0,0.24517263
1,1,0.8833452
1,0,0.43465057
1,1,0.7614401
1,0,0.32109004
1,1,0.8664337
1,0,0.20629945
1,1,0.84623325
1,0,0.37704605
1,0,0.48640665
1,1,0.90084815
1,1,0.7471799
1,0,0.1942434
1,0,0.21801104
0,0,0.041453972
1,1,0.7581905
1,0,0.2769575
1,1,0.8791122
1,1,0.90503967
1,1,0.84365183
1,1,0.66425455
1,1,0.808187
1,0,0.36792433
1,0,0.43575183
1,1,0.7169303
1,1,0.83018583
1,1,0.83629745
0,0,0.44401008
1,1,0.5103362
0,0,0.05914092
1,1,0.8296496
1,1,0.8949951
1,1,0.76872325
1,1,0.84087723
1,1,0.9317691
1,1,0.80032974
1,1,0.76111585
0,0,0.050022397
1,1,0.7995562
1,1,0.7215597
1,1,0.8444199
1,0,0.19599019
1,1,0.8228945
1,1,0.57842433
1,1,0.8294823
1,1,0.81802016
0,1,0.7993467
1,1,0.7648304
1,1,0.8204531
1,1,0.8761481
1,1,0.7768001
1,1,0.7406339
1,1,0.78149194
1,1,0.8464284
1,1,0.93610674
1,0,0.18976691
1,0,0.46673238
1,1,0.8090448
0,0,0.3734307
1,0,0.47202662
1,1,0.72434604
0,0,0.21064842
1,0,0.15397632
1,1,0.6758317
1,1,0.9110079
1,1,0.8354021
0,0,0.136112
1,1,0.7877126
1,1,0.5993324
1,0,0.31982967
0,0,0.10369082
1,1,0.81420285
1,0,0.28144863
1,0,0.18503033
1,1,0.7807506
1,1,0.73525983
1,0,0.08047761
1,1,0.8090623
0,0,0.15662745
0,0,0.03119281
1,1,0.9711567
1,1,0.9546567
1,0,0.4195659
1,1,0.84205693
1,1,0.91021895
1,1,0.87653744
1,1,0.52688664
1,1,0.77670354
1,1,0.5804505
1,0,0.24873637
1,1,0.7172556
1,1,0.8999466
1,1,0.8269098
1,1,0.9304468
1,1,0.81476927
1,1,0.7453732
0,1,0.5791144
1,1,0.84167755
1,1,0.5842716
1,0,0.447693
1,0,0.40219638
1,1,0.8907415
0,0,0.05365481
1,1,0.9213584
1,0,0.27868372
1,1,0.9454588
1,1,0.6795925
1,0,0.26291183
1,1,0.7926522
1,1,0.8998782
1,1,0.8931622
1,1,0.7572785
1,1,0.9278985
1,1,0.8172856
1,1,0.8265728
1,1,0.8862887
1,0,0.16375238
1,1,0.71357673
1,1,0.66508603
1,1,0.7995097
1,1,0.86055416
1,1,0.8643795
1,1,0.88392085
1,0,0.44491532
1,0,0.46423185
1,1,0.82161194
1,1,0.80112433
1,1,0.61681163
1,1,0.53436166
1,1,0.93973076
1,1,0.84538287
1,0,0.43723488
1,1,0.5860905
1,1,0.92967683
1,1,0.6153772
1,1,0.6297217
1,1,0.9288409
0,0,0.042617742
1,1,0.6155404
1,1,0.5548805
1,1,0.814651
1,1,0.8610204
1,1,0.7473893
1,1,0.8317762
1,0,0.25150287
1,1,0.8857457
1,1,0.8388611
1,1,0.8568368
1,1,0.9015144
1,1,0.7292281
1,1,0.8498085
1,1,0.7543417
1,1,0.70398307
0,0,0.4946476
1,1,0.8460512
1,1,0.79234487
1,1,0.77845395
1,0,0.20937864
1,1,0.77073705
1,0,0.37147972
1,1,0.8565742
1,0,0.44793764
1,1,0.84455436
0,0,0.46453297
1,1,0.89267397
1,0,0.4722892
1,1,0.9010176
1,0,0.316549
1,1,0.85249346
1,0,0.44205084
1,1,0.9149366
1,0,0.39983657
1,1,0.7769507
1,1,0.5493979
1,1,0.5439149
1,1,0.6688003
1,1,0.6634593
1,1,0.65124667
1,1,0.8121227
1,1,0.7601039
1,0,0.44930583
1,1,0.55496067
1,1,0.9102472
1,0,0.49067104
1,1,0.5233403
1,1,0.7240117
1,0,0.47910416
1,1,0.9521422
1,1,0.9736294
1,1,0.57654655
1,1,0.82357717
1,1,0.625213
1,1,0.5911034
1,1,0.9008851
1,1,0.53228635
0,1,0.8741064
1,0,0.4336833
1,1,0.7592471
1,1,0.77074337
1,1,0.5459314
1,1,0.7775332
1,1,0.869529
1,1,0.76674885
1,1,0.82058907
1,1,0.75021553
1,1,0.70409334
1,1,0.8410815
1,1,0.8852527
1,1,0.90118676
1,1,0.78806525
1,1,0.80992156
1,1,0.6953522
1,1,0.8871438
1,0,0.14707948
1,1,0.822763
1,1,0.94423944
1,0,0.37422767
1,0,0.17073844
1,1,0.92281836
1,1,0.74897987
1,1,0.8072048
1,0,0.35498434
1,1,0.8418865
1,0,0.4883283
1,0,0.27202797
0,0,0.14882788
1,1,0.8291134
1,1,0.81394815
0,1,0.5175297
1,0,0.24993779
1,1,0.58664685
1,1,0.8775978
1,1,0.85279167
1,1,0.84913653
1,1,0.7861096
1,0,0.38565603
1,0,0.47570783
1,0,0.42811662
1,1,0.5031812
0,1,0.7593574
1,1,0.8484247
1,1,0.71666855
1,1,0.8105684
1,0,0.4764703
1,1,0.58350855
1,0,0.38173965
1,1,0.8364157
1,1,0.93683565
1,0,0.39092445
1,1,0.93259937
1,1,0.97036856
1,1,0.5088018
1,1,0.53118294
1,0,0.47688264
1,1,0.6911072
1,1,0.8318094
1,1,0.85540426
1,1,0.8521151
1,1,0.7646903
1,0,0.37576407
1,1,0.9327186
1,1,0.52797943
1,0,0.11795008
1,1,0.7919572
1,1,0.7496089
1,1,0.72356576
1,1,0.85741585
1,1,0.76564074
1,0,0.40128693
1,1,0.57186776
1,0,0.30669272
1,1,0.65677446
1,1,0.85221386
1,1,0.6269141
1,0,0.042620607
1,1,0.80565923
1,1,0.8080876
0,1,0.68747765
1,1,0.69691074
1,0,0.42879573
1,1,0.64279526
1,1,0.7295499
1,1,0.8492053
1,1,0.70187384
1,1,0.65862024
1,1,0.893868
1,1,0.8116671
1,1,0.64938426
1,0,0.20313546
1,1,0.8897996
1,1,0.8182666
1,1,0.93176806
0,0,0.14898866
1,1,0.8327031
1,0,0.2779863
1,0,0.48779643
1,1,0.53786886
1,0,0.464914
1,1,0.58078396
1,0,0.43877006
1,1,0.5667597
1,1,0.6639895
1,0,0.28000996
1,1,0.80511796
1,1,0.84691375
1,1,0.7297313
1,0,0.19769448
1,1,0.77462065
1,1,0.5507997
1,1,0.9498451
1,1,0.94867903
1,1,0.8499221
1,1,0.9627723
1,1,0.837136
1,1,0.79963046
1,1,0.9329137
1,1,0.52161694
0,0,0.27004206
1,1,0.54649055
1,1,0.67512363
1,0,0.4779649
1,1,0.78632355
1,1,0.79224646
1,1,0.7923472
0,0,0.11030417
1,1,0.9155869
1,1,0.86567026
1,1,0.8744516
1,1,0.89309525
1,1,0.86687326
1,1,0.71832794
1,1,0.8205008
1,1,0.960272
1,1,0.72466534
1,1,0.7134984
0,0,0.19432022
1,1,0.76564527
1,1,0.85751605
1,1,0.69615334
1,0,0.36431602
1,1,0.88422334
1,1,0.9268078
1,1,0.5792957
1,0,0.30402586
0,0,0.060158417
1,0,0.3466814
1,1,0.8518952
1,1,0.6475986
1,0,0.49753043
1,1,0.8923939
1,1,0.553601
1,1,0.810755
1,1,0.8226092
1,1,0.8741505
1,0,0.25609115
1,1,0.6607748
1,1,0.6435872
1,1,0.5426325
1,1,0.8295756
0,0,0.36477342
1,1,0.58841574
1,1,0.86790353
1,1,0.7180452
0,0,0.12849757
1,1,0.84373665
1,1,0.90553606
1,0,0.42018744
1,1,0.6072351
1,0,0.20606272
1,1,0.55834043
1,1,0.6597399
1,0,0.46545005
1,0,0.16828984
1,1,0.82491165
1,0,0.34670714
0,0,0.052579783
1,1,0.83040684
1,1,0.78783745
1,0,0.17400686
1,1,0.64197445
1,1,0.88108504
1,1,0.6711907
1,1,0.55640423
1,0,0.145559
1,1,0.8897035
1,1,0.87030417
1,1,0.86232543
1,1,0.71993667
1,1,0.76099896
1,1,0.5359733
1,0,0.49581483
1,1,0.8344923
1,0,0.3729424
1,1,0.60676205
0,1,0.79754984
1,1,0.84904855
1,1,0.63407356
0,1,0.60683674
1,0,0.48467648
1,1,0.81153023
1,0,0.076548934
1,1,0.93531007
1,0,0.4336958
1,1,0.8639992
1,1,0.58932984
1,1,0.69051313
1,1,0.5727226
1,1,0.5794712
1,0,0.4803357
1,0,0.4363722
1,1,0.58690596
1,1,0.88391936
1,1,0.73300314
1,0,0.44714347
1,1,0.67920077
1,1,0.5494957
1,0,0.18226594
1,1,0.7232181
1,1,0.54782414
1,1,0.86559856
1,1,0.91709757
1,1,0.7979364
1,1,0.82547444
1,1,0.5044301
1,1,0.7453887
1,1,0.5387809
1,1,0.71740437
1,0,0.36139694
1,1,0.8515077
1,1,0.838126
1,1,0.8250248
1,1,0.6793462
1,0,0.4857865
1,1,0.8731931
1,1,0.6185308
1,1,0.9111149
1,1,0.92260605
1,1,0.8941252
1,1,0.6258725
1,1,0.50258213
1,0,0.2778001
1,0,0.4732941
1,1,0.81304705
1,1,0.6263285
0,0,0.14343302
1,1,0.86708903
1,0,0.37240687
1,1,0.89894134
1,1,0.8331585
1,1,0.5059338
1,0,0.057810158
1,1,0.92512614
1,0,0.37104532
1,1,0.7651725
0,0,0.35778004
1,1,0.88208544
1,0,0.12182307
1,1,0.79129595
1,1,0.72573006
1,0,0.124314584
1,1,0.92542076
1,0,0.16289605
1,1,0.7144724
1,0,0.45886728
1,0,0.24122475
1,1,0.7466769
1,1,0.8512054
1,0,0.34844953
1,1,0.75547856
1,1,0.8784694
0,0,0.20481202
1,1,0.77494824
1,1,0.7062975
1,1,0.8924826
1,0,0.030808585
1,1,0.62870216
1,1,0.7979047
1,1,0.8669913
1,1,0.87582177
1,1,0.5444964
1,0,0.28540838
1,1,0.8945996
1,1,0.85938233
1,0,0.13851409
1,1,0.9118847
1,1,0.89730805
1,1,0.54439396
1,1,0.81325024
1,0,0.47080502
1,1,0.8715905
1,1,0.50269157
1,1,0.8690091
1,1,0.58881176
0,0,0.10780686
1,1,0.92620224
0,1,0.79273057
1,1,0.61772513
1,1,0.75886136
1,1,0.8636317
1,0,0.272243
1,1,0.7035733
1,1,0.9722701
1,1,0.95508313
1,1,0.87827903
1,1,0.86689943
1,1,0.6804349
1,1,0.6416436
1,1,0.9247872
1,1,0.7565362
1,1,0.7756942
1,1,0.9256521
1,0,0.29901063
1,1,0.6098343
1,1,0.6100237
1,1,0.865239
1,1,0.8362577
1,0,0.47259977
1,1,0.83521664
1,0,0.45750389
1,1,0.8333638
1,1,0.82529545
1,1,0.87909746
1,1,0.6599296
1,1,0.86314636
1,1,0.5142221
1,1,0.8954911
1,1,0.85254985
1,0,0.20564593
1,0,0.30211222
1,0,0.15269831
1,1,0.61030245
1,1,0.6715939
1,1,0.7519619
1,1,0.50986713
1,0,0.48382616
1,0,0.43755782
1,0,0.31654572
1,1,0.70047396
1,1,0.5526972
1,1,0.87005967
0,1,0.6812243
0,1,0.63574183
1,1,0.660977
0,0,0.3851385
1,1,0.71246845
1,0,0.4512127
1,1,0.92902625
1,1,0.8907409
1,1,0.8076675
1,1,0.6765812
1,1,0.5823017
1,0,0.18246166
1,1,0.71786803
0,0,0.075293496
1,1,0.82489353
1,1,0.51493484
1,1,0.5878234
1,0,0.27212217
1,0,0.41243967
1,1,0.7182801
1,0,0.3447098
1,0,0.46245202
0,0,0.47271568
1,0,0.4200567
1,1,0.6819951
1,1,0.83626634
1,1,0.84185797
1,1,0.81736165
1,1,0.65785027
1,1,0.7755108
1,0,0.36407095
1,1,0.72393477
1,1,0.9199432
1,1,0.86441
1,1,0.6080179
0,1,0.90875024
1,1,0.7614493
1,1,0.75387543
1,1,0.9400257
1,1,0.84668094
1,1,0.52584636
1,1,0.82501906
1,1,0.85870934
0,0,0.03839278
0,0,0.19235843
1,0,0.37749806
1,1,0.5238391
1,1,0.8439071
1,0,0.43862975
1,1,0.5193779
1,0,0.28124452
0,0,0.23274612
1,1,0.66228473
1,1,0.6592203
1,1,0.8839064
1,0,0.29001525
1,1,0.52866066
1,1,0.83811504
1,1,0.82962894
1,0,0.45096406
1,0,0.46362638
1,1,0.6614761
1,1,0.923033
1,1,0.6003383
1,1,0.5738007
1,1,0.80579406
1,1,0.71353614
1,0,0.32961822
1,0,0.4567675
1,1,0.88195676
1,1,0.6080404
1,1,0.9220882
1,1,0.82046485
1,0,0.26763797
1,1,0.88079697
1,1,0.7567663
1,1,0.7920411
1,0,0.2311839
1,0,0.058352415
1,1,0.76719975
1,1,0.90949994
1,1,0.7908431
1,1,0.9285985
1,1,0.90554565
1,1,0.6116694
1,1,0.75702816
1,1,0.9356514
1,1,0.90576875
1,1,0.76885694
1,1,0.5419
1,1,0.6351223
1,1,0.8690643
1,1,0.79845554
1,1,0.8566325
1,1,0.92754567
1,1,0.8910859
1,1,0.7082575
1,1,0.84175575
1,1,0.9191187
1,1,0.8154713
1,1,0.6658834
1,1,0.93520445
1,1,0.57709897
1,1,0.6982758
1,0,0.081094354
1,1,0.54190487
1,1,0.9281333
1,1,0.91401494
1,1,0.5774156
1,1,0.85659367
1,1,0.714905
1,1,0.7509922
1,1,0.6772682
1,1,0.7764278
1,1,0.9018415
1,0,0.22861569
1,0,0.48988023
1,1,0.8829485
1,0,0.44173148
1,1,0.92129225
0,0,0.073942214
1,1,0.7222115
0,0,0.099854946
0,0,0.029561544
1,1,0.8188678
1,1,0.88010275
1,1,0.78860617
1,1,0.87582546
1,1,0.90376055
1,1,0.74601835
0,0,0.17961161
1,0,0.3099734
1,1,0.73152953
1,1,0.58536744
1,0,0.46540326
1,1,0.8260863
1,1,0.6585694
0,1,0.8837014
1,1,0.90904695
1,1,0.5130694
1,1,0.8155092
1,1,0.69713056
1,0,0.39193103
1,0,0.27926022
1,1,0.59805864
1,1,0.9338637
1,1,0.8835523
1,1,0.88451487
1,0,0.1534818
1,1,0.7919706
1,1,0.57662976
1,1,0.8158016
1,1,0.6799499
1,1,0.93764716
1,1,0.90984666
1,1,0.8417958
1,1,0.8852028
1,0,0.15087703
1,1,0.6385626
1,1,0.63160163
1,1,0.8891902
1,1,0.9102323
1,1,0.8845342
1,1,0.93194824
1,1,0.581055
1,1,0.8426268
1,1,0.5617825
1,1,0.76815265
1,1,0.7481823
1,0,0.32020926
1,1,0.90068656
1,1,0.90633315
1,1,0.67684454
1,0,0.30180216
1,1,0.93109643
1,1,0.50456804
1,1,0.81833404
1,0,0.45948026
1,1,0.9135304
1,0,0.08422774
1,1,0.7068964
1,0,0.4070222
1,1,0.88941574
1,1,0.95586914
1,0,0.36839992
1,1,0.953218
1,1,0.5796502
1,1,0.7086856
1,1,0.92924017
0,0,0.06478985
1,1,0.87543136
1,1,0.8188933
1,0,0.2335434
1,1,0.8319684
1,1,0.8010443
1,1,0.80148
1,1,0.8733248
1,1,0.6821438
1,1,0.77314913
0,0,0.04960197
1,1,0.67890745
1,1,0.5148513
1,1,0.8337022
1,1,0.9066804
1,1,0.7476037
1,1,0.7749502
1,1,0.9342999
1,0,0.49744666
1,1,0.83148694
1,1,0.8849187
1,1,0.94242626
1,1,0.7239019
1,1,0.7936178
1,0,0.34124407
1,1,0.84647
1,1,0.5108489
1,1,0.8672466
1,0,0.04786317
1,1,0.91887456
1,1,0.8404761
1,1,0.86048645
1,1,0.9068012
1,0,0.36695254
1,1,0.8016087
1,1,0.7953929
1,1,0.9164321
1,0,0.45861873
1,1,0.91690993
0,0,0.11667574
1,1,0.6557889
1,1,0.691711
0,1,0.5415964
1,1,0.5259788
1,1,0.5522391
1,1,0.66642624
1,1,0.9085181
1,1,0.9213858
1,1,0.7497141
1,1,0.91163003
1,1,0.7469077
1,1,0.8735186
1,1,0.839668
1,0,0.38960183
1,1,0.55377936
1,0,0.3131472
1,0,0.28023642
1,1,0.7677654
1,0,0.34083012
1,1,0.74372065
1,1,0.9019072
1,1,0.95742625
1,1,0.9187202
1,1,0.8156647
1,1,0.5646166
1,0,0.10570388
1,1,0.90107316
1,1,0.79016244
0,1,0.5347803
1,1,0.7599151
1,1,0.90753704
1,1,0.94486713
1,1,0.79160756
1,1,0.92188734
1,1,0.5334032
1,0,0.1941946
1,1,0.5512995
1,1,0.90661037
1,1,0.8778567
1,0,0.13322006
1,1,0.5397212
1,1,0.5517238
1,1,0.88550436
1,1,0.84346884
1,1,0.8511243
1,1,0.7971141
1,1,0.7933765
1,1,0.9364403
0,0,0.3880859
1,1,0.8342726
1,1,0.9351493
1,1,0.9321537
1,1,0.9324632
1,1,0.5873958
1,1,0.70149904
1,1,0.7081476
1,1,0.8489365
1,0,0.44288427
1,1,0.5791498
1,1,0.7601537
1,1,0.86696905
1,1,0.7428049
1,1,0.9052168
1,0,0.32948986
1,0,0.3054698
0,0,0.38251257
1,0,0.36354747
1,1,0.8314932
1,1,0.7964804
1,0,0.48296526
1,1,0.8795688
0,0,0.18477017
1,0,0.48652124
1,0,0.41961607
1,1,0.60393375
1,1,0.5188359
1,1,0.94323385
1,1,0.91626346
0,0,0.057490706
1,0,0.098093346
1,1,0.83556694
1,1,0.7773792
1,1,0.85270774
1,1,0.69986224
1,1,0.8867141
1,1,0.91800356
1,1,0.9272407
0,0,0.38883197
1,0,0.47591737
1,1,0.67871153
1,1,0.59926045
0,1,0.60941565
0,1,0.74331284
1,0,0.29991096
1,1,0.730162
1,0,0.24549645
1,1,0.5469278
1,1,0.8776561
1,1,0.6867877
1,1,0.78618354
1,1,0.8161705
1,0,0.48249012
1,1,0.59477836
1,0,0.38953498
1,0,0.37500453
1,1,0.8462128
1,1,0.8136362
1,1,0.8771092
1,0,0.35349414
1,0,0.23437193
1,1,0.8742471
1,1,0.5087716
1,1,0.93217963
1,1,0.8630707
1,1,0.85883087
1,0,0.41687247
1,1,0.5893664
1,1,0.7077756
1,1,0.90825355
1,1,0.7723295
0,0,0.1971687
0,1,0.85682726
1,1,0.58061016
1,1,0.7703411
1,1,0.6601736
1,1,0.72387534
1,0,0.4503858
1,1,0.76895356
1,1,0.8525964
1,1,0.8805999
1,1,0.6247715
1,1,0.5742822
1,1,0.72895974
1,1,0.94804734
1,1,0.89379096
1,0,0.44852534
1,1,0.5068482
1,1,0.8605187
1,1,0.8956847
0,1,0.5283789
1,1,0.8664392
1,1,0.90531117
1,0,0.14925057
1,1,0.84450334
1,1,0.62468445
1,1,0.8196794
1,1,0.9313676
1,1,0.5315665
1,1,0.88393474
1,0,0.44849914
1,0,0.43410394
1,1,0.86790425
1,1,0.5915233
1,1,0.83521765
1,1,0.8490875
1,1,0.7616745
0,1,0.7583088
1,0,0.14605713
1,1,0.94512326
1,0,0.37495932
0,1,0.7189839
1,1,0.90616894
1,0,0.41570395
1,1,0.6719687
1,1,0.93243766
1,1,0.5347913
1,1,0.8361947
1,1,0.6654698
1,1,0.87865645
1,1,0.5125927
1,1,0.9069973
1,1,0.6457293
1,1,0.6219438
1,1,0.89465356
1,0,0.4944919
0,0,0.036365904
1,1,0.5623744
1,1,0.8477193
1,1,0.9177692
1,1,0.90143704
1,0,0.47337914
1,1,0.83940506
1,0,0.19722936
1,1,0.6825603
1,1,0.7591959
1,1,0.58081335
1,1,0.908987
1,1,0.64256287
1,1,0.80583024
1,1,0.5427344
1,0,0.37119612
1,1,0.6871664
1,1,0.8972928
1,1,0.6902835
1,1,0.83159184
0,0,0.40132242
1,1,0.9138124
1,1,0.82298046
1,0,0.3065694
1,1,0.80957025
0,1,0.77491313
1,1,0.54331094
1,1,0.7172276
1,1,0.8980177
1,0,0.11306838
1,1,0.88352644
1,1,0.8098558
1,1,0.78329295
1,1,0.91748565
1,1,0.7194257
1,1,0.553645
1,1,0.83870935
1,0,0.30818534
1,1,0.8937662
1,1,0.7022616
0,0,0.35246876
1,1,0.68146396
1,1,0.5065584
1,1,0.6220666
1,1,0.84411055
1,1,0.75469077
1,1,0.89678186
1,0,0.18388274
1,1,0.828018
1,1,0.8529592
1,0,0.46254689
1,1,0.9169403
1,1,0.6478206
1,1,0.5654713
1,1,0.71845126
1,1,0.55033183
1,0,0.43701637
1,1,0.70146614
1,1,0.8893704
1,1,0.8856398
1,1,0.8419041
0,1,0.96256185
0,0,0.4554957
1,0,0.2710387
1,1,0.8696077
1,0,0.47310644
1,1,0.8212328
1,0,0.33497095
1,1,0.6165797
1,1,0.52626294
1,1,0.8903582
1,0,0.3612444
1,1,0.6378348
1,0,0.20473626
1,0,0.4735488
1,1,0.896546
1,1,0.8626759
1,1,0.84457093
1,1,0.7756927
1,1,0.56519294
1,0,0.3405684
1,0,0.2665606
1,1,0.8387721
1,0,0.21390064
1,1,0.59242487
1,0,0.23268394
1,1,0.52020717
1,1,0.91041446
1,1,0.5421117
1,1,0.6013712
1,1,0.90681475
1,1,0.73662674
1,1,0.92042744
1,1,0.576243
1,1,0.60372424
1,1,0.7986303
1,1,0.8583218
1,0,0.34422395
1,0,0.48702556
1,0,0.14541481
1,1,0.86656183
1,1,0.92074263
1,1,0.5260826
1,1,0.8296944
1,1,0.6877136
1,0,0.2797519
1,1,0.7289946
1,1,0.6583434
1,0,0.3107661
1,1,0.90822643
0,0,0.1279594
1,1,0.9228035
1,1,0.7288771
1,1,0.78773856
1,1,0.7279004
1,0,0.4427651
1,1,0.8719661
1,0,0.4058385
0,0,0.48816684
1,0,0.44613782
1,1,0.7525444
1,1,0.5705109
1,0,0.4137658
1,1,0.8352678
1,0,0.49098498
1,1,0.76661134
1,1,0.7667532
1,0,0.492867
1,1,0.9603482
1,1,0.93847966
1,0,0.32494503
1,1,0.6966293
1,1,0.89316237
1,1,0.5501878
1,1,0.9093218
1,0,0.45176134
1,0,0.39547497
1,1,0.9392862
1,1,0.9164444
1,1,0.9207001
0,0,0.25622323
1,1,0.75539166
1,1,0.5223793
1,1,0.7981257
1,0,0.107807636
1,1,0.9303175
1,1,0.93629587
1,1,0.93417805
1,0,0.079715
1,0,0.37002003
1,1,0.50106144
1,1,0.8079676
1,1,0.95317
1,1,0.8517397
1,0,0.35885048
1,0,0.4469642
1,1,0.8948928
1,1,0.5690898
1,1,0.76733714
1,1,0.8232043
1,0,0.39772305
1,1,0.5389866
1,0,0.37707135
1,1,0.88832957
0,0,0.21678531
1,1,0.8126661
1,0,0.43317962
1,1,0.91526145
1,1,0.5302563
1,1,0.69965345
0,0,0.22542366
1,1,0.62666214
1,1,0.6080847
1,1,0.82561827
1,1,0.58120424
1,1,0.8300333
1,1,0.83844274
1,1,0.8517121
1,1,0.8832719
1,1,0.6751326
1,0,0.38236123
1,1,0.9001246
1,1,0.7290942
0,0,0.28172743
1,1,0.5438109
1,1,0.64165854
1,1,0.9002374
1,1,0.5938799
1,1,0.9352959
1,1,0.5503742
1,0,0.34025127
0,0,0.25348112
1,0,0.348084
0,0,0.1375125
1,1,0.8099408
1,1,0.83468336
1,1,0.93052125
1,1,0.721141
1,1,0.8399559
1,0,0.49261945
0,0,0.24410094
1,1,0.56431925
1,1,0.94260186
1,1,0.76732314
0,0,0.3563106
1,1,0.70237935
1,1,0.5891319
1,1,0.930262
1,1,0.66149586
1,0,0.397884
1,0,0.09231654
1,1,0.6988811
1,1,0.8324753
1,1,0.8298869
1,0,0.49731955
1,1,0.90186054
1,1,0.93917775
1,1,0.56744426
1,1,0.5133636
1,0,0.49370536
1,1,0.8948425
1,1,0.77861935
0,0,0.107547335
1,0,0.3550157
1,1,0.631511
1,1,0.85367316
1,1,0.8177931
1,1,0.8785429
1,1,0.77001977
1,1,0.85877573
1,0,0.4807286
1,1,0.8393867
1,1,0.6731622
1,0,0.4947894
1,1,0.86027104
0,0,0.043674994
1,1,0.9148922
1,0,0.25963917
1,0,0.25101873
1,0,0.48652142
1,0,0.46284315
1,0,0.40772828
0,0,0.25842914
1,1,0.78013074
1,1,0.96594507
1,1,0.9656266
1,1,0.8800063
1,1,0.89041984
1,1,0.88780826
1,1,0.7667995
1,0,0.24856785
1,0,0.4077258
1,0,0.22143757
1,1,0.9356278
1,1,0.9087724
1,1,0.8720759
1,1,0.8977196
1,1,0.8831034
1,1,0.88670886
1,1,0.6908057
1,1,0.8566363
1,1,0.55857205
1,0,0.36490485
1,0,0.29931447
1,1,0.5028097
1,1,0.8249021
1,0,0.13986832
1,0,0.1981373
1,1,0.8040141
1,0,0.12693365
1,1,0.91093683
1,0,0.4595386
1,1,0.83292496
1,1,0.871225
1,1,0.8699554
1,0,0.45464626
1,1,0.8703345
1,1,0.7647752
1,1,0.52000445
1,1,0.5379853
1,1,0.9652563
1,0,0.14158852
1,1,0.62854695
1,1,0.92546874
1,0,0.4858859
1,1,0.8267755
1,1,0.9285635
1,1,0.8980597
1,1,0.7799614
1,1,0.8109783
1,0,0.27309522
1,1,0.5211995
1,0,0.42249024
1,1,0.8318645
0,1,0.8606949
1,1,0.6774146
1,1,0.7453454
1,1,0.90064216
1,1,0.8926167
1,1,0.8826706
1,1,0.761225
1,1,0.67535746
1,1,0.8311367
1,1,0.93254584
1,1,0.8050011
1,1,0.82114685
1,1,0.7535146
1,1,0.86411864
1,1,0.7357471
1,1,0.9273942
1,1,0.92016864
1,1,0.87219286
0,0,0.069707304
0,1,0.76561123
1,1,0.8047698
1,1,0.88304883
1,0,0.2961517
1,1,0.6300759
1,1,0.7681573
1,0,0.25615078
1,1,0.88725
0,0,0.17127167
1,0,0.3779551
1,0,0.20558031
1,1,0.8834143
1,1,0.80643857
0,0,0.042865977
1,1,0.76737094
1,0,0.13455823
1,0,0.4836372
1,0,0.070070274
1,1,0.72384155
1,1,0.8428519
1,1,0.72619337
1,1,0.87309456
1,1,0.66279936
1,0,0.057219714
1,1,0.6853297
1,1,0.93252295
1,1,0.9064337
1,1,0.9270305
1,1,0.8206668
1,1,0.9245789
1,1,0.93376535
1,1,0.8937584
1,1,0.8859964
1,1,0.80496657
1,1,0.6675252
1,1,0.8883688
1,0,0.1348888
1,1,0.9056511
1,1,0.74229026
1,1,0.8070818
0,0,0.4882921
0,0,0.15675038
1,1,0.7619262
1,0,0.44463876
1,1,0.6462428
1,1,0.7772548
1,1,0.7743786
1,1,0.67668885
1,1,0.56538105
1,1,0.91661537
1,1,0.86386096
1,1,0.80266416
1,0,0.27951658
1,1,0.53525734
1,1,0.5844005
1,0,0.4795717
1,1,0.83210635
1,0,0.43527547
1,0,0.26895183
1,1,0.6312726
1,1,0.85128593
1,0,0.38375336
1,1,0.91366106
1,0,0.075607836
1,1,0.85008824
1,0,0.4798811
1,1,0.53197104
1,0,0.36491665
1,0,0.1840747
1,1,0.86981285
1,0,0.48193341
1,1,0.7486814
1,1,0.5381591
1,1,0.9232822
1,1,0.9299045
0,1,0.66253114
1,1,0.8422574
1,1,0.75836325
1,1,0.9318317
1,1,0.78472424
1,0,0.20490642
1,1,0.77323943
1,1,0.7826221
1,0,0.3364402
1,1,0.9403679
1,1,0.8534698
1,1,0.70403755
1,1,0.5932546
1,1,0.5196453
1,1,0.61822253
1,1,0.55312544
1,1,0.8729916
1,1,0.8629758
1,1,0.84306073
1,0,0.17431657
1,1,0.81774956
1,0,0.43356532
1,1,0.52860117
1,1,0.5346825
1,1,0.9127221
1,1,0.6500282
1,1,0.896613
1,1,0.8860417
1,0,0.3541539
1,1,0.5752954
1,1,0.78064317
1,1,0.85380167
1,0,0.4507266
1,1,0.58887386
1,1,0.58456504
1,0,0.3376902
1,1,0.7921371
0,1,0.71021354
1,0,0.32008407
1,1,0.7778474
1,1,0.66020757
1,1,0.9255018
1,1,0.77452123
1,0,0.43402237
1,1,0.7936101
1,1,0.8549218
1,1,0.7622272
1,1,0.86237776
1,1,0.8592513
1,0,0.42551795
1,1,0.7124683
1,1,0.67538667
1,1,0.9437512
1,1,0.650985
1,1,0.87410986
1,1,0.93233484
1,1,0.877591
1,1,0.5818977
1,1,0.5728965
1,1,0.8823474
1,1,0.81397176
1,1,0.90478593
0,1,0.6436011
1,1,0.8677882
1,0,0.4067125
1,0,0.35302624
1,1,0.8650489
1,0,0.49197888
0,1,0.60230535
0,0,0.43117377
1,1,0.5816095
1,0,0.16149679
1,1,0.9209968
1,0,0.49482512
1,1,0.8306341
1,0,0.24455397
1,1,0.80613595
1,1,0.9097226
0,1,0.79692495
1,1,0.8960166
1,0,0.27793345
1,1,0.87345433
1,1,0.5029366
1,0,0.34317985
1,1,0.65481526
1,0,0.47981194
1,1,0.804476
1,1,0.6853944
1,0,0.15012485
1,1,0.85010546
1,1,0.6581724
0,0,0.1104501
1,1,0.69975096
1,0,0.22350873
1,1,0.9142902
1,1,0.81974405
1,1,0.902972
1,1,0.58284837
1,1,0.86681974
1,1,0.9473945
1,1,0.54556304
1,0,0.12912993
1,1,0.6231237
1,1,0.86376524
1,1,0.54570764
1,0,0.43453833
1,0,0.20539874
1,1,0.71100736
1,0,0.22298233
1,1,0.85992837
1,1,0.8259851
1,0,0.18523788
1,1,0.719228
1,1,0.71196115
1,1,0.88569427
1,0,0.36396724
1,1,0.8469633
1,1,0.8652947
0,1,0.8939627
1,1,0.93563616
0,0,0.081508204
1,0,0.3013518
1,1,0.89590186
1,0,0.44385457
1,0,0.23423004
1,0,0.071215436
0,0,0.2009056
1,1,0.7855195
1,1,0.6191487
1,0,0.4058263
1,1,0.649887
1,1,0.59548086
1,1,0.7079536
1,0,0.04294682
1,1,0.87086266
1,0,0.28161758
1,1,0.9472797
1,0,0.4221139
1,1,0.65510863
1,0,0.34650496
1,1,0.87345314
1,0,0.4426583
1,0,0.2424053
1,0,0.1302736
1,1,0.866146
1,1,0.59455436
1,1,0.62657225
1,1,0.857605
1,1,0.677522
1,1,0.939707
1,0,0.20306157
1,0,0.45594573
1,1,0.53382397
0,0,0.037734862
1,1,0.6091061
1,0,0.2880842
1,1,0.7865011
1,1,0.66115606
1,1,0.94188195
1,1,0.506398
1,0,0.46688268
1,1,0.5855347
1,1,0.7978265
1,1,0.7520576
1,1,0.8410701
1,1,0.9169597
1,1,0.62126046
1,0,0.4997156
1,1,0.9217574
1,1,0.8904282
1,1,0.91311395
1,1,0.89996964
1,1,0.6627504
1,0,0.28421938
1,1,0.611542
1,1,0.8468681
1,1,0.68789554
1,1,0.91346705
1,0,0.2539058
1,1,0.73047596
1,1,0.87148917
1,1,0.5405055
1,1,0.9568982
0,0,0.0338675
1,0,0.36767048
1,1,0.8038405
1,1,0.7813036
1,1,0.96093476
1,1,0.9110963
1,1,0.8523289
1,1,0.66273403
1,1,0.9342118
1,1,0.8308807
1,1,0.94166404
1,1,0.7011962
1,1,0.90585876
1,1,0.91155416
1,1,0.79780966
1,1,0.7664898
1,0,0.39417627
1,1,0.83938634
1,1,0.8868377
1,1,0.5243407
1,0,0.42020977
1,1,0.9032132
1,1,0.56071633
1,1,0.58556783
1,1,0.863772
1,0,0.4502329
1,1,0.595167
1,1,0.9369736
1,1,0.65270287
1,1,0.8965356
1,1,0.6694947
1,1,0.5814071
1,1,0.818093
1,1,0.69848573
1,0,0.46080512
0,1,0.7292863
1,1,0.5759382
1,1,0.9527835
1,1,0.96225077
1,1,0.7276351
1,1,0.63376397
1,1,0.6702395
1,0,0.49897808
1,1,0.8361309
1,1,0.8385398
1,1,0.8808999
1,1,0.5308852
1,1,0.83472526
1,1,0.68850935
1,0,0.191364
1,1,0.93630695
1,1,0.7294501
1,0,0.23673242
1,1,0.95739794
1,0,0.469273
1,1,0.7530687
1,1,0.8964474
1,1,0.7725536
1,1,0.9111083
1,0,0.31524843
1,1,0.7518711
1,1,0.70595086
1,0,0.2227799
1,1,0.5902188
1,1,0.884992
1,1,0.6765207
1,1,0.67671365
1,1,0.9176785
1,1,0.8896779
1,1,0.856313
1,1,0.8476513
1,1,0.78878754
1,1,0.93284327
1,1,0.78953445
1,0,0.23186399
1,1,0.8811822
1,0,0.44677627
1,1,0.61760455
1,1,0.8765686
1,1,0.8708324
1,1,0.8597868
1,1,0.80328506
1,1,0.8923926
1,0,0.08083187
1,1,0.59523934
1,1,0.71315557
1,1,0.82166827
1,0,0.402142
1,1,0.8396964
1,0,0.4565138
1,1,0.9292835
1,1,0.93939567
1,0,0.28350523
1,1,0.9633098
1,1,0.8462362
1,1,0.8617466
1,1,0.95531243
1,0,0.27719286
1,1,0.53054214
1,1,0.83156407
1,1,0.9340804
1,0,0.39664716
1,0,0.17133048
1,0,0.23565269
1,0,0.3806174
1,1,0.70529693
1,1,0.82043
1,1,0.9509892
1,1,0.79606044
1,1,0.51445013
1,1,0.8911471
0,1,0.7198295
1,1,0.82267153
1,0,0.3778606
1,1,0.864803
1,0,0.21188216
1,0,0.3570422
1,1,0.7384187
1,1,0.8829659
1,1,0.71225893
1,1,0.9356616
1,1,0.8053468
1,1,0.8487756
1,0,0.49165767
1,1,0.8430068
1,1,0.7721355
1,1,0.89503783
1,1,0.82142794
1,0,0.104272686
0,0,0.2038768
1,0,0.38050643
1,1,0.64222205
1,1,0.5301322
1,1,0.89590496
0,0,0.06628152
1,1,0.7417452
1,1,0.8696501
1,1,0.56376684
1,0,0.18601485
1,1,0.69484127
1,1,0.8070417
1,1,0.90954083
1,1,0.91918606
1,0,0.3790184
1,1,0.90437263
1,1,0.7402283
1,1,0.8682528
1,0,0.19093646
1,0,0.3424937
1,1,0.9256471
1,0,0.17871374
1,0,0.49508223
1,1,0.8422182
1,1,0.8739114
0,0,0.3048105
1,0,0.48620388
1,1,0.87679964
1,1,0.87347215
1,1,0.78618443
1,1,0.9345166
1,0,0.2531148
1,1,0.5080659
1,1,0.9575364
1,1,0.8143834
1,1,0.66794646
1,1,0.79639894
1,1,0.5642384
1,0,0.2656195
1,0,0.3529814
1,1,0.7953249
1,1,0.9397614
1,1,0.8910336
1,1,0.7569407
1,1,0.88739735
1,0,0.3830945
1,1,0.78677225
1,1,0.9348395
1,1,0.87707865
1,1,0.599328
1,1,0.84487987
1,1,0.5411127
1,1,0.73284256
1,1,0.8541287
1,1,0.76772857
1,1,0.93070096
1,0,0.43262225
1,0,0.27472934
1,0,0.42353556
1,0,0.2941399
1,1,0.6864601
1,0,0.3110346
1,1,0.8856563
1,1,0.9045313
1,1,0.5968595
1,1,0.7095654
1,1,0.87570447
1,1,0.69975126
1,1,0.54833686
1,1,0.8605264
1,1,0.884034
1,1,0.75207555
1,1,0.6440744
1,1,0.6216495
1,1,0.89762557
1,1,0.90764886
0,1,0.8293762
1,1,0.7857006
1,0,0.20052473
1,1,0.51791584
1,1,0.7732958
1,1,0.86957973
1,1,0.7654945
1,1,0.76944727
1,1,0.8810869
1,1,0.7664832
1,1,0.84145194
1,0,0.3878311
0,0,0.32006297
1,1,0.93306303
1,1,0.8591314
1,0,0.17426305
1,1,0.9647695
1,1,0.8411278
1,0,0.44454163
1,1,0.8961543
1,1,0.9541637
1,1,0.8979799
1,1,0.9520742
1,1,0.6889944
1,1,0.8215526
0,0,0.220363
0,0,0.26704594
1,1,0.7384616
1,1,0.8631143
1,1,0.84007144
1,0,0.22563492
1,1,0.8907174
1,0,0.34710193
1,1,0.71465075
1,1,0.9066854
1,0,0.2911094
1,1,0.590775
1,1,0.6044742
1,1,0.8224182
0,0,0.46697453
1,1,0.7118435
1,1,0.85365665
1,1,0.88439643
1,1,0.8621474
1,1,0.6648983
1,1,0.64970434
1,1,0.84922457
1,0,0.054657526
1,1,0.86528516
1,0,0.07612191
1,1,0.8644348
1,0,0.10752754
1,1,0.9462528
1,1,0.5077981
0,0,0.1726264
1,0,0.47368366
1,0,0.47996998
1,1,0.715362
0,0,0.040692843
1,1,0.5134646
1,1,0.6521491
1,1,0.9353791
1,1,0.88854533
1,1,0.8392109
1,1,0.86253744
1,1,0.8031486
1,1,0.7473062
1,0,0.37691587
1,1,0.846771
1,1,0.6478212
1,0,0.18627921
1,1,0.875726
1,0,0.13021539
1,1,0.6892028
0,0,0.266759
1,1,0.85895073
1,0,0.37316895
1,1,0.82665694
1,1,0.9154338
1,1,0.77509266
1,1,0.5993825
1,0,0.16800039
1,1,0.8572318
1,1,0.8193882
1,1,0.84550023
1,0,0.3511493
1,1,0.9078698
1,1,0.8665618
1,0,0.41576198
1,1,0.8681298
1,0,0.14833671
1,1,0.86339974
0,0,0.4622782
0,0,0.26519176
1,1,0.59647906
1,1,0.91692424
0,1,0.5151017
1,1,0.8615465
1,0,0.31277755
1,1,0.62175864
0,0,0.28318703
1,0,0.4694886
1,1,0.9224665
1,0,0.14481197
1,0,0.45564482
1,1,0.6741499
1,1,0.8473978
0,0,0.11118574
1,1,0.9207342
1,1,0.60927653
1,1,0.76168185
1,1,0.9079801
0,0,0.27422994
0,0,0.11304353
1,0,0.346827
1,1,0.8654525
1,0,0.37207356
1,1,0.8862117
1,1,0.878238
1,1,0.9534504
1,0,0.3848036
1,1,0.542881
1,1,0.9296309
1,0,0.36626738
1,1,0.84346163
1,1,0.89758986
1,1,0.6762037
1,1,0.934976
1,1,0.6319554
1,1,0.8925325
1,1,0.8423826
1,0,0.49959484
1,1,0.9258443
0,1,0.82360595
1,1,0.76864845
1,1,0.9376492
1,1,0.9162351
0,0,0.044121914
1,1,0.8739061
1,1,0.8062383
1,1,0.8344922
1,1,0.9168438
1,1,0.80389476
1,1,0.64697635
1,1,0.89779234
1,1,0.56195116
1,1,0.7059317
1,1,0.92346174
1,1,0.78026706
1,0,0.41080996
1,1,0.76880753
1,1,0.69379896
1,1,0.7458308
0,1,0.8181847
1,1,0.54231995
1,0,0.49669698
1,1,0.8242101
1,1,0.7504498
1,1,0.5183018
1,0,0.1941982
1,1,0.9647902
1,0,0.30126476
1,1,0.8505446
1,1,0.5169329
1,1,0.9075875
1,1,0.67934823
1,1,0.5669854
1,1,0.8663818
1,1,0.84867936
1,1,0.5806743
1,1,0.8841354
1,0,0.37837005
1,0,0.4120325
1,1,0.8401524
1,1,0.73966587
1,1,0.65620464
1,1,0.83633566
1,0,0.11395299
1,1,0.9101442
1,1,0.944545
1,1,0.8303398
1,1,0.8252225
1,1,0.7556978
1,1,0.5360599
1,0,0.13769965
1,1,0.9270864
1,1,0.6374598
1,1,0.8450564
1,0,0.35777205
1,0,0.3476081
1,0,0.28473863
1,1,0.7656436
1,1,0.9025584
1,1,0.8470615
1,1,0.5019147
1,0,0.43585283
1,1,0.7055926
1,0,0.38951293
1,1,0.70524615
1,1,0.6664944
1,1,0.6124823
1,1,0.5237076
1,0,0.2270562
1,1,0.8741151
1,1,0.9059944
0,0,0.24289899
1,0,0.39423925
1,1,0.6208972
1,1,0.875635
1,1,0.9103901
1,1,0.7087835
1,1,0.8498565
1,1,0.7817007
1,1,0.56284183
1,1,0.9175874
1,1,0.7809396
1,1,0.88923234
1,0,0.27473104
1,1,0.8380877
1,1,0.74591464
1,1,0.8528709
1,1,0.5595293
1,1,0.9198731
1,1,0.8724494
1,1,0.7997041
1,0,0.24802604
1,0,0.24110788
1,1,0.82606596
1,1,0.8322719
1,1,0.8234887
0,0,0.23655832
0,0,0.31602594
1,1,0.6994721
1,1,0.8825721
1,1,0.7835045
1,1,0.7218004
0,1,0.9356852
1,1,0.94213086
1,1,0.7868545
1,1,0.6585991
1,1,0.7971194
1,1,0.8647921
1,1,0.88448715
1,0,0.29604343
1,0,0.17859864
1,1,0.8611897
1,1,0.83600336
1,1,0.95617247
1,1,0.85946345
1,1,0.7408743
1,1,0.89972156
1,1,0.549337
1,1,0.8385917
1,1,0.52100444
1,1,0.8714288
1,0,0.48083925
1,1,0.8589604
1,1,0.73671776
1,1,0.54515994
1,0,0.29491517
1,1,0.92331696
0,0,0.25015333
1,1,0.9010825
1,1,0.7611301
1,1,0.6760954
1,1,0.80893046
1,1,0.8986361
1,1,0.5425656
1,1,0.7520601
1,0,0.18821308
1,1,0.8113933
1,0,0.42295003
1,1,0.8953461
1,1,0.83233076
1,0,0.19628653
1,1,0.8789218
1,1,0.6140864
1,1,0.83444756
1,1,0.82901716
1,1,0.79257077
1,0,0.31650138
1,1,0.8962731
1,1,0.75682867
1,1,0.6373689
1,1,0.59692293
1,1,0.8085912
1,1,0.83387506
1,1,0.6312312
1,1,0.87475044
0,1,0.6525116
0,0,0.42900562
0,0,0.22462937
1,1,0.8841832
1,1,0.9439383
1,1,0.76586604
1,0,0.27074996
1,0,0.19249474
1,0,0.15475075
1,1,0.6370256
1,1,0.73278874
0,0,0.058008827
1,1,0.7913768
0,0,0.07039089
1,1,0.90844464
1,1,0.95753336
1,0,0.48730564
0,1,0.84334487
1,1,0.83753246
1,1,0.61594224
1,1,0.85522085
1,1,0.92906624
1,1,0.9501479
1,0,0.14328906
1,1,0.84515023
1,1,0.9130259
1,1,0.9540066
1,0,0.48133433
1,1,0.71974134
1,1,0.88943696
1,1,0.8606303
1,1,0.9032772
1,1,0.8087938
1,1,0.85090995
1,1,0.90269595
1,1,0.5067531
1,0,0.23155235
1,1,0.80418074
1,0,0.43897295
1,1,0.7306548
1,1,0.7984968
1,1,0.860862
0,0,0.16814363
1,1,0.8505942
1,1,0.5173661
1,0,0.32627034
1,1,0.81359184
1,1,0.57686925
0,0,0.3973922
1,1,0.8730483
1,1,0.8474519
1,1,0.9159119
1,1,0.71406585
1,0,0.47980744
1,1,0.9174171
0,0,0.0489385
1,1,0.9072006
0,0,0.2110985
1,1,0.8702791
1,1,0.5617444
1,1,0.82023364
1,1,0.9195533
1,1,0.80345905
0,0,0.41758588
1,1,0.8658012
1,0,0.28515956
1,1,0.8442052
1,1,0.7715544
1,1,0.6727618
1,0,0.475491
1,1,0.5477404
1,1,0.8127944
1,1,0.75783175
1,1,0.8082711
1,1,0.5919612
1,1,0.56612813
1,1,0.8302403
1,1,0.7970105
1,1,0.6438833
1,1,0.5982109
1,0,0.21751079
1,0,0.12187385
1,0,0.35862476
1,1,0.6709001
1,1,0.72488666
1,1,0.9231864
1,1,0.6526575
1,1,0.52103454
1,0,0.41499826
1,1,0.81326175
1,1,0.75966895
1,0,0.20020327
1,1,0.70558935
1,1,0.8817653
0,0,0.28409794
1,1,0.89014983
0,1,0.7252958
1,1,0.52518797
1,1,0.72121906
1,1,0.7818867
1,1,0.725683
1,1,0.9255117
1,1,0.7260138
0,0,0.38910502
1,0,0.28106678
1,1,0.911932
1,1,0.5960109
1,0,0.48767892
1,1,0.95640826
1,1,0.50336313
1,0,0.4404543
1,0,0.03467952
1,1,0.6180122
1,1,0.5960804
1,0,0.2994638
1,1,0.78899825
1,1,0.922923
1,1,0.847992
1,1,0.50491935
1,1,0.90545905
1,1,0.6683308
1,1,0.80107725
1,1,0.882886
1,1,0.57842016
1,0,0.37190267
1,1,0.94028556
1,1,0.8245842
1,0,0.18197523
1,0,0.27307025
0,0,0.48712862
1,1,0.77537113
1,1,0.69786614
1,1,0.8858541
1,0,0.37747374
1,1,0.9030584
1,0,0.4565488
1,1,0.67803437
1,1,0.5830359
1,1,0.6177095
1,1,0.8999056
1,1,0.8427279
1,0,0.4931659
1,1,0.527901
1,1,0.51224345
1,1,0.53158754
1,1,0.8863794
1,1,0.70382375
1,1,0.71965516
1,1,0.5034823
1,1,0.8864753
1,1,0.6674852
1,1,0.83861685
1,1,0.66584295
1,1,0.9002066
1,1,0.54352444
1,0,0.21929584
1,0,0.38491917
1,1,0.9240557
1,1,0.8717588
1,1,0.91700375
1,0,0.14213462
1,1,0.9627308
1,0,0.2120148
1,1,0.8222584
1,1,0.53172565
1,0,0.23493895
1,0,0.2062078
1,1,0.85574484
1,1,0.5746558
1,0,0.2500997
1,1,0.66892946
1,1,0.8935643
1,0,0.37695497
1,1,0.7322974
1,1,0.71384484
1,1,0.9252266
1,0,0.4772664
1,1,0.5801063
1,0,0.2593873
1,1,0.77299833
1,1,0.94592535
0,0,0.42568967
1,1,0.94120646
1,1,0.59177935
1,1,0.84200627
0,0,0.062198233
0,0,0.23401603
1,1,0.88627774
1,1,0.5351843
1,1,0.86568063
1,1,0.8858758
1,1,0.9097066
1,1,0.8667373
1,1,0.85697526
1,1,0.83937526
0,0,0.23875238
1,0,0.3771951
1,1,0.8601984
1,1,0.763476
1,1,0.8218624
1,1,0.8563196
1,1,0.71052873
1,1,0.6047296
0,0,0.19970568
1,1,0.8836353
1,1,0.8998765
1,1,0.82959557
1,1,0.5388866
1,1,0.678063
1,1,0.8756666
1,1,0.9011987
1,1,0.903675
1,0,0.25021598
1,1,0.9217996
1,1,0.88551027
1,1,0.79327035
1,0,0.05465218
1,1,0.87482065
1,1,0.8403113
1,1,0.9052818
1,1,0.59657806
1,1,0.82336015
1,1,0.9090369
1,1,0.5523024
1,0,0.4947386
1,0,0.24645191
1,1,0.9550541
1,1,0.74381495
1,1,0.777546
1,0,0.2233947
1,1,0.83105785
1,0,0.297872
1,1,0.7471603
1,1,0.880484
1,1,0.7571899
1,1,0.8099709
1,1,0.80939496
1,1,0.94527346
1,0,0.27341717
1,1,0.86735284
1,1,0.78565824
1,1,0.7505185
1,0,0.112233795
1,1,0.76997554
1,1,0.96022904
1,1,0.9101919
1,1,0.9171364
1,1,0.95876086
1,1,0.8825192
1,1,0.7658147
1,0,0.40853274
0,0,0.26034486
1,1,0.8348066
1,1,0.5820827
1,1,0.8292494
1,1,0.7162991
1,1,0.67486924
1,1,0.964435
1,1,0.58679813
1,1,0.8214009
1,1,0.81963396
1,1,0.6260072
1,0,0.42186677
1,1,0.7408933
1,0,0.22698204
1,1,0.54890734
1,1,0.546583
1,1,0.92165864
1,0,0.22208446
0,0,0.08591017
1,1,0.8467726
1,0,0.16991785
1,0,0.41278675
1,1,0.8078128
1,1,0.9455239
1,1,0.8115302
1,1,0.8635102
1,1,0.8087753
1,1,0.9291561
1,1,0.7412192
1,1,0.9449475
1,1,0.91048944
1,1,0.7234772
1,1,0.9321395
1,0,0.48841807
1,1,0.8591094
1,1,0.8689878
1,1,0.54500765
1,1,0.8630717
0,0,0.17840603
1,0,0.31980202
1,1,0.83397835
1,1,0.95860964
1,1,0.5142776
1,0,0.2491415
0,0,0.09692926
1,1,0.83721817
1,1,0.95429534
1,0,0.089651965
1,1,0.9229653
1,1,0.9400902
1,1,0.5547724
1,0,0.4687427
1,1,0.7966826
1,0,0.332868
1,1,0.84921557
0,0,0.061199475
1,1,0.78245604
1,1,0.6376163
1,0,0.42143542
0,1,0.79827887
1,1,0.82049716
1,1,0.6513799
1,1,0.8324753
1,1,0.77309906
0,0,0.20208885
1,1,0.53577745
1,1,0.86777884
1,1,0.7058687
1,1,0.5020897
1,1,0.84261686
1,1,0.6839069
1,1,0.7410884
1,1,0.8565497
1,1,0.81566745
1,0,0.38909355
1,1,0.92109364
1,1,0.90009594
1,1,0.7811721
1,1,0.8294976
1,0,0.39660573
1,1,0.9332131
1,1,0.51609355
1,1,0.8446849
1,0,0.10591031
1,1,0.7676129
0,1,0.8111107
1,1,0.9277049
1,1,0.8177868
1,1,0.9447594
1,1,0.8654511
1,1,0.8828408
1,1,0.92561394
1,1,0.9223364
1,1,0.9157341
1,1,0.84620696
1,0,0.14095464
1,1,0.5890525
1,1,0.8986455
1,1,0.77149963
1,1,0.77637935
1,1,0.95766497
1,1,0.915586
1,1,0.6303556
1,1,0.7025317
1,1,0.6423934
1,1,0.5791519
1,1,0.84446144
1,1,0.8316284
1,1,0.85693836
1,1,0.8820008
1,1,0.65317607
1,1,0.8493126
1,1,0.6630285
1,1,0.8566578
1,1,0.8488902
1,1,0.8998836
1,1,0.5328857
1,0,0.23991169
1,1,0.789734
1,0,0.42983067
1,1,0.94779634
1,1,0.7983068
1,0,0.48846307
1,1,0.8774483
1,1,0.5967723
1,1,0.9046543
1,1,0.8966089
1,1,0.59180367
1,0,0.41279754
1,1,0.6359658
1,1,0.87533915
1,1,0.9102442
1,1,0.8790207
1,1,0.74481136
1,1,0.9461844
1,1,0.9307087
1,1,0.5175793
1,0,0.40880418
1,1,0.5266366
1,1,0.6946213
1,1,0.8719335
1,1,0.5851845
1,1,0.85972524
1,0,0.46202728
1,1,0.9228405
1,1,0.6467913
1,1,0.9170729
0,0,0.16457114
1,1,0.898715
0,0,0.23096256
1,0,0.2151485
1,1,0.67806953
1,0,0.14306015
1,1,0.7163509
1,1,0.93849784
1,1,0.9117264
1,1,0.68211985
1,1,0.8932736
1,1,0.6608067
1,1,0.914301
1,1,0.91845816
1,1,0.69255906
1,1,0.9268174
1,1,0.84805757
0,1,0.50852585
1,0,0.19109222
0,0,0.1603641
1,0,0.2618498
1,0,0.49676305
1,1,0.76817715
1,1,0.6789479
1,1,0.6984332
0,0,0.44930845
1,1,0.7811449
1,1,0.8492693
1,0,0.49405608
1,1,0.84929824
1,0,0.4880715
1,0,0.054774467
1,1,0.66722697
1,0,0.25266558
1,0,0.18510357
1,1,0.91478705
1,1,0.9292356
1,0,0.3992093
1,1,0.9479559
1,1,0.8004344
1,1,0.7837064
1,1,0.8476189
1,1,0.76964486
1,1,0.5556763
1,1,0.82128674
1,0,0.30249333
1,0,0.37137848
1,0,0.42379755
1,1,0.8322096
1,1,0.8319636
1,1,0.9052141
1,1,0.88952786
1,1,0.8823581
1,0,0.35647675
1,1,0.9632285
1,1,0.73010176
0,0,0.118970685
1,1,0.84540045
0,0,0.13811517
1,1,0.7571156
1,0,0.4778991
1,1,0.6297616
1,1,0.8826613
1,1,0.9240064
1,1,0.81284726
1,0,0.33959788
1,1,0.88894135
1,1,0.53252846
1,1,0.63857234
1,1,0.73904604
1,1,0.8052916
1,1,0.7474136
1,1,0.5704954
1,1,0.8582724
1,1,0.6120314
1,1,0.85314614
1,1,0.54080206
1,1,0.8605434
0,1,0.7108144
1,0,0.36306375
1,0,0.46819037
1,1,0.8954199
1,1,0.8850827
1,1,0.55710495
1,1,0.7464508
1,0,0.38290596
1,1,0.6665286
1,1,0.90055186
1,1,0.84536487
1,1,0.6790543
1,1,0.8509254
1,0,0.47404268
1,1,0.9404386
1,1,0.77629846
1,1,0.7420489
1,0,0.23666884
1,0,0.45615748
1,1,0.77233374
1,0,0.3805856
0,0,0.23057632
1,1,0.8939565
1,1,0.9329218
1,0,0.39882997
1,1,0.6161238
1,1,0.89928705
1,0,0.4872908
1,1,0.73415697
1,0,0.3089806
1,1,0.7035155
1,1,0.7104647
1,1,0.93489945
1,1,0.81883115
1,1,0.8570442
1,1,0.6807349
1,0,0.11263551
1,1,0.82284653
1,0,0.46121866
1,0,0.33034983
1,1,0.8767328
1,0,0.1961622
1,1,0.8151193
1,1,0.8476066
1,1,0.8880742
1,1,0.9458541
1,1,0.5423492
1,0,0.12765114
1,1,0.52385455
1,1,0.5441389
1,1,0.86815196
1,0,0.061039966
1,1,0.8255271
1,1,0.9224103
1,0,0.48950282
1,1,0.587392
1,1,0.60339355
1,1,0.78962785
1,1,0.6883074
1,1,0.94083256
1,0,0.38370165
1,1,0.9123414
1,0,0.3126666
1,1,0.7806801
1,1,0.6913055
1,1,0.7807219
1,1,0.941949
1,0,0.33824044
1,1,0.83528775
1,1,0.8727216
1,0,0.49273688
1,1,0.6348995
1,1,0.89147997
1,0,0.07261824
1,0,0.4316727
1,1,0.59586805
1,0,0.12511711
1,1,0.9068676
1,1,0.9031769
1,1,0.81133276
1,1,0.5492924
1,1,0.9169648
1,1,0.6369155
1,1,0.6679324
1,1,0.6922145
1,0,0.38503522
1,1,0.66787755
1,0,0.4615252
1,1,0.5600722
1,1,0.73214394
1,1,0.9098435
1,1,0.8958819
1,0,0.2561754
1,1,0.64359826
1,1,0.81322974
1,1,0.89330304
1,1,0.56720376
1,1,0.93071365
1,1,0.8878371
1,1,0.8465535
1,1,0.83679235
1,1,0.89987946
1,1,0.7842954
1,1,0.54994226
1,0,0.34509268
1,1,0.72956353
1,1,0.7472993
1,1,0.82404774
1,1,0.84969145
1,1,0.81875825
1,1,0.9164546
1,1,0.948359
1,1,0.8607131
1,0,0.17663822
1,1,0.74996537
1,0,0.37813434
0,1,0.7819924
1,1,0.8855175
1,1,0.7559634
1,1,0.86553466
1,1,0.6576644
1,1,0.88272655
1,1,0.87793636
1,1,0.86177754
1,1,0.8633567
1,1,0.90157354
1,1,0.8352674
1,1,0.88517565
1,1,0.6237151
1,1,0.56414163
1,1,0.8440289
1,0,0.24482542
1,1,0.56245923
1,1,0.70883924
1,1,0.94816154
1,0,0.28572947
1,1,0.5053393
1,0,0.042868126
1,1,0.93944544
1,1,0.8409471
1,0,0.48153237
0,0,0.11007342
1,1,0.8226407
0,1,0.5817121
0,0,0.036074165
1,1,0.6757508
1,1,0.810082
0,1,0.8612914
1,1,0.9736006
1,1,0.87396735
1,1,0.9113299
1,1,0.7478324
1,1,0.85409564
1,1,0.82140255
1,1,0.55172855
1,0,0.24741007
1,1,0.73324984
1,1,0.53319293
1,0,0.41267547
1,1,0.7738367
1,1,0.7591053
1,1,0.7204066
1,1,0.8032769
1,1,0.83861256
1,0,0.41245845
1,1,0.8197063
1,1,0.8021168
1,1,0.5584302
1,1,0.79241115
1,1,0.6045798
1,1,0.9080929
1,1,0.54056054
1,1,0.8982414
1,0,0.15528893
1,0,0.38972133
1,1,0.85331833
1,1,0.819023
1,1,0.83975995
1,1,0.53692216
0,0,0.05784753
0,0,0.41476706
1,0,0.35518986
1,1,0.8766239
1,1,0.7152171
1,1,0.89441687
1,0,0.43537605
1,1,0.5101605
1,1,0.8151044
1,1,0.7613947
1,0,0.40527418
1,0,0.47095737
1,1,0.9317664
0,0,0.2879771
1,1,0.9506152
0,0,0.32732272
0,1,0.51024973
1,1,0.87775683
1,1,0.77781355
1,1,0.80732685
1,1,0.8347496
0,1,0.63316375
1,1,0.7838644
1,1,0.70317656
1,1,0.803119
1,1,0.7729445
1,1,0.87468773
1,1,0.70990527
1,1,0.8914556
1,1,0.79555553
1,0,0.049385373
1,1,0.52940375
1,1,0.84145874
1,0,0.071501434
1,0,0.26108843
0,0,0.18264659
1,1,0.8775943
1,1,0.5108724
1,1,0.83374214
1,0,0.3002061
1,0,0.17739934
1,1,0.68798155
1,1,0.803129
1,0,0.38229698
1,1,0.74212873
1,1,0.85508573
1,1,0.8645619
1,0,0.31133187
1,0,0.3844939
1,1,0.9201468
1,1,0.8951776
1,1,0.77023023
1,1,0.7473415
1,1,0.7680877
1,1,0.6771599
1,1,0.5472966
1,1,0.8541424
1,1,0.7908931
1,0,0.27337417
1,1,0.9486448
1,0,0.4850077
1,1,0.8099606
1,1,0.9263594
1,1,0.9455853
1,1,0.6773317
1,1,0.6529246
1,1,0.786732
1,1,0.918803
1,1,0.90361583
0,0,0.04476404
1,1,0.6549264
1,0,0.4781125
1,1,0.7209174
1,1,0.6390827
1,1,0.88171107
1,1,0.80350244
1,0,0.06017531
1,1,0.87811226
1,1,0.76271677
1,1,0.8900859
1,1,0.6424977
1,1,0.8618921
1,1,0.964646
1,0,0.2930658
1,1,0.95764697
1,1,0.597814
1,1,0.76750153
1,1,0.9323806
1,1,0.87356275
1,1,0.78399676
1,0,0.3722302
1,1,0.83718485
1,1,0.6518444
1,1,0.8692376
1,1,0.690749
1,1,0.82805884
1,1,0.5903924
1,1,0.55755377
1,1,0.9187975
1,1,0.943384
1,0,0.30819395
1,1,0.84474605
1,0,0.41221985
1,1,0.9656722
1,0,0.09880887
1,1,0.79161125
1,1,0.6979366
1,0,0.4421077
1,1,0.7473575
1,1,0.93719107
1,0,0.41989246
1,1,0.5106108
1,1,0.75415814
1,1,0.5836161
1,1,0.90118146
1,1,0.8750693
1,1,0.89407414
1,1,0.9308595
1,1,0.8900339
1,0,0.3410093
1,1,0.67027146
1,1,0.697066
1,0,0.26864326
1,1,0.52260536
1,0,0.46927243
1,1,0.92453474
1,1,0.91076964
1,1,0.9448105
1,0,0.3044979
1,1,0.5871975
0,1,0.58574593
1,1,0.86988527
1,0,0.18631203
1,1,0.7797676
1,1,0.5248938
1,1,0.53292644
1,0,0.25051308
1,1,0.92023313
1,1,0.8823709
1,1,0.72709006
1,0,0.36947474
1,1,0.86822236
1,0,0.38246968
1,1,0.90713996
1,1,0.9284646
1,1,0.93330896
0,0,0.08834398
1,1,0.8168344
1,1,0.7953692
1,1,0.62507755
1,1,0.9358082
1,0,0.3422863
1,1,0.8194828
1,1,0.54456437
1,1,0.92314553
1,0,0.111675575
1,1,0.5988108
1,1,0.9188541
1,1,0.7660068
1,1,0.51303333
1,1,0.7930112
1,1,0.9333474
1,0,0.26724783
1,1,0.73556566
0,0,0.07180094
1,1,0.8199449
1,0,0.09179864
1,0,0.30120105
1,0,0.40448827
1,1,0.6856149
0,0,0.36871475
1,1,0.68829566
1,0,0.48388836
1,1,0.80477077
1,1,0.92194116
1,0,0.4764161
1,1,0.89571553
1,1,0.7441211
1,1,0.89074785
1,1,0.8568093
1,1,0.64619726
1,1,0.86252475
1,1,0.86004376
1,1,0.7187819
1,1,0.8969282
1,1,0.63822913
1,1,0.85698354
1,1,0.5085709
1,1,0.7537095
1,1,0.8272628
1,1,0.86189175
1,1,0.67978936
1,1,0.8444628
0,0,0.09739285
1,1,0.84985673
1,1,0.8841665
1,1,0.84003246
1,0,0.28166237
1,1,0.88456917
1,0,0.4628956
1,0,0.44155425
1,1,0.65940243
1,1,0.8447427
1,1,0.7393866
1,1,0.7620099
1,1,0.9008287
1,1,0.66376185
1,0,0.3659858
1,1,0.8341142
1,0,0.3771879
1,1,0.7967541
1,0,0.22553581
1,1,0.84280705
1,1,0.9148434
1,1,0.6353614
1,1,0.88626534
1,1,0.6605111
1,1,0.839075
1,1,0.7603865
1,1,0.5519388
1,0,0.49337167
1,1,0.83604324
1,0,0.4973387
1,1,0.802227
1,1,0.82769614
0,0,0.13849388
1,1,0.8615213
1,1,0.6252774
1,1,0.61497897
1,1,0.9152763
1,1,0.7138406
1,1,0.8285528
1,1,0.7061875
1,0,0.3797073
1,1,0.7214273
1,1,0.60845816
1,1,0.90598553
1,0,0.1502869
1,0,0.24670902
1,1,0.52155703
1,1,0.80570066
1,1,0.6540625
1,0,0.47081178
1,1,0.8886755
1,1,0.8310123
1,1,0.69168115
1,1,0.844889
1,1,0.5405695
1,1,0.746076
1,1,0.80774224
1,1,0.8204471
1,0,0.41417608
1,1,0.8800005
1,1,0.94125515
1,1,0.76373565
1,0,0.37955806
1,1,0.8212971
1,0,0.26798746
0,0,0.056222305
1,1,0.82391036
1,0,0.46193966
1,1,0.80463207
1,1,0.6703902
1,1,0.8587895
0,1,0.55737036
1,1,0.8148483
1,1,0.63117766
1,1,0.64132243
1,1,0.54248834
1,1,0.9327022
1,1,0.94640285
1,1,0.55774504
1,0,0.47631273
1,0,0.4465271
1,1,0.82915044
1,0,0.48012155
1,1,0.75910264
1,1,0.5180157
0,1,0.80913997
1,0,0.13515617
1,0,0.2921545
1,0,0.41077387
1,1,0.8489805
1,0,0.40989238
1,0,0.45101497
1,1,0.80229837
1,1,0.94423443
1,1,0.83135694
1,0,0.2784852
1,1,0.79130983
1,1,0.95949274
1,1,0.9261648
1,1,0.9331333
1,1,0.59255487
1,1,0.88275677
1,1,0.8039095
1,1,0.88390255
1,1,0.64229786
1,1,0.5639894
1,1,0.8859345
1,1,0.95066875
1,0,0.24236065
1,1,0.8549754
1,1,0.8611462
1,0,0.29108405
1,1,0.72375786
1,1,0.7305918
1,1,0.54797804
1,1,0.9568155
1,0,0.33271286
1,1,0.91777164
1,1,0.88673455
1,1,0.8314477
1,1,0.55133027
1,1,0.91003865
1,1,0.91406745
1,1,0.6132496
1,1,0.8543236
1,1,0.7423983
1,1,0.51439935
1,1,0.8897909
1,0,0.44054577
1,1,0.7076354
1,1,0.7525359
1,1,0.8999818
1,1,0.5734171
1,1,0.87951356
0,0,0.16729546
1,1,0.7458309
1,1,0.8458374
1,1,0.57715136
1,0,0.34011382
1,1,0.8722504
1,0,0.2101055
1,1,0.63498896
1,1,0.64465326
1,1,0.90607095
1,1,0.6837694
1,1,0.77054167
1,1,0.5984563
1,1,0.77052295
1,1,0.83006155
1,1,0.70335686
1,1,0.8892907
1,0,0.25179794
1,1,0.93320173
0,0,0.11378738
1,1,0.74970794
1,1,0.8262971
1,0,0.45249453
1,1,0.9245967
1,1,0.5255275
1,1,0.54246515
1,1,0.8081722
1,0,0.42915726
1,1,0.81942415
1,1,0.84763825
1,1,0.85509634
1,1,0.80558205
1,1,0.6440422
1,1,0.5564974
1,1,0.87118155
1,1,0.77138865
1,1,0.86138934
1,1,0.88719296
1,1,0.8223815
1,1,0.91688025
1,0,0.4675941
1,1,0.792858
1,0,0.2498693
1,1,0.8736759
1,1,0.56433314
1,1,0.7242421
1,1,0.9181826
1,1,0.84362036
1,1,0.9011028
1,1,0.70678526
1,1,0.9129124
1,1,0.64696413
1,0,0.4100488
1,1,0.73822236
1,1,0.83836854
1,1,0.6229152
1,1,0.55988866
0,0,0.03401913
1,1,0.678345
1,0,0.32245776
1,0,0.34609255
1,1,0.67878175
1,1,0.5725891
1,1,0.81759024
1,1,0.6874308
1,1,0.8156619
1,1,0.90158284
1,1,0.94367784
1,1,0.83016235
1,1,0.7917759
1,1,0.90931064
1,1,0.7103275
1,1,0.88171
1,1,0.8183314
1,1,0.87992156
1,1,0.7763443
1,1,0.8974628
1,1,0.89975256
1,1,0.8626034
1,1,0.56657124
1,1,0.7477874
1,1,0.8768432
1,1,0.6749868
1,1,0.5625347
1,1,0.7060353
1,1,0.93708354
1,1,0.78005075
0,0,0.15137279
0,0,0.21174067
0,1,0.5748855
1,1,0.889792
1,1,0.9486169
1,0,0.35424253
1,1,0.5796156
1,1,0.6665121
1,0,0.2862173
1,1,0.8272947
1,1,0.9160264
1,1,0.84883803
1,1,0.65293163
1,1,0.8538469
1,0,0.40935248
1,1,0.75544816
1,1,0.90514827
1,1,0.9270302
1,0,0.41038972
1,0,0.44950902
1,0,0.49967083
1,0,0.35242465
1,1,0.86759627
0,0,0.13286678
1,1,0.84733164
1,1,0.6818766
1,1,0.6376504
1,1,0.7903458
1,1,0.7438974
1,1,0.8917018
1,1,0.9176829
1,1,0.70854783
1,0,0.36430177
1,1,0.83923274
1,0,0.12145639
1,1,0.8885629
1,1,0.7624889
1,1,0.9051662
1,1,0.9504006
1,1,0.94050735
1,0,0.108281046
1,1,0.8171074
1,1,0.57620955
1,0,0.49431345
1,1,0.56066453
1,0,0.38823548
1,1,0.9536121
1,0,0.4789864
1,0,0.41058806
1,1,0.7654301
1,0,0.28879535
1,1,0.7855201
1,1,0.9159825
1,1,0.85430926
1,1,0.7771851
1,1,0.55883956
1,1,0.86748594
1,1,0.89841986
1,1,0.8623002
1,0,0.34647492
1,1,0.5913277
1,0,0.43482405
1,1,0.5167255
1,1,0.9543267
1,1,0.821618
1,1,0.5460298
1,1,0.70611733
1,1,0.5811429
1,1,0.6646251
1,1,0.62671953
1,0,0.17165945
0,1,0.6242993
1,0,0.48969904
1,0,0.4377584
1,0,0.29204404
1,1,0.76026493
1,0,0.45581472
0,0,0.18147092
1,0,0.30632713
1,1,0.79299235
1,0,0.07774251
1,1,0.69934696
1,0,0.22661626
1,1,0.6279664
1,0,0.27876392
1,1,0.83703524
1,1,0.810239
1,1,0.75737286
1,1,0.91989034
1,1,0.6239845
1,1,0.8730069
1,1,0.6206774
1,1,0.67356193
1,0,0.17818528
1,1,0.5851357
1,1,0.7172181
1,0,0.12319616
0,0,0.347824
1,1,0.9682833
1,0,0.31464595
1,0,0.35057414
1,0,0.44430828
1,0,0.20009194
1,1,0.9044256
1,0,0.12639958
1,1,0.8444255
1,1,0.90553
1,1,0.8070499
1,1,0.8023172
1,1,0.79160976
1,1,0.8891446
1,1,0.6591246
1,0,0.477021
1,1,0.84292835
1,1,0.8190992
1,1,0.8206849
1,0,0.42615235
1,0,0.4137615
1,1,0.77128804
1,1,0.9690309
1,1,0.9403107
1,1,0.884919
1,1,0.86725366
1,1,0.8166321
1,1,0.8433728
1,1,0.9308082
1,1,0.8290518
1,1,0.5799396
1,1,0.526552
1,1,0.6550336
1,0,0.494958
1,1,0.7505228
1,1,0.6092656
1,1,0.70982593
1,1,0.60589355
1,1,0.8712924
1,0,0.20506193
1,0,0.41399395
1,1,0.9642941
1,1,0.85577005
1,1,0.6824877
1,1,0.84925777
1,1,0.80789614
1,1,0.7777949
1,1,0.8521468
1,1,0.79326355
1,0,0.14297093
1,1,0.70822823
1,1,0.7665637
1,0,0.2210013
1,1,0.68012565
1,1,0.8785203
1,1,0.8790537
1,1,0.7145143
1,0,0.4315282
1,1,0.6228843
1,1,0.9080506
0,0,0.03718733
0,0,0.3322293
1,1,0.91955036
0,0,0.28384966
1,1,0.9327825
1,1,0.8986452
1,1,0.89744264
1,1,0.78639966
1,0,0.18191656
1,1,0.9082862
1,1,0.90526754
1,1,0.7802844
1,0,0.38720474
1,1,0.9400711
1,1,0.8051138
1,1,0.94957477
1,1,0.8590598
1,1,0.53941405
1,1,0.9062491
0,0,0.4685134
1,1,0.8612945
1,1,0.856023
1,1,0.87584686
1,0,0.4391968
1,1,0.7549945
1,1,0.5221424
1,1,0.74222755
1,0,0.15060568
1,0,0.44611692
1,1,0.86922365
1,1,0.706483
0,1,0.6988589
1,1,0.74082434
1,1,0.8574002
1,0,0.32059053
1,1,0.7926394
1,1,0.82707655
1,1,0.8996357
1,0,0.44657606
1,1,0.73452324
1,1,0.9066905
1,0,0.25995547
1,0,0.36955512
1,1,0.8410646
1,1,0.8701168
1,1,0.70091015
1,0,0.32338282
1,1,0.55002034
1,0,0.046173174
1,1,0.6390238
1,1,0.56734663
1,1,0.5193266
1,1,0.65696603
1,1,0.8604001
1,1,0.5905371
0,1,0.55996627
1,1,0.93996185
1,0,0.42160556
1,1,0.67770386
1,1,0.82136947
1,0,0.46456406
1,0,0.284184
1,0,0.4971826
1,1,0.8311125
1,1,0.8514261
1,0,0.18658224
1,1,0.61016953
1,0,0.26724595
1,1,0.835841
1,0,0.28758252
1,0,0.3777288
1,1,0.5401757
1,1,0.656824
1,0,0.4682041
1,1,0.85619473
1,1,0.9136072
1,1,0.5896546
0,0,0.38323846
1,1,0.7851205
1,0,0.40728873
0,1,0.673369
1,1,0.89716333
1,1,0.8666203
1,1,0.7079206
1,0,0.45317236
1,1,0.82361996
1,1,0.8701697
1,1,0.585323
1,1,0.84322196
1,1,0.7280322
1,1,0.7480542
1,1,0.8114819
1,1,0.8726157
1,1,0.69574857
1,1,0.7086205
1,1,0.50255775
0,0,0.27990422
1,1,0.8864063
1,1,0.5265984
1,0,0.48805162
1,1,0.6654056
1,1,0.5762437
1,1,0.8221698
1,1,0.70488495
0,0,0.054829538
1,0,0.44967723
1,0,0.4636588
1,1,0.80559796
1,1,0.55533916
1,1,0.6432459
1,1,0.8662714
1,1,0.6020222
1,1,0.85997236
1,1,0.80181557
0,0,0.3563254
1,1,0.64203155
0,0,0.37204766
1,1,0.88442755
1,1,0.54208493
1,1,0.63950634
0,1,0.8855472
1,1,0.84559715
1,1,0.7976746
1,1,0.93567795
0,0,0.23257443
1,1,0.9048781
1,0,0.350874
0,0,0.087064
1,1,0.88440764
1,1,0.79148686
1,1,0.7594638
1,1,0.71359897
1,0,0.35611585
1,0,0.3956727
1,0,0.42023018
1,0,0.3834067
1,0,0.19516206
1,1,0.9113997
1,0,0.39180923
1,1,0.9082271
1,1,0.85481405
1,1,0.5725542
1,0,0.37738636
1,1,0.7188178
1,1,0.77662134
1,1,0.5410583
1,1,0.7558308
1,0,0.4698063
1,1,0.7312055
1,0,0.18465842
1,1,0.8403179
1,0,0.23363918
1,1,0.6060929
1,1,0.73209226
1,0,0.2788778
1,0,0.36097237
1,1,0.8633215
1,0,0.08707491
1,1,0.70141953
1,1,0.92459345
1,1,0.73961943
1,1,0.5791854
1,1,0.84730333
1,1,0.8569843
1,1,0.8843222
1,1,0.7989952
1,0,0.217828
1,1,0.56155604
1,1,0.8678599
1,0,0.44895133
1,0,0.48487213
1,1,0.6277082
1,1,0.8928402
1,1,0.95045507
1,1,0.80211556
1,0,0.25125563
1,1,0.9555469
1,1,0.91424495
1,1,0.85024697
1,1,0.85918885
0,0,0.10651122
1,1,0.8357612
0,0,0.17942502
1,1,0.7153739
1,1,0.53900003
1,1,0.9162042
1,1,0.7957221
1,1,0.86648005
1,1,0.6377324
1,1,0.85851276
1,1,0.7444465
1,1,0.7678811
1,1,0.7162317
1,1,0.9205367
0,0,0.1302193
1,1,0.8395353
1,1,0.9126865
0,0,0.40935126
1,1,0.8487817
1,0,0.3367101
1,1,0.9242547
1,0,0.44025975
1,1,0.78069437
1,1,0.5114054
1,0,0.4169954
1,0,0.4829766
0,0,0.39622754
1,1,0.85776377
1,0,0.18374088
1,1,0.6356061
1,1,0.9219364
1,0,0.44347894
1,1,0.6330945
1,0,0.42755458
0,1,0.53627264
1,1,0.82204455
1,1,0.7589038
1,1,0.87350625
1,1,0.7733344
1,1,0.8964521
1,1,0.83506113
1,1,0.7574819
1,1,0.8660748
1,1,0.93348986
1,1,0.577269
1,1,0.87237066
1,1,0.8646588
1,1,0.58866787
1,1,0.748536
1,0,0.24202797
1,1,0.7478186
1,1,0.8760934
1,1,0.83793586
1,0,0.14500003
1,1,0.7261994
1,0,0.30111808
1,1,0.5997819
1,0,0.041423727
1,1,0.90148026
1,1,0.9040329
1,1,0.89738405
1,1,0.62593704
1,0,0.056331653
1,1,0.6068272
0,0,0.039944932
1,1,0.8894491
1,0,0.4264377
0,0,0.07880371
1,0,0.35576507
1,1,0.94405526
1,0,0.4871293
1,0,0.37248856
1,1,0.6977009
1,0,0.39471447
1,1,0.94172555
1,0,0.32722536
1,1,0.7572408
1,1,0.59784555
1,0,0.18619297
1,1,0.937259
1,1,0.6687866
1,0,0.08517993
1,1,0.67658603
1,1,0.88378596
1,1,0.64319855
1,1,0.8942014
1,1,0.7280866
1,1,0.9107608
1,1,0.93893397
1,1,0.8719001
1,1,0.88034457
1,0,0.36277524
1,0,0.4552394
1,0,0.13056658
1,0,0.44368526
1,1,0.825598
1,1,0.925606
1,1,0.5822481
1,1,0.8649906
1,0,0.33764422
1,1,0.87862235
1,1,0.80161464
1,1,0.8949804
1,0,0.17008837
1,0,0.44019863
0,0,0.22134642
1,1,0.5175114
1,1,0.551243
1,1,0.79828674
1,0,0.31836176
1,0,0.05665035
1,1,0.79533964
1,1,0.80930233
1,1,0.9269494
1,1,0.57663673
1,1,0.8348412
1,1,0.63220364
1,1,0.7719777
1,1,0.6112844
1,1,0.75015
1,1,0.9079195
1,1,0.5711447
1,1,0.840043
1,1,0.92486113
1,1,0.96260357
1,1,0.77151453
1,1,0.92080617
0,1,0.60211635
1,1,0.5890719
1,1,0.8222008
1,1,0.80819225
1,1,0.57993156
1,1,0.829833
1,1,0.6224639
1,1,0.5976432
1,1,0.8470646
1,1,0.9192403
1,1,0.80393744
1,1,0.6764849
1,1,0.8902199
1,1,0.69810116
1,1,0.84149283
1,0,0.4264163
1,1,0.6623172
1,1,0.91618645
1,0,0.22977091
1,1,0.54556584
1,1,0.94286597
1,1,0.8922008
1,1,0.87381387
1,1,0.81199545
1,1,0.70002824
1,1,0.5292452
1,1,0.6336276
1,1,0.77625173
1,1,0.6473011
1,0,0.15324213
1,0,0.26835322
1,1,0.963423
1,1,0.7470515
1,0,0.082871184
1,0,0.47758943
1,0,0.22488672
1,1,0.9328675
1,1,0.915559
1,0,0.3922251
1,0,0.36538786
1,1,0.51211256
1,1,0.7783925
1,1,0.8968107
1,0,0.4617973
1,1,0.75549465
1,0,0.2974996
1,1,0.73326206
1,0,0.43491626
1,1,0.91264504
1,1,0.625898
1,1,0.83084685
1,1,0.5438936
1,1,0.6146145
1,1,0.5638685
1,0,0.3985284
1,0,0.04911011
1,0,0.40862462
1,1,0.7432829
1,1,0.5493341
1,1,0.6678043
1,1,0.8466185
1,1,0.78101
1,1,0.8048692
1,1,0.752645
1,1,0.6431409
1,1,0.8502785
1,1,0.81763446
1,1,0.6698402
1,1,0.8493619
1,1,0.81180876
1,1,0.9199036
1,1,0.77816993
1,0,0.24556164
1,1,0.8951351
1,1,0.81409144
1,0,0.39696082
1,1,0.7582013
1,1,0.5033724
1,1,0.6239007
1,1,0.95468044
1,1,0.55317265
1,0,0.05601428
1,1,0.54780436
1,1,0.9320509
1,1,0.7792215
0,0,0.17719679
1,1,0.81707466
1,1,0.647644
0,0,0.23314989
1,1,0.9438162
1,1,0.7362975
1,1,0.5927916
1,1,0.8907081
1,1,0.6853142
1,0,0.20046717
1,1,0.8280315
1,1,0.6596408
0,1,0.5485049
1,1,0.92997164
1,1,0.8820477
1,1,0.85471976
1,1,0.8637414
1,1,0.7560569
1,0,0.28589794
1,1,0.68034106
1,1,0.6864711
1,1,0.82299876
1,1,0.6784722
1,1,0.94300157
1,1,0.8591532
1,1,0.8707006
1,0,0.20862712
1,1,0.5671717
1,1,0.89530903
1,1,0.9247782
1,1,0.78453183
1,1,0.8208248
1,1,0.9612604
1,1,0.9443774
1,1,0.86411613
1,1,0.8806085
1,1,0.7896995
1,0,0.2210861
1,1,0.59687936
1,0,0.49774784
1,1,0.55977935
1,1,0.9341716
1,1,0.5374391
1,1,0.8070821
1,0,0.28522623
1,1,0.6865464
0,0,0.12451709
1,1,0.9320917
1,1,0.84933
1,1,0.52821916
1,1,0.76098627
1,1,0.6442849
1,1,0.8736108
1,1,0.7945997
1,1,0.7969415
1,1,0.66503745
1,1,0.74593997
1,1,0.7463061
1,1,0.8485407
1,1,0.9142558
1,0,0.0358331
1,0,0.24283908
1,1,0.8901722
0,0,0.060863182
1,1,0.75710624
0,0,0.48876014
1,1,0.7538145
1,1,0.79356265
1,0,0.2610424
1,1,0.6077711
1,1,0.5295243
1,1,0.9457316
1,1,0.5590719
1,0,0.46854204
0,1,0.52633375
1,1,0.736528
1,1,0.8378495
0,0,0.099815615
1,1,0.94191366
1,1,0.8936308
1,1,0.80480105
1,1,0.7663249
1,1,0.8968531
1,1,0.93942505
1,0,0.14897014
1,0,0.4755547
1,1,0.82308555
1,1,0.8263262
1,1,0.58594364
1,1,0.8218272
1,1,0.8442782
1,1,0.519205
1,1,0.95781785
1,1,0.83566546
1,0,0.09265364
1,1,0.7947166
1,1,0.79507583
1,1,0.9464941
1,1,0.802445
1,1,0.5862139
1,1,0.91458863
1,0,0.46208838
1,1,0.9274436
1,1,0.8918258
1,1,0.6999647
1,1,0.6799154
1,1,0.636535
1,1,0.9005929
1,1,0.82699347
1,0,0.46219632
1,1,0.92517084
1,1,0.94224465
1,1,0.884576
1,1,0.7827354
1,1,0.66335446
1,1,0.8601593
1,0,0.40876728
1,1,0.62655324
1,1,0.9570102
1,1,0.9174097
1,1,0.9052043
1,1,0.90250707
1,1,0.708731
1,1,0.6016395
1,1,0.74753624
1,1,0.9111191
1,1,0.9226042
1,1,0.5145569
1,1,0.83831185
1,1,0.75876474
1,1,0.8337294
1,1,0.6356701
1,0,0.32043046
1,1,0.8351115
1,1,0.649944
1,1,0.58349746
1,0,0.18086827
1,1,0.58412796
1,1,0.8038366
1,1,0.5126889
1,1,0.75367117
1,1,0.6281788
1,1,0.83006287
1,0,0.1593703
1,1,0.6924354
1,1,0.92794645
1,1,0.87087965
1,1,0.7184506
1,1,0.88179624
1,1,0.82195026
0,0,0.39168057
1,1,0.8551642
1,1,0.81692404
1,1,0.538245
1,1,0.8613047
1,1,0.6141403
1,0,0.44902468
1,0,0.44753966
1,1,0.92344934
1,1,0.83563143
1,0,0.35278618
1,1,0.8399843
1,1,0.86909467
1,1,0.8716639
1,1,0.90592283
1,1,0.5404268
1,1,0.64726967
1,1,0.90448594
1,1,0.6918611
1,1,0.921399
1,1,0.8657715
1,1,0.829925
1,1,0.94771314
1,0,0.31666788
1,1,0.5843938
1,0,0.4868298
1,1,0.91567206
1,0,0.4206473
1,1,0.7499576
1,0,0.39218533
1,0,0.41022438
1,1,0.6374742
1,0,0.48894385
1,0,0.18980984
1,1,0.83542484
1,1,0.78822327
1,0,0.40330514
1,1,0.90097606
1,1,0.7295254
1,0,0.4364488
1,1,0.9267435
0,0,0.1295644
1,1,0.8359222
1,1,0.69489807
1,1,0.6156025
1,0,0.13095406
1,0,0.19598846
1,1,0.8881886
1,1,0.88863397
1,1,0.76471275
1,1,0.90309465
1,1,0.62622225
1,1,0.9322613
1,1,0.7977224
1,0,0.43772316
1,1,0.8833815
1,0,0.4053764
0,0,0.1160909
1,0,0.4452172
1,1,0.6142857
1,1,0.5186873
1,0,0.46885827
1,0,0.20058568
1,1,0.68572867
1,1,0.87286574
1,1,0.9089958
1,1,0.91236204
1,1,0.75665027
1,1,0.749946
1,1,0.70370346
1,0,0.29846585
1,0,0.46246162
1,1,0.9122929
1,0,0.186769
1,1,0.89806694
1,1,0.8768777
1,1,0.9394106
1,0,0.077319436
1,1,0.76018554
1,0,0.39869067
0,0,0.113237604
1,1,0.64266235
1,1,0.8848987
1,1,0.611137
1,1,0.7388028
1,1,0.9213416
1,1,0.84781843
1,1,0.900322
1,1,0.9283053
1,1,0.6620623
1,0,0.41172013
1,1,0.7439321
1,1,0.9463471
1,1,0.5235076
1,1,0.54169345
1,1,0.7128355
1,0,0.43920472
1,1,0.91506535
1,0,0.31254646
1,0,0.25301814
1,1,0.89635634
1,0,0.10023845
1,1,0.5635727
1,1,0.5808704
1,1,0.8490812
1,1,0.7250503
1,1,0.8382827
0,0,0.056321125
1,1,0.586684
1,1,0.8976686
1,1,0.681352
1,0,0.46960655
1,1,0.8890869
1,1,0.5732178
1,1,0.6600642
1,1,0.84688073
1,1,0.70847696
1,0,0.20340341
1,1,0.85666233
1,1,0.87955195
1,1,0.8923988
1,1,0.862359
1,1,0.89876884
1,1,0.8885959
1,1,0.51285815
1,1,0.68540853
1,1,0.891312
1,0,0.3403547
1,1,0.93208754
1,1,0.6912109
1,1,0.9208626
1,1,0.9542737
1,0,0.35640022
1,1,0.8306263
1,1,0.89678407
1,1,0.84156
1,1,0.78662586
1,1,0.72551054
1,1,0.8562221
1,1,0.5970383
1,1,0.93210554
1,1,0.8760652
1,0,0.15590385
1,1,0.650039
1,1,0.79642767
1,1,0.8847625
1,1,0.81815124
1,1,0.84383965
1,1,0.8839332
1,1,0.5876138
1,1,0.66344064
1,1,0.88301015
1,1,0.91399854
1,0,0.4585801
1,1,0.8461828
1,0,0.24836217
1,1,0.9094109
1,1,0.54628533
1,1,0.9295664
1,0,0.42876548
1,1,0.83981717
1,1,0.9225437
1,0,0.32475123
1,1,0.8577871
1,0,0.07367853
1,0,0.046867125
1,1,0.8381686
1,0,0.13087547
1,1,0.5469416
0,0,0.04273303
0,1,0.6552446
1,1,0.73882216
1,1,0.80630136
1,1,0.8835106
1,1,0.5193424
1,0,0.41678897
1,1,0.5600345
1,1,0.9160223
1,1,0.7955062
1,1,0.8217326
1,1,0.7420635
1,1,0.5287461
0,1,0.5797202
1,0,0.3511426
1,1,0.9167004
1,1,0.9293149
1,0,0.38284525
1,0,0.48923403
1,1,0.8853849
1,1,0.84117043
1,1,0.7544766
1,1,0.613323
1,1,0.8333801
1,1,0.92781043
1,1,0.82736605
1,1,0.6670709
1,1,0.9038764
1,1,0.8258705
1,1,0.82846916
1,1,0.80437255
0,0,0.17141668
1,1,0.8260117
1,0,0.23969662
1,0,0.1201909
1,1,0.91305876
1,0,0.2849494
1,1,0.7972829
1,1,0.8421674
1,1,0.94107
1,1,0.7480918
1,0,0.4138914
1,0,0.28352284
1,1,0.82874817
1,1,0.81686616
1,0,0.14350455
1,1,0.8292942
1,1,0.79467165
1,0,0.4225918
1,0,0.49856183
1,1,0.828396
1,1,0.8483704
0,1,0.81848365
1,1,0.5407262
1,0,0.2203262
1,1,0.9324959
1,1,0.5468418
0,0,0.055189226
1,1,0.66956717
1,0,0.34265172
1,1,0.89642537
1,1,0.7148815
1,1,0.76388335
1,0,0.1876982
1,1,0.59738874
1,0,0.035895586
1,1,0.6855362
1,1,0.8674624
1,1,0.9022339
1,0,0.27773282
1,1,0.8713396
1,0,0.48305097
1,1,0.82757396
1,0,0.43608466
1,0,0.451463
1,1,0.81725127
0,0,0.32911038
0,1,0.5732343
1,0,0.1993689
1,1,0.74565244
1,0,0.37792754
1,0,0.44890463
1,1,0.9437255
1,0,0.46447077
1,0,0.3792638
0,0,0.30094135
1,1,0.92788744
1,0,0.4358009
1,1,0.6421712
1,1,0.6341096
1,1,0.56962585
1,0,0.26544484
1,1,0.83354956
1,0,0.055121787
1,1,0.9512999
1,1,0.8701554
1,0,0.24022266
1,1,0.5541183
1,0,0.29867673
1,1,0.8849025
1,0,0.042674523
1,1,0.85834175
0,0,0.21588768
1,1,0.8959149
1,0,0.17146823
1,1,0.626304
1,0,0.4503124
1,1,0.7941171
1,1,0.8434325
1,1,0.5364266
1,1,0.772017
1,0,0.49807885
1,1,0.9451532
1,1,0.8758621
1,1,0.84558594
1,1,0.6274731
1,1,0.844213
1,1,0.9256892
1,1,0.9125733
1,1,0.596491
1,1,0.8811368
1,1,0.9688119
1,1,0.6357433
1,1,0.54528445
0,0,0.1313781
1,1,0.7948541
1,0,0.38691777
1,0,0.28819686
1,1,0.7665755
1,1,0.678347
1,1,0.6722969
0,0,0.35557508
1,1,0.93767256
0,1,0.78947955
1,1,0.78426033
1,1,0.874487
1,0,0.36194006
1,1,0.9203657
1,0,0.35666838
1,1,0.84802437
1,1,0.8494382
1,0,0.3024024
1,1,0.6324206
1,1,0.64677197
1,1,0.6050404
0,0,0.092741005
1,1,0.8875136
1,0,0.055586524
1,1,0.8953545
1,1,0.84717846
1,0,0.3610367
1,0,0.36551577
1,1,0.5084016
1,1,0.8959418
1,1,0.6903231
1,1,0.613777
1,1,0.88543373
0,0,0.08881595
1,0,0.4786886
1,1,0.7650471
1,1,0.9121437
0,1,0.667308
1,0,0.3861871
1,0,0.36275375
1,1,0.7462745
1,1,0.86528146
1,0,0.18658249
1,1,0.8466844
1,1,0.58231676
1,1,0.8624025
1,1,0.94527495
1,1,0.8598095
1,1,0.84637374
1,1,0.7619358
1,1,0.5732349
1,1,0.80980694
1,0,0.18043928
0,0,0.065127924
1,1,0.9239458
1,1,0.8936879
1,1,0.5701715
1,1,0.8636763
1,1,0.50209635
1,1,0.54234064
1,0,0.41824993
1,1,0.75737965
1,1,0.84957546
1,1,0.8621193
1,0,0.31608915
0,0,0.12872747
1,0,0.45019943
1,1,0.85503066
1,1,0.7055191
1,0,0.47917756
1,0,0.48162118
1,1,0.90535057
1,1,0.87362796
1,1,0.92161906
1,1,0.67339075
1,1,0.8311564
1,0,0.3049021
1,1,0.79466945
1,1,0.9393494
1,1,0.83833396
1,1,0.6683802
1,1,0.84203315
1,1,0.6535908
1,1,0.81328875
1,1,0.8130857
1,1,0.921814
1,1,0.8624694
1,1,0.89516354
1,1,0.60870606
1,0,0.34474277
1,1,0.7101745
1,1,0.8024592
1,1,0.58439857
1,1,0.84792614
1,1,0.8399532
1,1,0.9106498
1,0,0.34070128
1,0,0.49322858
1,1,0.6597248
1,1,0.86979604
0,0,0.2016985
1,1,0.7618871
1,0,0.36920708
1,1,0.9129123
1,1,0.9029182
1,1,0.7946667
1,1,0.8657845
1,1,0.50050396
1,1,0.54093003
1,1,0.8581546
1,0,0.47917593
1,1,0.55123013
1,1,0.90222806
1,1,0.69102657
1,1,0.9223241
1,1,0.9475987
1,0,0.45256254
1,1,0.8619773
1,1,0.9239821
1,1,0.52989036
1,1,0.88996303
1,1,0.9462129
1,1,0.8316463
1,0,0.3396044
1,1,0.82599133
1,0,0.31268692
1,0,0.4635462
1,0,0.4866901
1,0,0.4872311
1,1,0.76109457
1,0,0.31060392
1,0,0.36897603
0,0,0.038979642
1,0,0.13111858
1,0,0.10514519
1,0,0.48453903
1,1,0.81039363
1,1,0.9063912
1,1,0.6685822
1,1,0.8452775
1,1,0.8212716
1,1,0.59718394
1,0,0.1400826
1,1,0.8571018
0,0,0.09521012
1,1,0.68565184
1,1,0.80879045
1,1,0.82367235
0,0,0.11472109
1,1,0.91216505
1,0,0.19317369
1,1,0.74671197
1,1,0.684921
1,1,0.69005126
1,1,0.8624131
1,1,0.92466736
1,0,0.35429132
1,0,0.23447375
1,1,0.8982355
1,0,0.16788459
1,0,0.24609305
1,1,0.6138093
0,0,0.06356302
1,1,0.8340508
1,0,0.2113897
1,1,0.87989604
1,0,0.35396942
0,0,0.44794908
1,1,0.6524958
1,1,0.8835563
1,1,0.7735728
1,1,0.87804425
1,1,0.8764963
1,1,0.87233275
1,1,0.7230827
1,1,0.69386595
1,1,0.74455
1,1,0.93629014
0,0,0.28419483
1,1,0.87302226
1,1,0.8306054
1,0,0.21565211
1,0,0.23104316
1,1,0.7073734
1,1,0.86365575
1,1,0.53093857
1,1,0.78685534
1,1,0.7495643
1,1,0.5756128
1,1,0.8054998
1,1,0.87714034
1,1,0.8393681
1,0,0.3360953
1,0,0.16259977
1,0,0.4566463
1,1,0.87159044
1,1,0.639089
1,1,0.9020733
1,0,0.3421372
1,1,0.88480484
1,0,0.16945224
1,1,0.85726386
1,1,0.7642998
1,0,0.3415146
1,0,0.16766068
0,0,0.17234762
1,1,0.87004966
1,1,0.56451005
1,1,0.9229789
1,1,0.8104895
1,1,0.73966473
1,1,0.86180097
1,1,0.83715993
1,1,0.5252228
1,1,0.79769665
1,1,0.5564724
1,1,0.6273266
1,1,0.7171721
1,1,0.92710394
1,1,0.7003207
1,1,0.8096541
1,0,0.43167
1,1,0.92074543
1,1,0.91072816
1,1,0.92070836
1,1,0.93606687
1,1,0.5276366
1,1,0.7307108
1,1,0.7543551
1,1,0.86605376
1,0,0.28769088
1,1,0.8509027
1,1,0.8695656
0,1,0.6114303
1,1,0.8007978
1,1,0.8186321
0,0,0.1881437
1,0,0.47804788
1,1,0.6979066
0,0,0.42247614
1,1,0.77933526
0,0,0.26477212
1,1,0.85048765
1,1,0.86042625
1,1,0.85399294
1,0,0.17992516
1,1,0.8855553
1,1,0.65516603
1,1,0.54366064
1,1,0.94538295
1,1,0.503737
1,1,0.5301751
1,0,0.068056114
1,1,0.6746915
1,1,0.7356554
1,1,0.8359884
1,1,0.82123965
1,1,0.95080215
1,1,0.8402836
1,1,0.8989275
1,1,0.74866545
1,1,0.67470115
1,1,0.8712881
1,0,0.4447598
1,1,0.93790287
1,1,0.7492679
0,0,0.23348698
1,1,0.79457396
1,1,0.63404876
1,1,0.6280618
1,1,0.54780173
1,0,0.17843258
1,1,0.9226159
1,0,0.47292984
1,1,0.89086133
1,1,0.83665955
1,1,0.80425006
1,1,0.5963308
1,1,0.5783467
0,1,0.6272141
1,1,0.84020555
1,1,0.86024565
1,1,0.8581707
0,0,0.22297385
1,0,0.48702747
1,1,0.90381265
1,0,0.1665839
1,1,0.8566848
1,0,0.4734468
1,1,0.72156477
1,1,0.73705
1,1,0.5830857
1,1,0.8100065
1,0,0.099772856
0,0,0.23282757
1,1,0.7004724
1,1,0.6263931
1,1,0.92685336
1,1,0.77111435
1,1,0.8826576
1,1,0.84184825
1,1,0.8253173
1,1,0.8353563
1,0,0.3100997
1,1,0.5541053
1,1,0.81431586
1,1,0.67158484
1,1,0.8673018
1,1,0.8464178
1,1,0.9163312
1,0,0.23423617
0,1,0.637031
1,1,0.6203771
1,1,0.5739292
1,0,0.4348931
1,1,0.888787
1,1,0.94563574
1,0,0.19689755
1,1,0.9376256
1,1,0.8562634
1,1,0.8962238
0,0,0.09518527
1,0,0.1638161
1,1,0.7075197
1,0,0.42714033
1,1,0.84106565
1,1,0.7441055
1,1,0.7879565
1,1,0.8339379
1,1,0.9308636
1,0,0.09957237
1,0,0.16684033
1,1,0.8602363
1,1,0.5825145
1,1,0.94082636
1,0,0.35514843
1,1,0.91172284
1,1,0.9321701
1,1,0.86873096
1,1,0.5687437
1,1,0.9341219
1,1,0.8472208
0,1,0.52600855
1,1,0.8421843
1,1,0.7765422
0,0,0.15659934
1,1,0.9346826
1,1,0.9480725
1,1,0.9336637
1,1,0.6745362
1,1,0.8109494
1,1,0.82840896
1,1,0.918663
1,1,0.9352661
1,0,0.2311136
1,0,0.3667226
1,0,0.31388038
1,1,0.90092945
1,1,0.5134092
1,1,0.8505543
1,0,0.28341863
1,1,0.9648591
1,1,0.9113631
1,0,0.34898517
1,1,0.7047566
1,1,0.5276054
1,0,0.49556386
1,0,0.28785753
1,1,0.7039331
1,0,0.23952927
1,0,0.31364128
1,1,0.6867615
1,1,0.6188637
1,1,0.89872986
1,1,0.8789068
1,1,0.8859114
1,1,0.68841064
1,0,0.4332561
1,1,0.81477374
1,1,0.51100177
1,1,0.918631
1,1,0.85486203
1,1,0.8226167
1,0,0.17947073
1,1,0.9612626
1,1,0.8152291
1,1,0.76089025
1,1,0.51221114
1,0,0.49382308
1,1,0.6455626
0,1,0.6564885
1,1,0.6639723
1,1,0.92759234
1,1,0.86561114
1,1,0.9113717
1,1,0.96130073
1,1,0.78722024
1,1,0.86615205
1,1,0.76843846
1,1,0.897228
0,0,0.22148928
1,1,0.7670063
1,1,0.8675698
1,0,0.33500552
1,1,0.7472609
1,1,0.84732664
1,0,0.3177665
1,1,0.9000198
1,1,0.7688563
1,1,0.7228421
1,1,0.7171448
1,1,0.58610725
1,0,0.41589066
1,1,0.63176924
1,1,0.83734924
1,0,0.47418287
1,1,0.8892852
0,0,0.1677768
1,1,0.7141299
1,1,0.9155129
1,1,0.6232708
1,1,0.8023503
1,0,0.26337087
1,1,0.8672309
1,1,0.78255695
1,1,0.8784354
1,0,0.18248396
1,1,0.9633863
1,0,0.37669814
1,1,0.56297094
1,1,0.5965273
1,1,0.89893836
1,1,0.7956478
1,1,0.51849437
1,1,0.92094386
1,1,0.54897475
1,1,0.6047351
1,1,0.7425828
1,1,0.5835953
1,1,0.73555416
1,1,0.71663594
1,1,0.7758045
1,1,0.657779
1,1,0.786235
0,0,0.21578035
1,1,0.6658722
1,1,0.85256875
1,1,0.94418865
1,0,0.49397218
1,1,0.75428575
1,1,0.5453786
1,1,0.8769828
1,1,0.67258584
1,1,0.775656
1,1,0.88145953
1,1,0.92228436
1,0,0.45164186
1,1,0.832504
1,1,0.88542944
1,1,0.7699191
1,1,0.56047946
1,1,0.8551652
1,1,0.8636837
1,1,0.90097684
1,0,0.44636762
0,1,0.5842993
1,1,0.9311545
1,1,0.69680697
1,1,0.6785961
1,1,0.6622793
1,1,0.66931456
1,1,0.8960627
1,1,0.96583873
1,1,0.561786
1,1,0.6455976
1,1,0.80558306
1,1,0.9286316
1,1,0.93618387
0,0,0.11119327
1,1,0.61666316
1,0,0.48042452
1,1,0.52043164
1,1,0.68183464
1,1,0.7636976
1,1,0.90669155
1,1,0.9192548
1,1,0.84686536
1,1,0.86396915
1,1,0.754017
1,1,0.69802284
1,1,0.9267053
1,1,0.82747245
1,1,0.9107038
1,1,0.9619706
1,1,0.82455707
1,1,0.8308955
1,1,0.5555564
1,1,0.9199313
1,1,0.8170358
1,0,0.08925949
1,1,0.9329411
1,1,0.780997
1,1,0.6119325
1,1,0.7885407
1,1,0.8445835
1,1,0.7377198
1,1,0.8580094
1,1,0.8038171
1,1,0.84417504
1,1,0.9226588
1,1,0.70132124
1,1,0.90649974
0,1,0.5751196
1,1,0.86978334
1,1,0.93635327
0,1,0.7839211
1,1,0.6241502
1,1,0.85349274
1,1,0.85577923
1,0,0.24202222
1,0,0.34808022
1,1,0.8866249
0,1,0.51359886
1,0,0.26522908
1,1,0.92778736
1,1,0.8953597
1,0,0.4875093
1,1,0.917588
1,0,0.35871047
1,0,0.30249268
1,1,0.7653285
1,1,0.7386227
1,0,0.33787265
1,1,0.9437079
1,1,0.7012324
1,1,0.7674349
1,1,0.5598259
1,1,0.8436214
1,1,0.84938097
1,1,0.8351353
1,1,0.88475686
1,0,0.45580813
1,1,0.86153567
1,1,0.89369285
1,1,0.9050366
1,0,0.33797246
1,1,0.5237218
1,1,0.90603644
1,1,0.7183849
1,1,0.6572685
1,1,0.88556933
1,1,0.62208134
1,1,0.831555
1,1,0.7975713
1,1,0.5359181
1,1,0.54428035
1,1,0.87209016
1,0,0.41990238
1,1,0.7708713
0,0,0.49011934
1,1,0.93118757
1,1,0.896157
1,1,0.8685638
1,0,0.3100036
1,1,0.5804594
0,0,0.08179668
1,1,0.8986727
1,1,0.5227259
1,1,0.8863983
1,0,0.32274395
1,1,0.76915294
0,0,0.077895366
1,1,0.8274298
1,0,0.29258072
0,1,0.7325145
1,0,0.45065358
1,1,0.74197
1,0,0.25737122
1,1,0.7142254
1,1,0.56057
0,0,0.33330208
1,1,0.77021366
0,1,0.7208495
1,1,0.8115136
1,0,0.43379384
1,1,0.6418851
1,1,0.8404666
1,0,0.23471138
1,1,0.51407063
1,1,0.6763904
1,0,0.45516673
1,1,0.8606794
1,0,0.42353925
1,1,0.8832695
1,0,0.4690863
1,1,0.5763267
1,1,0.50182956
1,1,0.76178813
1,0,0.06420222
1,1,0.8573264
1,1,0.78933424
1,0,0.37346807
1,0,0.23908421
1,0,0.38899463
1,0,0.48957402
1,0,0.09115299
1,1,0.8030337
1,1,0.81558055
1,1,0.6930537
1,1,0.55451095
1,1,0.62097347
1,1,0.8966219
1,0,0.3713423
1,1,0.7567149
1,1,0.926662
1,1,0.82386464
1,1,0.79901505
1,0,0.17657125
1,1,0.8577239
0,0,0.4118166
1,1,0.6962347
1,0,0.30838072
1,1,0.6463678
1,1,0.5216018
1,0,0.4572534
1,0,0.43524793
1,1,0.5830068
1,1,0.7480984
0,1,0.60384625
1,1,0.8852917
1,0,0.40644008
1,1,0.9479732
1,0,0.2536918
1,0,0.2039093
1,1,0.93572396
1,1,0.7717666
1,1,0.8038644
1,1,0.8768682
1,1,0.55177635
1,1,0.55440986
1,1,0.9136339
1,1,0.7145794
1,0,0.44973314
1,1,0.72308403
1,1,0.7757831
0,0,0.08438688
1,1,0.8196307
1,1,0.86189264
1,1,0.7553442
1,1,0.8060375
1,1,0.8679109
1,1,0.7168944
1,0,0.4058025
1,0,0.3436373
1,0,0.16315825
1,1,0.8014608
1,0,0.17543074
1,1,0.9201531
1,1,0.78642344
1,1,0.8121683
1,1,0.87157285
1,1,0.81027246
1,1,0.7983884
1,1,0.9026601
1,1,0.7686169
1,1,0.8213653
1,1,0.91633147
1,0,0.24143109
1,1,0.505444
1,1,0.8547999
1,1,0.8096959
1,1,0.7853396
1,1,0.9308446
0,0,0.06325605
1,1,0.6961625
1,1,0.81414926
1,1,0.90961117
1,1,0.70290965
1,0,0.44981796
1,1,0.84014523
1,1,0.80911225
1,1,0.84959304
1,1,0.8368695
0,0,0.43047827
0,0,0.15243196
1,1,0.91569775
1,1,0.770281
1,1,0.5850885
1,1,0.5157379
1,1,0.85503906
1,1,0.55617917
1,1,0.62263554
1,1,0.95215756
1,1,0.77414966
1,1,0.84457415
0,0,0.07451099
1,0,0.14104833
1,1,0.754786
1,1,0.78033316
1,1,0.9262937
1,1,0.9339528
1,0,0.07385546
1,1,0.5707787
1,0,0.44508368
1,0,0.3046695
1,0,0.25448698
1,1,0.86565703
1,0,0.34670764
1,0,0.42462236
1,1,0.61726964
1,1,0.80918986
1,1,0.8231957
1,1,0.9318428
1,1,0.9111299
1,1,0.93388104
1,1,0.73044413
1,1,0.8594593
1,0,0.41823658
1,0,0.41963863
1,0,0.06489958
1,0,0.19877672
1,1,0.73553383
1,1,0.587621
1,1,0.89757717
1,1,0.66456676
1,0,0.31620535
1,0,0.35472447
1,1,0.85051185
1,1,0.9325817
1,0,0.44384018
1,0,0.07989337
1,0,0.36116233
1,1,0.627506
1,1,0.9594977
1,1,0.7885162
1,1,0.89949495
1,0,0.22829811
1,1,0.586493
1,1,0.9008022
1,0,0.36730248
1,1,0.7824683
1,1,0.6727276
1,1,0.8024177
1,1,0.8771243
1,1,0.7506678
1,0,0.40489745
1,1,0.93318844
1,1,0.9042232
1,1,0.650533
1,0,0.3183143
0,0,0.38036254
1,1,0.8816249
1,0,0.40691298
1,0,0.47648695
1,0,0.09529671
1,1,0.7211483
1,1,0.9273496
1,0,0.44414625
1,1,0.8930938
1,1,0.6482751
1,1,0.5957545
1,1,0.73932636
1,1,0.6766685
1,1,0.79417074
1,0,0.38830677
1,1,0.5657925
1,1,0.8621092
1,1,0.8288276
1,1,0.88168293
1,1,0.6873676
1,1,0.8896519
0,1,0.5217306
1,1,0.57815546
1,1,0.7217673
1,1,0.63262224
1,1,0.7612533
1,0,0.38846543
1,1,0.84452707
1,1,0.88448405
1,1,0.8322571
1,1,0.8485915
1,1,0.8747188
1,1,0.6669857
1,1,0.9057703
1,1,0.70801395
1,1,0.7098569
1,1,0.8454032
1,1,0.9081783
1,1,0.56935394
1,1,0.8520525
1,0,0.1451644
1,1,0.9410774
1,1,0.8869314
1,1,0.8902469
1,0,0.39237553
1,1,0.59861976
1,1,0.69041157
1,1,0.7650934
1,0,0.4229705
1,0,0.480566
1,0,0.481713
1,1,0.55284756
1,1,0.6897535
1,1,0.54855794
1,0,0.2795407
1,1,0.9208637
1,0,0.4740409
1,1,0.66057044
1,0,0.12622564
1,1,0.9511684
1,1,0.87440556
1,0,0.3250032
1,1,0.6194975
1,1,0.8487211
1,1,0.7756196
1,1,0.8017611
1,1,0.5442936
1,1,0.75031847
1,1,0.91232586
1,1,0.7913148
1,1,0.5537811
1,1,0.85438246
1,1,0.7299221
1,1,0.90228534
1,1,0.7906063
0,1,0.71261656
1,0,0.4834538
1,1,0.83933705
1,0,0.46802726
1,1,0.7296967
1,0,0.34842888
1,1,0.5561746
1,1,0.87751853
1,1,0.8105485
1,0,0.46145806
1,0,0.45691925
1,0,0.21629967
1,1,0.7492585
1,1,0.8468756
1,0,0.35538125
1,0,0.45191184
1,1,0.83886385
1,1,0.6101058
1,1,0.70395494
1,0,0.39089745
1,1,0.92539597
1,0,0.2933171
1,1,0.93378705
1,1,0.9092295
1,1,0.51744735
1,1,0.9196318
1,1,0.90647036
1,1,0.86700964
1,1,0.58940196
1,1,0.81710017
1,1,0.8000624
1,1,0.93816555
1,1,0.6972024
1,0,0.46071678
1,1,0.5863708
1,1,0.6278893
1,1,0.88133764
1,1,0.8388379
1,1,0.583239
1,1,0.52212805
1,1,0.8848545
1,1,0.912045
1,1,0.5832079
1,1,0.5036236
1,1,0.8306296
1,1,0.79233587
1,1,0.92833257
1,1,0.87168026
0,0,0.2899387
1,1,0.84245217
1,1,0.7652972
1,0,0.27292722
1,1,0.6893094
1,1,0.7230348
1,1,0.6965075
1,1,0.90612316
1,1,0.6976672
1,1,0.5196947
1,1,0.9119456
1,0,0.34314418
1,1,0.5016866
0,1,0.7021806
1,1,0.6450395
1,0,0.4757259
1,1,0.7162749
1,0,0.45018294
1,1,0.9582112
1,1,0.8901983
1,1,0.6353834
1,1,0.9049604
1,1,0.8474563
1,1,0.7358116
1,1,0.76834565
0,0,0.18047868
1,0,0.3464528
1,1,0.77383554
1,0,0.45820358
1,1,0.70340985
1,1,0.92191833
1,1,0.9312883
1,1,0.87506294
1,0,0.465985
1,1,0.8272455
1,1,0.88853824
1,1,0.71518004
0,0,0.05869332
1,1,0.9116325
1,1,0.7054516
1,1,0.8863299
1,1,0.59743327
1,1,0.5464318
1,1,0.7714116
1,1,0.84164125
1,1,0.85809076
1,0,0.49096844
1,1,0.6315287
1,1,0.8652495
0,1,0.89033055
1,1,0.9071544
1,1,0.54152995
1,1,0.7218289
1,0,0.47992867
1,1,0.6447386
1,1,0.7965311
1,1,0.65718174
1,0,0.27816162
1,1,0.68133175
1,0,0.37123936
1,1,0.860231
1,1,0.92001665
1,1,0.86522293
1,1,0.92473716
1,1,0.85425466
1,0,0.34399012
1,1,0.6029885
1,1,0.7243496
1,1,0.86704266
1,1,0.58865047
1,1,0.74528086
0,0,0.19258298
1,1,0.7357285
1,1,0.65774703
1,0,0.4825654
1,0,0.40568048
1,1,0.5531545
1,1,0.93913853
1,1,0.833364
1,1,0.892754
1,1,0.8546596
1,1,0.5865181
0,1,0.7890073
1,1,0.6959307
1,0,0.17883602
1,0,0.090753764
1,1,0.7084367
1,0,0.22299609
1,1,0.7321409
1,1,0.926956
1,1,0.87619185
1,1,0.62620205
1,1,0.824847
1,1,0.5020847
1,1,0.88129634
1,1,0.84147394
1,1,0.8603179
1,1,0.9394163
1,1,0.7314458
1,1,0.9475009
1,1,0.90290296
1,0,0.1813118
1,1,0.89770156
1,1,0.82931226
1,1,0.7730625
1,1,0.5263351
1,1,0.8479872
1,0,0.44309196
1,0,0.32201868
1,1,0.6872127
1,0,0.34857735
1,0,0.48118302
1,1,0.8895542
1,1,0.83214515
1,0,0.3476062
1,1,0.9186739
1,1,0.7828784
1,0,0.47134256
1,1,0.9711543
1,1,0.8930076
1,1,0.85995954
1,1,0.82635957
1,1,0.92279655
1,1,0.9464358
1,1,0.6717361
1,1,0.8900564
1,1,0.9565723
1,1,0.87977415
1,1,0.8794562
1,0,0.18493932
1,0,0.3931305
1,1,0.92406017
1,1,0.91071194
1,1,0.60646844
1,0,0.05151479
1,1,0.82763165
1,1,0.53097415
1,1,0.82573295
1,1,0.7116112
1,1,0.7632882
1,1,0.54689956
1,1,0.5377131
1,1,0.82389385
1,0,0.42442048
1,1,0.5526137
1,0,0.4380704
1,0,0.17449836
1,1,0.69596714
1,1,0.9421281
1,0,0.49071202
1,1,0.9082681
1,1,0.9288019
1,1,0.8214173
0,0,0.120796256
0,0,0.3544709
1,1,0.79213977
1,1,0.92126197
1,1,0.67315686
1,1,0.7074519
1,1,0.8361778
1,1,0.93290967
0,0,0.04587987
1,1,0.93404734
0,0,0.40252894
1,1,0.8045046
1,1,0.70741075
1,1,0.8884069
1,1,0.5183316
1,1,0.9118536
1,1,0.71306336
0,0,0.18378724
1,1,0.6368305
1,1,0.8666752
1,1,0.7174308
1,0,0.19359517
1,1,0.85795563
1,1,0.6347758
0,1,0.56165314
1,0,0.23637702
0,0,0.116116434
1,1,0.69391966
1,1,0.78926826
1,1,0.92001474
1,1,0.80348635
1,1,0.86501306
1,1,0.86316717
1,1,0.5101876
1,1,0.7756675
1,0,0.24950762
1,0,0.20291843
1,0,0.27731544
1,1,0.52792263
1,1,0.9291693
1,0,0.49862406
1,1,0.61670476
1,1,0.86098874
1,1,0.7760234
1,1,0.92711294
1,1,0.76037794
1,1,0.6291483
1,1,0.86871076
1,0,0.42625582
1,0,0.34293833
1,1,0.6297927
1,1,0.9554715
1,1,0.87223613
1,1,0.84014237
1,0,0.40936252
1,1,0.75358135
1,0,0.3950272
1,1,0.72319376
1,1,0.68089265
1,1,0.8308714
1,1,0.7037105
1,1,0.7775658
1,1,0.8474963
1,0,0.3966067
1,1,0.84265804
1,1,0.6478041
1,1,0.6274109
1,0,0.46703717
1,1,0.81271195
1,0,0.37014374
1,1,0.56782085
1,1,0.50439966
1,1,0.7325062
1,1,0.69267434
1,0,0.2363743
1,1,0.5297455
1,1,0.84744036
1,1,0.87585014
1,1,0.8535929
1,0,0.21390995
1,1,0.7537587
1,1,0.8159896
1,1,0.79782826
1,0,0.37593967
1,1,0.79305273
1,0,0.4606797
1,0,0.18787885
1,1,0.9252117
1,1,0.6137372
1,1,0.68578124
1,1,0.8369686
1,1,0.8856392
1,1,0.9238796
1,1,0.9414227
1,1,0.8093317
1,1,0.5345106
1,1,0.8322401
1,1,0.8695299
1,0,0.4096925
1,1,0.92605305
0,0,0.108015545
1,1,0.73695153
1,0,0.09588017
1,1,0.6503668
1,0,0.4305016
1,1,0.6961245
1,1,0.6377547
1,0,0.36457014
1,1,0.7152429
1,1,0.90027535
1,0,0.47376204
1,1,0.5665603
1,0,0.3892955
1,1,0.7523842
1,0,0.4781186
1,1,0.9580126
1,1,0.7386676
1,0,0.2029545
1,1,0.9031462
1,1,0.8741003
1,0,0.3853482
1,1,0.87252027
1,1,0.8144917
1,1,0.82692367
0,1,0.64745885
1,1,0.78862077
1,1,0.90898865
1,1,0.8374137
1,1,0.7806947
1,1,0.57806647
1,1,0.86123466
1,1,0.64334494
1,1,0.66601443
1,1,0.94345665
1,1,0.6159337
1,1,0.8299807
0,0,0.32600236
1,0,0.4413872
1,1,0.7714166
1,0,0.41591528
1,1,0.8649765
1,1,0.7490337
1,1,0.5128289
1,1,0.75428385
1,1,0.94720143
1,1,0.508118
1,1,0.82152
1,1,0.69236004
1,1,0.9481114
1,1,0.5020961
1,1,0.5872784
1,1,0.58354306
1,1,0.8359047
1,0,0.28070453
1,1,0.595777
1,1,0.7775376
1,0,0.4796129
1,1,0.5916521
1,1,0.79604566
1,1,0.76006454
1,1,0.85247445
1,1,0.70205593
1,1,0.88557607
1,1,0.8780444
1,1,0.95084184
1,1,0.6052674
1,1,0.90424794
1,1,0.66674244
1,0,0.49498296
1,1,0.85602653
1,1,0.7962222
1,1,0.89228827
1,0,0.48581362
1,1,0.8230111
1,1,0.632569
1,1,0.86414737
1,1,0.64749193
1,1,0.7343643
1,0,0.43101522
1,1,0.8550509
1,0,0.4818394
1,0,0.2414168
1,1,0.8097921
1,1,0.87831426
1,1,0.9073883
1,1,0.94263923
1,1,0.7635341
1,1,0.8742188
1,1,0.8065154
1,1,0.8480237
1,1,0.78978485
1,1,0.87817484
1,1,0.8905415
1,1,0.91465783
1,1,0.8772228
1,0,0.24310279
1,1,0.84710824
1,0,0.28056666
1,1,0.80943084
1,1,0.5594885
1,0,0.42950094
1,0,0.43467623
1,1,0.76689905
1,1,0.9054994
1,1,0.90774345
1,1,0.6151943
1,1,0.88562256
1,0,0.17575058
1,1,0.9023214
1,0,0.26848057
1,1,0.86892474
1,0,0.36079234
1,1,0.943405
1,1,0.94807184
1,0,0.24703185
1,0,0.48371607
1,0,0.31901312
1,1,0.87696743
1,1,0.82515687
1,1,0.8200574
1,1,0.9278033
1,1,0.9045316
1,1,0.8114262
1,0,0.4149781
1,1,0.64942294
1,0,0.17955509
1,1,0.7632313
1,1,0.85212404
1,1,0.7296522
1,1,0.85607684
0,0,0.105432704
1,0,0.28643093
1,1,0.863057
1,1,0.95553505
1,1,0.54964274
1,1,0.69581825
1,1,0.600043
1,0,0.428715
1,0,0.3646779
1,1,0.5242067
1,0,0.23238727
1,1,0.86805046
1,1,0.69950324
1,1,0.56299335
1,1,0.66865396
1,1,0.67214084
1,0,0.39555255
1,1,0.78667426
1,1,0.737006
1,1,0.8885423
1,0,0.29034325
1,1,0.78065735
1,0,0.09100054
1,1,0.7501442
1,1,0.8618255
1,1,0.88752025
1,1,0.6348273
1,1,0.67787504
1,1,0.8659128
1,1,0.6702077
1,1,0.95725536
1,1,0.82081616
1,1,0.7730834
1,1,0.52782375
1,1,0.5932172
0,0,0.10863756
1,1,0.69437486
1,1,0.8316028
1,1,0.9662991
1,0,0.47948667
1,0,0.12984134
1,1,0.5073851
1,1,0.65054387
1,1,0.5733369
1,1,0.71079904
1,1,0.6114471
1,1,0.7222415
1,1,0.9043775
1,1,0.7821463
1,1,0.62457806
1,1,0.52486265
1,1,0.900055
1,1,0.55322975
1,1,0.7367208
1,1,0.6993057
1,1,0.9304791
1,1,0.8648448
1,1,0.88703007
1,1,0.88996565
1,1,0.68474203
1,1,0.9329552
0,0,0.10913857
1,1,0.9374327
1,1,0.95552266
1,1,0.61761355
1,1,0.7904058
1,1,0.6161954
1,0,0.19208674
1,1,0.9170299
1,1,0.95328134
1,1,0.93465364
1,1,0.5762293
1,0,0.43774366
0,0,0.054176882
1,0,0.3748866
1,1,0.8485293
1,1,0.9525971
1,1,0.87020504
1,1,0.8555689
1,0,0.46228576
1,1,0.9394783
0,0,0.14788719
1,1,0.52850074
1,1,0.76526093
1,0,0.48648202
1,1,0.9328242
1,0,0.3376566
1,0,0.26339
1,0,0.48886627
1,1,0.63364834
0,1,0.82315886
1,1,0.73718077
1,1,0.7622442
1,1,0.93792623
1,1,0.7746429
1,1,0.5353253
0,0,0.2713924
1,1,0.5443117
1,1,0.82128114
1,1,0.6035544
1,1,0.92096645
1,1,0.95231074
0,0,0.4476214
1,1,0.9514994
1,0,0.23335218
1,1,0.9580665
1,1,0.8950598
1,1,0.87249905
1,1,0.9364053
1,1,0.7363776
1,1,0.9038549
1,1,0.90424883
0,1,0.64060605
0,0,0.27323526
1,1,0.51041347
1,1,0.76958746
1,1,0.95258355
1,1,0.9003726
1,0,0.18031536
1,1,0.9321071
1,1,0.5515217
1,1,0.75444174
1,1,0.8130392
1,1,0.8311184
0,0,0.3235273
1,1,0.9100052
1,1,0.8548642
1,0,0.24641311
1,0,0.46540394
1,1,0.7410305
0,0,0.06356562
0,0,0.14549357
1,1,0.8355179
1,1,0.86847997
1,0,0.38109562
1,1,0.9209159
1,1,0.9182266
1,1,0.63196963
1,1,0.70818144
1,1,0.81880474
1,1,0.8984254
1,1,0.8480408
0,1,0.61259234
1,1,0.871683
1,1,0.8005283
1,0,0.4660717
1,1,0.8922762
1,1,0.87373805
1,1,0.68173265
1,1,0.83801806
1,0,0.4719189
1,1,0.882254
1,0,0.20799439
1,1,0.7781597
1,1,0.6867776
1,1,0.6756639
1,1,0.64737123
1,1,0.760599
1,0,0.20926164
1,0,0.41562948
1,0,0.41125804
1,1,0.91089
1,1,0.9484172
1,1,0.6748819
1,1,0.7031984
1,1,0.9545691
1,1,0.83371395
1,1,0.5096697
1,1,0.94662786
1,1,0.58387744
1,0,0.35380474
1,0,0.46292835
1,0,0.3356129
0,0,0.4051006
1,1,0.69793767
0,1,0.6871244
1,1,0.88310534
1,1,0.76050615
1,0,0.39984357
1,0,0.11965713
1,0,0.4651042
1,1,0.7901487
1,0,0.45481682
1,1,0.8303757
1,0,0.05368338
1,1,0.8851637
1,0,0.23439996
1,0,0.08577634
1,1,0.8054668
1,0,0.31543022
1,1,0.640393
1,1,0.62630266
1,0,0.112615235
1,1,0.9362312
1,1,0.6969821
1,1,0.8270923
1,0,0.37014526
1,1,0.82170856
1,1,0.9446832
1,0,0.15658024
1,0,0.48673263
1,0,0.30807316
1,1,0.91611344
1,1,0.6145162
1,1,0.6802154
1,1,0.92080176
1,1,0.919016
0,0,0.15650007
1,1,0.9328702
1,1,0.5185272
1,1,0.7257424
1,1,0.90528274
1,1,0.7180828
1,0,0.46358523
1,1,0.8588263
1,1,0.8233877
1,1,0.89097995
1,1,0.80050945
1,1,0.5220358
1,1,0.8949483
1,0,0.2801704
1,0,0.46679237
1,1,0.82342166
1,0,0.34838542
1,0,0.4499781
1,1,0.90801495
1,1,0.6065012
1,1,0.9404912
1,1,0.8191071
1,1,0.7675186
1,1,0.8265267
1,1,0.70379233
1,1,0.8784521
1,1,0.8393064
1,1,0.7795144
1,1,0.53714716
1,1,0.8688208
0,1,0.5692894
1,1,0.5649416
0,0,0.04063157
1,1,0.5586053
1,0,0.3610028
1,0,0.46973562
1,1,0.8903023
1,1,0.89766103
1,1,0.7961838
1,1,0.5578604
1,1,0.8484682
1,1,0.79074836
1,1,0.86472124
1,1,0.92953676
1,1,0.76483864
1,1,0.93240196
1,0,0.44094834
1,1,0.78152996
1,0,0.075062156
1,1,0.72698087
1,1,0.8763229
1,1,0.7438078
0,1,0.5389708
1,0,0.33348572
1,1,0.8041434
1,1,0.6716366
0,0,0.47236398
1,0,0.38463804
1,0,0.44189063
1,1,0.86725473
1,1,0.7182805
1,0,0.31649956
1,1,0.53519595
1,1,0.6379475
1,1,0.65316534
1,0,0.14546573
1,1,0.71022767
1,1,0.58019334
0,0,0.2501414
1,1,0.84199816
1,1,0.78198266
1,1,0.7180813
1,1,0.89912945
1,1,0.7325941
1,0,0.2330156
1,1,0.8595358
1,1,0.76325464
1,0,0.301552
1,1,0.9074278
1,1,0.57790387
1,1,0.72796416
1,1,0.8370759
1,1,0.5716935
1,1,0.91040635
1,0,0.11925258
1,1,0.7504317
1,1,0.9607907
1,1,0.5771836
1,0,0.3305407
1,1,0.8205414
0,1,0.6755639
1,1,0.7387186
1,1,0.9217105
1,0,0.42021874
1,1,0.6073584
1,0,0.28980735
1,1,0.8211094
1,0,0.49898496
1,1,0.75138855
1,1,0.86270434
0,0,0.061587863
1,1,0.5540406
1,0,0.45025292
0,0,0.34737805
1,1,0.8251561
1,1,0.8408006
1,1,0.858528
1,0,0.08277361
1,1,0.92708457
1,1,0.92794406
1,1,0.54047275
1,1,0.86537385
1,1,0.87166977
1,1,0.86249346
1,1,0.88530236
1,1,0.89250034
1,1,0.63644606
1,1,0.75686723
1,1,0.8606719
1,1,0.8780996
1,1,0.6845744
1,1,0.8987497
1,1,0.64911056
1,0,0.29020762
1,1,0.7835421
1,1,0.90861654
1,1,0.8550447
1,1,0.7460028
1,0,0.17699337
1,1,0.5191824
1,1,0.8654378
1,0,0.44305134
1,1,0.8222495
1,1,0.65480494
1,1,0.7689995
1,1,0.52440834
1,1,0.75253737
1,1,0.80830896
1,1,0.8102845
1,1,0.61955166
1,0,0.49362472
1,1,0.8837027
1,1,0.85653
1,1,0.8764364
1,1,0.907031
1,1,0.81469667
1,1,0.82105243
1,0,0.4033696
1,0,0.44714764
1,1,0.80973494
1,0,0.3550956
1,0,0.4144078
1,1,0.92649347
1,1,0.89496297
1,0,0.4566681
1,1,0.68981713
1,1,0.800804
1,1,0.7659665
0,0,0.48866868
1,1,0.8570501
1,1,0.72666115
1,1,0.8312584
1,1,0.6655308
1,1,0.912607
1,1,0.81909287
1,0,0.40257302
1,1,0.78871197
1,1,0.7373523
1,1,0.87291205
1,0,0.45932442
1,1,0.7626189
1,1,0.85186106
1,1,0.5377236
1,1,0.71953535
1,1,0.70635694
1,1,0.5738472
1,1,0.58278644
1,1,0.6081456
1,1,0.7724496
1,1,0.7484227
0,0,0.054238252
1,1,0.7261089
1,1,0.82542473
1,1,0.8977803
1,1,0.7706041
1,1,0.7333742
1,1,0.76344925
1,1,0.87868756
1,0,0.07618167
1,0,0.1339702
1,0,0.080491215
1,0,0.14894672
1,1,0.94102454
0,0,0.13847385
1,0,0.34785876
1,1,0.8124611
1,1,0.6216226
1,1,0.58543956
1,0,0.42413053
1,1,0.89440393
1,1,0.58748066
0,0,0.21824452
1,1,0.74142593
1,1,0.9463188
1,1,0.925154
1,1,0.79943293
1,1,0.8660596
1,1,0.7449496
1,0,0.36531827
1,0,0.45492747
1,1,0.74765563
0,0,0.077653766
1,1,0.8460525
1,1,0.6347467
1,1,0.82966226
1,1,0.50855964
1,1,0.8672271
1,1,0.5200935
1,0,0.29561344
1,1,0.910168
1,1,0.75122917
1,1,0.73567945
1,1,0.8035202
1,1,0.8794938
1,1,0.90814537
1,1,0.78766227
1,1,0.8866263
1,1,0.9357396
0,0,0.38504553
1,1,0.5008376
1,1,0.94013983
1,1,0.81577396
1,1,0.90128624
1,1,0.7276488
1,1,0.6144907
1,0,0.27146643
1,1,0.5117732
1,0,0.11650209
1,1,0.952694
1,1,0.96378875
1,1,0.7270249
1,1,0.8714208
1,1,0.93024904
1,1,0.7439773
1,1,0.8868927
1,1,0.84508586
1,1,0.5977957
1,1,0.9259235
1,1,0.60424274
1,1,0.68206906
1,1,0.8350367
1,1,0.8691204
1,1,0.5596146
1,1,0.56289524
1,1,0.5290448
1,1,0.69050586
1,1,0.8872348
0,0,0.10304104
1,0,0.36831528
1,1,0.85998935
1,1,0.8498898
1,0,0.3085339
1,0,0.47876254
1,0,0.39446145
1,1,0.6139586
1,0,0.3429092
1,1,0.94321257
1,1,0.8623458
1,1,0.7512275
1,1,0.8430602
1,0,0.17998576
1,1,0.91114926
1,1,0.84976465
1,0,0.28607616
1,1,0.9132164
1,1,0.8489059
1,1,0.56376594
1,1,0.80974793
1,0,0.2733644
1,1,0.78226507
1,1,0.72658527
1,0,0.39046413
1,1,0.75483334
1,0,0.30810004
1,0,0.34181014
1,1,0.8245974
1,1,0.90391415
1,1,0.8918826
0,0,0.3407252
1,1,0.95343447
1,1,0.6800681
1,1,0.953085
1,1,0.7951274
1,1,0.8825398
1,1,0.8620845
1,0,0.16778155
1,1,0.6094935
1,1,0.93143564
0,0,0.15596932
1,1,0.52026504
1,1,0.82006794
0,0,0.15821616
1,1,0.5260527
1,1,0.836749
1,1,0.96989393
1,1,0.5347089
1,0,0.16841008
1,0,0.48941252
1,1,0.89591855
1,1,0.5647576
1,1,0.50378895
1,1,0.667961
1,1,0.9214979
1,1,0.91895103
1,1,0.8783717
1,1,0.8461921
0,1,0.64594513
1,0,0.18571912
1,1,0.6346543
1,0,0.21236832
1,1,0.8403536
1,1,0.7443438
1,0,0.1446056
1,1,0.5817211
1,0,0.28049815
1,1,0.9118954
1,1,0.89950556
1,0,0.19282529
1,1,0.5492741
1,1,0.63695073
1,1,0.8901567
1,0,0.39584935
1,1,0.7605036
1,1,0.9437069
0,1,0.58487934
1,0,0.41167974
1,1,0.5303118
1,1,0.9266135
1,1,0.84049857
1,0,0.43822905
1,0,0.49475315
1,1,0.5372061
1,0,0.21747772
1,1,0.87136245
1,0,0.25343472
1,1,0.8067609
1,1,0.82258624
1,1,0.82278425
1,1,0.65121555
1,1,0.88621086
1,1,0.5977052
1,1,0.64565015
1,1,0.7596389
1,1,0.5396128
1,0,0.066415414
1,1,0.8933215
1,0,0.10172404
1,1,0.8365816
1,1,0.8491046
0,0,0.122273415
1,1,0.8679665
1,0,0.46946642
1,0,0.34410128
1,1,0.61338025
1,1,0.932357
1,1,0.6789409
1,1,0.825692
1,1,0.90154445
0,1,0.55026156
1,0,0.114747554
1,0,0.48143288
1,1,0.88944787
1,1,0.64245605
1,1,0.7428967
1,1,0.58526826
1,1,0.8968151
1,1,0.880541
1,1,0.5474883
1,1,0.5656467
1,1,0.9310038
1,0,0.4727861
1,1,0.8755301
1,1,0.54611856
1,1,0.79687536
1,1,0.7945315
1,0,0.35332555
1,0,0.46465185
1,1,0.92985976
1,1,0.53350323
0,1,0.81385493
1,0,0.31192663
0,0,0.17977493
1,1,0.8254288
1,1,0.8165699
1,0,0.47062093
1,1,0.85283625
1,1,0.52845144
1,0,0.11948802
1,1,0.83186424
1,1,0.67586285
1,1,0.89454037
1,1,0.90851223
1,1,0.8573069
1,1,0.7478708
1,0,0.409819
1,1,0.8123279
1,1,0.6100587
1,0,0.27053523
1,1,0.77385575
1,1,0.5084692
1,0,0.16172135
1,1,0.65273446
1,1,0.55610126
1,0,0.48986953
1,1,0.5401432
1,1,0.8973542
0,0,0.07181951
1,1,0.90063256
1,1,0.88778985
1,1,0.8879281
1,1,0.757079
1,1,0.5972294
1,1,0.7860643
1,0,0.14922033
1,1,0.8956013
1,1,0.8219773
1,1,0.8179154
1,0,0.40442997
1,0,0.37754533
1,1,0.8531492
1,1,0.80953157
1,1,0.91639674
1,1,0.83641094
1,1,0.5957702
1,1,0.90305704
1,0,0.06565766
1,1,0.88791794
1,1,0.8031423
1,1,0.96684676
1,1,0.8231713
1,1,0.8538973
1,1,0.7664933
1,0,0.4514059
1,1,0.75803006
1,1,0.9243514
1,1,0.93460584
1,0,0.2553894
0,0,0.042823423
1,1,0.8765053
1,1,0.8514389
1,1,0.732366
1,0,0.25784746
1,1,0.9096677
1,1,0.80308884
1,1,0.81517965
1,1,0.8519348
1,1,0.64703
1,1,0.651083
1,0,0.35127676
1,1,0.9306041
1,1,0.895889
1,0,0.34761825
1,1,0.55500233
1,0,0.22165504
1,1,0.9039722
1,1,0.860183
1,0,0.080397084
1,1,0.84016305
0,1,0.575115
1,1,0.83604157
1,1,0.89845765
1,1,0.9473758
1,1,0.7617907
1,1,0.5721905
1,1,0.8795255
1,1,0.89221424
1,1,0.6032995
1,0,0.35028312
1,1,0.8311682
1,1,0.753863
0,0,0.058659866
1,1,0.87457794
1,1,0.7121279
1,0,0.17603518
1,1,0.6280699
1,1,0.519657
1,1,0.86027473
1,1,0.87398815
1,1,0.627854
1,0,0.2968067
1,0,0.098186955
1,1,0.8700814
1,1,0.8908694
1,1,0.74846673
1,1,0.77375704
1,1,0.7422887
1,0,0.43923336
0,0,0.21933456
1,1,0.8869494
1,1,0.54539174
1,1,0.9451906
1,1,0.7726635
1,1,0.71031183
1,1,0.65759
1,1,0.75820833
1,1,0.84625214
1,1,0.7200206
1,1,0.93639445
1,1,0.92271084
1,1,0.86651117
1,1,0.7583812
1,0,0.2201941
1,1,0.6006856
1,1,0.87745607
1,1,0.7261634
1,1,0.78795713
1,1,0.8127863
1,0,0.23847023
1,0,0.39733428
1,1,0.7962106
1,0,0.09847969
1,1,0.6387256
1,0,0.39641738
1,1,0.8360285
1,1,0.930264
1,1,0.63310474
1,1,0.8465215
1,1,0.75862455
1,1,0.732235
1,1,0.75895494
1,1,0.9299564
1,1,0.6887161
1,0,0.4891764
1,1,0.9253467
1,1,0.55532753
1,1,0.7763985
1,1,0.65724885
1,1,0.54324794
1,0,0.38894972
1,1,0.74590653
1,1,0.61621624
1,1,0.92685115
1,1,0.8782291
1,1,0.813992
1,0,0.38927555
1,1,0.8490527
1,0,0.38516712
1,1,0.94700634
1,1,0.67603004
1,0,0.45582205
1,1,0.8976865
1,1,0.55195385
1,1,0.8298843
1,1,0.6331395
1,1,0.8902609
1,1,0.5388676
1,1,0.80392575
1,1,0.54892623
1,1,0.8428164
1,0,0.047102813
1,1,0.6682942
1,1,0.89829457
1,1,0.65731424
1,1,0.6730844
1,1,0.5948346
0,0,0.054568086
1,0,0.3568602
1,1,0.8452802
1,1,0.94829917
1,1,0.71959203
1,1,0.9667908
1,1,0.87849194
1,1,0.69629616
1,1,0.94197154
1,1,0.7642193
1,1,0.8896368
1,1,0.92428803
1,1,0.6116743
1,1,0.6839905
1,1,0.9290037
1,1,0.92501634
1,1,0.87227994
1,1,0.83626205
1,1,0.87073386
1,1,0.77681804
1,1,0.580465
1,1,0.5958232
1,0,0.48255628
1,1,0.9116862
1,1,0.8348547
1,0,0.48676488
1,1,0.6492674
1,1,0.7228615
1,1,0.57076263
1,1,0.83343184
1,1,0.56533056
1,1,0.7545932
1,0,0.46010587
1,0,0.4269043
1,1,0.7867672
1,1,0.797775
1,1,0.80473113
1,1,0.819489
1,0,0.13483712
1,1,0.93948203
1,1,0.82237893
1,0,0.43231687
1,0,0.49457446
1,0,0.35946095
1,1,0.9444544
1,1,0.80333537
1,1,0.8287804
1,1,0.92867994
0,1,0.91097265
1,1,0.93539464
1,1,0.8863958
1,1,0.6145254
1,1,0.67335904
1,1,0.72473866
1,0,0.163642
1,1,0.93823594
1,1,0.6581643
1,0,0.07544248
1,1,0.8581473
0,1,0.8597727
1,1,0.91022694
1,1,0.8475718
1,1,0.7842714
1,1,0.82853466
1,1,0.9361754
1,0,0.13573444
1,1,0.72668386
1,1,0.9103192
1,1,0.6258733
0,1,0.50867236
1,1,0.80749637
1,1,0.91734207
1,1,0.81863904
1,1,0.6567449
1,0,0.18368293
1,1,0.69934815
1,1,0.7434407
1,0,0.36327448
1,1,0.68014663
1,1,0.87604064
1,1,0.7312692
1,1,0.8600644
0,0,0.432695
1,1,0.9459078
1,1,0.85580295
1,1,0.84828055
1,1,0.66382784
1,1,0.504128
1,1,0.7895844
1,1,0.8620463
1,1,0.7778198
1,1,0.9271742
1,1,0.7931957
0,0,0.18304059
1,1,0.5462789
1,1,0.69257617
1,1,0.80259544
1,1,0.73825735
1,0,0.47325122
1,0,0.45098656
1,1,0.88802063
1,0,0.13078871
1,1,0.8215932
1,0,0.29959235
1,0,0.17158361
1,1,0.67149633
1,0,0.22021815
1,1,0.53737056
1,0,0.22349
1,1,0.7929217
1,0,0.34208074
1,1,0.53217953
1,1,0.70951796
1,1,0.8680081
1,1,0.8963521
1,1,0.8296381
1,1,0.8342705
1,0,0.42182365
0,0,0.17044201
0,0,0.15549134
0,1,0.66474146
1,1,0.63646805
1,1,0.8549192
1,1,0.86306137
1,1,0.5993231
1,1,0.6250533
1,1,0.802426
1,1,0.661388
1,1,0.9215034
1,0,0.4994067
1,1,0.68637085
1,0,0.46565923
1,1,0.5687712
1,1,0.8578874
1,1,0.9254548
1,1,0.9002642
1,1,0.6765831
1,1,0.924869
1,1,0.77954304
1,1,0.6375408
0,0,0.11605493
1,1,0.6244144
0,0,0.26445237
1,1,0.6124183
1,1,0.59777313
1,0,0.32663646
1,0,0.32435
1,1,0.7746956
1,0,0.36034915
1,1,0.7734485
1,1,0.8635952
1,0,0.14763634
1,1,0.5697012
1,1,0.55903107
1,1,0.78685385
1,1,0.9411291
1,0,0.49274963
1,1,0.88767457
1,0,0.40645105
1,1,0.5464981
1,1,0.8885964
1,1,0.8330163
1,1,0.8787327
1,1,0.51536137
1,1,0.8610091
1,1,0.8228507
1,0,0.25383168
1,1,0.78042066
1,1,0.5592248
1,1,0.88708943
1,1,0.8016283
1,0,0.47729844
1,1,0.85649717
1,0,0.4826649
1,1,0.8273939
1,1,0.69137764
1,1,0.52623576
1,1,0.82702297
1,1,0.78256357
1,1,0.88814765
1,1,0.93340045
1,1,0.68599516
1,1,0.61698645
1,1,0.82759345
1,1,0.8139249
1,1,0.83174425
1,1,0.71910286
1,1,0.70265955
1,1,0.5528961
1,1,0.8792911
1,1,0.9242208
0,0,0.15758058
1,0,0.2851128
1,0,0.18704781
1,1,0.90128505
1,1,0.7482289
1,1,0.96429396
1,1,0.57008153
1,1,0.8970102
1,1,0.517203
1,0,0.10818226
1,1,0.83311266
1,1,0.6848574
1,1,0.8407899
0,0,0.33381453
1,1,0.6983892
1,1,0.9008273
1,1,0.9134543
1,1,0.7672083
1,0,0.34026727
1,1,0.9406498
1,1,0.6629759
1,1,0.7672985
1,1,0.518376
1,1,0.76817286
1,1,0.67472786
1,1,0.7747384
1,1,0.7987558
1,1,0.76012605
1,1,0.81892586
1,0,0.33367962
1,1,0.8331054
1,1,0.8635726
1,1,0.90297794
1,1,0.75723976
1,0,0.48487863
1,0,0.46514824
1,0,0.34216458
1,1,0.8623938
1,0,0.2521326
1,1,0.6047415
1,1,0.83730334
1,1,0.9050962
1,1,0.8410239
1,0,0.30759504
1,1,0.8872796
1,1,0.75140244
1,1,0.76717407
1,1,0.89210814
1,1,0.7293082
1,1,0.8843138
1,1,0.9327351
1,1,0.87720627
1,1,0.6727988
1,1,0.70579773
1,1,0.7184103
1,1,0.9194991
1,1,0.84195095
1,0,0.33067238
1,1,0.50760525
0,0,0.3764804
1,0,0.3773284
1,1,0.58336633
1,1,0.766258
1,1,0.9068691
1,0,0.37165034
1,0,0.162839
1,1,0.8667298
1,1,0.8656422
1,1,0.8438487
1,1,0.83738923
1,0,0.13864009
1,1,0.53666204
1,1,0.91286325
1,0,0.44812799
1,1,0.793126
1,1,0.55579525
1,1,0.8963657
1,1,0.67392075
1,1,0.5963784
0,1,0.64250576
1,1,0.8288018
0,0,0.14809263
1,1,0.7865786
0,0,0.043756478
1,1,0.86714983
1,1,0.528876
1,1,0.8267921
1,1,0.8556178
1,1,0.58172673
1,1,0.83839214
1,1,0.896759
0,0,0.32583088
1,1,0.792478
1,1,0.50091875
1,0,0.45586327
1,1,0.8026993
1,1,0.92954654
1,1,0.85612106
1,1,0.6189495
1,1,0.8543641
1,1,0.6077275
1,0,0.1714089
0,0,0.04363735
1,1,0.5358305
1,1,0.9192576
1,1,0.94541705
1,1,0.66801286
1,1,0.76928043
1,1,0.9237846
1,1,0.87202674
0,0,0.41261455
1,1,0.9338207
1,1,0.8603491
1,1,0.69481796
1,1,0.87279207
1,1,0.5103863
1,1,0.8792659
1,1,0.569722
1,1,0.605361
1,1,0.54157704
1,1,0.5220877
1,1,0.9453101
1,1,0.72282
1,0,0.07046265
1,1,0.6742885
1,1,0.91796136
1,0,0.45494208
1,1,0.85294455
1,1,0.72491264
1,1,0.8873893
1,1,0.8726408
1,0,0.3821678
0,0,0.40248916
1,0,0.43085548
1,1,0.93725526
1,1,0.7955892
1,0,0.3728162
1,1,0.9178453
1,0,0.4212002
1,1,0.8988628
1,1,0.8200321
1,0,0.48925138
1,1,0.79135615
0,1,0.6274636
1,0,0.37650606
0,0,0.13425043
1,1,0.926551
0,0,0.14509173
1,1,0.76427674
1,1,0.90412617
1,1,0.57204247
1,1,0.8709082
1,0,0.24023212
1,1,0.9158075
1,0,0.4873001
1,1,0.87233615
1,1,0.5404845
1,1,0.85613155
0,0,0.23569942
1,1,0.84172404
1,1,0.89692223
1,1,0.7823288
1,1,0.7359092
1,1,0.86787635
1,0,0.4735684
1,1,0.66030747
1,1,0.908786
1,1,0.8602797
1,1,0.7903998
1,1,0.9627808
1,1,0.9521368
1,1,0.89028746
1,1,0.9040134
1,1,0.9268847
1,1,0.71157265
1,1,0.77077645
1,0,0.43224794
1,1,0.5817638
1,0,0.42365754
1,1,0.8452222
0,1,0.5398897
1,1,0.7866999
1,1,0.90526265
1,1,0.848212
1,1,0.8724433
1,1,0.9395223
1,1,0.7293299
1,1,0.85364586
1,1,0.8449598
1,1,0.88205606
1,1,0.96591336
1,1,0.62436295
1,1,0.79221624
1,1,0.75905144
1,1,0.68944216
1,1,0.8884101
1,1,0.7007638
1,1,0.6310505
1,1,0.86641645
1,1,0.7295532
0,0,0.3367563
1,1,0.59466255
1,1,0.8198732
1,1,0.9473805
1,1,0.80902565
1,0,0.21518296
1,0,0.26830748
1,1,0.79950225
1,0,0.31431374
1,0,0.41242218
1,1,0.8917362
1,1,0.88292086
1,1,0.728319
0,0,0.1484956
1,0,0.077111945
1,1,0.71459484
1,1,0.8742726
1,1,0.89036494
1,0,0.39794374
1,1,0.64800376
0,0,0.06607132
1,1,0.74525064
1,1,0.89200073
1,1,0.53305024
1,1,0.8201385
1,1,0.9524631
1,1,0.9263611
1,1,0.8749172
1,1,0.85816187
1,1,0.82413024
1,1,0.9366215
1,1,0.8254781
1,1,0.83983725
1,1,0.9411975
1,1,0.867086
1,1,0.7843493
1,1,0.89804524
1,1,0.95228875
1,1,0.92738044
0,0,0.13334636
1,1,0.89124507
1,1,0.82851964
1,1,0.9008472
0,0,0.25265753
1,1,0.8346102
1,1,0.8002557
1,0,0.4352715
0,0,0.15089327
1,1,0.520103
1,1,0.72853404
0,0,0.24374
1,0,0.45310155
1,1,0.6853826
1,1,0.85126907
1,1,0.8972345
1,1,0.73128253
1,0,0.3064397
1,1,0.9217889
1,1,0.6160114
1,1,0.88710684
1,1,0.61387956
1,1,0.95767397
1,1,0.7008108
1,1,0.5543063
1,0,0.47727063
1,1,0.7671424
1,1,0.56759214
1,1,0.6314233
0,1,0.62478834
0,0,0.47449487
1,1,0.8549176
1,1,0.8163126
1,1,0.7987439
1,0,0.40240905
1,0,0.18433619
0,0,0.033879023
1,1,0.6703068
1,1,0.58722097
1,0,0.123712964
1,1,0.78668946
1,1,0.79352826
1,0,0.32546875
1,0,0.45373043
1,1,0.7982473
1,1,0.86929715
1,1,0.7040589
0,1,0.8053171
1,1,0.6926499
1,0,0.4158703
1,1,0.7519346
1,1,0.5252342
1,0,0.3891802
1,1,0.6640184
0,0,0.21506932
1,1,0.91144264
1,1,0.7972161
1,1,0.59705645
1,1,0.855515
1,1,0.91018677
0,0,0.23969659
1,1,0.77060205
1,1,0.77843595
1,1,0.65719634
1,1,0.7414684
1,1,0.82003003
1,1,0.74622345
1,1,0.72345644
1,1,0.78792113
1,1,0.9138568
1,0,0.4417358
1,1,0.878968
1,1,0.8347089
1,1,0.86230433
1,1,0.85095906
1,0,0.19207045
0,0,0.25986153
1,1,0.92362124
1,0,0.14864783
1,1,0.894062
0,0,0.25281677
1,1,0.86864156
1,0,0.2685076
1,1,0.62119645
1,0,0.2866501
1,1,0.8291925
1,1,0.6323577
1,1,0.93197054
0,0,0.08005626
1,0,0.19431625
1,1,0.85828936
1,1,0.5895933
1,0,0.19925421
1,1,0.95317316
1,1,0.8363006
1,1,0.7951445
1,1,0.87787735
1,1,0.9415931
1,1,0.8370234
1,1,0.59217817
1,1,0.62874424
1,1,0.90845597
1,1,0.6643301
1,1,0.7642666
1,0,0.4460434
1,1,0.8654336
1,1,0.7545725
1,1,0.92480433
1,1,0.7516705
1,1,0.7968585
1,1,0.54173833
1,1,0.8358624
1,1,0.9445597
1,1,0.70120245
1,1,0.62141824
1,1,0.82515895
1,1,0.8228432
1,1,0.81285095
1,0,0.48205492
1,0,0.45611665
1,1,0.81131506
1,1,0.9174933
1,1,0.79658085
1,1,0.7822203
1,0,0.26728755
1,1,0.6412701
1,1,0.7918506
1,1,0.9448686
1,1,0.75606215
1,1,0.8269808
1,0,0.15412205
1,1,0.8314243
1,1,0.7830867
1,1,0.92240524
1,1,0.7578742
1,1,0.76427984
1,1,0.72273433
1,1,0.8860525
1,0,0.46443623
1,1,0.84444135
1,0,0.3153426
1,0,0.21860476
1,0,0.21218726
1,1,0.8664377
1,1,0.53688174
1,1,0.54840636
1,1,0.73344094
1,1,0.8919269
1,0,0.07336821
1,1,0.7344236
1,1,0.65007424
1,1,0.87378883
1,1,0.7952887
1,1,0.680602
1,1,0.8212127
1,1,0.6884569
1,1,0.9326005
1,1,0.58188605
1,1,0.90353054
0,0,0.033972584
1,1,0.94933295
1,1,0.67825055
0,1,0.64290255
1,0,0.41298145
1,1,0.84070945
1,1,0.73484725
1,1,0.84671265
1,1,0.781942
1,1,0.6669071
1,1,0.9214034
1,1,0.9424755
1,1,0.9255529
1,1,0.71193236
1,1,0.86910874
1,1,0.7261184
1,1,0.8820377
1,1,0.8941231
1,1,0.5131495
1,1,0.85148203
1,1,0.94710815
1,1,0.80569685
1,1,0.7955342
1,1,0.5548343
1,0,0.36582863
1,1,0.9112539
1,1,0.50930476
1,1,0.5050778
0,0,0.35362667
1,1,0.74515015
1,1,0.8727168
0,1,0.75329465
1,1,0.8858473
1,1,0.7627394
1,1,0.89483106
1,1,0.77635306
1,1,0.7294068
1,1,0.594481
1,1,0.6698763
1,0,0.43920252
1,1,0.9059418
0,1,0.7569427
1,0,0.439827
1,1,0.5948039
1,1,0.62126976
1,1,0.91298383
0,0,0.2526306
1,1,0.8412011
1,0,0.2951387
1,1,0.9099209
1,1,0.5536428
1,0,0.20380116
0,1,0.84528667
1,0,0.4169934
1,1,0.91058946
1,1,0.51836735
1,0,0.4782863
0,0,0.19597967
1,1,0.7614483
1,1,0.86228585
1,1,0.7376929
1,1,0.7879168
1,1,0.82458234
1,1,0.71041816
1,0,0.4585544
1,1,0.86731327
1,1,0.75696576
1,1,0.8123083
1,1,0.87284094
1,1,0.94055873
1,1,0.7745386
0,0,0.123369984
1,1,0.8981519
1,0,0.2248769
1,1,0.82147497
1,1,0.7042216
1,1,0.6282049
0,0,0.23947284
1,1,0.83944875
1,1,0.80653334
1,1,0.6691514
1,1,0.88128746
1,1,0.80567
1,1,0.58573234
1,1,0.82962966
1,1,0.8776436
1,0,0.13223948
1,0,0.4000247
1,1,0.878144
1,1,0.7777131
1,1,0.67461526
1,1,0.97028166
1,1,0.95293945
1,1,0.85497504
1,1,0.89108014
1,0,0.32403365
1,1,0.9101262
1,1,0.89865947
1,1,0.7756428
1,1,0.7685897
1,1,0.72012883
1,1,0.6633851
1,1,0.8706313
1,1,0.67862874
1,1,0.89084506
1,1,0.82741666
1,1,0.87922
0,0,0.04732486
1,1,0.8695136
1,1,0.86541617
1,1,0.82354987
1,0,0.4183866
1,1,0.8936453
1,1,0.548788
1,1,0.8576804
0,1,0.73931926
1,1,0.7474122
1,0,0.23974007
1,1,0.8963113
1,1,0.940753
1,1,0.6018074
1,0,0.058910828
1,1,0.6337309
1,1,0.5034646
1,1,0.66617984
1,1,0.9005186
1,0,0.45044237
1,1,0.50237036
0,0,0.24128965
1,1,0.9281947
1,1,0.73994476
1,1,0.9280604
1,1,0.93659997
1,1,0.7586822
1,1,0.82437515
1,1,0.8692145
1,0,0.3886946
1,1,0.76352054
0,0,0.080571905
0,0,0.16667826
1,0,0.32523856
1,1,0.6164624
1,1,0.78989816
1,1,0.824364
1,0,0.36767736
1,1,0.8704821
1,1,0.8095436
1,1,0.94419765
1,0,0.47665238
1,1,0.70032316
1,0,0.39683014
1,1,0.9211472
1,1,0.9007609
1,1,0.78476596
1,1,0.577545
1,1,0.9520196
1,1,0.93010205
1,1,0.82972074
1,0,0.053861488
1,1,0.9380709
1,1,0.84645844
1,0,0.37322584
1,1,0.7520844
1,1,0.5784448
1,1,0.89712703
1,0,0.4317016
1,1,0.798924
1,1,0.5521107
1,1,0.803353
1,1,0.8768058
1,0,0.4775446
1,1,0.8999455
1,1,0.92880577
1,0,0.28043154
1,1,0.8788297
1,0,0.34006727
1,0,0.22067758
0,0,0.102622814
1,1,0.59609324
0,0,0.3074123
1,1,0.65200657
1,1,0.81453747
1,1,0.8886196
1,0,0.21318527
1,0,0.48030794
1,1,0.97122496
1,1,0.61480296
1,1,0.7638217
1,1,0.7528852
1,1,0.6018832
1,1,0.7298456
1,0,0.23029749
1,1,0.6862298
1,0,0.47445655
1,1,0.65401894
1,1,0.6791431
1,0,0.11814988
1,1,0.6779159
1,1,0.62306046
1,1,0.63156474
1,1,0.8172133
1,1,0.876231
1,1,0.68544763
1,1,0.9356688
1,0,0.44425967
1,0,0.37954682
1,1,0.8764445
1,1,0.74318826
1,1,0.94987226
0,0,0.064780325
1,0,0.26118213
1,1,0.9137335
1,0,0.32372627
1,1,0.77599424
1,0,0.3268667
1,0,0.10409075
1,1,0.7517007
1,1,0.9026491
1,1,0.77650833
1,1,0.80824673
1,1,0.8995471
1,1,0.65879583
1,1,0.8045794
1,1,0.873944
1,1,0.8202223
1,1,0.9290683
1,1,0.91705424
1,1,0.8135886
1,0,0.24681991
1,1,0.91021514
1,1,0.66035026
1,1,0.7962464
1,0,0.16070856
1,1,0.9024184
1,1,0.74476826
1,1,0.81253135
1,1,0.82351786
1,1,0.92710054
1,1,0.8416145
1,1,0.72258806
1,1,0.7297986
1,1,0.7211909
1,1,0.93334126
1,1,0.82091
1,1,0.8585433
0,1,0.8427983
1,1,0.52846414
1,1,0.8197736
1,1,0.8838821
1,1,0.78418744
1,1,0.6250594
1,1,0.6758059
1,1,0.8444329
1,1,0.5317387
1,1,0.9270043
1,1,0.6923758
1,1,0.71582943
1,1,0.74020493
1,1,0.8484645
1,1,0.73036385
1,1,0.87716174
1,0,0.2807616
1,1,0.6245752
1,1,0.6700062
1,1,0.8940179
1,1,0.55198777
0,0,0.16865508
1,1,0.8691875
1,0,0.2676251
1,1,0.85497755
1,1,0.93020695
1,1,0.7823777
1,1,0.8577388
1,1,0.797165
1,0,0.24230607
1,0,0.09318834
1,1,0.8304028
1,0,0.21055734
1,1,0.8571838
1,1,0.7147509
1,1,0.5581705
1,1,0.8599714
1,1,0.54248434
1,1,0.8994848
1,1,0.8689752
1,1,0.60807997
1,1,0.8377966
1,1,0.89047337
1,0,0.25381395
1,0,0.17502086
1,1,0.85997015
1,1,0.81693697
0,0,0.42062464
1,1,0.8988187
1,1,0.8799353
1,1,0.7500287
1,0,0.47622067
1,0,0.40987402
0,1,0.55236566
0,0,0.1884225
1,1,0.8695858
1,1,0.6094604
1,1,0.81289774
1,1,0.9104344
1,1,0.8346093
1,1,0.7010807
1,1,0.79765505
1,1,0.9407216
1,1,0.8492492
1,1,0.8916228
1,1,0.8655329
1,1,0.86324507
1,1,0.9690313
1,1,0.81047726
1,1,0.8398071
1,1,0.73312247
1,0,0.3233745
1,0,0.3179341
1,1,0.9328714
0,0,0.06721117
1,1,0.56868064
1,1,0.91228825
1,0,0.38544402
1,0,0.21040875
1,1,0.886075
1,0,0.49848968
1,1,0.808235
0,0,0.3338436
1,1,0.91094923
1,1,0.8484493
1,1,0.7900006
1,1,0.67931664
1,1,0.92607534
1,1,0.7791009
1,1,0.9512381
1,1,0.76818085
1,1,0.8795015
1,1,0.71607363
1,1,0.7991408
1,1,0.7964642
1,0,0.15191744
1,1,0.81088156
1,1,0.7247889
1,0,0.101721436
1,0,0.15527679
1,1,0.8308223
1,0,0.2641747
0,0,0.04169996
1,0,0.1096037
0,0,0.12792683
1,0,0.090605594
1,1,0.93867564
1,1,0.9004788
1,0,0.20376419
0,0,0.47929683
1,1,0.6923053
1,1,0.905004
1,0,0.3446565
1,1,0.66016716
1,1,0.8750267
1,1,0.56606334
1,1,0.9049644
1,1,0.6242323
1,1,0.81367964
1,0,0.41766885
1,1,0.7006056
1,1,0.53216356
1,1,0.55167097
1,1,0.7264834
1,0,0.48204777
1,0,0.45752314
1,1,0.9235759
1,0,0.32345837
1,1,0.7492996
1,1,0.9440233
1,1,0.81907344
1,1,0.7623126
1,1,0.86703134
1,1,0.63360554
1,1,0.6363431
1,1,0.85903007
1,1,0.93937707
1,0,0.3913189
1,1,0.84964603
1,1,0.9078221
1,0,0.33374768
1,1,0.9327417
1,1,0.87278324
1,1,0.967995
1,0,0.1985088
1,1,0.7080635
1,0,0.4180569
1,1,0.884098
1,1,0.5252618
1,1,0.9069191
1,1,0.76770455
1,1,0.5180087
1,1,0.75021005
0,0,0.18683183
0,0,0.10400823
1,1,0.57315606
1,1,0.88130546
1,1,0.86481726
1,1,0.8738579
1,0,0.38974413
1,1,0.5819418
1,1,0.8326204
1,0,0.19787027
1,1,0.9043559
1,0,0.49190035
1,0,0.42056298
1,1,0.6268232
1,0,0.085950315
1,1,0.8704806
1,1,0.793395
1,1,0.83491606
1,1,0.85077447
1,1,0.7002934
1,1,0.75336164
1,1,0.8600693
1,1,0.96091783
1,1,0.8659581
1,1,0.8367271
1,1,0.75399333
1,1,0.64799005
1,1,0.8053522
1,1,0.7056645
1,1,0.8797098
0,1,0.55622876
1,1,0.89558625
1,1,0.6950824
1,0,0.26313645
1,1,0.91389525
1,1,0.87876767
0,1,0.68604654
1,1,0.86002505
1,1,0.85085756
1,1,0.9435873
1,1,0.75118583
1,0,0.15367371
1,1,0.88592595
1,0,0.06731917
1,0,0.39773065
1,1,0.91721576
1,1,0.5761731
1,0,0.4055731
1,1,0.96229684
1,1,0.770995
1,0,0.29938468
1,1,0.8414712
1,1,0.8875115
1,1,0.8880845
1,1,0.75018346
1,1,0.8020047
1,1,0.92158735
1,1,0.8399978
1,1,0.684528
1,1,0.9217477
1,1,0.53366023
1,1,0.920219
1,1,0.56837845
1,0,0.23294912
0,0,0.13082749
1,1,0.8060721
1,1,0.90160084
1,0,0.08482361
1,0,0.21995291
1,0,0.262002
1,1,0.9151315
1,1,0.7173497
1,0,0.26713127
1,1,0.85338813
1,1,0.6654879
0,1,0.6119466
1,1,0.94805586
1,1,0.88872576
1,1,0.86964107
1,1,0.7433104
1,1,0.52468985
1,0,0.28146407
1,1,0.5672729
1,1,0.6027457
1,1,0.67431027
1,1,0.68044144
1,1,0.77683705
0,0,0.06319112
1,1,0.7555808
1,1,0.8977611
1,1,0.90195423
1,1,0.8920906
1,1,0.8998927
1,1,0.5562804
1,0,0.115229
1,1,0.68599576
1,0,0.3716117
1,1,0.6032258
1,1,0.8760907
1,1,0.8173584
0,1,0.77448773
1,1,0.9374192
1,1,0.79786116
1,1,0.87111443
1,1,0.59118783
1,1,0.64487237
1,1,0.8556746
0,0,0.09390685
1,0,0.1454775
1,0,0.40563646
1,1,0.5028241
1,1,0.9579626
1,1,0.7181063
1,1,0.8921205
1,0,0.34369716
1,1,0.82964444
1,0,0.22345969
1,1,0.5688604
1,1,0.8579487
1,0,0.44277298
1,1,0.73695254
0,1,0.60618895
1,1,0.5655541
1,0,0.06533371
1,1,0.91078603
1,0,0.31004524
1,1,0.932451
1,1,0.8278019
1,1,0.76658255
1,1,0.9191419
0,1,0.7815803
1,1,0.7455909
1,1,0.8415328
1,1,0.7602916
1,1,0.61627823
1,0,0.41610843
1,1,0.5982666
1,0,0.37456563
1,0,0.46987963
1,1,0.8818339
1,1,0.5608433
1,0,0.4441973
1,0,0.46845078
1,1,0.89222103
1,1,0.7467089
1,1,0.7832912
1,1,0.84631914
1,0,0.09112361
1,1,0.8328208
1,1,0.6896452
1,1,0.91791946
1,1,0.90339226
0,0,0.3028013
1,1,0.7777257
1,0,0.35224175
1,1,0.8764702
1,1,0.9172686
1,0,0.12976292
1,0,0.361946
1,1,0.9442936
1,1,0.9168071
1,1,0.9326933
1,0,0.042315055
1,1,0.81350386
0,1,0.5133869
1,1,0.8748583
1,1,0.8017113
1,1,0.6303892
1,1,0.87240946
1,1,0.90127134
1,1,0.5222109
1,1,0.80212706
1,0,0.08976466
1,1,0.8436434
1,1,0.5572518
1,1,0.85841364
1,1,0.7529868
1,1,0.7516264
1,0,0.48878282
1,1,0.7940072
1,1,0.95096016
1,1,0.8835167
1,1,0.9509528
1,1,0.70200706
1,1,0.9358511
0,0,0.03891826
1,1,0.8092176
1,1,0.8948903
1,1,0.7924228
0,0,0.42122146
1,1,0.74630064
1,1,0.8881048
1,0,0.39859587
1,1,0.88996875
1,1,0.89309824
1,1,0.8348445
1,0,0.32464394
1,1,0.92450917
1,0,0.27523294
1,1,0.50796497
0,1,0.68091214
1,0,0.070676126
1,1,0.8146256
1,1,0.5171458
1,0,0.38840967
1,1,0.92065614
1,1,0.8790046
1,1,0.8573742
1,1,0.85488886
1,0,0.46636727
1,0,0.06472045
1,1,0.8944661
1,0,0.4903663
1,0,0.4233918
1,1,0.86708146
1,1,0.83515877
1,1,0.9355021
1,1,0.9409985
1,0,0.029782519
1,1,0.81346506
1,1,0.52231675
1,0,0.49150234
1,1,0.74506533
1,1,0.88654375
1,1,0.91120106
1,1,0.6826709
1,1,0.6955882
1,1,0.64990705
1,1,0.61421716
1,1,0.91023266
1,1,0.89648116
1,1,0.52442515
0,0,0.117460474
1,1,0.5487449
1,1,0.79265827
1,1,0.7148311
1,1,0.91370493
1,0,0.26325595
1,1,0.798131
1,1,0.83277446
1,1,0.8618334
1,1,0.871943
1,1,0.920507
1,1,0.8770343
1,1,0.90479845
1,1,0.9283224
1,1,0.51146173
1,1,0.8852874
1,1,0.7691656
1,1,0.6620167
1,1,0.7393844
1,1,0.5834637
1,0,0.20016791
1,1,0.8026012
1,0,0.43454432
1,1,0.82877266
1,1,0.89737916
1,1,0.9425934
1,0,0.49528134
1,1,0.8126223
1,1,0.71955806
1,1,0.8156952
1,1,0.8785405
1,1,0.55394846
1,1,0.85983217
1,1,0.5961554
1,1,0.5328443
1,1,0.91510594
1,0,0.07257432
1,1,0.7757971
1,1,0.5715091
1,1,0.9446862
1,0,0.34388342
1,1,0.7376053
1,1,0.8087763
1,1,0.690911
0,0,0.29602885
1,1,0.7055067
1,1,0.91372544
1,1,0.69136727
1,0,0.1366249
1,1,0.84461415
1,1,0.7344046
1,0,0.08357969
1,1,0.8207954
1,1,0.8674064
1,0,0.41331035
1,1,0.5421568
1,1,0.81399566
1,1,0.8553205
1,1,0.639016
1,1,0.7152279
1,0,0.36622787
1,1,0.84426266
1,0,0.16010046
1,1,0.9123359
1,0,0.30100477
1,1,0.9340128
0,1,0.62843376
0,1,0.77693087
1,0,0.16593054
1,0,0.33700356
1,1,0.7948346
1,1,0.8326253
1,0,0.4629358
1,0,0.4042255
1,1,0.7760906
1,1,0.8674599
1,1,0.9201338
1,1,0.9226688
1,1,0.7266129
1,1,0.7964988
1,1,0.84016633
1,1,0.5225398
1,1,0.88647515
1,1,0.8848824
1,0,0.42967972
1,1,0.6071926
0,0,0.18983662
1,1,0.8358194
1,1,0.8058578
1,1,0.93411267
1,1,0.9255469
1,1,0.835086
1,1,0.6582522
1,1,0.83016825
0,1,0.920576
1,0,0.4446422
0,1,0.62697786
1,0,0.4424599
1,1,0.88706195
1,1,0.6065
1,1,0.8164687
1,1,0.67822474
0,0,0.27451625
1,1,0.8460265
1,1,0.7881894
1,0,0.4341616
1,1,0.77249926
1,1,0.8942622
1,1,0.8384491
0,0,0.1997526
1,1,0.82470816
1,1,0.7550338
1,1,0.63848495
0,1,0.54802483
1,0,0.3418342
1,0,0.47323504
1,1,0.7470362
1,1,0.5639549
0,0,0.08814199
1,1,0.86926365
1,0,0.14840513
1,1,0.7227778
1,1,0.8286993
1,0,0.43304384
1,0,0.33581686
0,0,0.17594147
1,0,0.37664267
1,0,0.49283677
1,1,0.86590123
1,1,0.6783053
1,1,0.90262055
0,0,0.06419144
1,1,0.8968396
1,0,0.38483208
1,1,0.908614
1,0,0.2269562
1,1,0.75076693
1,0,0.3693022
1,1,0.7089863
1,1,0.95625246
1,1,0.89773536
1,1,0.89323944
1,1,0.661537
1,0,0.20346732
1,1,0.8772816
1,0,0.4799054
1,1,0.7880858
1,1,0.81219685
1,0,0.18978624
1,1,0.92647505
1,1,0.8288969
0,0,0.059097692
1,1,0.81798434
1,1,0.7743636
1,0,0.20021392
1,0,0.15575565
1,1,0.6591009
1,1,0.6374485
1,1,0.87909645
1,0,0.16725342
1,1,0.8949478
1,1,0.86757135
1,1,0.8266505
1,1,0.87076265
1,1,0.9614263
1,1,0.7554385
1,1,0.7855386
1,1,0.9450279
1,1,0.51163983
1,1,0.51292384
1,1,0.8438709
1,1,0.84015757
1,1,0.85465413
1,1,0.78139704
1,1,0.53408283
1,0,0.054224044
1,1,0.8632242
1,1,0.76239306
1,1,0.55111396
1,1,0.7418885
1,1,0.914119
1,0,0.44422096
1,1,0.5733636
1,1,0.8755262
1,1,0.66927415
1,1,0.8334721
1,1,0.8767533
1,1,0.5429544
1,1,0.8807164
1,1,0.81624234
1,1,0.6278864
1,1,0.87917125
0,0,0.46285152
1,1,0.63662523
1,1,0.9102313
1,1,0.682061
1,0,0.37793374
1,1,0.90417904
1,1,0.8026284
1,1,0.50331664
1,1,0.81231046
1,0,0.2862605
1,1,0.8825819
1,1,0.61560804
1,1,0.92651516
1,1,0.7263587
1,1,0.67467356
1,1,0.91310143
1,1,0.85572946
1,1,0.7745823
1,1,0.8787866
1,0,0.21380329
1,0,0.2697368
1,1,0.8682034
1,1,0.8345179
1,1,0.6585797
1,1,0.8652115
1,1,0.8472673
1,0,0.40223223
1,1,0.7521644
1,0,0.13058387
1,0,0.4565199
1,1,0.7877696
1,1,0.68907315
0,0,0.12895232
0,0,0.04587771
1,1,0.79132444
1,1,0.88896567
1,1,0.5131999
1,0,0.4814686
1,1,0.848305
1,1,0.557157
1,1,0.80282634
1,1,0.8911028
1,0,0.32251623
1,1,0.8640069
1,1,0.8972323
1,1,0.5435074
1,1,0.5073669
1,1,0.86237866
1,1,0.84528095
0,0,0.16840516
1,1,0.73900634
1,0,0.39002016
1,0,0.4186492
1,1,0.85454226
1,0,0.14806956
1,1,0.81331223
1,1,0.7469255
1,0,0.20226967
1,1,0.6664565
1,1,0.84096664
1,0,0.49233902
1,1,0.8397034
1,1,0.72769225
1,1,0.9048709
1,1,0.94065946
1,1,0.9486004
1,1,0.8943685
1,1,0.5362897
1,1,0.8628268
0,0,0.06330142
1,1,0.8341978
1,1,0.92854905
1,1,0.86405885
1,1,0.88577527
1,0,0.37168175
1,1,0.94431585
1,1,0.7421596
1,1,0.9075221
1,0,0.46530303
1,1,0.7101912
1,1,0.8234449
1,1,0.96149945
1,1,0.8905399
1,1,0.7988936
1,1,0.87041074
1,1,0.70687443
1,0,0.47800446
1,1,0.74423087
1,0,0.45899323
1,0,0.30592352
1,0,0.39278564
1,0,0.24285944
1,1,0.8420004
1,1,0.8048431
1,1,0.7511761
1,0,0.14559841
1,1,0.70469403
1,1,0.6955012
1,0,0.46372673
1,0,0.42085922
1,1,0.91289884
1,1,0.8031905
1,1,0.8826561
1,1,0.8083479
1,1,0.5914502
1,1,0.7132296
1,0,0.32190022
1,1,0.7502235
1,0,0.17494053
1,1,0.5970208
1,0,0.28857774
1,1,0.7384451
0,0,0.06714503
1,0,0.3687865
1,1,0.6945992
1,1,0.6491527
1,1,0.5200055
1,1,0.72137433
1,0,0.14360048
1,1,0.63107187
1,0,0.26246527
0,0,0.07215138
0,0,0.28794047
1,1,0.9431885
1,0,0.49408257
0,0,0.45666286
1,1,0.59759533
1,1,0.7884669
1,1,0.6738724
1,1,0.95124745
1,1,0.55703855
1,0,0.103290945
1,0,0.23521191
1,0,0.22322144
1,1,0.964597
1,0,0.2688239
1,0,0.2986137
0,0,0.24762401
1,1,0.7791626
1,1,0.8619387
1,1,0.8770796
1,1,0.57746404
0,1,0.6385411
1,1,0.6546309
1,1,0.77826303
1,1,0.7006463
1,1,0.9060441
1,1,0.6063678
1,1,0.8818808
1,1,0.890425
1,0,0.31808347
1,1,0.79780614
1,1,0.828691
1,0,0.35947007
1,0,0.37838683
1,1,0.8387457
1,1,0.73994154
1,0,0.347384
1,0,0.37664357
1,0,0.3601181
1,1,0.62173873
1,0,0.098154455
1,1,0.88909334
1,1,0.5078005
1,1,0.9542988
1,1,0.9189402
0,0,0.15198438
1,0,0.26851523
1,1,0.6097832
1,1,0.5609823
1,0,0.054996084
1,1,0.84137887
1,1,0.747073
1,0,0.4637576
1,1,0.55233854
1,1,0.84655523
1,1,0.6870837
1,1,0.86191195
1,0,0.4882096
1,0,0.22811612
1,1,0.9420353
1,1,0.5112697
1,1,0.93045104
1,1,0.8946709
1,0,0.4579314
1,0,0.10447235
1,1,0.7754052
1,1,0.8853192
1,1,0.5134504
1,1,0.6549439
1,1,0.6604702
1,1,0.8994231
1,1,0.7746878
1,0,0.45920005
1,1,0.8939605
1,0,0.18567026
1,1,0.84360874
1,1,0.81735045
1,1,0.8802807
1,1,0.5318574
1,1,0.9746401
1,1,0.60634035
1,1,0.5777564
1,1,0.60108435
1,1,0.87831664
1,1,0.5127495
1,1,0.9162128
1,1,0.84025073
0,0,0.25114602
1,1,0.8705325
1,1,0.75520283
1,1,0.9416819
1,1,0.58700097
1,1,0.685344
1,1,0.7264082
1,1,0.5215599
1,1,0.6988866
1,1,0.7426174
1,1,0.90616477
1,1,0.90350467
1,1,0.5355043
1,0,0.38575172
1,0,0.43626863
1,1,0.794087
1,1,0.7987893
1,1,0.9145994
1,0,0.40360373
1,1,0.8029053
1,1,0.80982554
1,1,0.684468
1,1,0.56585425
1,1,0.84184897
1,1,0.71270967
1,1,0.5272427
1,0,0.39362115
1,1,0.7947501
1,1,0.862817
0,0,0.20556271
1,1,0.94358635
1,1,0.8216903
1,1,0.89432174
1,1,0.5246554
1,0,0.35329482
1,1,0.9071176
1,1,0.6863311
1,1,0.68243706
1,1,0.8685889
1,1,0.8041036
1,1,0.8962572
1,1,0.8807202
1,1,0.8185069
1,0,0.33285496
1,1,0.6341326
1,1,0.8868802
1,1,0.8590123
1,1,0.91172206
1,0,0.09034038
1,1,0.88539016
1,1,0.90791166
1,1,0.8077956
1,1,0.71986014
1,0,0.38848713
1,0,0.42331028
1,0,0.44733325
0,0,0.10634277
1,1,0.52877146
1,1,0.93878096
1,0,0.2172611
1,1,0.87225974
1,1,0.85829973
1,1,0.93509996
1,1,0.815851
1,0,0.4813256
1,0,0.48246104
1,1,0.73167616
1,1,0.8669783
1,1,0.9049338
1,0,0.25333244
1,1,0.52406347
1,1,0.73638904
1,1,0.5246986
1,1,0.9267341
1,1,0.62129706
0,0,0.07978205
1,1,0.7000595
1,1,0.70397156
1,0,0.27229536
1,1,0.8608
1,0,0.4861361
1,1,0.88341326
1,1,0.8917206
1,0,0.43827164
1,1,0.9007197
1,1,0.77532816
1,1,0.8060488
1,0,0.06922081
1,1,0.73426646
1,1,0.64541596
1,1,0.53413564
0,0,0.4147057
1,1,0.8938037
1,0,0.28831783
1,1,0.80322415
1,1,0.9077194
1,0,0.09794131
1,1,0.93163085
1,1,0.80741876
1,1,0.80129224
1,1,0.86564106
0,1,0.6637548
1,1,0.65437365
1,1,0.8479295
1,1,0.77224606
1,1,0.8726046
1,1,0.7744543
1,1,0.82343847
1,1,0.6416386
1,1,0.7794855
1,1,0.8002674
1,1,0.50803167
1,1,0.7585853
1,1,0.7633362
1,1,0.7987536
1,0,0.36537972
1,1,0.7247523
1,1,0.87447596
1,1,0.7621078
1,1,0.7813439
0,1,0.7415511
1,0,0.39005908
1,1,0.9231658
1,1,0.622755
1,1,0.790978
1,1,0.8926317
1,1,0.78158015
1,1,0.5086353
1,0,0.10978658
1,1,0.57831675
1,0,0.4140786
1,1,0.752645
1,1,0.72662354
1,0,0.33990768
1,1,0.87809545
1,1,0.8707286
1,0,0.49430785
1,1,0.94642085
1,1,0.821713
1,0,0.09036998
1,1,0.7603499
1,1,0.8530216
1,0,0.4362386
1,1,0.8468295
1,1,0.89493436
1,1,0.89106053
1,1,0.7441255
1,1,0.7431319
1,1,0.8459932
0,1,0.51893497
1,1,0.88365346
1,1,0.78819054
1,1,0.9208165
1,1,0.87032044
1,0,0.22483383
1,1,0.8474788
1,1,0.83170784
1,0,0.44572031
1,1,0.55261767
1,1,0.9579433
1,0,0.4129778
1,1,0.7595682
0,0,0.2682055
1,0,0.39133045
1,1,0.7343904
1,1,0.56907976
1,1,0.5795687
1,1,0.6645441
1,1,0.8900479
1,0,0.2118036
1,1,0.74633086
1,1,0.72064316
1,1,0.50563574
1,1,0.84525037
1,0,0.41744187
1,1,0.9131305
1,1,0.78996104
1,1,0.88717276
1,1,0.8285934
1,0,0.29259375
1,1,0.8919924
1,1,0.8977267
1,1,0.85542524
1,1,0.6985175
1,1,0.83936507
1,1,0.8822313
0,0,0.2240827
1,1,0.7718157
1,0,0.26659906
1,0,0.37490115
1,1,0.7801825
1,1,0.88408434
1,1,0.8959597
1,1,0.7993913
1,1,0.5740248
1,0,0.49076313
1,1,0.82596385
1,1,0.72167706
1,1,0.77351874
1,1,0.8780731
1,1,0.8742284
1,0,0.20434274
1,1,0.94142175
1,1,0.83894
1,1,0.75877506
1,1,0.9206012
1,0,0.39149895
1,1,0.64036214
1,1,0.7064829
1,1,0.6740052
1,1,0.9195682
1,0,0.41224197
1,1,0.85098875
1,1,0.91063315
1,1,0.9395751
1,1,0.8745327
1,0,0.4609102
1,0,0.265648
1,0,0.05131334
1,0,0.45836025
1,0,0.34942618
1,1,0.8783157
1,1,0.7187114
1,1,0.83304703
1,1,0.8203907
0,1,0.713107
1,0,0.4610117
1,0,0.4265964
1,1,0.75290847
1,1,0.78712696
1,1,0.72246057
1,0,0.28133994
1,1,0.6674235
1,1,0.87289613
1,1,0.6828624
1,1,0.72533023
1,1,0.9527192
1,1,0.74240106
1,1,0.5935033
1,1,0.6459108
1,1,0.82376456
1,1,0.5009063
1,0,0.3608169
1,0,0.4091503
1,1,0.63258046
1,0,0.33272174
1,1,0.91066194
1,0,0.47442994
1,1,0.83820045
1,1,0.7725927
1,1,0.55274296
1,1,0.79882807
1,1,0.92690325
1,1,0.5349939
1,1,0.96320915
1,0,0.07089627
1,0,0.16745578
1,1,0.8019688
1,1,0.6702933
1,1,0.86513066
1,1,0.7559527
1,1,0.87576365
1,1,0.8806612
1,1,0.61168975
1,1,0.9295136
0,0,0.035541676
0,0,0.27910966
