id,actual,pred,prob_1
48923,1,1,0.8856684
70911,1,1,0.9868674
80320,0,1,0.96989393
99815,0,1,0.9759268
60268,1,1,0.99343115
47457,1,1,0.98754716
55198,1,1,0.99533087
37695,1,1,0.864536
91755,1,1,0.9833928
52070,1,1,0.62755066
105555,1,1,0.94412124
65547,1,1,0.9943064
12063,1,1,0.9945451
106010,1,1,0.990431
40838,1,1,0.99592495
107484,1,1,0.9944141
23506,1,1,0.9727423
62136,1,1,0.9745953
77846,1,1,0.99138695
38551,1,1,0.87445605
42781,1,1,0.9891804
8270,1,1,0.9711043
18023,1,1,0.9722464
43769,1,1,0.7477054
23852,1,1,0.96441025
97212,0,1,0.931184
19641,1,1,0.9210781
112990,1,1,0.99772114
95649,1,1,0.9389371
91036,1,1,0.99818796
31564,1,1,0.976711
36385,1,1,0.9913687
11914,1,1,0.956813
50408,1,1,0.9972325
22101,1,1,0.94507086
112191,1,1,0.9960743
73257,1,1,0.9914425
50039,1,1,0.96969706
26265,1,1,0.9992287
19656,1,1,0.9577857
5708,1,1,0.9427345
90576,1,1,0.9845878
72213,1,1,0.92482966
29440,1,1,0.9402924
106982,1,1,0.9692898
68159,1,1,0.98913443
71383,1,1,0.99527836
72970,1,1,0.9997894
16825,1,1,0.7804071
30265,1,1,0.9767784
110552,1,1,0.96931636
13276,0,1,0.9064007
110619,1,1,0.99100703
90774,1,1,0.99492055
28119,1,1,0.9844035
32239,1,1,0.99089444
105796,1,1,0.9957268
113726,0,1,0.53675115
112291,1,1,0.9488195
33034,1,1,0.9923315
89032,1,1,0.99196845
55333,1,1,0.975839
38806,1,1,0.99939144
94513,1,1,0.9932232
102528,1,1,0.9453548
1107,1,1,0.9981437
10768,1,1,0.74403673
108395,1,1,0.9820002
55954,1,1,0.92764413
18078,1,1,0.9937571
81764,1,1,0.9973144
33035,1,1,0.9780597
51489,1,1,0.96821266
50756,1,1,0.9949239
113600,1,1,0.990952
30714,1,1,0.9976259
53646,1,1,0.99376243
12141,1,1,0.99137104
64140,1,1,0.982895
57478,1,1,0.9761429
43982,1,1,0.9699799
52000,1,1,0.9869266
26154,1,1,0.9925638
55079,1,1,0.99190146
22809,1,1,0.97442853
85206,1,1,0.99180955
88596,1,1,0.9803372
5078,1,1,0.8857667
94173,0,1,0.93836564
112953,1,1,0.9968304
92891,1,1,0.99945337
41874,1,1,0.9881511
77607,0,1,0.94728935
9127,1,1,0.94199103
94563,1,1,0.9793011
55941,1,1,0.99551684
39107,1,1,0.99633056
100541,1,1,0.98564374
44223,1,1,0.9979479
25892,1,1,0.99642736
106873,1,1,0.9719695
75918,1,1,0.99214584
16954,1,1,0.9982705
28354,1,1,0.9992976
101136,1,1,0.99391043
52831,1,1,0.95427185
75248,1,1,0.9746131
25389,1,1,0.95628273
15007,1,1,0.99515957
74882,0,1,0.9845703
58331,1,1,0.99225396
31169,1,1,0.99789906
91662,1,1,0.97365075
57064,1,1,0.9860395
83138,1,1,0.98516834
90775,1,1,0.9736788
55748,1,1,0.9880917
45885,1,1,0.9744057
53083,1,1,0.9981261
58352,0,1,0.97534466
41061,1,1,0.98996615
80918,1,1,0.9674799
51974,1,1,0.7112357
14019,1,1,0.996276
72057,1,1,0.97527224
17541,1,1,0.9967505
52789,1,1,0.99210244
19487,0,1,0.94072694
30901,1,1,0.9955778
17057,1,1,0.99757165
3650,1,1,0.9704015
89753,1,1,0.9963403
35598,1,1,0.9913583
4550,1,1,0.9716727
27893,1,1,0.91692716
98326,1,1,0.9733915
21719,1,1,0.9999356
10257,1,1,0.99675214
16977,1,1,0.9972228
64807,1,1,0.97590077
37589,1,1,0.9858143
111919,1,1,0.5167286
24185,1,1,0.9749845
109023,1,1,0.9610018
93168,1,0,0.35679698
85417,1,1,0.9646493
197,1,1,0.9985495
103383,1,1,0.9746532
13511,1,1,0.961348
79163,1,1,0.999446
55322,1,1,0.9950723
27546,1,1,0.9982913
100207,1,1,0.9917355
69516,1,1,0.95119375
80059,1,1,0.9798268
698,1,1,0.9972589
100015,1,1,0.99184966
66261,1,1,0.9948632
77260,1,1,0.99740463
69809,1,1,0.9999274
106238,0,1,0.59869313
40992,1,1,0.97877455
24519,1,1,0.9760394
66732,1,1,0.9525404
57518,1,1,0.9978027
103352,0,1,0.8220419
107205,1,1,0.9987218
80165,1,1,0.9851503
53845,1,1,0.9577322
68796,1,1,0.9984213
32997,1,1,0.99825317
100645,1,1,0.961919
30908,1,1,0.9435536
7563,1,1,0.89966947
84076,1,1,0.97014356
58122,1,1,0.9418697
53058,1,1,0.99300367
113543,1,1,0.99563146
29507,1,1,0.9928808
113487,1,1,0.93568844
97066,1,1,0.988223
33932,1,1,0.95525694
20048,1,1,0.99506193
99087,1,1,0.98371696
23416,1,1,0.9982173
80390,1,1,0.980678
69804,1,1,0.9471887
44869,1,1,0.9252604
75387,1,1,0.8923697
108931,1,1,0.9763639
13754,1,1,0.88254446
27169,1,1,0.99177235
77976,1,1,0.9682748
66583,1,1,0.97475827
63666,1,1,0.9978377
101536,1,1,0.9484582
113086,1,1,0.9991743
62459,1,1,0.997755
71258,1,0,0.171446
48566,1,1,0.87633187
90688,1,1,0.86838424
57242,1,1,0.98446655
46976,1,1,0.9978283
4115,1,1,0.99706995
13351,1,1,0.9364242
15840,1,1,0.9982383
17675,1,1,0.98413694
82067,1,1,0.99784434
6633,1,1,0.998004
53882,0,1,0.76655686
93753,1,1,0.990217
55455,1,1,0.90701795
5341,1,1,0.96894807
33555,1,1,0.94113845
89627,1,1,0.97889805
28577,1,1,0.9661658
79922,1,1,0.999801
84098,1,1,0.9912923
21569,1,1,0.9376741
26571,1,1,0.9998927
16227,1,1,0.9960691
90663,1,1,0.99084187
42111,1,1,0.9988047
57000,1,1,0.99789435
18176,1,1,0.82675844
29819,1,1,0.9821249
102900,0,1,0.9989371
109629,1,1,0.95887417
39578,1,1,0.7758952
54435,1,1,0.99458647
65878,1,1,0.98352295
70998,1,1,0.99460185
1339,1,1,0.9971341
73694,1,1,0.99840015
89220,1,1,0.9951068
65656,1,1,0.88728154
45958,0,1,0.956156
84157,1,1,0.7649748
1176,0,1,0.98575324
6225,1,1,0.9914254
63928,1,1,0.9632978
4292,1,1,0.997823
72433,1,1,0.83429646
9,1,1,0.99720323
110466,1,1,0.9845168
111946,1,1,0.99055636
27239,1,1,0.90715337
94303,1,1,0.9942661
71447,1,1,0.9992372
11010,1,1,0.5259791
44338,1,1,0.99599516
60543,1,1,0.8365533
26025,1,1,0.9740087
86711,0,1,0.9372363
74778,1,1,0.99592006
12475,1,1,0.98422027
13602,1,1,0.98876816
84306,1,1,0.96407706
72785,1,1,0.99679357
62912,1,1,0.9957327
53701,0,1,0.8410571
91107,0,1,0.6143739
13392,1,1,0.9880072
64070,1,1,0.96873003
66076,1,1,0.8795422
109324,1,1,0.9948543
102096,0,1,0.98203343
28779,1,1,0.9966157
83170,1,1,0.99241394
24331,1,1,0.95032173
40970,1,1,0.9565744
33816,1,1,0.9943605
67279,1,1,0.97197366
77934,1,1,0.99140996
21674,1,1,0.98835075
33413,1,1,0.99597317
30968,1,1,0.9248122
96686,1,1,0.89195913
97782,1,1,0.9888897
96362,1,1,0.9392351
106996,1,1,0.8260977
11714,1,1,0.99043953
74905,1,1,0.9823829
3562,1,1,0.99831736
4314,1,1,0.84209377
41314,1,1,0.97031116
73722,1,1,0.99715316
106953,1,1,0.9977404
23858,1,1,0.9892497
37694,1,1,0.98680854
73001,1,1,0.98107713
7558,1,1,0.98598784
74145,1,1,0.9800771
104484,1,1,0.94288504
25387,1,1,0.9911094
108544,0,1,0.9930971
43655,1,1,0.97436804
26197,1,1,0.9429486
49198,1,1,0.9871955
19508,1,1,0.9886142
59938,1,1,0.9635359
82081,1,1,0.9924131
109467,1,1,0.9740902
53272,1,1,0.96845824
62789,1,1,0.994962
15366,1,1,0.9940719
13547,1,1,0.99753356
106543,1,1,0.9770371
72488,1,1,0.987789
106483,1,1,0.9944469
45800,1,1,0.99632996
67720,1,1,0.9966009
79948,1,1,0.997858
4016,1,1,0.9103515
54578,0,1,0.936887
98797,1,1,0.95905745
1657,1,1,0.98449326
99868,1,1,0.99176335
88420,1,1,0.960278
56443,1,1,0.969572
48845,1,1,0.98375297
32402,1,1,0.98453575
3818,1,1,0.99594927
92314,1,1,0.9724851
98934,1,1,0.97795415
51677,1,1,0.94819576
69855,1,1,0.9747788
107727,1,1,0.9968244
106623,0,1,0.8806316
48670,1,1,0.9907898
70357,1,1,0.979573
37333,1,1,0.9993661
110425,1,1,0.9664769
67715,1,1,0.9506403
39731,1,1,0.9699513
37060,1,1,0.9928011
65490,1,1,0.99896073
26620,1,1,0.9971372
76255,1,1,0.9605287
83794,1,1,0.97313
7677,1,1,0.9697491
72329,1,1,0.98954004
106558,1,1,0.9281965
4144,1,1,0.8128062
16266,1,1,0.9780241
344,1,1,0.90579665
29165,1,1,0.9250473
452,1,1,0.9962043
60847,1,1,0.9684351
94852,1,1,0.9983758
113588,1,1,0.90949833
15649,1,1,0.95749533
88345,0,1,0.6861443
54409,1,1,0.9897453
2985,1,1,0.9975212
107311,1,1,0.73786837
14218,1,1,0.87927645
28346,1,1,0.96093434
104578,1,1,0.9955231
74232,0,1,0.9651231
29710,1,1,0.9980629
52278,1,1,0.989981
75863,1,1,0.9927167
62455,1,1,0.8966893
103505,1,1,0.7908168
56991,1,1,0.9822503
2766,1,1,0.99880815
72955,1,1,0.9952247
101163,1,1,0.9999573
113109,1,1,0.9839278
74382,1,1,0.6094451
49552,1,1,0.8902755
74250,1,1,0.9968802
18765,1,1,0.83646977
70233,1,1,0.97572744
19477,1,1,0.9941918
55016,1,1,0.9514751
98285,1,0,0.47215405
81099,1,1,0.9950907
65133,1,1,0.9890871
12398,1,1,0.9957189
5369,1,1,0.98579097
94217,1,1,0.9944922
103498,0,1,0.64077437
109004,1,1,0.7882103
4794,1,1,0.98809403
76436,1,1,0.9992524
65911,1,1,0.9736285
94610,1,1,0.92989707
39708,1,1,0.9509364
68904,1,1,0.9986572
3939,1,1,0.8363043
56639,1,0,0.28195107
13855,1,1,0.99782336
113353,1,1,0.8745101
92566,1,1,0.9837107
83493,1,1,0.9795726
41059,1,1,0.98618245
41916,1,1,0.9756867
33609,1,1,0.98566633
105516,1,1,0.987407
43978,0,1,0.58523184
106542,1,1,0.9806622
46030,1,1,0.99595404
112322,1,1,0.99292666
102349,1,1,0.9655446
64521,1,1,0.9947944
52931,1,1,0.97813773
36912,1,1,0.95462805
75947,1,1,0.6586238
102840,1,1,0.8718117
33398,1,1,0.9922518
6692,1,1,0.97938114
55149,1,1,0.9935134
76797,1,1,0.9874162
53809,1,1,0.9290009
58632,1,1,0.9769354
12178,1,1,0.98915064
71514,1,1,0.9519624
64748,1,1,0.9938711
96323,1,1,0.96326977
81425,1,1,0.98621583
66838,1,1,0.9773971
75155,1,1,0.9281802
82365,1,1,0.99807477
3989,0,1,0.7467994
98997,1,1,0.9959149
60290,1,1,0.9918595
94245,1,1,0.9800694
28112,1,1,0.99674416
37087,1,1,0.8062124
1268,1,1,0.87039584
26708,1,1,0.9962219
99015,1,1,0.9877396
36780,1,1,0.98392844
18686,1,1,0.9953615
30685,1,1,0.8715896
11868,1,1,0.97292703
27773,1,1,0.984728
34432,1,1,0.9934807
93811,1,1,0.96943283
84456,1,1,0.99343264
89713,1,1,0.9728075
28258,1,1,0.99643075
110776,1,1,0.9866468
47932,1,1,0.9573594
101528,1,1,0.98686814
5990,1,1,0.9221381
40915,1,1,0.96519655
97290,1,1,0.9790388
49539,1,1,0.98977226
75598,1,1,0.9772273
45797,1,1,0.9926732
35296,1,1,0.986796
36134,1,1,0.93683064
8009,1,1,0.97674155
63499,1,1,0.95732194
79661,1,1,0.9934608
28062,1,1,0.99114347
49316,1,1,0.9923718
105052,1,1,0.9965107
99743,1,1,0.99899834
89551,1,1,0.993371
10689,1,1,0.9114226
98337,1,1,0.9953187
107620,1,1,0.8773609
82029,1,1,0.9971859
51800,1,1,0.9866457
109587,1,1,0.9865762
35096,1,1,0.9955656
105984,0,0,0.38051608
49597,1,1,0.9979819
47796,1,1,0.97336924
39942,1,1,0.99242836
16147,1,1,0.99250084
67870,1,0,0.44957247
42203,1,1,0.98704356
80749,1,1,0.7151141
32478,1,1,0.99629635
5272,1,1,0.962556
36229,1,1,0.99948287
1305,1,1,0.996274
94719,1,1,0.98289883
59758,1,1,0.9165873
65442,1,1,0.99718386
26700,1,1,0.99532866
37252,1,1,0.9924695
6486,1,1,0.84209925
40734,1,1,0.95572877
58456,1,1,0.9979419
20098,1,1,0.9951774
105290,1,1,0.9875674
50804,1,1,0.9275591
45619,1,1,0.94299614
63663,1,1,0.954641
18877,1,1,0.99948335
29209,1,1,0.9917572
21548,1,1,0.96837807
35029,1,1,0.9905255
35967,1,1,0.9828708
71913,1,1,0.9824013
86137,1,1,0.9991334
45753,1,1,0.99086
89031,0,1,0.89246434
21007,1,1,0.9071944
66833,1,1,0.9957243
92544,1,1,0.99762183
77390,1,1,0.97634023
27159,1,1,0.8786547
87885,1,1,0.9923948
57593,1,1,0.98774815
100650,1,1,0.99685645
69061,1,1,0.92879415
89993,1,1,0.9839361
96931,1,1,0.9933721
17707,1,1,0.8330105
108050,1,1,0.9924629
104005,1,1,0.9986786
38332,1,1,0.8024089
113802,1,1,0.95975554
46838,1,1,0.8768771
34742,1,1,0.9796768
17519,1,1,0.9912971
110999,1,1,0.99286425
57023,1,1,0.99331856
81166,1,1,0.99590576
37475,1,1,0.9628804
10379,1,1,0.99705803
4430,1,1,0.9983878
82273,1,1,0.98277664
48668,1,1,0.96583587
59312,1,1,0.91378546
69592,1,1,0.87931526
67212,1,1,0.9932679
82317,1,1,0.9320573
39732,1,1,0.997624
45194,1,1,0.99761033
90472,1,1,0.9953243
25022,0,1,0.94838685
35738,1,1,0.7958322
34047,0,1,0.9010789
83195,1,1,0.99145097
39672,1,1,0.7768342
313,1,1,0.9973241
110221,1,1,0.9340157
33694,1,1,0.9945034
49353,1,1,0.9990464
33359,1,1,0.99965334
13747,1,1,0.9956321
16815,1,1,0.98533744
76054,1,1,0.9746216
58206,1,1,0.97262716
57676,1,1,0.93712384
73003,1,1,0.97735757
104125,1,1,0.9476927
74754,1,1,0.9856778
30653,0,1,0.73126787
35105,1,1,0.97597337
46448,1,1,0.9972916
85260,1,1,0.82805
39017,1,1,0.9693896
83339,1,1,0.80985963
36684,1,1,0.94006604
46514,1,1,0.99867934
88905,1,1,0.98269814
62492,1,1,0.98326105
18457,1,1,0.996597
41953,1,1,0.9946802
32953,1,1,0.93916327
75419,1,1,0.9798362
49730,1,1,0.9994942
93639,1,1,0.88423526
101132,1,1,0.9671309
53023,1,1,0.70370257
68029,1,1,0.99463356
56158,1,1,0.998803
81722,1,1,0.99937433
11975,1,1,0.99294066
95199,1,1,0.9932941
2705,1,1,0.99636286
92295,1,1,0.9828425
112265,1,1,0.99604046
80591,1,1,0.9930339
17639,1,1,0.668182
51117,1,1,0.9642527
95431,1,1,0.9835543
16122,1,1,0.75514907
88535,1,1,0.9752408
20626,1,1,0.9935138
112088,1,1,0.91682464
68580,1,1,0.99426657
110071,1,1,0.999406
17163,1,1,0.9984243
73186,1,1,0.9824018
53862,1,1,0.9254556
35685,1,1,0.94381946
20040,1,1,0.9893175
31269,1,1,0.97416884
44032,1,1,0.998642
39220,1,1,0.98612356
83338,1,1,0.60173535
33607,1,1,0.98329836
99634,1,1,0.8963677
44645,1,1,0.99348915
57241,1,0,0.44487172
31363,1,1,0.9964947
69756,1,1,0.93067116
98640,1,1,0.98730123
69043,1,1,0.9964923
10811,1,1,0.5880574
86936,1,1,0.9911299
67011,1,1,0.9978326
45124,1,1,0.99264115
75101,1,1,0.9991837
111751,1,1,0.7534691
93577,1,1,0.9997389
48780,1,1,0.96758413
76087,1,1,0.9076032
53652,1,1,0.98247117
29569,1,1,0.98297346
97294,1,1,0.8879996
90858,1,1,0.9446769
49496,1,1,0.9881123
45203,1,1,0.9885975
99029,1,1,0.98790413
101943,1,1,0.99941313
84805,1,1,0.99394774
56569,1,1,0.93055636
55896,1,1,0.9510424
50705,1,1,0.9566129
25176,1,1,0.99311936
106914,1,1,0.98076594
73407,1,1,0.98947155
48884,1,1,0.9968268
60293,1,1,0.97842157
28470,0,1,0.95516104
69449,1,1,0.9891734
96895,1,1,0.99041814
12155,1,1,0.9993554
51476,1,1,0.87982666
80614,1,1,0.99940395
88478,1,1,0.9955413
103399,1,1,0.9238376
6051,1,1,0.9655854
93972,1,1,0.9992336
30084,1,1,0.9945157
14799,1,1,0.9422788
51154,1,1,0.6624554
76716,1,1,0.9841447
52798,1,1,0.9939399
76092,1,1,0.7319052
101939,1,1,0.9912247
50990,1,1,0.99819773
106330,1,1,0.9838726
108740,1,1,0.97931415
68446,1,1,0.99216664
102456,1,1,0.9927033
170,1,1,0.9431297
22497,1,1,0.9963111
748,0,1,0.9006681
113955,1,1,0.9774785
26351,1,1,0.9921652
22090,1,1,0.9845147
99772,1,1,0.9701075
23009,1,1,0.9971501
39446,1,1,0.9929598
44457,1,1,0.99560803
113460,1,1,0.9854034
24438,1,1,0.965169
50820,1,1,0.8747513
111984,1,1,0.99845755
67605,1,1,0.9731555
46406,1,1,0.99495465
24186,1,1,0.9499475
75830,1,1,0.9973139
111744,1,1,0.99063474
109955,1,1,0.9986682
25619,1,1,0.99663687
37304,1,1,0.9864696
84174,1,0,0.4275732
63029,1,1,0.97655654
40132,1,1,0.998021
89565,1,1,0.9510778
68387,1,1,0.99931085
108854,1,1,0.9109719
88490,1,1,0.99553996
105647,0,1,0.9743843
47507,1,1,0.9477427
106059,1,1,0.9927186
101231,1,1,0.99786854
36682,0,0,0.4637974
89689,1,1,0.99766505
51522,1,1,0.995167
15517,1,1,0.99851733
7271,1,1,0.974801
48489,1,1,0.9735945
86420,1,1,0.99167085
66498,1,1,0.99643886
67505,1,1,0.9974674
20064,0,1,0.99362046
72247,1,1,0.99428385
12709,1,1,0.98380685
25745,1,1,0.9927006
108485,1,1,0.9936545
74032,1,1,0.96718806
98763,1,1,0.95545125
113382,1,1,0.99716467
110395,1,1,0.9943041
103305,1,1,0.961798
53326,1,1,0.8929831
38773,1,1,0.81471145
76227,1,1,0.9826852
48642,1,1,0.99988043
88399,1,1,0.66504896
62644,1,1,0.9852777
3407,1,1,0.99641186
6949,1,1,0.9405201
68676,1,1,0.99082786
7482,1,1,0.65431327
55545,1,1,0.9939932
97975,1,1,0.99704415
7248,1,1,0.9990601
55150,1,1,0.99128
24683,1,1,0.98349
56193,0,1,0.86763173
7711,1,1,0.992182
64266,1,1,0.8605803
13545,1,1,0.98142403
3793,1,1,0.99845755
88072,1,1,0.9444311
75392,1,1,0.9879446
101042,0,1,0.99695766
82842,0,1,0.5998112
86543,1,1,0.99870014
5949,1,1,0.99408406
35869,1,1,0.99698985
65621,1,1,0.9978968
8903,1,1,0.99929035
3413,1,1,0.99727696
107522,1,1,0.9713518
113822,1,1,0.99496573
66470,1,1,0.9906941
76902,1,1,0.76495296
92447,1,1,0.93833184
88210,0,1,0.98789865
20017,1,1,0.9916387
35187,1,1,0.9827983
104256,1,1,0.9999372
20998,1,1,0.98112077
67422,1,1,0.994091
46456,1,1,0.9196662
70711,1,1,0.99373734
91099,1,1,0.9762319
77533,1,1,0.9884431
69258,1,1,0.95310503
87722,1,1,0.9987224
79068,1,1,0.9843045
11872,1,1,0.99869883
28087,1,1,0.9949708
25903,1,1,0.9985958
46028,1,1,0.9738633
111756,1,1,0.9915121
75129,1,1,0.98612726
67700,0,1,0.9344982
4205,1,1,0.99383837
77907,1,1,0.5145714
43553,1,1,0.99733233
88525,1,1,0.99620205
10692,1,1,0.99944884
78434,1,1,0.9917413
25964,1,1,0.82437164
23485,1,1,0.97603434
55908,1,1,0.99265504
59240,1,1,0.9932371
15533,1,1,0.98225635
24060,1,1,0.9596935
54138,1,1,0.91986895
88766,1,1,0.9708161
17294,1,1,0.97520375
69589,1,1,0.95474094
80818,1,1,0.95289046
84813,1,1,0.98774695
22841,1,1,0.99898165
97619,1,1,0.99438816
19859,1,1,0.9675089
50348,1,1,0.99927455
14462,1,1,0.999127
46704,1,1,0.933218
39544,1,1,0.9717462
111761,1,1,0.9784026
8818,1,1,0.9863862
50876,1,1,0.98400277
83114,1,1,0.9888205
18231,1,1,0.97243154
78500,1,1,0.99400204
49147,1,1,0.9770245
38714,1,1,0.9783367
76473,1,1,0.9971264
49372,0,1,0.86329746
106592,1,1,0.9506861
45171,1,1,0.9777354
91144,1,1,0.9403726
63524,0,1,0.93982464
744,1,1,0.9986191
67803,0,1,0.9347672
4576,1,1,0.99509394
94786,1,1,0.9996965
98269,1,1,0.9720801
57456,1,1,0.56980896
19440,1,1,0.996671
76936,1,1,0.9889221
28491,1,1,0.99154705
33613,1,1,0.953693
80025,1,1,0.8409606
54595,1,1,0.99916637
109512,1,1,0.9963708
19390,1,1,0.9798095
4339,1,1,0.9982578
74870,1,1,0.9980186
37882,1,1,0.9261937
8804,1,1,0.90180594
12845,1,1,0.98777664
111836,1,1,0.9962548
14463,1,0,0.3852133
102431,1,1,0.8455097
105284,1,1,0.983111
4826,1,1,0.99701345
10359,1,1,0.98865277
60066,1,1,0.9971591
22759,1,1,0.9364275
110637,1,1,0.9856852
61957,1,1,0.9995895
82945,1,1,0.90619546
100431,1,1,0.9921697
16651,1,1,0.99873394
81914,1,1,0.85971206
81277,1,1,0.99361444
76019,1,1,0.9801323
62630,1,1,0.9982394
8993,0,1,0.96982455
57528,1,1,0.99889934
67414,1,1,0.99942553
3161,1,1,0.93726325
90294,1,1,0.9877985
36159,1,1,0.9960303
109710,1,1,0.9961696
15286,1,1,0.99792564
74817,1,1,0.99225676
101394,1,1,0.9934443
45837,1,1,0.99793774
104665,1,1,0.9967327
107879,1,1,0.99924755
74894,1,1,0.97752506
18610,1,1,0.99703014
77279,1,1,0.98455185
7431,1,1,0.99942386
9261,1,1,0.9605071
82803,1,1,0.99433523
49104,1,1,0.91969246
35700,1,1,0.9501538
6004,1,1,0.96757567
102626,1,1,0.65021443
84956,1,1,0.97723335
35547,1,1,0.9948731
71916,1,1,0.98212814
14946,1,1,0.9928267
29292,1,0,0.30963
90059,1,1,0.99435955
42762,1,1,0.9041921
100099,1,1,0.9869846
24817,1,1,0.9973539
16397,1,1,0.9759774
82332,1,1,0.6069713
29489,1,1,0.978011
87131,1,1,0.99704033
72114,0,1,0.7905716
105870,1,1,0.9779499
111517,0,0,0.24158494
2377,1,1,0.995732
67272,1,1,0.98892003
25815,1,1,0.9916083
24765,1,1,0.94112146
87761,1,1,0.994155
15094,1,1,0.98957074
55576,1,1,0.9058362
61326,1,1,0.9855759
40196,1,1,0.9924488
21866,1,1,0.9761041
87252,1,1,0.95604026
102689,1,1,0.9948003
11312,1,1,0.9997789
5488,1,1,0.99291563
96807,1,1,0.9798234
6162,1,1,0.9919368
108215,1,1,0.9961415
27666,1,1,0.98906213
47899,1,1,0.9902512
19931,1,1,0.99696785
69277,1,1,0.8973516
10713,1,1,0.9897314
3050,1,1,0.97370714
71170,1,1,0.9977133
74021,1,1,0.99221987
23394,1,1,0.9675339
61103,1,1,0.94642663
57669,1,1,0.9854312
87976,1,1,0.96951026
70460,0,1,0.8059718
48754,1,1,0.99376327
465,1,1,0.98824733
106721,1,1,0.9374311
24483,1,1,0.99795437
2062,1,1,0.96660876
30660,1,1,0.9923919
97257,1,1,0.99674594
111961,1,1,0.98171115
62243,1,1,0.9995858
112162,1,1,0.97429013
90917,1,1,0.9128528
113689,1,1,0.984048
87435,1,1,0.95370793
45312,1,1,0.9946078
73603,1,1,0.99766016
77467,1,1,0.8483315
49332,1,1,0.96456516
91947,0,1,0.97188705
78318,1,1,0.98073363
105270,1,1,0.9525007
99718,1,1,0.9853945
43425,1,1,0.99627495
60993,1,1,0.9914301
17030,1,1,0.99853635
67350,1,1,0.87938136
1606,1,1,0.96871185
11208,1,1,0.9615948
58032,1,1,0.50868654
20659,1,1,0.9965654
79324,1,1,0.92770725
46058,1,1,0.96652293
104989,1,1,0.717982
46360,1,1,0.9993449
1856,1,1,0.9984232
2508,1,1,0.9923396
58210,1,1,0.6040138
84270,1,1,0.9968002
26427,1,1,0.9652596
47467,1,1,0.9961125
75467,1,1,0.97967154
63571,1,1,0.68336177
40932,1,1,0.97889894
32206,1,1,0.96308976
77503,1,1,0.9967535
66920,1,1,0.9976629
5107,0,1,0.9029727
78928,1,1,0.9930647
7484,1,1,0.9866348
105285,1,1,0.98615634
62107,1,1,0.99711156
11846,1,1,0.9975847
93104,1,1,0.9973693
35604,0,1,0.84927046
23934,1,1,0.98187006
9419,1,1,0.6366453
35551,1,1,0.99006265
10342,1,1,0.92336476
51172,1,1,0.9873526
5723,1,1,0.9475637
23797,1,1,0.9972257
94135,1,1,0.97418404
12925,1,1,0.9887778
112141,1,1,0.9695674
93181,1,1,0.53222805
80212,1,1,0.99954563
89843,1,0,0.13611794
30481,1,0,0.43391183
34189,1,1,0.96238214
72441,0,1,0.9094683
7450,1,1,0.9989982
155,1,1,0.9807128
11379,1,1,0.85843366
21774,1,1,0.98085093
29529,1,1,0.99597603
37014,1,1,0.9921599
72952,1,1,0.9932668
34317,1,1,0.7828955
83700,1,1,0.9846801
25184,0,1,0.78063816
99180,1,1,0.9937348
37434,1,1,0.9684146
4244,1,1,0.928664
62475,1,1,0.94831437
61372,1,1,0.94582105
96426,1,1,0.95907456
1447,1,0,0.24494918
21741,1,1,0.92787707
71439,1,1,0.9997278
57245,1,1,0.9901244
17583,1,1,0.97969204
84027,1,1,0.9974119
37918,0,1,0.92176425
6581,0,1,0.985933
90724,1,1,0.99125063
68959,1,1,0.99412704
103385,1,1,0.9585185
70873,1,1,0.98942226
91066,1,1,0.8757207
79072,1,1,0.9817259
94342,0,0,0.230419
65744,1,1,0.9822029
24989,1,1,0.99819
85467,1,1,0.86314803
77617,1,1,0.83174026
21596,1,1,0.99897385
43371,0,1,0.9681091
89012,1,1,0.9978429
27039,1,1,0.9717059
15599,1,1,0.9810042
21355,1,1,0.98461837
34452,1,1,0.91935843
83480,1,1,0.75769037
103019,1,1,0.9278632
12266,1,1,0.99456173
91665,1,1,0.9754799
4702,1,1,0.9770815
81267,1,1,0.99776065
63387,1,1,0.9739155
94986,1,1,0.95168334
59420,1,1,0.96960026
25702,1,1,0.93432164
107087,0,1,0.95230144
23799,1,1,0.83325666
85411,1,1,0.98634446
56876,1,1,0.98868585
15080,1,1,0.9986272
23304,1,1,0.9949915
7476,1,1,0.9965803
53112,1,1,0.91806906
111685,1,1,0.98085725
91699,1,1,0.98712057
106787,1,1,0.98670524
83337,1,1,0.9278063
89035,1,1,0.8373516
4308,1,1,0.9753661
24032,1,1,0.98130405
82229,1,1,0.9926932
44815,1,1,0.949593
17712,1,1,0.9917908
37591,1,1,0.938485
36107,1,1,0.99377763
61638,1,1,0.9982533
84838,1,1,0.9974815
31895,0,0,0.34870794
65643,1,1,0.9944535
102127,1,1,0.87660736
2691,1,1,0.9807788
64901,1,1,0.9783916
112571,1,1,0.963733
75339,0,1,0.99160635
33584,1,1,0.78558147
47416,1,1,0.9446138
66462,1,1,0.99545693
57645,1,1,0.99394363
7719,1,1,0.95842487
1760,1,1,0.97589636
21221,1,1,0.9697006
37760,1,1,0.99739
48284,1,1,0.9968112
11211,1,1,0.9866577
47002,0,1,0.8812939
2762,1,1,0.9919636
9633,1,1,0.9892406
56812,1,1,0.94956285
93424,1,1,0.98937714
58109,1,1,0.9687011
113465,1,1,0.9865552
25223,1,1,0.9350191
65505,0,0,0.40002334
95188,1,1,0.9990879
68573,1,1,0.9443328
37015,1,1,0.9861076
7115,0,1,0.8525455
90792,1,1,0.9969343
62645,1,1,0.9937225
71762,1,1,0.97752076
25086,1,1,0.9979819
49789,1,1,0.99335724
55529,1,1,0.90043235
55789,1,1,0.97442585
1992,1,1,0.99786806
20706,1,1,0.73906565
3051,1,1,0.97772706
35969,1,1,0.9966318
61419,1,1,0.99875903
40964,1,1,0.99243915
94461,1,1,0.99086297
101583,1,1,0.99799675
8886,1,1,0.91627127
75543,1,1,0.99601847
71928,1,1,0.9487211
36020,1,1,0.9706935
105229,1,1,0.99946696
74172,1,1,0.9004982
83186,0,1,0.98372644
102917,1,1,0.8419273
96693,1,1,0.9951574
77440,1,1,0.9937955
113754,1,1,0.86747444
40871,0,1,0.9652845
55969,1,1,0.99686974
27640,1,1,0.99850595
70157,1,1,0.9961584
103499,1,1,0.99607325
51128,1,1,0.9852313
11671,1,1,0.90456605
40794,1,1,0.98237073
40074,1,1,0.9972398
108008,1,1,0.9987288
61963,1,1,0.9953779
50687,1,1,0.99688053
9809,1,1,0.96620655
16990,0,1,0.9982424
48938,1,1,0.9820451
87644,1,1,0.96699756
5074,1,1,0.9978934
4865,1,1,0.9049682
5389,1,1,0.8994372
74494,1,1,0.9972396
26745,1,1,0.92194057
97438,1,1,0.8562167
34873,0,0,0.3927898
12303,1,1,0.99857306
83426,1,1,0.989207
33209,1,1,0.9996786
101255,0,1,0.8716003
86627,1,1,0.9270047
15291,1,1,0.958704
112390,1,1,0.9461402
104608,1,1,0.9948041
72807,1,1,0.9939833
96922,1,1,0.9985455
2418,1,1,0.986636
3145,0,1,0.9283009
57105,1,1,0.9998105
110122,1,1,0.9693987
77422,1,1,0.9567118
46833,1,1,0.999065
41506,0,1,0.8200549
64781,1,1,0.9847526
14805,1,1,0.9967823
26463,1,1,0.99752253
96101,1,1,0.9834246
105436,1,1,0.920292
44798,1,1,0.99293244
109077,1,1,0.97953963
9037,1,1,0.9925208
69365,1,1,0.9977869
60055,1,1,0.9865589
35482,1,1,0.66272295
112491,1,1,0.9943896
101689,0,1,0.7032283
1012,1,1,0.9768753
40088,1,1,0.9830436
89046,1,1,0.7578587
81546,1,1,0.91976416
100634,1,1,0.99357164
35314,1,1,0.97481096
108428,1,1,0.99600047
108835,1,1,0.61505955
53080,1,1,0.9736649
53687,1,1,0.9497958
16859,1,1,0.9998659
88804,1,1,0.99656194
56521,1,1,0.97699785
57373,1,1,0.89645606
12107,1,0,0.22009894
28153,1,1,0.9944571
26268,1,1,0.9982198
56664,1,1,0.99823654
82191,1,1,0.99960524
71888,1,1,0.94424367
34485,1,1,0.9955076
37580,1,1,0.99884975
113550,1,1,0.9961194
49681,1,1,0.9930803
33315,1,1,0.9703589
96705,1,1,0.9260046
17183,1,1,0.997366
109009,1,1,0.99154574
87696,1,1,0.72915405
109099,1,1,0.752792
52066,1,1,0.99777895
20929,1,1,0.83227575
42483,1,1,0.9552575
110586,1,1,0.9306537
12110,1,1,0.99877566
45387,1,1,0.95932376
69254,1,1,0.9765578
35988,1,1,0.98692256
32344,1,1,0.83695185
90908,1,1,0.9971698
93768,1,0,0.40261027
8088,1,1,0.86091936
94822,0,1,0.98729336
73846,1,1,0.9751541
79274,1,1,0.9854579
107767,1,1,0.99150896
86292,1,1,0.9940844
62658,1,1,0.9972972
28701,1,1,0.8543187
18379,1,1,0.97940046
85231,1,1,0.9504951
83311,1,1,0.9753749
85968,1,1,0.99710065
78088,1,1,0.9954065
4052,1,1,0.9492046
84745,1,1,0.99793696
99014,1,1,0.98856914
2865,1,1,0.9255705
53008,1,1,0.96919876
77813,1,1,0.9947871
100280,1,1,0.98986524
11554,1,1,0.9872363
81478,1,1,0.983356
60926,1,1,0.94649905
78238,1,1,0.99238926
35616,1,1,0.9896209
12078,1,1,0.99804676
92202,1,1,0.9755781
18388,1,1,0.97205836
57088,1,1,0.97660816
28896,1,1,0.99535537
65949,1,1,0.96606356
14656,1,1,0.9987488
82069,1,1,0.95672554
105938,1,1,0.98736537
30427,1,1,0.99966097
94013,1,1,0.9995517
85084,1,1,0.88711274
55834,0,1,0.9880663
80912,1,1,0.98901385
48197,1,1,0.9966858
112646,1,1,0.9982992
13419,1,1,0.99557674
84049,1,1,0.9487654
50179,1,1,0.99483454
94424,1,1,0.96281517
68557,1,1,0.9893016
5335,1,1,0.9941888
1120,1,1,0.9971908
62119,1,1,0.9805714
75055,1,1,0.9503938
100536,1,1,0.9902625
63405,1,1,0.9954318
90088,1,1,0.9657937
106060,1,1,0.9686018
44306,1,1,0.76863956
99276,1,1,0.99692446
15528,1,1,0.9989772
9575,1,0,0.3729614
16869,1,1,0.99629754
75724,1,1,0.9899312
69109,1,1,0.99899584
23670,0,0,0.18182145
82553,1,1,0.9672692
107607,1,1,0.95217776
64510,1,1,0.64780325
15179,1,1,0.99975663
109749,1,1,0.99662626
45394,1,1,0.9918882
93806,1,1,0.8867804
17171,1,1,0.9932808
43340,1,1,0.87505656
11718,1,1,0.9533055
62428,1,1,0.9020562
97809,1,1,0.9861724
63035,1,1,0.9542529
76396,1,1,0.99558747
11461,1,1,0.9937734
43782,1,1,0.9917385
8297,1,1,0.9387399
1773,1,1,0.99862695
86456,1,0,0.35991135
2544,1,1,0.98966575
90249,1,1,0.99581486
95811,1,1,0.9964708
43923,1,1,0.8720949
104954,1,1,0.7792186
107402,0,0,0.20582475
17514,1,0,0.33925948
102034,1,1,0.9760174
67748,1,1,0.99253887
26261,1,1,0.9546947
54044,1,1,0.97133577
20229,0,1,0.984177
34187,0,1,0.9282451
92570,1,1,0.9991509
9651,1,1,0.9978077
5298,1,1,0.8963488
68655,1,1,0.97989535
76278,1,1,0.995452
39177,1,1,0.99897504
75641,1,1,0.99695814
9275,1,1,0.9801593
71854,1,1,0.82465494
26095,1,1,0.9943817
18991,0,1,0.967672
72254,1,1,0.99501026
77394,1,1,0.99829763
104564,1,1,0.9912475
56336,1,1,0.99700564
94102,1,1,0.9898191
47605,1,1,0.72061664
29491,1,1,0.9982666
52779,1,1,0.9968541
107171,1,1,0.9026668
73004,1,1,0.9952532
18889,1,1,0.9246892
93456,1,1,0.88081616
47764,1,1,0.9989471
3297,1,1,0.99977034
17818,1,1,0.9884603
57856,1,1,0.9453706
43530,1,1,0.9780451
71159,1,1,0.7357104
69608,1,1,0.98421854
36435,1,1,0.99969137
38958,1,1,0.97330195
74374,1,1,0.97607905
17750,1,1,0.997835
27663,1,1,0.85562307
107898,1,1,0.9722009
36902,1,1,0.9967097
101474,1,1,0.80304754
51276,1,1,0.9808224
17527,0,1,0.9147093
45087,1,1,0.9904792
64373,1,1,0.9808141
83742,1,1,0.9964803
81635,1,1,0.98754
56866,1,1,0.9751016
93155,1,1,0.97323453
91724,1,1,0.8577921
76390,1,1,0.5020298
28943,1,1,0.99271435
43736,1,1,0.8925941
92576,1,1,0.99196666
37240,1,1,0.9804668
47335,1,1,0.9802964
88005,1,1,0.9922546
62019,1,1,0.9848882
52256,1,1,0.9932933
26169,1,1,0.99638015
14223,1,1,0.9978635
71809,1,1,0.70957077
76604,1,1,0.98851556
16403,1,1,0.99693763
73252,0,0,0.47551045
75439,0,0,0.18963449
68122,1,1,0.9857011
18044,1,1,0.994111
21040,1,1,0.9831041
56165,1,1,0.8776211
103037,1,1,0.9999502
12007,1,1,0.9923036
104787,1,1,0.82476497
70121,1,1,0.9921828
88710,1,1,0.9978992
107056,0,1,0.9108578
76507,1,1,0.9652595
1571,1,1,0.9983878
13763,1,1,0.9647942
88805,1,1,0.99515
92848,0,1,0.91474783
37820,1,1,0.99043405
3370,0,1,0.96554536
84313,1,1,0.98453116
92207,1,1,0.99532145
7338,1,1,0.99796945
69989,1,1,0.98819655
90345,1,1,0.9428559
97011,1,1,0.9914818
110786,0,0,0.3341865
110140,1,1,0.9491379
76127,1,1,0.9609448
112719,1,1,0.89772624
50700,0,1,0.72637814
33792,1,0,0.48809242
23297,1,1,0.9913912
92984,1,1,0.99832267
76016,1,1,0.8769365
20880,1,1,0.9454245
36875,1,1,0.9942709
37519,1,1,0.9508964
49518,1,1,0.9984584
97612,1,1,0.99229735
87256,1,1,0.99746764
11501,1,1,0.6817389
53633,1,1,0.9578299
65821,1,1,0.9064957
44339,1,1,0.9981791
21968,1,1,0.98336375
101537,1,1,0.9408979
89826,1,1,0.9400958
83856,1,1,0.9997993
48990,1,1,0.9938862
51534,1,1,0.97598404
45762,1,1,0.9906521
50946,1,1,0.9814621
75058,1,1,0.9999033
13178,1,1,0.9810586
112249,1,1,0.9770209
52741,1,1,0.9964222
71898,1,1,0.9975235
104707,1,1,0.99671483
53578,1,1,0.98745173
43709,1,1,0.8607141
95622,1,1,0.9793209
4199,1,1,0.9909943
83841,1,1,0.840276
45423,1,1,0.98877186
33285,1,1,0.9891657
39923,1,1,0.9922476
25928,1,1,0.94319177
87335,1,1,0.94033056
29457,1,1,0.98059607
38761,0,0,0.49283275
106267,1,1,0.96466917
17665,1,1,0.99519086
17819,1,1,0.99703526
1677,1,1,0.94383913
26479,1,1,0.9719828
35865,1,1,0.9950728
41648,1,1,0.97844476
90330,0,0,0.31977585
4474,1,1,0.99261683
74933,1,1,0.9919527
19849,1,1,0.98019046
5850,1,1,0.9631875
94470,1,1,0.99918514
105631,1,1,0.9873023
96813,1,1,0.90825355
82825,1,1,0.95742136
43779,1,1,0.98928154
107787,1,1,0.6188429
82005,1,1,0.9991893
38520,0,1,0.9530317
67320,1,1,0.7309784
83671,0,1,0.9907899
90130,1,1,0.97976434
7907,1,1,0.97089237
79484,1,1,0.99339676
15893,1,1,0.896301
55115,1,1,0.80804384
22417,1,1,0.9978319
55064,1,1,0.98058355
105158,1,1,0.8380082
71192,0,1,0.9579315
10715,1,1,0.99794286
27886,1,1,0.99852425
98651,1,1,0.9394156
27471,0,1,0.96590334
82737,1,1,0.981267
61032,1,1,0.9943078
54827,1,1,0.9855112
101083,1,1,0.9870905
101054,1,0,0.460141
82568,1,1,0.98817515
101150,0,1,0.68399066
71597,1,1,0.96154225
7762,1,1,0.99536884
57439,1,1,0.9808636
94575,1,1,0.90763277
46011,1,1,0.92949396
109694,1,1,0.9894965
102964,1,1,0.9090006
103115,1,1,0.9380576
71984,1,1,0.95917976
20377,1,1,0.9878314
33188,1,1,0.9922219
52101,1,1,0.9952988
43755,1,1,0.98660463
19181,1,1,0.93062687
10956,1,1,0.9527071
39846,1,1,0.99603325
113318,1,1,0.98135304
32383,1,1,0.91989416
70263,1,1,0.8846112
39861,1,1,0.9797385
25018,1,1,0.9976907
7114,1,1,0.95179725
102912,1,1,0.9980718
27641,1,1,0.99295723
8730,1,1,0.9964226
61074,1,1,0.86414516
19461,1,1,0.9975085
29822,1,1,0.9990746
11854,1,1,0.9928247
14816,1,1,0.9691759
24149,0,1,0.79680914
52216,1,1,0.91627616
10753,1,1,0.98421174
110057,0,0,0.4976567
75668,0,1,0.733386
30005,1,1,0.98036146
71858,1,1,0.99556774
108205,1,1,0.9850102
77293,1,1,0.5755806
80626,1,1,0.9371624
4167,1,1,0.98304754
85375,1,1,0.9745846
6176,1,1,0.55730397
51527,1,1,0.98031837
112600,1,1,0.57399285
95764,1,1,0.8257468
1764,1,1,0.99112564
20572,1,1,0.6245397
61893,1,1,0.88210076
68491,1,1,0.99798465
107708,1,1,0.8429734
89430,1,1,0.911246
108184,1,1,0.978729
52148,1,1,0.99937767
86207,1,1,0.9733252
108243,1,1,0.9800173
109389,1,1,0.7825665
64411,1,1,0.9875929
67193,1,1,0.9985385
5136,1,1,0.8576786
1167,1,1,0.9661213
37294,1,1,0.9915632
79588,1,1,0.93290466
60494,1,1,0.99975973
39561,0,1,0.9163995
18627,1,1,0.9790926
96197,1,1,0.9778897
25667,1,1,0.9550129
37471,1,1,0.9919906
7790,1,1,0.9963398
50552,0,1,0.8639213
122,1,1,0.954984
37716,1,1,0.9934877
29663,1,1,0.996648
83304,1,1,0.9993647
24618,1,1,0.99052036
4345,1,1,0.9927471
22582,1,1,0.9833077
31419,1,1,0.99558544
52912,1,1,0.9856295
24004,1,1,0.9649594
56363,0,1,0.9494155
90037,1,1,0.98971796
91418,1,1,0.9484887
78598,1,1,0.98494464
64051,1,1,0.9948973
15233,1,1,0.9996344
15934,1,1,0.8235422
63951,1,1,0.96309716
54156,1,1,0.86193
111333,1,1,0.9825004
30559,1,1,0.9821217
12365,1,1,0.93940663
83050,1,1,0.9856808
112035,1,1,0.9915462
50628,1,1,0.97079873
40605,0,1,0.9371814
36142,1,1,0.93913305
67913,1,1,0.9197373
39066,1,1,0.99662954
112227,1,1,0.9983102
98822,1,1,0.9972063
98497,1,1,0.9827953
41792,1,1,0.97870505
28663,1,1,0.99889946
28675,1,1,0.9836447
52098,1,1,0.9039676
53309,1,1,0.9988978
64393,0,1,0.9361996
38692,1,1,0.9428924
109630,1,1,0.99260396
79872,1,1,0.9468841
3278,1,1,0.9791108
55646,1,1,0.99895006
11001,1,1,0.9960543
214,1,1,0.9086768
58443,1,1,0.9554433
23983,1,1,0.9772708
22464,1,1,0.9648062
67478,1,1,0.9735425
59779,1,1,0.9949221
89271,1,1,0.99231744
82099,1,1,0.9852423
103380,0,1,0.9792322
60623,1,1,0.99741614
51387,1,1,0.9952739
61115,1,1,0.5681826
21445,1,1,0.9997198
18706,1,1,0.99455607
80432,1,1,0.9480757
49006,1,1,0.99596846
7549,1,1,0.9792402
75295,1,1,0.99947697
12861,1,1,0.96748143
35331,1,1,0.9991196
93333,1,1,0.9918411
36630,1,1,0.9608648
78851,1,1,0.9938232
15445,1,1,0.97167844
26923,1,1,0.99036086
12357,1,1,0.88944805
14711,1,1,0.99616563
94914,1,1,0.9975337
99780,1,1,0.99064386
60814,1,1,0.9434682
44537,1,1,0.99479717
78217,0,1,0.9944165
106745,1,1,0.9962132
74764,1,1,0.75589585
25571,1,1,0.99378973
50748,1,1,0.9800316
14133,1,1,0.99594915
45715,1,1,0.97211355
59834,1,1,0.9987532
37188,1,1,0.8977931
5609,1,1,0.99599093
24399,1,1,0.9660781
20966,1,1,0.9996288
91082,1,1,0.904595
3135,1,1,0.9974119
29806,1,1,0.64061505
54104,1,1,0.99213094
91457,1,1,0.9842768
101877,1,1,0.95898026
97245,1,1,0.99494594
49444,1,1,0.989645
32088,1,1,0.9848675
111581,1,1,0.99348915
29842,1,1,0.9912922
93801,1,1,0.9951356
72451,1,1,0.9942234
82087,1,1,0.9770279
58075,1,1,0.9140988
72632,1,1,0.9867029
54235,1,1,0.95231026
82393,1,1,0.9933565
30202,1,1,0.9993963
69921,1,1,0.9984572
13247,1,1,0.95241714
92317,1,1,0.98875767
2527,1,1,0.9799615
106681,1,1,0.9926145
73991,1,1,0.99318576
83430,1,1,0.9576172
84190,1,1,0.7942007
22860,1,1,0.98546314
111385,1,1,0.79680306
102567,1,1,0.92201006
82318,1,1,0.99163073
57959,1,1,0.97375077
92049,1,1,0.9441549
73364,1,1,0.91482574
38888,1,1,0.8892223
81000,1,1,0.91844183
40966,1,1,0.9903018
59074,1,1,0.97245556
109562,1,0,0.45036972
60750,1,1,0.91547316
80339,1,0,0.4384304
15116,1,1,0.94637424
38054,1,1,0.9822212
955,1,1,0.9995573
48356,1,1,0.9993199
31338,1,1,0.96489245
47891,1,1,0.99776804
6605,1,1,0.99414825
114043,1,1,0.99897397
74771,1,1,0.9895237
82508,1,1,0.98213243
86362,1,1,0.9839625
28962,1,1,0.9620761
45032,1,1,0.77467024
36434,1,1,0.9964868
95882,1,1,0.8180897
110256,1,1,0.9829715
2098,0,0,0.49500266
29716,1,1,0.97768444
90068,1,1,0.9804991
81675,1,1,0.99332654
48311,1,1,0.95333564
73709,1,1,0.9999585
1388,1,1,0.99791723
59789,0,1,0.95172393
74221,1,1,0.9904323
30561,1,1,0.98772895
69035,1,1,0.7955098
54176,1,1,0.9939148
82482,1,1,0.8020867
66192,1,1,0.99962866
67754,1,1,0.87789553
96747,1,1,0.953028
4789,1,1,0.9954745
13212,1,1,0.9624106
81765,1,1,0.91538435
34589,1,1,0.9985403
64884,1,1,0.98526937
107983,1,1,0.9948413
25443,1,1,0.994553
19533,1,1,0.8016406
37546,1,1,0.99849117
41494,1,1,0.99521303
111864,1,1,0.9989139
95266,1,1,0.91171265
3462,1,1,0.98767704
63596,1,1,0.9462602
38122,1,1,0.97443545
75008,1,1,0.93922657
36175,1,1,0.963089
48939,0,1,0.9184989
11455,1,1,0.9992052
111087,1,1,0.9848178
27179,1,1,0.9677135
51048,1,1,0.9972217
60067,1,1,0.97920954
102275,1,1,0.96421367
29211,1,1,0.9871837
34530,1,1,0.6091732
65424,1,1,0.99686193
98068,1,1,0.97225136
6291,1,1,0.9989353
22196,1,1,0.9993093
51331,1,1,0.95947224
73126,1,1,0.8963864
90285,1,1,0.9989844
55446,1,1,0.96452004
82523,1,1,0.9560142
102414,1,1,0.99334246
38336,1,1,0.9850559
14837,1,1,0.87237537
71223,1,1,0.98764426
26676,1,1,0.9803006
58209,1,1,0.98822355
59566,1,1,0.96820116
97625,1,1,0.9831662
49523,1,1,0.9871836
46051,1,1,0.9386602
63904,1,1,0.89709556
60617,1,1,0.95661396
96516,1,1,0.9822599
50553,1,1,0.9541937
13952,1,1,0.9981577
48661,1,1,0.9844577
64174,1,1,0.9895801
3512,1,1,0.9710575
26961,1,1,0.99854183
84488,0,1,0.805195
77728,1,1,0.9570061
91065,1,1,0.99607396
91128,1,1,0.9463374
76297,1,1,0.8743095
76586,1,1,0.99751115
97306,1,1,0.94247353
77965,1,1,0.99546874
90152,1,1,0.99867094
94635,1,1,0.9722734
20075,1,1,0.977512
25422,1,1,0.9857919
71925,1,1,0.99623966
45267,1,1,0.9991504
15759,1,1,0.9625033
28221,1,1,0.99439716
94858,1,1,0.9991704
12557,1,1,0.9619967
7750,1,1,0.9979917
97778,1,1,0.99002695
74660,1,1,0.9193234
71268,1,1,0.7071814
86483,1,1,0.99830365
97511,1,1,0.95987654
104035,1,1,0.91660213
27427,1,1,0.9952702
68769,1,1,0.9373044
17517,1,1,0.98253596
73648,1,1,0.9998559
28838,1,1,0.9904889
113405,1,1,0.9988036
103937,1,1,0.8183593
110748,1,1,0.9982613
20993,1,1,0.9958009
89942,1,0,0.41252798
4203,1,1,0.9335606
108570,1,1,0.99952185
98755,1,1,0.96278965
49253,1,1,0.5603605
20036,1,1,0.9897391
6932,1,1,0.96887827
938,1,1,0.99942684
30498,0,1,0.55248106
57691,1,1,0.97312355
11306,1,1,0.9935315
2087,1,1,0.9993795
62816,1,1,0.94312793
13318,1,1,0.99815196
77853,1,1,0.99477816
109690,1,1,0.9495411
19932,1,1,0.9972825
58552,1,1,0.9913833
55565,1,1,0.90100116
94818,1,1,0.9628747
7702,1,1,0.99022293
78074,1,1,0.9991123
48088,1,1,0.99553996
10375,1,1,0.97631073
81168,1,1,0.9709443
45953,1,1,0.9988764
45420,1,1,0.92679673
70890,1,1,0.9930869
31622,1,1,0.9934447
99961,1,1,0.98144436
100166,1,1,0.99988747
54940,1,1,0.99717546
90337,1,1,0.96381456
55466,1,1,0.9942731
23014,1,1,0.9808755
71817,1,1,0.97247225
32638,1,1,0.9911479
96742,1,1,0.9867127
92242,1,1,0.98403454
21249,1,1,0.9914336
35281,1,1,0.9755254
108116,1,1,0.9985884
14065,0,1,0.5788243
76072,1,1,0.9801506
31222,1,1,0.9636014
107694,1,1,0.9925402
36610,0,1,0.7300579
24240,1,1,0.99351776
30579,1,1,0.96009296
35279,1,1,0.8906808
22303,1,1,0.9907319
86350,1,1,0.99019647
32877,1,1,0.992861
25320,1,1,0.9829285
89492,0,1,0.7405468
23345,0,1,0.99585235
40485,1,1,0.9963186
31339,0,0,0.33955142
45119,1,1,0.95099545
90738,1,1,0.9521593
4926,1,1,0.99347055
55191,1,1,0.9619748
71892,1,1,0.9986848
42591,1,1,0.96806
20964,1,1,0.9975089
75674,1,1,0.962584
88888,1,1,0.98664016
92840,1,1,0.9984456
48469,1,1,0.8988739
10819,1,1,0.9952178
18271,1,1,0.6125939
2336,1,1,0.9948966
37037,0,1,0.5357589
74819,1,1,0.9994405
15636,1,1,0.5652975
52265,1,1,0.9612236
104374,1,1,0.9988555
39712,1,1,0.9592418
97767,1,1,0.8114017
110818,1,1,0.99893755
37016,1,1,0.9218605
101902,1,1,0.9881344
39839,1,1,0.9949392
106559,1,1,0.9730877
79463,1,1,0.94477636
71179,1,1,0.9583936
27100,1,1,0.9965834
106499,1,1,0.83323795
55355,1,1,0.9940654
109697,1,1,0.96923393
53872,1,1,0.9849706
89183,1,1,0.99980646
95974,1,1,0.94180435
92453,1,1,0.9931218
109623,1,1,0.9462952
68849,1,1,0.97876555
108431,1,1,0.9360796
88716,1,1,0.6609156
79704,1,1,0.9067834
41598,1,1,0.9754969
32935,0,1,0.9002458
105328,1,1,0.9949427
41053,1,1,0.98633415
12149,1,1,0.9451806
14004,1,1,0.99320626
22546,1,1,0.99165183
66008,1,1,0.99169695
104820,1,0,0.41643274
79877,1,1,0.99822134
79236,1,1,0.9735237
86335,1,1,0.9969278
83531,0,1,0.96490264
61048,1,1,0.99129736
102785,1,1,0.9926071
61132,1,1,0.967604
66218,1,1,0.9821185
82612,1,1,0.94153064
94109,1,1,0.96666515
33160,1,0,0.33022752
103447,1,1,0.99329925
61243,1,1,0.99415565
91863,1,1,0.97942275
26813,1,1,0.99816424
104902,1,1,0.9100072
53579,1,1,0.98655856
22521,1,1,0.9641062
64793,1,1,0.99262017
84896,0,1,0.8061611
67330,1,1,0.8631351
52676,1,1,0.8259564
84351,1,1,0.8469119
18216,1,1,0.81507164
11051,1,1,0.9812211
80987,1,1,0.998184
74111,1,1,0.9945247
60787,1,1,0.99726
33781,1,1,0.9050251
91094,1,1,0.9966499
71255,1,1,0.9803241
108936,1,1,0.89364797
70276,1,1,0.98193985
96332,1,1,0.9769744
973,1,1,0.999086
24636,1,1,0.9352935
87742,1,1,0.99796104
88458,1,1,0.99786633
7506,1,1,0.9910347
103356,1,1,0.98885906
91230,0,1,0.9639153
108869,1,1,0.99635124
110007,1,1,0.99054456
7611,1,1,0.9318762
70995,1,1,0.9921995
13771,1,1,0.892804
11853,1,1,0.9951623
689,1,1,0.9981528
109931,1,1,0.9974847
82685,1,1,0.96763057
48029,1,1,0.99119395
24499,1,1,0.98736984
38847,1,1,0.99587953
103120,1,1,0.996356
95195,1,1,0.98972803
35170,1,1,0.9980552
83614,0,1,0.9708464
78025,1,1,0.989602
38116,1,1,0.99820447
111299,1,1,0.99273163
33245,1,1,0.99054694
64858,1,1,0.99956256
83102,1,1,0.9968144
9631,1,1,0.9969357
55579,1,1,0.99415743
46319,1,1,0.9863246
62095,1,1,0.9806667
13196,1,1,0.9425559
75148,1,1,0.9989214
40667,1,1,0.9984282
90366,1,1,0.97488844
33330,1,1,0.80001616
43088,1,1,0.98716104
104765,0,1,0.99130404
101893,0,1,0.8904113
100301,1,1,0.9847364
51547,1,1,0.992975
29350,1,1,0.9258704
72786,1,1,0.9774206
40958,1,1,0.9223023
110035,1,1,0.9965765
76150,1,1,0.99738497
102436,1,1,0.96711606
1255,1,0,0.42674768
84579,1,1,0.79355025
43048,1,1,0.99757844
42329,1,1,0.9914186
64331,0,1,0.9795663
50529,1,1,0.9754625
74517,1,1,0.8969677
97668,1,1,0.9527877
18438,1,1,0.96338487
39637,1,1,0.9620963
62267,1,1,0.9973138
100066,1,1,0.9960226
54819,1,1,0.9994616
20911,1,1,0.98874205
61045,1,1,0.98449373
75726,1,1,0.9886834
54698,1,1,0.82873636
95979,0,0,0.27756453
103413,1,1,0.80356294
27035,1,1,0.93228424
90977,1,1,0.9974602
60179,1,1,0.9960748
77730,0,1,0.92345166
106314,1,1,0.9519059
109365,1,1,0.9610183
2750,1,1,0.99656844
79188,1,1,0.99877316
108539,1,1,0.9979393
20563,1,1,0.9703103
109170,1,1,0.9783851
74810,1,1,0.96433395
22980,1,1,0.98954976
25853,1,1,0.99669564
101746,1,1,0.89116687
90886,1,1,0.7338775
74003,1,1,0.99551517
3926,1,0,0.25948903
2685,0,1,0.9400162
2869,1,1,0.95364374
35639,1,1,0.9415548
94747,1,1,0.99960476
14414,1,1,0.99659985
37058,1,1,0.9792124
102524,1,1,0.96022433
34538,1,1,0.976265
50335,1,1,0.9975508
25125,1,1,0.9986558
82277,1,1,0.98754996
14441,1,1,0.788163
60826,1,1,0.9954287
108049,1,1,0.97615266
62176,1,1,0.9952095
31997,1,1,0.9840904
84401,1,1,0.9654868
56647,1,1,0.99772996
37556,1,1,0.96072656
74757,1,1,0.90887153
49217,0,1,0.98846984
41365,1,1,0.9330264
73354,1,1,0.9964155
12016,1,1,0.99866164
57008,1,1,0.98607975
44853,1,1,0.99300075
91028,1,0,0.4475816
87105,1,1,0.84068257
100178,1,1,0.94560975
34719,1,1,0.9739179
28929,1,1,0.6406892
17825,1,1,0.99206126
102773,1,1,0.9988938
67630,1,1,0.96894616
102902,1,1,0.784873
57845,1,1,0.9727402
6367,1,1,0.99802667
2171,1,1,0.9814315
11648,1,1,0.995587
60824,1,1,0.95631284
10447,1,1,0.9709018
107676,1,1,0.99699044
88842,1,1,0.9735685
111356,1,1,0.99492776
41801,1,1,0.98772407
107736,1,1,0.98064584
30205,1,1,0.7787381
56606,1,1,0.999373
70363,1,1,0.57768154
16578,1,1,0.9997398
112911,1,1,0.9965737
79057,1,1,0.9973877
3826,1,1,0.7631521
50416,1,1,0.99405104
66934,1,1,0.9872055
87090,1,1,0.9900503
85865,1,1,0.98604405
36021,1,1,0.9987437
100939,1,1,0.99583167
72025,1,1,0.9586207
79373,1,1,0.8269541
31341,1,1,0.79355973
30749,1,0,0.23983979
52178,1,0,0.34738985
116,1,1,0.9946089
75626,1,1,0.9984516
90947,1,1,0.99976605
11290,1,1,0.99834406
76425,1,1,0.99125403
48339,1,1,0.9788061
111189,1,1,0.9644801
83806,1,1,0.98279107
85581,1,1,0.9893588
63277,1,1,0.9530202
49140,1,1,0.97056234
86313,1,1,0.9702037
29871,1,1,0.9000338
112701,1,1,0.9769216
95205,0,1,0.949202
54541,1,1,0.9958334
54671,1,1,0.8165084
87812,1,1,0.97412735
23140,1,1,0.84888923
98230,1,1,0.9183221
113583,1,1,0.9962036
1084,1,1,0.9744786
29098,1,1,0.9767759
100471,1,1,0.9936841
4769,1,1,0.99488586
27582,1,1,0.85204524
36722,1,1,0.99657285
88688,1,1,0.9978957
73116,1,1,0.91517514
13124,1,1,0.8153283
76533,1,1,0.9961093
53085,1,1,0.98916936
82781,1,1,0.99575555
85598,1,1,0.9880315
18635,1,1,0.99945873
11388,1,1,0.97889906
10485,1,1,0.9988311
74676,1,1,0.9686527
111317,1,1,0.99051887
43957,1,1,0.9992505
14818,1,1,0.9997167
35888,0,0,0.13465372
36031,1,1,0.9947695
44386,1,1,0.96934044
110770,1,1,0.9797488
40642,1,1,0.9684211
100440,1,1,0.99106395
11062,1,1,0.995346
111999,1,1,0.9800381
38107,1,1,0.92655015
3764,1,1,0.9345424
88488,0,0,0.29620957
56852,1,1,0.99385923
103453,1,1,0.99876773
7262,0,1,0.9906929
59727,1,1,0.99871635
86691,1,1,0.99355114
16441,1,1,0.9951572
12442,1,1,0.9573768
65178,1,1,0.9963535
37389,1,1,0.99510527
64641,1,1,0.8442359
107923,1,1,0.98320466
104205,1,1,0.9863116
45169,1,1,0.98535764
46955,1,1,0.97945786
38669,1,1,0.8457523
62461,1,1,0.99919575
93182,1,1,0.8244313
90192,1,1,0.99563414
13730,1,1,0.9980026
97765,1,1,0.972669
76231,1,1,0.9470058
77468,1,1,0.99303985
113144,1,1,0.99594516
41400,1,1,0.96951
35334,1,1,0.95944256
43958,0,1,0.9944841
108088,1,1,0.9899093
104104,1,1,0.99880445
14200,1,1,0.9854301
102830,1,1,0.9931738
42549,1,1,0.9749253
101836,1,1,0.6166333
84379,1,1,0.9899747
25463,1,1,0.9960716
40481,1,1,0.9931988
77588,1,1,0.9897451
59720,1,1,0.9356331
95702,1,1,0.98010457
14585,1,1,0.9597331
62655,1,1,0.9927443
7605,1,1,0.979046
47606,1,1,0.9872039
81549,1,1,0.9969501
13258,1,1,0.9983569
59427,1,1,0.99155116
44672,1,1,0.97246695
102857,1,1,0.99264354
55247,1,1,0.99987423
68378,1,1,0.99889743
79478,1,1,0.97353834
61526,1,1,0.923142
56231,1,1,0.9586095
31693,1,1,0.99842536
90425,1,1,0.9712669
14669,1,1,0.8792133
33401,1,1,0.9934411
40406,1,1,0.5476671
88054,1,1,0.9949374
55078,1,1,0.93041617
101059,1,1,0.9736593
79865,1,1,0.96527636
4166,1,1,0.99085313
85587,1,1,0.97721076
68962,0,1,0.95497173
107139,1,1,0.9773513
37018,1,1,0.9974668
36552,1,1,0.9963651
15964,1,1,0.98821104
81328,1,1,0.9844402
51573,1,1,0.8383416
113145,0,0,0.28741735
42273,1,1,0.9651864
21651,1,1,0.9993523
14077,1,1,0.9986318
78302,1,1,0.9979215
5047,1,1,0.9690345
91377,1,1,0.86231446
66857,1,1,0.955711
52958,1,1,0.9968477
44860,1,1,0.9336022
66622,1,1,0.9374878
31066,1,1,0.999956
100983,1,1,0.97758514
9591,1,1,0.8626753
22147,1,1,0.9760467
58221,1,1,0.9813663
49852,1,1,0.943129
97510,1,1,0.6777457
113855,1,1,0.9930488
87640,1,1,0.9909636
1037,1,1,0.9959038
26143,0,1,0.8987821
73917,1,1,0.96573055
57750,1,1,0.97789806
93000,1,1,0.9989619
98275,1,1,0.99709225
17093,0,0,0.07699133
81694,1,1,0.9256663
113069,1,1,0.96091837
12972,0,1,0.64298713
50908,1,1,0.9603622
63189,1,1,0.9874183
105462,1,1,0.81810373
75430,1,1,0.8740877
108986,1,1,0.94328564
50958,1,1,0.9968611
20556,0,1,0.9787324
95962,1,1,0.9967186
20704,1,1,0.9720167
98406,1,1,0.99482876
61347,1,1,0.9907845
68614,1,1,0.5461583
100445,1,1,0.9834636
29669,1,1,0.9061921
21356,1,1,0.9958832
37973,1,1,0.9937907
78046,1,1,0.99723864
99565,1,1,0.9768206
62390,1,1,0.9972983
8053,1,1,0.88899046
72926,1,1,0.9960097
34007,1,1,0.973542
84856,1,1,0.96833336
67462,1,1,0.9934378
113261,1,1,0.99892503
13541,1,1,0.9952171
78978,1,1,0.98130167
106862,0,0,0.47249478
52202,1,0,0.21386135
88712,1,1,0.9659908
39558,1,1,0.9944983
50504,1,1,0.9129725
97634,1,1,0.9960556
54331,1,1,0.99631655
32960,1,1,0.99455017
98439,0,1,0.9882152
23664,1,1,0.7986303
4444,1,1,0.9607182
104607,1,1,0.992531
31662,1,1,0.9973683
15748,1,1,0.62016267
16565,1,1,0.9721211
66025,1,1,0.978687
8496,1,1,0.999383
76865,1,1,0.97296584
48623,1,0,0.37668988
67494,1,1,0.92969453
6029,1,1,0.9559905
53118,1,1,0.9642125
89643,1,1,0.9960102
24951,1,1,0.992427
99930,1,1,0.9584471
1978,1,1,0.9971275
42856,1,1,0.97625285
95551,1,1,0.9952467
21443,0,1,0.92151177
109724,1,1,0.9979062
49718,1,1,0.9795925
42809,1,1,0.99528056
9209,1,1,0.9603716
47338,1,1,0.99516404
42958,0,1,0.9707578
46927,1,1,0.87636703
64591,1,1,0.9961062
63221,1,1,0.9942782
7825,1,1,0.94269454
37195,1,1,0.9771005
72728,1,1,0.91636544
65117,1,1,0.9806363
33983,1,1,0.98855805
107756,1,1,0.98328984
16670,1,1,0.9995602
95374,1,1,0.99897444
61767,1,1,0.99919313
96910,1,1,0.96458536
92286,1,1,0.9274395
70897,1,1,0.9954334
50670,1,1,0.9870548
52110,1,1,0.9842689
110721,1,1,0.9883944
101984,1,1,0.926551
27955,1,1,0.9625076
45095,0,1,0.9861762
94064,1,1,0.9753259
36108,1,1,0.97992367
67638,1,1,0.9822702
7496,1,1,0.98758507
68820,1,1,0.9842903
113498,1,1,0.9961313
58782,1,1,0.9836258
7808,1,1,0.99358517
77871,1,1,0.99155945
90393,1,1,0.98876137
72945,1,1,0.88542867
35732,1,1,0.9744557
64564,0,1,0.8693718
37510,0,0,0.32716203
17778,1,1,0.9731704
112507,0,1,0.8668559
23472,1,1,0.9777454
108340,1,1,0.9871269
76988,1,1,0.8794257
93792,0,0,0.47296476
106764,1,1,0.9736139
55510,1,1,0.99188143
35111,1,0,0.48269475
41203,1,1,0.96451426
20456,1,1,0.96826696
13718,1,1,0.9979943
40635,1,1,0.99172544
62549,1,1,0.97436255
55019,1,1,0.9816953
81566,1,1,0.5961292
42063,1,1,0.9697665
98898,0,1,0.9885337
92629,0,0,0.07450254
101194,1,1,0.953797
29320,1,1,0.88184917
103688,1,1,0.9858931
54396,1,1,0.9769586
77581,1,1,0.99222344
14238,1,1,0.9595192
24231,1,1,0.9978249
29731,1,1,0.9964527
37513,1,1,0.8345482
87230,1,1,0.95936805
49793,1,1,0.99703515
35144,1,1,0.96145123
32745,1,1,0.9397004
58880,1,1,0.9977937
91608,1,1,0.9993075
106448,1,1,0.95949715
56348,0,0,0.38057077
99890,1,1,0.9568205
70204,1,1,0.930566
88764,1,1,0.95831794
81594,1,1,0.9982645
48893,1,1,0.9558851
96762,1,1,0.8899563
14111,1,1,0.98854107
33997,1,1,0.9978999
23610,1,1,0.9949639
16515,1,1,0.9936732
42334,1,1,0.9917937
25994,1,1,0.9957747
33558,1,1,0.99136716
31024,1,1,0.9580862
56314,1,1,0.9970011
4932,1,1,0.9478738
47225,1,1,0.998386
102540,1,1,0.99615747
92289,1,1,0.97495407
91913,1,1,0.99236757
60413,1,1,0.99882585
42753,1,1,0.977387
35770,0,1,0.9271565
19615,1,1,0.9889643
104373,1,1,0.9626997
6939,1,1,0.80152744
12147,1,1,0.99445784
92589,1,1,0.9993586
32719,1,1,0.9278528
15799,1,1,0.99717134
7626,1,1,0.9959033
16617,1,1,0.98187286
106628,1,1,0.9932175
93685,1,1,0.99482614
30497,1,1,0.98719525
48042,1,1,0.97384495
30238,1,1,0.9851879
101915,1,1,0.9840465
33758,1,1,0.99718624
103384,1,1,0.9417396
87399,1,1,0.9881523
78879,1,1,0.9532832
86030,1,1,0.98771465
26733,1,1,0.9973283
58386,1,1,0.98939216
9969,1,1,0.9991948
40758,1,1,0.91764975
51190,1,1,0.97382855
31833,1,1,0.95769066
37715,1,1,0.99468166
45101,1,1,0.9930782
13856,0,1,0.942316
15223,1,1,0.9835113
83920,1,1,0.96726674
24819,1,1,0.9852315
61206,1,1,0.8940033
76486,1,1,0.9909986
46923,1,1,0.9979704
65542,1,1,0.9677055
86718,1,1,0.9948507
7078,1,1,0.7340854
50973,1,1,0.9136534
103575,1,1,0.99856913
63362,1,1,0.9937903
62415,1,1,0.9525518
35751,1,1,0.9953962
14586,1,1,0.9877322
46304,1,1,0.96888304
82992,1,1,0.9697804
44531,1,1,0.9977582
73409,1,1,0.994662
59017,1,1,0.87494165
102346,1,1,0.8906955
52413,1,1,0.993518
92750,1,1,0.98190653
4814,1,1,0.98627263
102845,1,1,0.9931265
1219,1,1,0.99176216
10732,1,1,0.99063534
83270,1,1,0.8932054
47331,1,1,0.99957055
38747,1,1,0.98019373
24724,1,1,0.99327433
92100,1,1,0.9772285
58313,0,1,0.9506745
54748,1,1,0.9644617
22077,1,1,0.99900156
16115,1,1,0.99739385
54866,1,1,0.6000391
87267,1,1,0.9985623
110028,1,1,0.8057186
50975,1,1,0.98994315
110276,1,1,0.99734676
71119,1,1,0.98441136
14397,1,1,0.99249095
11656,1,1,0.78895634
63652,1,1,0.98151153
101691,1,0,0.4531736
1008,1,1,0.9994979
58396,1,1,0.9917602
31777,1,1,0.7992089
8954,1,1,0.85259134
58937,1,1,0.9970266
54862,1,1,0.82956576
43306,1,1,0.8608433
56657,1,1,0.98590755
109227,0,1,0.9415037
7593,1,1,0.99727976
32902,1,1,0.96948797
83040,1,1,0.9841653
58287,1,1,0.9924269
2013,1,1,0.9945235
54330,1,1,0.9982216
100318,1,1,0.94956744
50269,1,1,0.9824003
108419,1,1,0.9906148
110163,1,1,0.99775034
37753,1,1,0.97552615
99568,1,1,0.9979311
24510,1,1,0.9925696
8974,1,1,0.996666
111250,1,1,0.98705006
86804,1,1,0.9943895
38585,1,1,0.944372
35046,1,1,0.96826565
5779,1,1,0.9979505
43038,0,1,0.5207099
52051,1,1,0.8201892
99480,1,1,0.89249504
101503,1,1,0.9922024
101477,1,1,0.9989336
110905,0,0,0.32272446
81975,1,1,0.9635256
33090,1,1,0.9441542
64172,1,1,0.9617395
10857,1,1,0.99813855
50406,1,1,0.9992926
42521,1,1,0.9653075
90133,1,1,0.92539036
22571,1,1,0.9423291
70517,0,1,0.9617814
38935,1,1,0.9369303
19519,1,1,0.87914175
34446,1,1,0.99657756
72179,1,1,0.9833809
103719,1,1,0.95854205
43091,0,1,0.7264707
89040,1,1,0.9952518
54514,1,1,0.9661459
9413,0,1,0.997145
42131,1,1,0.9355743
45781,1,1,0.77048427
88943,0,0,0.4444791
69817,1,1,0.8078388
49498,1,1,0.87668806
40463,1,1,0.96886474
74291,1,1,0.9840037
91053,1,1,0.9995703
105361,1,1,0.9038971
99130,1,1,0.99915147
101613,1,1,0.9831744
97581,1,1,0.9913669
106220,1,1,0.9938292
1132,1,1,0.9532168
52652,1,1,0.90191346
64191,1,1,0.97948635
93401,1,1,0.96247953
35431,1,1,0.9950293
50207,1,1,0.97877276
35015,1,1,0.9975746
17972,1,1,0.97698134
55134,1,1,0.85839176
47713,1,1,0.9738109
47280,1,1,0.9653347
81131,1,1,0.98248017
26543,1,1,0.99772614
71426,1,1,0.99931693
111474,1,1,0.8779966
20947,1,1,0.9913209
103067,1,1,0.9308031
74082,1,1,0.53600395
38736,1,1,0.7059465
18726,1,1,0.98343694
33078,1,1,0.99845123
24208,1,1,0.7228065
24922,1,1,0.8478557
46122,1,1,0.99560463
73006,1,1,0.9841485
90628,1,1,0.8655508
93862,1,1,0.99896765
78310,1,1,0.96436846
6233,1,1,0.98673195
75178,1,1,0.9923928
2519,1,1,0.99915504
94052,1,1,0.9781641
33260,1,1,0.9939168
88413,1,1,0.98766065
12457,1,1,0.6305005
5577,1,1,0.9714147
1967,1,1,0.99616075
100168,1,1,0.9863137
18095,1,1,0.99579585
2689,1,1,0.9939301
93296,1,1,0.9912059
29149,1,1,0.99053407
83216,1,1,0.9844567
35184,1,0,0.23265725
20647,1,1,0.9976471
35538,1,1,0.98539865
905,1,1,0.9908274
99258,1,1,0.99424076
22934,1,1,0.96489435
68563,1,1,0.9979468
97655,1,1,0.9822527
29459,1,1,0.96624535
92232,1,1,0.99394107
68146,1,1,0.99781406
95473,1,1,0.9985065
13342,1,1,0.970666
62090,1,1,0.9891967
60886,1,1,0.7183074
59643,1,1,0.99886143
96626,1,1,0.96470994
77433,1,1,0.9750209
88658,1,1,0.9993405
20925,1,1,0.9980142
20747,1,1,0.9841823
66567,1,1,0.99491876
45426,1,1,0.99967813
90141,1,1,0.7505107
98935,1,1,0.9963133
54901,1,1,0.9955461
11184,1,1,0.9840261
51382,1,1,0.99423766
37484,1,1,0.98365456
45278,1,1,0.9739284
80175,1,1,0.98717016
62486,1,1,0.99886644
100461,1,1,0.9787002
19380,1,1,0.99812645
8399,0,1,0.92111164
41700,1,1,0.98119146
13134,0,1,0.8052661
101458,1,1,0.9931671
31198,1,1,0.99880683
64178,1,1,0.9842749
31790,1,1,0.99846137
35244,1,1,0.9617792
28528,1,1,0.99206614
84737,1,1,0.9956564
61020,1,1,0.98380846
26771,1,1,0.9808451
98665,1,1,0.9993674
43484,0,0,0.25073966
106551,1,1,0.81738293
55775,1,1,0.98285586
85229,1,1,0.9964799
1431,1,1,0.9647378
19485,1,1,0.9628281
57601,0,0,0.244889
45556,0,1,0.8589928
15724,1,1,0.9138202
81739,1,1,0.9970976
84167,1,1,0.8898737
77441,1,1,0.9820709
36445,1,1,0.96328187
51473,1,1,0.99577266
11225,1,1,0.87870187
61162,1,1,0.9984205
6337,1,1,0.9850311
94337,1,1,0.9375501
11681,1,1,0.97187436
91356,0,1,0.9710588
40341,1,1,0.97334373
93353,1,1,0.9544049
77205,1,1,0.9729244
13280,1,1,0.95898956
69841,1,1,0.9663028
37341,1,1,0.9985165
51137,1,1,0.96200275
93024,1,1,0.99945
86743,1,1,0.99423283
59537,1,1,0.996646
86769,0,1,0.994764
18789,1,1,0.9812789
86916,1,1,0.9904909
83815,1,1,0.9975278
62490,1,1,0.9951244
45538,0,1,0.908848
11865,1,1,0.99309146
89529,1,1,0.9941327
20249,0,0,0.46563107
51914,1,1,0.99605775
67277,1,1,0.9987674
111498,1,1,0.9978527
7856,1,1,0.99596536
94333,1,1,0.98977846
34563,1,1,0.9951037
31455,1,1,0.62294126
54201,1,1,0.99599326
84452,1,1,0.9589558
29939,1,1,0.99269027
19601,1,1,0.95951104
87602,1,1,0.99428046
45844,1,1,0.99800617
45155,1,1,0.99575883
48111,1,1,0.965487
22333,1,1,0.97348183
78898,1,1,0.94927484
110801,1,1,0.99311066
46113,1,1,0.98361534
68043,1,1,0.9977763
80479,1,1,0.99645245
38013,1,1,0.8339268
101532,1,1,0.99279845
38775,1,1,0.92645276
7420,1,1,0.9565402
49317,1,1,0.9965676
59573,1,1,0.9926967
30543,1,1,0.9824655
28586,1,1,0.9854102
38577,1,1,0.9966732
32676,1,1,0.99391335
63758,1,1,0.99425286
38981,1,1,0.99913126
13180,1,1,0.55496657
93718,1,1,0.9877021
9403,1,1,0.99277014
22663,1,1,0.9746898
49459,1,1,0.8899847
12946,1,1,0.9873893
111668,1,1,0.99797374
34192,1,1,0.97525275
34056,1,1,0.9857778
66496,1,1,0.9972638
73614,1,1,0.99242604
105536,1,1,0.9969104
17536,1,1,0.99494296
105930,1,1,0.8274341
22133,1,1,0.99477684
37551,1,1,0.97500753
77000,1,1,0.99045193
88156,1,1,0.9775572
75776,1,1,0.98998266
82539,1,1,0.97778416
48347,1,1,0.98916817
52996,1,1,0.99931264
73122,1,1,0.9586707
84457,1,1,0.9824088
81436,1,1,0.89346385
96558,1,1,0.97183007
67706,1,1,0.9720918
99671,1,1,0.9874895
78012,1,1,0.93925726
35393,1,1,0.9943764
43916,1,1,0.9974848
42047,1,1,0.9894567
66861,1,1,0.76375383
35767,1,1,0.9929275
40944,1,1,0.99662685
113895,1,1,0.99765825
18913,0,1,0.9994698
8016,1,1,0.9072157
19250,0,1,0.9732867
74920,1,1,0.9996475
39831,1,1,0.97413075
61617,1,1,0.9778071
59542,1,1,0.9946372
25813,1,1,0.9949208
49042,1,1,0.9927135
3628,1,1,0.9956606
13645,1,1,0.9990656
113018,1,1,0.9900822
22327,1,1,0.9968201
58388,1,1,0.982971
84099,1,0,0.49785638
64747,1,1,0.9847852
13171,1,1,0.9994924
101667,1,1,0.9985862
33,1,1,0.8773349
7837,1,1,0.96154547
63998,1,1,0.98582804
111371,1,1,0.99322176
51478,0,1,0.8463337
95191,1,1,0.8813932
29309,1,1,0.9956339
15710,1,1,0.9611259
41876,1,1,0.9964233
70766,1,1,0.98257667
111156,1,1,0.9854015
61090,1,1,0.8994898
41312,1,1,0.9710296
87248,1,1,0.99327725
74505,1,1,0.8443701
51347,1,1,0.9962096
62135,1,1,0.9887444
108007,1,1,0.99271363
4690,1,1,0.8704766
71428,1,1,0.9960704
98605,0,1,0.8209282
19425,1,1,0.9653267
94059,1,1,0.9970415
43750,1,1,0.93847024
19370,1,1,0.96698374
84085,1,1,0.99509734
62207,1,1,0.9630996
57550,1,1,0.98737925
43726,1,1,0.95104796
96663,1,1,0.9932987
13236,0,1,0.66733575
53195,1,1,0.99372345
57490,1,1,0.99966633
83091,1,1,0.9850241
65213,0,0,0.35477704
36892,0,1,0.89726734
105253,1,1,0.9977506
109252,1,1,0.90065277
48700,1,1,0.99179614
109146,1,1,0.99674845
97798,1,1,0.9847105
38422,1,1,0.997889
26945,1,1,0.87111795
60763,1,1,0.9421384
54230,1,1,0.9847055
84630,1,1,0.9199317
67977,1,1,0.99673706
83895,1,1,0.9646202
16193,1,1,0.9967145
23147,1,1,0.979162
45245,1,1,0.9412386
84118,1,1,0.9886481
23872,1,1,0.9960192
91836,1,1,0.9787275
78244,1,1,0.9602141
41600,1,1,0.9702973
32070,1,1,0.95895934
9175,1,1,0.9889314
95404,1,1,0.9999447
54149,1,1,0.9921451
102621,1,1,0.9846432
24497,1,1,0.9986979
66835,1,1,0.9826905
26176,1,1,0.97093874
103693,1,1,0.99933714
46298,0,1,0.92656887
15280,1,1,0.99801886
65625,1,1,0.9412144
102697,1,1,0.9995511
68968,1,1,0.82461816
47997,1,1,0.98301494
103208,1,1,0.9986675
58932,1,1,0.98566633
3182,0,1,0.8794815
96472,1,1,0.9977634
46356,1,1,0.9570383
17774,1,1,0.99915147
21927,1,1,0.99465793
62923,1,1,0.77541983
77255,0,1,0.85416156
40176,1,1,0.99724615
111807,1,1,0.93044734
114065,1,1,0.99553937
35934,1,1,0.8799785
23320,1,1,0.90784365
110638,1,1,0.9609295
11986,1,1,0.98342586
99228,0,1,0.9682376
110237,1,1,0.994925
48717,1,1,0.989326
3027,1,1,0.99890554
67919,1,1,0.9987067
11830,1,1,0.8588647
2362,1,1,0.99898213
87239,1,1,0.9995351
37600,1,1,0.9861639
54358,1,1,0.99837875
89072,1,1,0.89272547
94673,1,1,0.87757087
60893,1,1,0.9870826
25327,1,1,0.99345994
48016,1,1,0.9979786
113488,1,1,0.9197646
46462,1,1,0.9793706
85635,1,1,0.98700935
100212,0,1,0.8221105
50175,0,1,0.82275164
2420,1,1,0.998733
29040,1,1,0.9572919
28447,1,1,0.9987172
47717,1,1,0.9356096
94899,1,1,0.95011616
40594,1,1,0.97969306
86312,1,1,0.9966377
111943,1,1,0.99653155
565,1,1,0.9884724
112619,1,1,0.977818
74311,1,1,0.90274346
83500,1,1,0.99364215
24597,1,1,0.9825749
38373,1,1,0.9204345
89598,1,1,0.9986524
57171,1,1,0.9953061
107734,1,1,0.99707854
71729,1,1,0.9951715
15654,1,1,0.9948172
82161,1,1,0.9884547
102358,1,0,0.06390546
101813,1,1,0.9734282
80778,1,1,0.92476803
62994,1,1,0.99819416
99530,1,1,0.96376103
75170,1,1,0.9906997
91824,1,1,0.93687
56376,1,1,0.96754014
39851,0,1,0.9275193
18320,1,1,0.9754052
30331,1,1,0.97724867
30915,1,1,0.9974854
96258,1,1,0.78739905
10280,1,1,0.9939302
100590,1,1,0.99654764
99270,1,1,0.58929706
110726,1,1,0.9981862
72211,1,0,0.46050495
68111,1,1,0.9947588
51433,1,1,0.9636096
874,1,1,0.9866629
62685,1,1,0.96884423
35612,1,1,0.9935905
43440,1,1,0.9823057
63046,1,1,0.7984264
72782,1,1,0.9963773
19229,1,1,0.99896884
99612,1,1,0.9993168
112786,1,1,0.99050003
59742,1,1,0.98579884
846,1,1,0.8710362
71953,1,1,0.9844825
38896,1,1,0.9990007
89597,1,1,0.9840769
44892,1,1,0.9959561
24008,1,1,0.9935168
81326,1,1,0.9925604
110192,1,1,0.92382324
42046,1,1,0.9427704
71045,1,1,0.92498094
55226,1,1,0.9954983
25081,1,1,0.9997768
9379,1,1,0.90687096
68871,1,1,0.9919384
58818,1,1,0.99860686
28749,1,1,0.999456
94630,1,1,0.9538744
96164,1,1,0.999887
97325,1,1,0.9955036
80379,1,1,0.9931376
71861,1,1,0.9997435
37417,1,1,0.9896695
19622,1,1,0.9924584
49532,1,1,0.97650653
42013,1,1,0.9967225
19813,1,1,0.99334997
19071,1,1,0.9604542
13399,1,1,0.9712207
86597,1,1,0.99273175
93951,1,1,0.9992193
34140,1,1,0.9950982
34997,0,1,0.98636127
28964,1,1,0.9884291
37202,1,1,0.98632216
74148,1,1,0.9988065
34712,1,1,0.99889743
17492,1,1,0.99385417
62740,1,1,0.993721
71204,1,1,0.99738103
25740,1,1,0.90687585
14014,1,1,0.98999584
41010,1,1,0.9233743
46563,1,1,0.99518603
101384,1,1,0.82518345
25931,1,1,0.9634637
101598,1,1,0.99142766
96937,1,1,0.9936074
26418,1,1,0.9603625
53229,1,1,0.9725998
94251,0,1,0.9446691
37071,1,1,0.9863623
27877,1,1,0.95995325
90099,1,1,0.8350878
80909,0,1,0.90048033
56388,1,1,0.9919544
76685,1,1,0.9864048
52090,1,1,0.89874554
5647,1,1,0.9980868
18509,0,1,0.82150865
91518,1,1,0.9971818
81363,1,1,0.97406685
86128,0,1,0.97108006
85446,1,1,0.99627364
55108,1,1,0.79280883
100728,1,1,0.9946761
107816,1,1,0.97144157
45526,1,1,0.9834759
92716,1,1,0.9930025
101238,1,1,0.9991437
65653,1,1,0.97777003
22192,1,1,0.97712487
71264,1,1,0.863416
105001,1,1,0.97223604
52377,1,1,0.99828833
107901,1,1,0.90685016
7637,1,1,0.9946707
98987,1,1,0.9462941
6517,1,1,0.9923866
112096,1,1,0.84786487
7195,1,1,0.9939879
61036,1,1,0.9988294
57014,1,1,0.91693544
19086,1,1,0.88414747
54645,0,1,0.5395987
29218,1,1,0.9525845
32753,1,1,0.9596129
111545,1,1,0.9973124
83954,1,1,0.9955799
1050,1,1,0.99815255
93562,1,1,0.9817825
2599,1,1,0.9890009
62150,1,1,0.9504696
86655,1,1,0.97387934
63471,1,1,0.9856779
70554,1,0,0.48615503
51608,1,1,0.99041206
94767,1,1,0.9992094
63971,1,1,0.7822474
93073,1,1,0.9544776
106708,1,1,0.99591917
100429,1,1,0.98886126
74929,1,1,0.97374845
109265,1,1,0.77687746
71824,1,1,0.97535634
66766,1,1,0.98098433
21502,1,1,0.96967524
33486,1,1,0.98939055
65273,1,1,0.9977208
111763,1,1,0.9074371
10865,1,1,0.9918726
94855,0,1,0.96521175
92620,1,1,0.9865834
24500,0,1,0.9584752
29010,1,1,0.97732794
54289,0,1,0.9936312
107962,1,1,0.9689441
18000,0,0,0.3859083
98563,1,1,0.9887384
81439,1,1,0.997769
8246,1,1,0.71944046
35512,1,1,0.99564976
100818,1,1,0.9976978
96615,1,1,0.9995857
13474,1,1,0.9847246
83495,1,1,0.98800546
47260,1,1,0.81358576
89191,1,1,0.99951017
71836,1,1,0.9851726
5347,1,1,0.99234796
77788,1,1,0.99452186
35817,1,1,0.99340034
7068,1,1,0.9869947
57172,1,1,0.9932909
2053,1,1,0.9142976
92990,1,1,0.9932427
54150,1,1,0.9800742
95778,1,1,0.57512176
18339,1,1,0.98137486
98856,1,1,0.99334925
101015,1,1,0.99654895
14121,0,1,0.95650464
8726,1,1,0.9960006
38939,1,1,0.98536545
21694,1,1,0.99960166
64388,1,1,0.82783306
70005,1,1,0.9992605
46702,1,1,0.9995819
110996,1,1,0.97297287
21496,1,1,0.99443346
20478,1,1,0.9874921
94364,1,1,0.95808136
95392,1,1,0.9899592
11140,1,1,0.99875474
77710,1,1,0.94097733
33449,1,1,0.99981123
49818,1,1,0.9993832
83901,1,1,0.75228655
104466,1,1,0.97953105
78103,1,1,0.8967497
48445,1,1,0.9660687
40765,1,1,0.98275983
85135,1,1,0.9821853
16183,1,1,0.98649025
28886,1,1,0.97408617
111631,1,1,0.9916312
83398,1,1,0.9984842
3438,1,1,0.9971976
79301,1,1,0.95518637
89881,1,1,0.9676127
50859,1,1,0.9764776
14899,1,1,0.9844477
45512,1,1,0.9850655
88897,1,1,0.9916352
95475,1,1,0.95930105
71923,1,1,0.95722264
28035,1,1,0.97171235
38357,1,1,0.99373996
90352,1,1,0.7307044
835,1,1,0.97530943
20074,1,1,0.9880292
56327,1,1,0.9981305
471,1,1,0.9822957
44197,1,1,0.9960849
55391,1,1,0.98496926
102249,1,1,0.9995994
67580,1,1,0.98679763
73849,1,1,0.9920358
108281,1,1,0.9940175
20092,1,1,0.8727279
19203,1,1,0.9713949
56083,1,1,0.9988871
67725,1,1,0.988332
18958,1,1,0.9968832
36735,1,1,0.9976756
96047,0,1,0.8717704
10878,1,1,0.88462865
18059,1,1,0.91566396
5946,0,0,0.29952618
68967,1,1,0.7799715
81062,1,1,0.98782027
80463,1,1,0.87302196
63256,1,1,0.98998207
4920,1,1,0.8695471
51055,1,1,0.9986588
95798,1,1,0.99868006
77262,1,1,0.99436074
108171,1,1,0.95263666
112461,0,1,0.9956299
54233,1,1,0.9822894
73008,1,1,0.9808522
51983,1,1,0.9953021
33473,1,1,0.9838935
21002,1,1,0.98964417
19494,1,1,0.66989994
30706,1,1,0.9625476
7827,1,1,0.99860793
41297,1,1,0.99594754
24131,1,1,0.87266797
38376,1,1,0.9993636
81275,1,1,0.99682695
49959,1,1,0.9970644
101323,1,1,0.7392827
5878,1,1,0.81596
111040,1,1,0.9949531
41839,1,1,0.9995559
111221,1,1,0.996906
3888,1,1,0.8964883
97076,1,1,0.9969559
71669,1,1,0.99868304
31392,1,1,0.9850971
27059,1,1,0.99082464
2266,1,1,0.9355547
72234,1,1,0.8306315
19900,1,1,0.9595496
37453,1,1,0.9786809
87001,0,1,0.5119333
57614,1,1,0.98805165
49837,1,1,0.99621874
106428,1,1,0.8876775
81410,1,1,0.9917611
80023,1,1,0.9935261
72700,1,1,0.9989208
31282,1,1,0.99152035
52427,1,1,0.9923219
5919,1,1,0.98975986
21312,1,1,0.9477124
44110,1,0,0.43269607
7472,1,1,0.99744844
94020,1,1,0.96606266
78959,1,1,0.99904674
80900,1,1,0.93692833
80586,0,1,0.87245446
65350,1,1,0.99353266
57761,1,1,0.99721706
27732,1,1,0.89380246
18682,1,1,0.9920872
10897,1,1,0.8900921
4340,1,1,0.9706662
53830,1,1,0.9938672
33540,1,1,0.9986449
71701,1,1,0.9959168
57769,1,1,0.9905911
107060,1,1,0.9831339
110781,1,1,0.9721983
50770,1,1,0.95546347
40185,1,1,0.99745923
74043,1,1,0.9812804
104883,1,1,0.9938909
106219,1,1,0.990935
83741,1,1,0.9977622
67175,1,1,0.8614009
106358,1,1,0.991708
30236,1,1,0.96847826
41581,1,1,0.6444048
79631,1,1,0.9989485
77090,1,1,0.9687627
4982,1,1,0.9347609
100584,1,1,0.9297775
35485,1,1,0.9066725
61924,1,1,0.9786203
14786,1,1,0.9831564
7061,1,1,0.8951553
1231,1,1,0.6429452
26071,0,1,0.92234766
11080,1,1,0.9907308
56396,1,1,0.98666173
88098,1,1,0.99572194
32981,1,1,0.9924907
24994,1,1,0.9398168
65516,1,1,0.9681496
110647,1,1,0.99819714
76702,1,1,0.97883695
83463,1,1,0.9652012
27300,1,1,0.99351573
96915,1,1,0.9421557
48771,1,1,0.9902148
50102,1,1,0.99239445
103031,1,1,0.9763945
105413,1,1,0.9961765
35099,1,1,0.8814421
33649,1,1,0.9291747
88195,1,1,0.9996792
69322,1,1,0.98927337
89967,0,1,0.967285
55389,0,1,0.96116906
53682,1,1,0.9704133
50304,0,1,0.8352679
110697,1,1,0.9920108
13782,1,1,0.97693104
23952,1,1,0.9266408
40712,1,1,0.995606
98123,1,1,0.9870882
70253,1,1,0.9894077
44329,1,1,0.9980679
92540,1,1,0.9675561
6738,1,1,0.99803716
74568,1,1,0.9756084
9008,1,1,0.9969512
1777,1,1,0.9991529
25609,1,1,0.93491364
110649,1,1,0.9870293
21075,1,1,0.9977998
8517,1,1,0.9699659
49907,1,1,0.98981094
20313,1,1,0.92791903
64026,1,1,0.99756575
56215,1,1,0.9888365
38256,1,1,0.99613273
86337,1,1,0.959021
84641,1,1,0.9799284
102234,1,1,0.8832649
96681,1,1,0.98052394
24712,1,1,0.9712644
38944,1,1,0.9993401
2184,1,1,0.99700934
34557,1,1,0.88672537
101774,1,1,0.9805635
40540,1,1,0.98592037
7066,0,1,0.71897113
36831,1,1,0.8916993
83999,1,1,0.91290855
29961,1,1,0.9808436
4252,1,1,0.9957521
9138,1,1,0.9715029
3920,1,1,0.99069995
48689,1,1,0.98744535
41768,1,1,0.99764156
77966,1,1,0.8913107
13943,1,1,0.9906019
87255,1,1,0.9735826
85075,1,1,0.95752627
75512,1,1,0.99159896
27308,1,1,0.9940474
45806,1,1,0.99835014
23195,1,1,0.9841451
99526,1,1,0.99953127
25674,1,1,0.9805993
18785,1,1,0.501967
36533,1,1,0.9355217
15175,1,1,0.999049
29774,1,1,0.9813337
109138,0,1,0.98649466
57239,1,1,0.99891174
24573,1,1,0.99270356
97728,1,1,0.9676348
70255,1,1,0.95375067
61537,1,1,0.9843842
10089,1,1,0.96076685
21117,1,1,0.9901093
24318,1,1,0.98845905
77590,1,1,0.97397476
112400,1,1,0.9901012
65262,1,1,0.66256595
61905,1,1,0.99253124
9282,1,1,0.99502593
65829,0,1,0.5917453
49967,1,1,0.8298369
65401,1,1,0.9837659
24576,1,1,0.66610837
91734,1,1,0.94099385
78818,1,1,0.9942116
35014,1,1,0.9895716
95053,1,1,0.9916545
25884,0,1,0.7623083
87306,1,1,0.97891164
15107,1,1,0.9959681
90063,1,1,0.9078873
97990,1,1,0.9991911
80139,0,1,0.8037364
15246,1,1,0.98609877
62992,1,1,0.9940784
93416,1,1,0.985168
38392,1,1,0.89000607
71250,0,1,0.98195076
42502,1,1,0.9825112
54009,1,1,0.9499309
35755,1,1,0.99025553
59659,1,1,0.9641342
24228,1,1,0.9994572
107383,1,1,0.997715
33663,1,1,0.98703915
95198,1,1,0.997421
18241,1,1,0.9901663
6534,1,1,0.99844676
17611,1,1,0.9693468
53858,1,1,0.9721848
22946,1,1,0.9960633
11744,0,1,0.90660405
103492,1,1,0.9853727
44028,1,1,0.99565506
50638,1,1,0.92493
107656,1,1,0.99183184
52649,1,1,0.95577925
89736,1,1,0.99376184
49689,1,1,0.98053473
21901,1,1,0.9994436
27483,1,1,0.9254312
96608,1,1,0.9631419
85485,1,1,0.9541272
74575,1,1,0.9379487
76288,0,1,0.81904304
29674,1,1,0.9177111
54825,1,1,0.98185354
88025,1,1,0.99485874
8034,1,1,0.87855196
67661,1,1,0.84452164
9069,1,1,0.97942984
108494,1,0,0.14514649
27883,1,1,0.98423505
3443,1,1,0.99358445
7570,1,1,0.9948207
99248,1,1,0.9915515
77462,1,1,0.9931659
100604,1,1,0.9990268
24958,1,1,0.9979843
92438,1,1,0.9914908
84596,1,1,0.9679941
16390,1,1,0.9991304
76746,1,1,0.90221
91645,1,1,0.9630926
4602,1,1,0.89899504
20744,1,1,0.99143827
89125,1,1,0.8898537
112555,1,1,0.99276334
30526,1,1,0.9968449
72694,1,1,0.9966384
23970,1,1,0.94451225
69032,1,1,0.89281607
94244,1,1,0.9510657
22151,1,1,0.9994862
93898,1,1,0.9771772
103517,1,1,0.9994573
49881,1,1,0.9948155
42067,1,1,0.97251534
2720,1,1,0.998643
36869,1,1,0.87474424
5294,1,1,0.9905471
34937,1,1,0.84044856
65794,0,0,0.31861714
7777,0,0,0.4865231
110239,1,1,0.98805594
47818,1,1,0.9155111
25588,1,1,0.9493345
707,1,1,0.9881193
97986,1,1,0.9694894
59840,1,1,0.9806697
92888,1,1,0.99927574
52267,1,1,0.9788017
84214,1,1,0.98922884
100142,1,1,0.84761447
80488,1,1,0.9469686
72279,1,1,0.97208226
112041,1,1,0.9815808
50836,1,1,0.9976331
61679,1,1,0.9917645
12530,1,1,0.96365076
106857,1,1,0.98761
63531,1,1,0.98058814
104786,1,1,0.9992417
17525,1,1,0.9920413
20521,1,1,0.99460584
1674,1,1,0.99174565
102871,1,1,0.932893
33422,1,1,0.7369411
8761,1,1,0.99556196
47828,1,1,0.992251
8366,1,1,0.99071515
62028,1,1,0.99709916
2629,0,1,0.88651925
37938,1,1,0.9716628
20396,1,1,0.9768673
85643,1,1,0.97855777
5884,1,1,0.9629034
89550,0,1,0.96899086
112637,1,1,0.98591334
14602,1,1,0.9981237
69882,1,1,0.99930775
489,1,1,0.574648
30699,1,1,0.8847204
59041,0,1,0.82850415
59649,1,1,0.98963624
10326,1,1,0.9969817
102806,1,1,0.9990508
7876,1,1,0.9840784
31337,1,1,0.9307421
64274,1,1,0.99731773
55929,1,1,0.8830532
63990,1,1,0.99858165
101924,1,1,0.9937273
109238,1,1,0.8572342
98823,1,1,0.9576509
65757,1,1,0.98888665
25444,1,1,0.9936951
26863,1,1,0.96356964
69122,1,1,0.7238232
38703,1,1,0.89483476
52049,1,1,0.98804444
55503,1,1,0.9977755
91394,1,1,0.98262286
44019,1,1,0.9918921
101228,1,1,0.9933711
33262,1,1,0.99586713
99777,1,1,0.9976458
5543,1,1,0.9997657
98956,1,1,0.93685144
97277,1,1,0.97925067
78561,1,1,0.9924084
44975,1,1,0.96699077
52678,1,1,0.9818117
77571,1,1,0.9618363
65729,1,1,0.99364257
36178,1,1,0.8790152
105125,1,1,0.9886751
46275,0,1,0.90619427
113140,1,1,0.99882156
1199,1,1,0.9072226
44142,1,1,0.99882585
113775,1,1,0.99812967
34810,1,1,0.9939837
7403,1,1,0.9066673
26631,1,1,0.98200154
31221,1,1,0.9898554
59200,1,1,0.987318
36461,1,1,0.995
107174,1,1,0.99324363
104001,1,1,0.999233
106696,1,1,0.9955344
97460,1,1,0.97835577
96708,1,1,0.9886885
79255,1,1,0.97505987
81564,1,1,0.91684556
72205,1,1,0.97006994
2819,1,1,0.9530644
61826,1,1,0.7490729
113433,1,1,0.91873306
25699,1,1,0.99855775
70256,1,1,0.99105775
55200,1,1,0.96786726
13316,1,1,0.9854894
38738,0,1,0.6533197
110098,1,1,0.91005474
79605,1,1,0.9550264
43408,1,1,0.92368686
32990,1,1,0.9928559
61148,1,1,0.99798065
99352,1,1,0.9781466
39957,1,1,0.9592247
14967,1,1,0.9896862
22574,1,1,0.99943715
20552,1,1,0.99640924
51169,1,1,0.98611164
93254,1,1,0.9699738
108367,1,1,0.96852535
12235,1,1,0.98066497
2867,1,1,0.90904826
61150,1,1,0.99703205
103704,1,1,0.9889482
101761,1,1,0.99669963
12111,1,1,0.97411627
38751,1,1,0.998511
37790,1,1,0.68058443
83690,1,1,0.99835867
48167,1,1,0.96893173
31499,1,1,0.7557671
56624,1,1,0.9986546
112896,0,1,0.734183
73560,1,1,0.9985397
108398,1,0,0.44703156
94397,1,1,0.995998
112459,1,1,0.9921325
19910,1,1,0.98879695
32879,1,1,0.59961003
55755,1,1,0.99639136
18280,1,1,0.9849422
41399,1,1,0.93006575
105492,1,1,0.9840261
54881,1,1,0.9890099
70589,1,1,0.99351805
7360,0,1,0.99203205
22203,1,1,0.9308435
98834,1,1,0.59276634
37051,1,1,0.9907985
40105,1,1,0.8603513
85437,1,1,0.99940145
205,1,1,0.9838568
97818,1,1,0.99328905
34692,1,0,0.3565282
46990,1,1,0.9929657
16980,1,1,0.8988972
88695,1,1,0.99874854
7113,1,1,0.99484324
59042,0,1,0.9680084
76139,1,1,0.95467466
4963,1,1,0.99797565
70414,1,1,0.9627901
62829,1,1,0.9990095
68526,1,1,0.99846894
85896,1,1,0.92846894
112735,1,1,0.9945899
99242,1,1,0.99298406
28362,1,1,0.987587
7405,1,1,0.9923699
46787,1,1,0.99737525
17097,1,1,0.98287106
85886,1,1,0.9918589
63739,1,1,0.9921802
34794,1,1,0.9557123
54222,1,1,0.9903875
12965,1,1,0.9741898
50125,1,1,0.99723876
6637,1,1,0.5931762
53462,1,1,0.995663
2627,1,1,0.964353
85956,0,1,0.96827334
40242,1,1,0.8414556
37660,1,1,0.9920249
55334,1,1,0.99832314
65053,1,1,0.9742999
64712,1,1,0.9846011
80459,1,1,0.99710566
18594,1,1,0.9761604
89814,1,1,0.9511118
42308,1,1,0.97872764
20544,1,1,0.9814124
27438,0,1,0.95055556
75400,1,1,0.99476874
105416,1,1,0.9867423
52038,1,1,0.99022174
31427,1,1,0.9971131
82616,1,1,0.9972356
92907,1,1,0.9849134
98791,1,1,0.9813483
101427,1,1,0.98887503
55994,1,1,0.9970252
55903,1,1,0.9995598
61426,1,1,0.99838936
78264,1,1,0.99660206
112588,1,1,0.979359
75183,1,1,0.8462241
99528,1,1,0.97869474
14875,1,1,0.998953
23597,1,1,0.9857707
110700,1,1,0.9287149
41853,0,1,0.99079096
19766,1,1,0.9829012
4728,1,1,0.99147415
50260,1,1,0.9879632
108953,1,1,0.9881358
2043,1,1,0.65722734
106413,1,1,0.9901366
49998,1,1,0.99712783
90195,1,1,0.98231125
70953,1,1,0.9893935
61536,0,1,0.623952
23830,1,1,0.86659247
72406,1,1,0.9954326
93540,1,1,0.9909808
105150,1,1,0.96380997
20509,1,1,0.9918826
18949,1,1,0.9943415
79864,1,1,0.9294297
76463,0,0,0.4561739
74553,1,0,0.42069915
56501,1,1,0.9982078
69431,1,1,0.9991129
65759,1,1,0.99808997
91540,1,1,0.9745419
51551,1,1,0.99612564
83618,0,1,0.94709265
60959,1,1,0.9941459
34793,1,1,0.98845565
46196,1,1,0.99329597
73516,1,1,0.9933576
27022,1,1,0.9922125
98448,1,1,0.9889191
68139,1,1,0.9907917
3853,1,1,0.9816094
52239,1,1,0.9969915
72512,0,1,0.8966469
104863,1,1,0.9964223
62039,1,1,0.9243445
30129,1,1,0.9860263
38676,1,1,0.99435544
44772,1,0,0.41722596
33286,1,1,0.9908189
89442,1,1,0.91815597
7218,1,1,0.99272376
89106,1,1,0.9159823
8045,1,1,0.99008346
86347,1,1,0.9706012
7200,1,1,0.9946473
90552,1,1,0.97359574
45923,1,1,0.99636084
52566,1,1,0.9913571
87439,1,1,0.9943245
76481,1,1,0.9767865
53641,1,1,0.99984944
103463,1,1,0.64732456
39081,1,1,0.99366105
24034,1,1,0.89554197
42656,1,1,0.9770024
38219,1,1,0.9903653
50118,1,1,0.96654755
71896,0,1,0.9945082
51934,1,1,0.99658394
26183,1,1,0.9992723
32349,1,1,0.96450806
46802,1,1,0.9983261
93352,0,1,0.71524423
35470,1,1,0.93202573
83064,0,1,0.84584224
73947,1,1,0.99891996
89250,1,1,0.9721869
87864,1,1,0.9975349
65000,0,1,0.9442541
104258,1,1,0.9941678
53529,1,1,0.9789227
25996,1,1,0.99668854
97954,1,1,0.9510825
46629,1,1,0.9863099
21942,1,1,0.88685143
68083,1,1,0.9171484
50255,1,1,0.6113742
7048,1,1,0.9982888
74806,1,1,0.9990609
24251,1,1,0.9984701
95839,1,1,0.99904555
47916,1,1,0.99478453
53772,1,1,0.98119515
95728,1,1,0.9924837
30459,1,1,0.60487765
62599,0,1,0.82961255
79117,0,1,0.99604094
14754,1,1,0.99927825
99357,1,1,0.5906493
97043,1,1,0.99825317
23954,1,1,0.99463636
59491,1,1,0.9972779
94539,1,1,0.940551
20623,1,1,0.8310655
40435,1,1,0.9851046
61075,1,1,0.9564205
61407,1,1,0.9927585
48261,1,1,0.99350476
95655,1,1,0.99723876
49636,1,1,0.993346
108699,1,1,0.75484204
70715,1,1,0.95453
82270,1,1,0.99480903
38083,1,1,0.99739456
4471,1,1,0.9886862
90501,1,1,0.89708006
49626,1,1,0.9784864
20826,0,0,0.23881783
53871,0,1,0.8928235
57921,1,1,0.86481154
101647,1,1,0.9627475
46329,1,1,0.97076213
92674,1,1,0.99681145
39250,1,1,0.9932019
109414,1,1,0.9956316
5883,1,1,0.989771
6449,1,1,0.96837765
68045,1,1,0.984027
102327,1,1,0.98930895
46872,1,1,0.8360709
17955,1,1,0.99236554
56334,1,1,0.951364
13082,1,1,0.97679293
26264,1,1,0.84251285
47259,1,1,0.9892972
113974,1,1,0.98597974
37338,1,1,0.97587764
64102,1,1,0.9637305
48732,1,1,0.92694753
44952,1,1,0.9918858
69085,1,1,0.7280184
54647,1,1,0.97647756
90241,1,1,0.9956943
4700,1,1,0.9301115
82124,1,1,0.99107754
109006,1,1,0.9976998
74100,1,1,0.9995459
24913,1,1,0.9940811
48747,0,1,0.9256062
30557,1,1,0.975447
18068,1,1,0.99787796
28535,1,1,0.9839587
40407,1,1,0.99917597
30122,1,1,0.99983084
67583,1,1,0.98612285
62987,1,1,0.99842477
52946,1,1,0.9541248
88444,1,1,0.9744007
16660,1,1,0.960243
2574,1,1,0.99329114
84948,1,1,0.74062
108247,1,1,0.95596814
81110,1,1,0.9781714
103488,1,1,0.98006654
37509,1,1,0.9964455
110104,1,1,0.9949812
24732,1,1,0.9997936
85916,1,1,0.96676475
17924,1,1,0.99003136
65631,1,1,0.98647344
103673,1,1,0.9976203
62381,1,1,0.9916101
4117,1,1,0.9950866
44506,1,1,0.9681953
36555,1,1,0.9779904
21256,1,1,0.9303891
91117,1,1,0.95541775
100640,1,1,0.9751373
19535,1,1,0.9286886
13708,1,1,0.99342716
78418,1,1,0.89842707
90715,1,1,0.97540545
91700,0,1,0.65393984
105553,1,1,0.96315897
59083,1,1,0.9961976
42019,1,1,0.8152446
37796,1,1,0.99096984
103802,1,1,0.98119915
16046,1,1,0.9807757
40133,1,1,0.9937358
90743,1,1,0.78621536
92828,0,1,0.990651
16808,1,1,0.99906284
33312,1,1,0.99740183
37505,1,1,0.99592775
109666,1,1,0.977687
17866,1,1,0.9696954
83404,1,1,0.9631707
8701,1,1,0.9578053
59447,1,1,0.9986792
89823,1,1,0.97613156
54453,1,1,0.945971
45230,1,1,0.983946
49931,1,1,0.8061357
78274,1,1,0.9571667
6647,1,1,0.7730809
69372,1,1,0.9763945
41055,1,1,0.99971277
93144,1,1,0.770967
49975,1,1,0.9888658
89490,1,1,0.91342026
6173,1,1,0.9954572
76976,1,1,0.98781836
100843,1,1,0.9260605
98817,1,1,0.9828441
3074,1,1,0.9994216
64855,1,1,0.9793052
59341,1,1,0.98995507
27530,1,1,0.9841681
113311,1,1,0.9108174
53569,1,1,0.987017
20649,1,1,0.9818501
43069,1,1,0.9991738
32021,1,1,0.98908186
27559,0,1,0.94586277
21794,1,1,0.9666517
89939,1,1,0.8307483
51762,1,1,0.9734134
11682,1,1,0.98810065
63517,1,1,0.9913139
41284,1,1,0.9450902
110025,0,1,0.92618525
62054,1,1,0.9653917
111711,1,1,0.98309845
73247,1,1,0.9759956
18703,1,1,0.7158118
51191,1,1,0.9971499
105540,1,1,0.9840343
49443,1,1,0.99337524
86242,1,1,0.7454463
43972,1,1,0.9972389
62838,1,1,0.996265
82960,1,1,0.9937091
21493,1,1,0.8612341
85065,1,1,0.99284726
105929,1,1,0.9933555
47578,1,1,0.9742081
87600,1,1,0.7336898
8644,1,0,0.4212502
106474,1,1,0.99851567
30751,1,1,0.99185234
21984,1,1,0.9668601
48654,1,1,0.5123153
40687,1,1,0.97125465
54478,1,1,0.99423546
16198,1,1,0.9982255
6422,1,1,0.9255004
41200,1,1,0.9814734
18346,1,1,0.9416922
26491,1,1,0.9915862
104248,1,1,0.9987056
99694,1,1,0.99449795
57880,1,1,0.8855936
75870,1,1,0.99611276
100817,0,0,0.4328312
64885,1,1,0.9884241
102117,1,1,0.98264164
64823,1,1,0.8981066
47282,1,1,0.97816694
91157,1,1,0.996378
74535,1,1,0.9839246
24739,1,1,0.9131562
25305,1,1,0.99489
88466,1,1,0.9102529
73764,1,1,0.8321256
17303,1,1,0.9977003
39407,1,1,0.9951768
74612,1,1,0.90934
46693,1,1,0.9478727
56604,1,1,0.99104697
54976,1,1,0.9995702
85802,1,1,0.99673164
31861,1,1,0.9415368
64127,1,1,0.99961084
49593,0,1,0.81416047
56047,1,1,0.9948431
73872,1,1,0.8671811
45911,1,1,0.93804014
16725,1,1,0.85897875
47511,1,1,0.95220596
86904,1,1,0.9159537
53288,1,1,0.9881522
27246,1,1,0.9625695
49829,1,1,0.99770135
109349,1,1,0.93892884
94920,1,1,0.999861
31290,1,1,0.99979633
6614,1,1,0.9981153
21928,1,1,0.99747354
29395,1,1,0.9995838
89870,1,1,0.99492705
94521,1,1,0.97838485
44043,1,1,0.98136157
51252,1,1,0.9983311
110080,1,1,0.9956045
66819,1,1,0.98549694
75484,1,1,0.9883759
5968,1,1,0.9990957
96455,1,1,0.64236593
67081,1,1,0.98934644
93717,0,1,0.97286135
85329,1,1,0.99434495
36198,1,1,0.97580826
97238,1,1,0.9980629
19284,1,1,0.9689848
109865,1,1,0.99041665
75903,1,1,0.992657
82024,1,1,0.998415
62708,1,1,0.9940743
90630,1,1,0.9940859
49447,1,1,0.99036646
35637,1,1,0.9892902
5251,1,1,0.9554582
77878,1,1,0.97461164
74577,1,1,0.98737216
101959,1,1,0.9977882
21299,1,1,0.9751795
29656,1,1,0.66349494
13393,1,1,0.99055487
87802,1,1,0.9247568
8928,1,1,0.99175256
75689,1,1,0.9454751
29781,1,1,0.9620248
9565,1,1,0.9780853
53037,1,1,0.98471385
100855,0,1,0.9980136
51082,1,1,0.99246573
85095,1,1,0.99957997
112425,1,1,0.99353194
3581,1,1,0.9956279
64100,1,1,0.9942451
89778,1,1,0.97500527
8604,1,1,0.99716455
41045,1,1,0.99659806
8942,1,1,0.99314415
100165,0,1,0.92868406
96177,1,1,0.9772808
65690,1,1,0.98006755
83442,1,1,0.999782
23569,1,1,0.99793786
5499,1,1,0.99288213
49302,1,1,0.99579394
47329,1,1,0.99737096
64314,0,1,0.8659666
76734,1,1,0.98917353
88260,0,1,0.94715446
67343,1,1,0.81961477
75504,1,1,0.994822
85155,1,1,0.97640455
86050,1,1,0.9963988
44974,1,1,0.9956949
102826,1,1,0.97509027
76550,1,1,0.9973653
88687,1,1,0.99835604
26699,1,1,0.9836314
22258,1,1,0.9969965
102354,1,1,0.99519217
86798,1,1,0.9198129
65418,1,1,0.83568054
47170,1,1,0.99749726
62821,1,0,0.38630053
39130,1,1,0.9136351
108730,1,1,0.99754804
90610,1,1,0.57196915
35564,1,1,0.99208343
53174,1,1,0.9948938
20455,1,1,0.7721617
107999,1,1,0.9970071
25261,1,1,0.91842175
100779,1,1,0.99920577
66359,1,1,0.9954726
2390,1,1,0.9953827
106533,1,1,0.99922025
76612,1,1,0.9971271
50894,1,1,0.85466194
23038,0,0,0.14449444
7775,1,1,0.9992169
94229,1,1,0.9785138
96279,1,1,0.93012834
61062,1,1,0.989786
46864,1,1,0.97278744
68040,1,1,0.99923384
411,1,1,0.9511065
75281,1,1,0.997489
4108,1,1,0.9939466
78411,1,1,0.99755365
73687,1,1,0.9465193
11113,1,1,0.83692414
62609,1,1,0.9687573
60768,1,1,0.99847144
59390,1,1,0.99910057
56939,1,1,0.96352404
100542,1,1,0.98992926
113491,1,1,0.9859612
48403,1,1,0.81536245
92521,1,1,0.9985971
46798,1,1,0.97466
88283,0,1,0.9987
67399,1,1,0.83103234
31847,1,1,0.9872433
40036,1,1,0.98709947
100559,1,1,0.9873383
103482,1,1,0.986747
66527,1,1,0.99987555
59806,1,1,0.90796894
110969,1,1,0.5296408
44218,1,1,0.9218647
29059,1,1,0.8524011
15633,1,1,0.99450606
22429,1,1,0.9837106
27076,1,1,0.9956801
27026,1,1,0.9987728
40996,1,1,0.9047447
111473,1,1,0.9785404
3598,1,1,0.9172237
76609,1,1,0.99641466
50827,1,1,0.6182164
53137,1,1,0.99418324
101610,1,1,0.9919986
105266,1,1,0.9933153
39134,0,1,0.9612247
99259,1,1,0.95182955
46291,1,1,0.9957841
63727,1,1,0.98850936
34624,1,1,0.99424404
6023,1,1,0.9581972
4095,1,1,0.99867344
83808,1,1,0.90305066
93877,1,1,0.968042
11783,1,1,0.99577916
53696,1,1,0.9914915
50508,1,1,0.9948177
103275,1,1,0.9923861
34528,1,1,0.9954064
62798,1,1,0.99598795
36710,1,1,0.9919602
22026,1,1,0.9730992
84608,1,1,0.95100117
15488,1,1,0.97706395
24925,1,1,0.9719686
113816,0,0,0.046898086
4527,1,1,0.98358595
38778,1,1,0.99431664
113821,1,1,0.9972428
12092,1,1,0.990379
83238,1,1,0.98992574
71293,1,1,0.9857328
90072,1,1,0.96287996
70095,1,1,0.9810384
43044,1,1,0.9966719
103760,1,1,0.99392724
11439,1,1,0.9931496
68681,1,1,0.9985096
103882,1,1,0.998099
104008,1,1,0.893844
49422,1,1,0.99916697
41754,1,1,0.99532664
98931,1,1,0.99917054
56197,1,1,0.9805931
67893,1,1,0.99798846
17367,1,1,0.96766776
48825,1,1,0.99096
88863,1,1,0.99450964
81989,1,1,0.9993327
113102,1,1,0.99763906
109810,1,1,0.99467987
52015,1,1,0.91979736
34789,1,1,0.95085096
3912,1,1,0.9984073
37435,1,1,0.9012471
59539,1,1,0.9989372
100970,0,1,0.8229721
4260,1,1,0.9886276
57081,1,1,0.98642784
89221,1,1,0.97770303
102653,1,1,0.9890388
106299,1,1,0.9761202
37836,1,1,0.9980446
97885,1,1,0.9572367
93116,1,1,0.9680944
96201,1,1,0.9967642
112813,1,1,0.99182266
56958,1,1,0.9254501
109637,1,1,0.99360657
40676,1,1,0.98560864
54924,1,1,0.980472
48806,1,1,0.9947642
112703,1,1,0.97402227
71267,1,1,0.99829954
104295,1,1,0.9769403
88749,1,1,0.6874456
9374,1,1,0.9955375
36329,1,1,0.96426034
10063,1,1,0.98646843
112427,1,1,0.6884403
49696,1,1,0.9820618
71107,1,1,0.9316656
98276,1,1,0.9437576
102612,1,1,0.89701396
45392,1,1,0.99719316
15672,1,1,0.9952873
15138,0,0,0.2396106
31989,1,1,0.9905839
58266,1,1,0.6273519
111125,1,1,0.9891192
28725,0,1,0.73587793
52519,1,1,0.8713822
81426,1,1,0.9842576
7833,0,1,0.9362574
56762,1,1,0.9857227
95390,1,1,0.8997389
97565,1,1,0.90830094
12361,1,1,0.97862405
90757,1,1,0.96765614
92503,1,1,0.74442047
97553,0,1,0.8991893
17552,1,1,0.9891676
62878,1,1,0.99577147
51047,1,1,0.9919661
40035,1,1,0.98497623
62048,1,1,0.98925984
70281,1,1,0.96302515
33089,1,1,0.9748106
77103,1,1,0.9676793
44299,1,1,0.97274786
27251,1,1,0.9893805
76116,1,1,0.91746086
44226,1,1,0.9965327
76938,0,1,0.7795359
32060,1,1,0.9978527
91658,1,1,0.9299348
68298,1,1,0.98527795
79035,1,1,0.9965969
79645,1,1,0.9510317
51776,1,1,0.900635
19980,1,1,0.9871859
104142,1,1,0.9969516
66106,1,1,0.99711823
50306,1,1,0.9834479
43575,1,1,0.9820067
54594,1,1,0.9834299
72682,1,1,0.98426396
94830,1,1,0.9994943
73685,1,1,0.9152999
99954,1,1,0.99107647
61394,1,1,0.9982231
89126,1,1,0.9938352
85359,1,1,0.9406977
11965,1,1,0.8919787
10631,1,1,0.9907939
17961,1,1,0.98400533
29558,1,1,0.92937744
61612,1,1,0.9587366
40795,1,1,0.99919826
41822,1,1,0.9851324
39755,1,1,0.9856309
21880,1,1,0.8684186
32875,1,1,0.9988661
56403,1,1,0.986942
36236,1,1,0.9678752
53681,1,1,0.99968314
72194,1,1,0.9499975
77521,1,1,0.9940923
9285,0,1,0.85013545
113506,1,1,0.9865225
55770,1,1,0.9879125
74327,1,1,0.9153867
85072,1,1,0.979749
67266,1,1,0.738475
32890,1,1,0.98421025
42383,1,1,0.994371
12208,1,1,0.9959816
665,1,1,0.9979164
25997,1,1,0.99604875
75197,1,1,0.99665797
4656,1,1,0.9634828
77016,0,1,0.8092495
3030,1,1,0.9989987
109922,1,1,0.996718
28642,1,1,0.86084664
2460,1,1,0.9959365
59489,1,1,0.95949185
5412,1,1,0.9941164
35557,1,1,0.9568228
44748,1,1,0.99394107
42883,1,1,0.9993119
29685,1,1,0.99836546
93667,1,1,0.98714465
81497,1,1,0.94825214
33541,1,1,0.9875003
82389,1,1,0.99628806
106578,1,1,0.9971144
48345,1,1,0.9806573
51032,1,1,0.98936045
38803,1,1,0.8855962
74571,0,0,0.15895183
41459,1,1,0.9953048
94219,1,1,0.9467725
33831,1,1,0.9406975
98424,1,1,0.9627748
93902,1,1,0.99606687
89859,1,1,0.98300016
30066,1,1,0.9952178
109464,1,1,0.9997625
57865,1,1,0.98132515
48539,1,1,0.93674797
96382,1,1,0.99048144
103034,1,1,0.8493931
3827,1,1,0.9836947
101654,1,1,0.98734784
108037,1,1,0.9969439
36669,1,1,0.99692434
13211,1,1,0.9210354
63004,1,1,0.9961145
86902,1,1,0.96630114
37725,1,1,0.8604835
23245,1,1,0.9972332
38840,1,1,0.9940322
104282,1,1,0.9176791
6140,1,1,0.9794404
41744,1,1,0.9960051
100852,1,1,0.95404893
67974,1,1,0.99595803
101765,1,1,0.9763362
33334,1,1,0.9971871
69547,1,1,0.96927255
29365,1,1,0.9344403
49181,1,1,0.983889
7853,1,1,0.99782443
28139,0,1,0.69692427
94903,1,1,0.98960835
11998,1,1,0.99778277
89086,1,1,0.9725079
51743,1,1,0.9868997
94655,1,1,0.9978219
34315,1,1,0.98040223
34339,0,1,0.60075897
98814,0,1,0.7828178
4548,1,1,0.97940105
110575,1,1,0.99964726
84555,1,1,0.971694
80149,0,0,0.34792614
22282,1,1,0.98233676
13468,1,1,0.97465026
21051,1,1,0.9900135
36413,1,1,0.94334686
6265,1,1,0.7299484
85500,1,1,0.9921071
64916,1,1,0.9723132
10217,1,1,0.9633399
24561,1,1,0.99754506
71616,1,1,0.9826958
40290,1,1,0.9977527
8774,1,1,0.9798298
57464,1,1,0.9791886
49103,1,1,0.86789715
113531,1,1,0.9913215
82957,1,1,0.9926762
45229,1,1,0.99681324
87558,1,1,0.73272085
28323,1,1,0.9806265
71248,1,1,0.99487585
74853,1,1,0.99808747
35916,1,1,0.9988877
27449,1,1,0.9990947
97488,1,1,0.9968599
41124,1,1,0.99852127
13821,1,1,0.9927142
86587,1,1,0.99632037
46561,1,1,0.9524387
66153,1,1,0.9976624
35390,1,1,0.99699223
15232,1,1,0.9841249
95105,1,1,0.975333
103410,1,1,0.86422306
22237,1,1,0.94758415
25415,1,1,0.9943399
113054,1,1,0.989627
47366,1,1,0.95818675
68624,1,1,0.93477863
84162,1,1,0.9157925
67556,1,1,0.9842403
24734,0,1,0.9701269
56954,1,1,0.999632
38330,1,1,0.98995775
105722,1,1,0.78706896
51725,1,1,0.96654254
16248,1,1,0.95065564
45545,1,1,0.99636686
69073,1,1,0.97696745
100014,1,1,0.99793625
26349,1,1,0.9730786
111078,1,1,0.9967225
79041,1,1,0.9594562
102984,1,1,0.9848316
95045,1,1,0.9267602
113034,1,1,0.9930971
24309,0,1,0.90849197
27323,1,1,0.98126924
105943,1,1,0.9630409
100483,1,1,0.9396185
72100,1,1,0.9971029
15878,1,0,0.48660234
50044,1,1,0.9607541
20447,1,1,0.99042624
57726,1,1,0.9979377
67548,1,1,0.9978364
90911,1,1,0.98771685
101760,1,1,0.99458826
60200,1,1,0.9923751
48025,1,1,0.9997085
110907,1,1,0.9093607
20916,1,1,0.9549406
90672,1,1,0.9944965
74752,1,1,0.9799816
93851,1,1,0.98764193
45886,1,1,0.97662044
54468,1,1,0.99438286
20760,1,1,0.7691772
57874,1,1,0.9812556
103748,1,1,0.9858095
105494,1,1,0.96773607
113386,1,1,0.98851985
23690,1,1,0.9960173
7303,1,1,0.9789933
105466,1,1,0.98939615
15594,1,1,0.9904094
40535,1,1,0.9972435
98972,1,1,0.99793905
27655,0,1,0.83694434
89422,1,1,0.99904233
88697,0,1,0.87016064
18772,1,1,0.92555046
65451,1,1,0.984464
87556,1,1,0.985342
58934,1,1,0.9871996
103763,1,1,0.9741786
12343,1,1,0.9228133
39483,1,1,0.95331925
50277,1,1,0.9992353
51351,1,1,0.9975592
54830,1,1,0.9711844
10420,1,1,0.99932814
53492,1,0,0.22835246
28364,1,1,0.9566476
73866,1,1,0.9412506
9785,1,1,0.59602547
67981,1,0,0.3249606
97074,1,1,0.9817281
86696,1,1,0.9779259
78662,1,1,0.9962107
113219,1,1,0.9994924
20139,1,1,0.99796957
70872,1,1,0.9323997
78020,1,1,0.8806502
51880,1,1,0.97847056
79218,0,1,0.9943979
73812,1,1,0.99231577
97430,1,1,0.9753062
60512,1,1,0.98461676
112996,0,1,0.9824431
72524,1,1,0.99634874
88181,1,1,0.8407402
108418,1,1,0.9656073
79316,1,1,0.9916713
3325,1,1,0.95083535
90971,0,1,0.8141864
55818,1,1,0.99494743
58382,1,1,0.9122676
111643,1,1,0.99405634
24921,1,1,0.99485564
101435,1,1,0.9951035
30538,1,1,0.9963575
32289,1,1,0.9982394
5822,1,1,0.9965976
35768,1,1,0.99343675
34985,1,1,0.989442
100854,1,1,0.9857325
72380,1,1,0.9996076
83028,1,1,0.99007285
101487,1,1,0.99224234
18305,1,1,0.97048247
89414,1,1,0.94571954
82061,1,1,0.98981464
113291,1,1,0.9994523
31859,1,1,0.9552357
8634,1,1,0.98053074
35803,1,1,0.983685
40645,1,1,0.9743705
70828,1,1,0.96566486
56032,1,1,0.98072755
30155,1,1,0.9893829
17638,1,1,0.9054336
8308,1,1,0.8601004
56292,1,1,0.98564506
5431,1,1,0.98485804
67363,1,1,0.9987942
6953,1,1,0.98748815
101556,1,1,0.71991587
85616,1,1,0.9933308
88932,1,0,0.09214035
42413,1,1,0.985148
6906,1,1,0.99944013
6603,1,1,0.9973822
26257,1,1,0.9245487
19031,1,1,0.99831605
10222,1,1,0.9646033
47851,1,1,0.9879941
66890,1,1,0.97537553
36474,1,1,0.99930704
111507,1,1,0.94862205
90333,1,1,0.97487426
43851,1,1,0.99106824
71757,1,1,0.9942742
29425,1,1,0.9844471
23735,1,1,0.9565547
98087,1,1,0.9925793
11071,0,1,0.60264575
57570,1,1,0.58669716
110459,1,1,0.9975574
45822,1,1,0.99913234
102554,1,1,0.9949244
79742,1,1,0.9271224
108554,1,1,0.99942565
88802,1,1,0.96400726
97094,0,1,0.85537344
17870,1,1,0.996968
72990,1,1,0.98741245
26210,1,1,0.899998
12219,1,1,0.99502844
111933,1,1,0.99613935
34260,1,1,0.9953622
103159,1,1,0.9942357
77887,1,1,0.9772093
12900,1,1,0.9864254
83167,1,1,0.99300176
64221,1,1,0.93910784
8533,1,1,0.98934245
75731,1,1,0.9912108
59601,1,1,0.999308
95842,1,1,0.99296206
71552,1,1,0.91436005
52213,1,1,0.98690957
28560,0,1,0.99581134
20110,1,1,0.95570916
59750,1,0,0.46295616
35951,1,1,0.83997
12212,1,1,0.9687853
85034,1,1,0.98913187
14797,1,1,0.9995939
21284,1,1,0.99458236
72461,1,1,0.9928356
84143,1,1,0.985269
35240,1,1,0.9255177
2878,1,1,0.9693512
3130,1,1,0.99674004
106648,1,1,0.95347995
41372,1,1,0.97815084
28405,1,1,0.8901114
24814,1,1,0.9989096
106166,1,1,0.998747
95926,1,1,0.9979377
49116,1,1,0.9907884
67908,1,1,0.9972199
3040,1,1,0.9934057
100785,1,1,0.719597
37940,0,1,0.9655559
33855,1,1,0.9108779
44605,1,1,0.9909133
51239,0,1,0.96025485
29290,1,1,0.9908907
16837,1,1,0.9760454
23496,1,1,0.9327102
13592,1,1,0.9539861
10254,1,1,0.98418
14303,1,1,0.9700294
94896,1,1,0.9989343
79105,1,1,0.96300226
112263,1,1,0.98953176
4695,0,1,0.6427985
10351,1,1,0.6967629
61199,1,1,0.999206
16705,1,1,0.99862087
47364,1,1,0.9925402
76448,1,1,0.8772232
91057,1,1,0.9672696
109794,1,1,0.9829942
85703,1,1,0.89482206
76118,1,1,0.9844886
42175,1,1,0.97231865
37499,1,1,0.99150956
104926,1,1,0.9992205
26447,1,1,0.97009426
13014,1,1,0.9700013
86368,0,0,0.38852355
37291,1,1,0.9871466
45835,1,1,0.98687077
65630,1,1,0.9951256
28397,1,1,0.98840326
113443,1,1,0.9839612
94477,1,1,0.9991467
63551,1,1,0.94844157
96684,1,1,0.98329425
60128,1,1,0.99341834
95214,1,1,0.9823858
10140,1,1,0.97691023
76466,1,1,0.9935621
44612,1,1,0.9794175
106481,1,1,0.8370755
14136,1,1,0.990889
42889,1,1,0.9956599
82269,1,1,0.99549377
78021,1,1,0.9141811
110442,1,1,0.99151796
60570,1,1,0.9910262
13376,1,1,0.9992686
58078,1,0,0.34760636
75534,1,0,0.028802928
14664,1,1,0.97060174
57727,0,0,0.22867456
111426,1,1,0.9873634
107613,1,1,0.9923022
9983,1,1,0.99430025
66750,1,1,0.99796057
80637,1,1,0.9998323
39614,1,1,0.93721664
60056,1,1,0.99606884
24578,1,1,0.9986218
10421,1,1,0.99859077
84804,0,1,0.7295174
45887,1,1,0.9857429
52837,1,1,0.978156
85812,1,1,0.9964624
84093,1,1,0.96068794
44234,1,1,0.9988631
11144,1,1,0.9330997
65942,1,1,0.95966935
113514,1,1,0.9961229
59251,1,1,0.9984035
27374,1,1,0.9974304
17943,1,1,0.9938839
89836,1,1,0.98341745
176,1,1,0.9949221
1234,1,1,0.9926845
54627,1,1,0.9951658
41815,0,1,0.88409984
74816,1,1,0.9452824
62312,1,0,0.44936764
97227,1,1,0.99927026
70939,1,1,0.9980603
68973,1,1,0.99191964
113184,1,1,0.98944783
18775,1,1,0.98704356
96674,1,1,0.89607835
62091,1,1,0.95491266
107073,1,1,0.98907113
3489,1,1,0.99453694
78323,1,1,0.98071986
97045,1,1,0.98369676
85207,1,1,0.9982553
120,1,1,0.98991895
16378,1,1,0.96561104
58935,1,1,0.98083216
30903,1,1,0.9990094
16107,1,1,0.9990934
13689,1,1,0.9931619
72019,1,1,0.9947497
82822,1,1,0.99960464
113871,1,1,0.8503666
45152,1,1,0.8204494
87615,0,1,0.9996468
57417,1,1,0.9621403
6042,1,1,0.99704427
86118,1,1,0.98293513
110577,1,1,0.96171397
46543,1,1,0.9565749
100545,0,1,0.5831384
70384,1,1,0.98207206
28067,1,1,0.9827702
65380,1,1,0.9700935
81865,1,1,0.98249567
54135,1,1,0.91540974
110026,1,1,0.9970009
13640,1,1,0.7231827
91043,1,1,0.99636
39219,1,1,0.8698243
75244,1,1,0.67765576
43571,1,1,0.9670506
82635,1,1,0.97857577
83072,1,1,0.98883456
60035,1,1,0.6966921
27930,1,1,0.69310325
55424,1,1,0.997733
418,1,1,0.98997015
108429,1,1,0.9984101
23587,0,1,0.6929261
36510,1,1,0.99933535
60625,1,1,0.9955903
91435,1,1,0.96939576
45244,1,1,0.9993901
79780,1,1,0.99419326
55113,1,1,0.99110377
70673,1,1,0.99109393
91287,1,1,0.97003424
65112,1,1,0.8201508
87886,1,1,0.9946367
20931,1,1,0.7001281
58133,1,1,0.99323905
82370,1,1,0.9978648
40376,1,1,0.9667642
85239,1,1,0.9867982
25281,1,1,0.9597942
7280,1,1,0.9443126
45462,1,1,0.9967885
56622,1,1,0.9985532
39741,1,1,0.95557564
62481,1,1,0.97226036
36156,1,1,0.8971037
73307,1,0,0.44136527
68899,1,1,0.9238284
51616,0,1,0.9771243
18698,1,1,0.95567584
45381,1,1,0.8893654
61177,1,1,0.9150742
63955,1,1,0.96366704
41011,1,1,0.9204131
94118,1,1,0.9831927
84294,1,1,0.99053603
80020,1,1,0.98924154
41832,1,1,0.9768108
46819,1,1,0.9898717
36560,1,0,0.06818876
94860,1,1,0.9771666
101780,0,1,0.9734283
59455,1,1,0.97724086
37719,1,1,0.98393226
103273,1,1,0.96865875
93039,1,1,0.9328423
79238,1,1,0.9906935
41604,1,1,0.9938525
19458,1,1,0.9866311
34161,0,0,0.33890188
44656,1,1,0.9829276
51791,1,1,0.9969586
70489,1,1,0.7957926
38532,1,1,0.98798907
45005,1,1,0.9964966
94164,1,1,0.94817084
105829,1,1,0.9815136
16497,1,1,0.9275528
48012,0,1,0.86787707
44404,1,1,0.96446455
104059,1,1,0.9838218
38654,1,1,0.9727394
15134,1,1,0.9590136
39643,1,1,0.99447304
15965,1,1,0.9817153
110393,1,1,0.9887503
29610,1,1,0.9934754
99895,1,1,0.97856164
105854,1,1,0.9937265
41373,1,1,0.6084354
34288,1,1,0.9980724
85741,1,1,0.9951532
107572,1,1,0.9822828
80397,1,1,0.9784252
41693,1,1,0.898641
55330,1,1,0.9503503
30168,1,1,0.8837415
21655,1,1,0.99409
77545,1,1,0.99719656
82536,1,1,0.99630606
98941,1,1,0.98453325
89048,1,1,0.9079476
4818,1,1,0.99724495
95771,1,1,0.9945345
25521,1,1,0.9826837
30252,1,1,0.9909232
98742,1,1,0.9924224
53204,0,1,0.7886452
39984,1,1,0.98444694
86386,1,1,0.8705494
57214,1,1,0.94990754
16653,1,1,0.96761423
64404,1,1,0.9496642
76332,1,1,0.88496286
73527,1,1,0.9370222
8073,1,1,0.9985285
63340,1,1,0.997561
72650,1,1,0.9826431
94373,1,1,0.9960842
33500,0,1,0.7164307
111304,1,1,0.99397933
41736,1,1,0.98590314
30325,1,0,0.44274938
96806,1,1,0.9984189
82909,1,1,0.99655044
16490,1,1,0.99016917
37438,1,1,0.94747764
32497,1,1,0.9976889
19331,1,1,0.95372504
97717,1,1,0.9656709
49469,1,1,0.96593994
100208,1,1,0.9967667
93003,1,1,0.99324965
58333,1,1,0.99913687
103450,1,1,0.99984336
41591,1,1,0.9852856
84958,1,1,0.99241817
3099,1,1,0.9600963
55399,1,1,0.9995567
49229,1,1,0.99205387
71101,1,1,0.94702125
36862,1,1,0.9960924
6920,1,1,0.9986696
61026,1,1,0.9992618
8161,1,1,0.9922218
82201,1,1,0.9620502
86963,1,1,0.9645851
36212,1,1,0.98654616
4523,1,1,0.9847965
18710,1,1,0.9898342
39183,1,1,0.9566052
25312,1,1,0.5154105
110046,1,1,0.7721916
24081,1,1,0.57430834
46709,1,1,0.9644048
56740,1,1,0.99977404
21828,1,1,0.9963092
93645,1,1,0.98168415
11776,0,1,0.9902615
28554,1,1,0.9873568
36984,1,1,0.99640524
110970,1,1,0.979802
102619,1,1,0.9423057
8501,1,1,0.96264565
46954,1,1,0.9590476
75420,1,1,0.99842274
55956,1,1,0.99265724
84742,1,1,0.954557
3052,1,1,0.99804544
28213,1,1,0.9600111
5995,1,1,0.98610294
58361,1,1,0.99795157
67102,1,1,0.98881733
112454,0,0,0.47681928
101805,1,1,0.99961424
13410,1,1,0.9487081
5418,1,1,0.9720747
16999,1,1,0.9761178
42892,1,1,0.99722856
106652,1,1,0.9980229
70809,1,1,0.99602205
50757,1,1,0.9990305
57735,1,1,0.9946248
73882,1,1,0.9644779
89588,1,1,0.91571444
107089,1,1,0.99660814
22650,1,1,0.9837066
61624,1,1,0.9992817
77154,1,1,0.97583914
8449,1,1,0.9741122
38242,1,1,0.99322236
27842,1,1,0.99846256
67545,1,1,0.9972698
42707,1,1,0.9983663
42427,1,1,0.99080896
37374,1,1,0.993422
101426,1,1,0.9930576
81462,1,1,0.98473686
3377,1,1,0.997928
112900,1,1,0.99415576
43324,1,1,0.87159973
43300,1,1,0.9907257
93023,1,1,0.9938763
46229,0,1,0.8779052
65756,1,1,0.99518716
54556,1,1,0.9719143
44354,1,1,0.998771
77816,1,1,0.9944291
32322,0,1,0.9777363
16023,1,1,0.9996748
19995,1,1,0.87630594
14545,1,1,0.99576974
20141,1,1,0.94342375
24386,1,1,0.987212
61651,1,1,0.9920283
3619,1,1,0.9913543
15727,1,1,0.9896311
85060,1,1,0.88586855
49013,1,1,0.9568378
103525,1,1,0.9979721
49423,1,1,0.98618364
3570,1,1,0.98640686
106074,1,1,0.716913
93737,1,1,0.9986975
5026,1,1,0.9924368
50426,1,1,0.9782558
41127,1,1,0.9917092
105456,1,1,0.9988991
36576,1,1,0.9945247
23851,1,1,0.9798947
19408,1,1,0.9700179
18699,0,1,0.9551262
1315,1,1,0.9883074
38629,1,1,0.6391687
80328,1,1,0.9976387
5420,1,1,0.99761486
33538,1,1,0.991135
63492,1,1,0.95017093
6968,1,1,0.8509979
12617,1,1,0.9219801
49189,1,1,0.9947726
35966,1,1,0.9085417
20266,1,1,0.8937406
87777,1,1,0.9997929
63687,1,1,0.9987293
10266,1,1,0.8219815
37249,1,1,0.9981895
111026,1,1,0.99416333
106089,1,1,0.99979836
9607,1,1,0.99911875
87798,1,1,0.95904607
60737,1,1,0.9798866
12927,1,1,0.9972677
89610,1,1,0.99753714
59983,1,1,0.9807751
68163,1,1,0.9952502
10324,1,1,0.9895223
40094,1,1,0.9878106
36911,1,1,0.9972608
89676,1,1,0.9437897
8512,1,1,0.99087346
73625,1,1,0.9821993
67271,1,1,0.9987307
72994,1,1,0.99897194
110618,1,1,0.98998487
105652,1,1,0.92454565
23984,1,1,0.9948597
67493,1,1,0.9973527
78936,1,1,0.98917073
43579,1,1,0.892283
50223,1,1,0.8526131
71670,1,1,0.98919606
49934,1,1,0.99555165
100418,1,1,0.9959072
59435,1,1,0.9750965
101413,1,1,0.99871266
82190,1,1,0.9455624
113662,1,1,0.99724424
53120,1,1,0.8964277
27463,1,1,0.99297357
72106,1,1,0.9912429
78156,1,1,0.98159367
81968,1,1,0.97732955
66556,1,1,0.9994469
62939,1,1,0.99303985
63770,1,1,0.96903485
112989,1,1,0.7816551
981,1,1,0.99726284
63823,1,1,0.96392816
113877,1,1,0.98067826
77680,1,1,0.86557925
41324,1,1,0.96262765
89602,1,1,0.9859983
68133,1,1,0.9833723
39194,1,1,0.99557316
78029,1,1,0.95749503
73346,1,1,0.99673635
47333,1,1,0.9987143
103668,1,1,0.9954389
102980,1,1,0.940153
79243,1,1,0.8147136
85130,1,0,0.3401676
100868,1,1,0.9910313
45127,1,1,0.9946747
55650,1,1,0.99051076
65813,1,1,0.99972326
19304,1,1,0.51312697
95289,1,1,0.9945627
72165,1,1,0.98330873
33915,1,1,0.996745
13426,1,1,0.99520785
54659,1,1,0.9123914
112220,1,1,0.95493865
49429,1,1,0.9957064
110931,1,1,0.9715533
76100,1,1,0.9572282
17204,1,1,0.9209402
86177,1,1,0.9901944
33670,1,1,0.98649305
39452,1,1,0.9957218
29032,1,1,0.98322624
95956,1,1,0.9964953
41151,1,1,0.9919193
80950,1,1,0.98120797
109508,0,1,0.51667315
32208,1,1,0.88749856
92400,1,1,0.99851197
15382,1,1,0.99905866
111353,1,1,0.9987458
44499,1,1,0.88573825
62728,1,1,0.9959317
3930,1,1,0.99266243
58380,1,1,0.98851484
23034,1,1,0.99574643
65013,1,1,0.8771073
5887,1,1,0.9546671
42686,1,1,0.93893653
92749,1,1,0.9937449
84926,1,1,0.81432843
8814,1,1,0.9857282
16331,0,1,0.916665
30916,1,1,0.9387353
71947,1,1,0.9920813
83650,1,1,0.9865238
103217,1,1,0.9801537
88546,1,1,0.9577673
111472,1,1,0.9997831
103263,1,1,0.9975631
22525,1,1,0.9880713
36759,1,1,0.700074
69673,1,1,0.98929846
93125,1,1,0.9888853
84665,1,1,0.89987975
84031,1,1,0.79359996
16903,1,1,0.9765528
96350,1,1,0.9779774
78491,1,1,0.98694986
94357,1,1,0.98605263
99897,1,1,0.93879956
13671,1,1,0.9909162
79417,1,1,0.9137079
57947,0,1,0.9934369
36931,1,1,0.99761605
92502,1,1,0.9928691
44925,1,1,0.98463804
101127,1,1,0.99807465
15105,1,1,0.7671596
91162,1,1,0.94261193
76629,1,1,0.9931687
94392,1,1,0.99940836
106067,1,1,0.99682236
73553,1,1,0.9963743
59837,0,1,0.6926603
2246,1,1,0.98031014
22181,1,1,0.9435303
7352,0,1,0.5730198
74690,0,1,0.6441316
72328,1,1,0.9882146
79894,1,1,0.9830457
50955,1,1,0.96278244
74458,1,1,0.9675867
93996,1,1,0.53188324
22179,1,1,0.99298465
79141,1,1,0.90908545
32823,1,1,0.9745823
64291,1,1,0.9715765
53601,1,1,0.99506444
10718,1,1,0.9918854
106874,1,1,0.9980792
33104,1,1,0.9976599
54905,1,1,0.9946616
99990,1,1,0.99308854
81298,1,1,0.9869092
69115,1,1,0.9956591
6995,1,1,0.9193637
79563,1,1,0.91751516
51065,1,1,0.99997437
97376,1,1,0.98797786
48632,1,1,0.9910416
45488,1,1,0.9959895
57745,1,1,0.9888593
74260,1,1,0.94225514
66464,1,1,0.9727039
48450,1,1,0.99940217
63176,1,1,0.88157475
97202,1,1,0.978639
16754,1,1,0.97749925
43722,1,1,0.9967687
55305,1,1,0.9961951
20133,1,1,0.88555354
49630,1,1,0.98786527
37290,1,1,0.9563324
63110,1,1,0.9926553
95168,1,1,0.9882046
46538,1,1,0.9969476
46975,1,1,0.99495596
25685,1,1,0.99360317
54031,1,1,0.99721515
51403,1,1,0.7789274
71505,1,1,0.96382904
61065,1,1,0.99877566
49454,1,1,0.9568872
3537,1,1,0.99846375
113176,0,0,0.4425668
34497,1,1,0.99398935
67146,0,1,0.806038
94329,1,0,0.43056694
30994,1,1,0.7533383
28306,1,1,0.99803656
80713,1,1,0.9701176
5398,1,1,0.9941234
110602,1,1,0.8834757
44466,1,1,0.99069744
91889,1,1,0.9922794
83528,1,1,0.99772507
1814,1,1,0.8850761
72292,0,1,0.95851195
79866,1,1,0.99174553
6251,1,1,0.9808224
44464,1,1,0.83924425
268,1,1,0.99855894
49251,1,1,0.9270771
32309,1,1,0.9946497
55933,1,1,0.9389692
51341,1,1,0.9647916
6022,1,1,0.9772044
35220,1,1,0.9302707
33212,1,1,0.9650998
98218,1,1,0.99245715
101003,1,1,0.99960214
41361,1,1,0.9062555
21586,1,1,0.99925953
53664,1,1,0.9946207
72071,1,1,0.8655135
65048,1,1,0.86029416
58024,1,1,0.9781098
35537,1,1,0.95072407
105701,1,1,0.94691616
24789,1,1,0.91036487
58490,1,1,0.94671255
87789,1,1,0.9819295
59220,1,1,0.9818471
67185,1,1,0.98409396
2934,1,1,0.9896254
77008,1,1,0.8198372
39832,1,1,0.99514186
45237,1,1,0.9499113
14483,1,1,0.999181
6157,1,1,0.9923429
58120,1,1,0.99906045
55041,1,1,0.99815243
91313,1,1,0.9878588
101340,1,1,0.8769539
6086,1,1,0.9916612
41546,1,1,0.9939845
84719,1,1,0.8736759
37085,1,1,0.992634
14292,1,1,0.80607057
60665,1,1,0.99270153
11404,1,1,0.99895954
9422,1,1,0.9932234
82504,1,1,0.9570743
85974,1,1,0.9947237
100863,1,1,0.990927
92994,1,1,0.99992657
78004,1,1,0.9915105
96617,1,1,0.9994485
102762,1,1,0.99352056
25654,1,1,0.99197537
16274,1,1,0.9983512
18196,1,1,0.9839279
70596,1,1,0.9818989
6776,1,1,0.9521129
69376,1,1,0.9851362
84675,1,1,0.99773896
111614,1,1,0.9970192
8321,1,1,0.99549425
42852,1,1,0.84428126
107589,1,1,0.9981988
111342,1,1,0.9800094
25949,1,1,0.99905545
78658,1,0,0.49591613
95325,1,1,0.9906963
94954,1,1,0.97549045
91545,1,1,0.963018
109851,1,1,0.9991697
48925,1,1,0.9952435
97822,1,1,0.85482794
98143,1,1,0.97062445
36620,1,1,0.9894136
113456,1,1,0.9993106
49108,1,1,0.9936069
23172,1,1,0.9665823
57113,0,0,0.09604444
71521,1,0,0.2066668
80021,1,1,0.9935735
32944,1,1,0.9753749
7756,1,1,0.991896
53480,1,1,0.9977883
70153,1,1,0.97777027
54433,1,1,0.9998405
54299,1,1,0.9982765
9835,1,1,0.9951649
68088,1,1,0.9871293
10643,1,1,0.93971
51796,1,1,0.9818441
51867,1,1,0.99221003
52942,1,1,0.9581185
63559,1,1,0.97475475
13892,0,1,0.9850803
8263,1,1,0.9994417
62596,1,1,0.9885831
69979,1,1,0.99206984
100826,1,1,0.978182
109887,1,1,0.99894506
43909,1,1,0.995148
837,1,1,0.9830419
41985,1,1,0.888791
5648,1,1,0.94173586
54087,1,1,0.81627697
762,1,1,0.9978271
4562,0,1,0.9505026
86005,1,1,0.99771154
77098,1,1,0.9995604
26894,1,1,0.7573933
89161,1,1,0.99273515
56466,1,1,0.9293817
78410,1,1,0.99080867
98465,1,1,0.9698121
6998,1,1,0.95917183
71802,1,1,0.9499667
50214,1,1,0.99602807
30471,1,1,0.99784124
74739,1,1,0.99941206
12732,1,1,0.99069375
41807,1,1,0.99443346
15572,1,1,0.9986909
84145,1,1,0.93887156
106999,1,1,0.9948879
50134,1,1,0.98962575
6018,1,1,0.97544515
28467,0,0,0.49711248
90780,1,1,0.99044704
39123,1,1,0.9970662
108309,1,0,0.39509776
27423,1,1,0.97647446
71027,1,1,0.82570904
84463,1,1,0.9877703
57657,1,1,0.9955129
12856,1,1,0.9981805
62572,1,1,0.68975097
3868,1,1,0.99861884
19760,1,1,0.99849486
90678,1,1,0.996734
72283,0,1,0.9975159
27544,1,1,0.9927267
40952,0,1,0.7632927
58065,0,1,0.8194708
26142,1,1,0.99328774
80191,1,1,0.9018124
65204,1,1,0.9816985
16533,1,1,0.9482002
51259,1,1,0.9783788
36691,1,1,0.9612453
21485,1,1,0.93181485
51674,1,1,0.98983115
65875,1,1,0.92667514
81124,1,1,0.997051
593,1,1,0.99963045
90465,1,1,0.9457079
26320,1,1,0.99354327
54311,1,1,0.9976554
52061,1,1,0.9974322
39479,1,1,0.9788062
71799,1,1,0.93836385
104834,1,1,0.97678167
84799,0,1,0.94069993
78283,1,1,0.9961033
17548,1,1,0.99685425
106673,1,1,0.9986388
31688,1,1,0.89157885
65525,1,1,0.9906624
9780,1,1,0.9868939
57211,1,1,0.9967776
12429,1,1,0.99873334
91818,1,1,0.98631454
106749,1,1,0.9719519
113429,1,1,0.94410235
15214,1,1,0.9490517
88919,0,0,0.22901568
70325,1,1,0.99752253
100845,1,1,0.987748
10770,1,1,0.9873712
55608,1,1,0.9947674
76830,1,1,0.97975326
20362,1,1,0.9896668
43101,1,1,0.8493655
37896,0,1,0.7326973
96669,1,0,0.38952827
109209,1,1,0.9924468
107256,1,1,0.91287667
84868,1,1,0.97648627
108327,1,1,0.9528528
32290,1,1,0.9954026
24825,1,1,0.9228038
3037,1,1,0.99372166
8963,1,1,0.99579334
35782,1,1,0.97693676
13298,1,1,0.78994244
49200,1,1,0.9989673
33981,1,1,0.933813
72531,1,1,0.9737447
13872,1,1,0.9897467
82071,1,1,0.9796739
3777,1,1,0.97654027
45305,1,1,0.99652666
94097,1,1,0.99594706
39661,1,1,0.98215175
70205,1,1,0.98684233
7479,1,1,0.999884
39315,1,1,0.9559263
84320,1,1,0.9662594
81331,1,1,0.9930609
21573,1,1,0.9778023
45856,1,1,0.9413686
94188,1,1,0.9846506
21160,1,1,0.9327045
52238,1,1,0.9863305
97854,1,1,0.9992053
68548,1,1,0.94861305
108376,1,1,0.9996991
36058,0,1,0.96099555
30679,1,1,0.987421
67181,1,1,0.9050759
46026,1,1,0.9985495
46288,1,1,0.9712395
107523,1,1,0.95218426
20838,1,1,0.9926819
80210,1,1,0.997663
9444,1,1,0.99502856
104777,1,1,0.98826224
71080,1,1,0.99520665
49050,1,1,0.98493356
95894,1,1,0.9999542
100671,0,1,0.89800173
67027,1,1,0.97056466
60473,1,1,0.99494016
106134,1,1,0.9858641
57963,1,1,0.9995347
11130,1,1,0.9926001
13425,1,1,0.9878705
109976,1,1,0.98885393
10792,1,1,0.99682885
43226,1,1,0.9801103
58113,1,1,0.9492854
68934,1,1,0.9557732
72646,1,1,0.9922259
82613,1,1,0.893597
95624,1,1,0.9939997
77537,1,1,0.98771626
44518,1,1,0.99798906
41725,1,1,0.9864183
69769,0,1,0.52826285
46612,1,1,0.9921827
56244,1,1,0.99554706
31988,1,1,0.99911183
44575,1,1,0.99916077
81261,1,1,0.9369249
53155,1,1,0.97580475
21385,1,1,0.9168603
63268,1,1,0.99523723
10940,1,1,0.9647754
28276,1,1,0.9991423
16812,1,1,0.9309503
42796,1,1,0.99647045
56369,1,1,0.9792727
29572,1,1,0.9382652
15447,1,1,0.9827184
1146,1,1,0.92816997
103255,1,1,0.99926394
83499,1,1,0.9962276
47885,1,1,0.99383485
32282,1,1,0.99603397
58337,1,1,0.6429022
98057,1,1,0.9926858
100917,1,1,0.99186605
47724,1,1,0.9948612
80832,1,1,0.99576664
16443,1,1,0.9468363
73582,1,1,0.9869163
52532,1,1,0.99384624
25771,1,1,0.98922896
14486,1,1,0.96891975
65977,1,1,0.9963181
23242,1,1,0.9883464
72565,1,1,0.99794096
32651,1,1,0.9969849
86089,1,1,0.99676716
112273,1,1,0.8338252
18245,1,1,0.9970751
73657,1,1,0.8606538
110427,1,1,0.97926956
20383,1,1,0.98963493
32965,1,1,0.97647285
69810,1,1,0.9903217
49485,1,1,0.98371756
17603,1,1,0.9483401
13243,1,1,0.99733114
109042,1,1,0.9993092
22685,1,1,0.9557218
23518,1,1,0.98970336
57999,1,1,0.9951153
45413,1,1,0.9826785
6355,0,0,0.1679967
43669,1,1,0.806565
104395,1,1,0.99317074
19253,1,1,0.98813105
81948,1,1,0.9940435
14758,1,1,0.9007795
41221,1,1,0.9993043
55600,1,1,0.99881697
100159,1,1,0.99457574
9812,1,1,0.99732345
47375,1,1,0.9963163
108349,1,1,0.9982565
39854,1,1,0.9458603
68532,1,1,0.7525881
64142,1,1,0.9940269
50875,1,1,0.9245564
12636,1,1,0.96279263
95960,1,1,0.94497573
6745,1,1,0.9942624
25239,1,1,0.9987411
107669,1,1,0.9842375
12132,1,1,0.99323493
63373,1,1,0.98406595
12254,1,1,0.98843086
51105,1,1,0.96313024
47263,1,1,0.9870947
99847,1,1,0.9004112
89153,1,1,0.99839884
55341,1,1,0.9841427
22459,1,1,0.99642915
16328,0,0,0.34533978
80994,1,1,0.98734623
64711,1,1,0.6516912
34882,1,1,0.9995098
31110,1,1,0.97073776
48177,1,1,0.9990941
1361,1,1,0.982928
46574,1,1,0.9801452
108484,1,1,0.9963062
33924,1,1,0.9952846
11106,1,1,0.93747836
54034,0,0,0.23547551
61057,1,1,0.9967321
68536,1,1,0.9662041
109963,1,1,0.9967321
8013,1,1,0.9931536
71059,1,1,0.99531233
67281,1,1,0.9874814
102066,1,1,0.97176355
4542,1,1,0.9884636
33878,1,1,0.9235169
20216,1,1,0.98765844
61384,1,1,0.9375367
63625,1,1,0.5668199
91484,1,1,0.996223
10743,0,1,0.5481991
105086,1,1,0.9240166
41726,1,1,0.9111615
9556,1,1,0.99851006
39307,1,1,0.9950814
7753,1,1,0.97333944
69525,1,1,0.98917013
87956,1,1,0.9554332
26111,1,1,0.950301
112241,1,1,0.9821916
104590,1,1,0.99191624
53324,1,1,0.996917
101609,1,1,0.99245423
16996,1,1,0.9971603
27024,1,1,0.8810055
28689,1,1,0.9937105
91831,1,1,0.99936706
94672,1,1,0.9980617
84879,1,1,0.5992465
36742,1,1,0.97579557
83093,0,1,0.9375421
78529,1,1,0.8715805
95568,1,1,0.97297263
29503,1,1,0.96612316
33194,1,1,0.9968509
48945,1,1,0.9941069
22691,1,1,0.89034396
8001,1,1,0.94537175
52470,1,1,0.99794084
47641,1,1,0.9921004
99652,0,1,0.81086236
98517,1,1,0.9668947
29335,1,1,0.9697935
71839,1,1,0.9399632
85315,1,1,0.9153246
62384,1,1,0.87826616
60991,1,1,0.88821954
57625,1,1,0.97901374
53586,1,1,0.9851187
107834,0,0,0.47801867
88044,0,1,0.7827535
51847,1,1,0.9981567
32815,1,1,0.919125
28286,1,1,0.5036521
82966,1,1,0.879662
3184,1,1,0.99022585
23661,1,1,0.99838316
75012,1,1,0.9813017
26347,1,1,0.9924534
47303,1,1,0.9906785
62889,1,1,0.97085327
82627,1,1,0.99717075
3338,1,1,0.99504024
94062,0,1,0.7776064
40551,1,1,0.8457408
9107,1,1,0.9494774
58943,1,1,0.99854976
5140,1,1,0.9987159
67285,1,1,0.9909168
36448,1,1,0.966967
7580,1,1,0.9061136
63335,1,1,0.98949873
104889,1,1,0.9732022
62631,1,1,0.99346983
97408,1,1,0.99947137
48848,1,1,0.9467593
20932,1,1,0.9976671
62717,1,1,0.9545341
3737,1,1,0.97942036
17326,1,1,0.98291713
53156,1,1,0.9848475
17546,1,1,0.9979505
80347,1,1,0.7353305
37068,1,1,0.9793509
79741,1,1,0.83946306
105704,1,1,0.95267236
82715,1,1,0.99776435
90966,1,1,0.98107237
39997,1,1,0.9994419
58258,0,0,0.47369555
27296,0,1,0.9752838
70222,1,1,0.9975286
66980,1,1,0.98448414
23788,1,1,0.9943323
109809,1,1,0.9987546
78991,1,1,0.95374715
73790,1,1,0.98215723
55766,1,1,0.9691149
102050,1,1,0.9954638
15256,1,1,0.97501206
99615,1,1,0.98950374
2453,1,1,0.98827505
92043,1,1,0.9963741
108276,1,1,0.9995926
4861,1,1,0.95072126
112794,1,1,0.97681135
27494,1,1,0.9998871
47879,1,1,0.99579275
72659,1,1,0.9950199
78638,1,1,0.9382474
69357,1,1,0.9925761
50625,1,1,0.85924345
5352,1,1,0.96231645
84489,1,1,0.9999571
89354,1,1,0.9877698
81102,1,1,0.9922091
109523,0,1,0.9541733
44104,1,1,0.98848546
111262,1,1,0.99704045
78970,1,0,0.060511306
73703,1,1,0.96207833
113026,1,0,0.41850993
51042,1,1,0.9919809
103420,1,1,0.9705056
14249,0,1,0.947635
5709,1,1,0.9871497
19382,0,1,0.7576758
16644,1,1,0.9564594
60120,1,1,0.9848059
72429,0,1,0.85226923
78894,1,1,0.98870856
45974,1,1,0.9855745
68901,1,1,0.99810445
16373,1,1,0.9992544
10970,1,1,0.99972194
95231,1,1,0.9982495
27412,1,1,0.9886473
70422,1,1,0.9988607
4749,1,1,0.94050807
106008,1,1,0.9986808
9764,1,1,0.8516223
25799,0,1,0.9292689
71306,1,1,0.92846894
92777,1,1,0.98783374
57092,1,1,0.99614906
84514,1,1,0.9967955
59679,1,1,0.9961033
8271,1,1,0.9911705
6578,1,1,0.9952545
35382,1,1,0.94226265
94615,1,1,0.9846128
34613,1,1,0.9677585
10912,1,1,0.9297666
8770,1,1,0.8533479
46948,1,1,0.95976365
2690,1,0,0.46151045
65432,1,1,0.996093
90276,1,1,0.9849894
101870,0,1,0.98708016
73007,1,1,0.95128036
20054,1,1,0.9835824
36066,0,1,0.9608333
45725,1,1,0.88289016
59379,1,1,0.99943894
5555,1,1,0.9573187
27016,1,1,0.9849379
66637,1,1,0.92079407
12010,0,1,0.9798324
76557,0,1,0.86109513
73144,1,1,0.99759454
37070,1,1,0.8393299
45563,1,1,0.79969716
72324,1,1,0.92189294
13475,1,1,0.99144816
61185,0,1,0.64380956
57412,1,1,0.97563034
96174,1,1,0.9229549
112506,1,1,0.9814074
56887,1,1,0.95097333
38484,1,1,0.9815671
39824,1,1,0.99250776
57125,1,1,0.98655033
8979,1,1,0.98612076
21409,1,1,0.9953941
2803,1,1,0.94770074
21872,1,1,0.99046963
106909,1,1,0.9848534
64348,1,1,0.9420113
96093,1,1,0.9686808
70800,1,1,0.99797505
85080,1,1,0.98872256
69991,1,1,0.9944885
31165,1,1,0.99728453
88273,1,1,0.9783238
17070,1,1,0.91859555
57288,1,1,0.99839383
35466,1,1,0.99656266
6544,1,1,0.9985304
5397,1,1,0.997414
110108,1,1,0.99666744
66825,1,1,0.9897764
69489,1,1,0.9824377
94306,1,1,0.95176756
10566,0,1,0.9478634
54091,1,1,0.99280155
30316,1,1,0.96242404
31317,1,1,0.9865936
21300,1,1,0.98811334
437,1,1,0.9964629
2991,0,1,0.94078505
63924,1,1,0.97941875
71438,0,1,0.6260263
20259,1,1,0.99723536
111045,1,1,0.99765235
35851,1,1,0.99022526
96632,1,1,0.637446
30166,1,1,0.9793245
49575,1,1,0.9990368
101710,1,1,0.9980995
27134,1,1,0.99981207
39994,1,1,0.9279758
37713,1,1,0.9096166
38510,1,1,0.9396199
90550,1,1,0.99913603
21846,0,1,0.93553936
34273,1,1,0.9974209
16549,1,1,0.9991173
94878,1,1,0.9990736
49263,1,1,0.998563
739,1,1,0.9992698
51031,1,1,0.96528286
107000,1,1,0.99624383
10109,1,1,0.97071147
96271,1,1,0.9942214
107969,1,1,0.98400116
76927,1,1,0.8862302
58022,1,1,0.94195074
37260,1,1,0.99925977
28646,1,1,0.9803376
51029,1,1,0.59108907
103365,1,1,0.99931395
107393,1,1,0.9925541
37869,1,1,0.96992826
99422,1,1,0.9880987
70727,1,1,0.97914803
70016,1,1,0.99425817
97676,1,1,0.97212225
86466,1,1,0.99921834
81595,1,1,0.998481
45082,1,1,0.9558312
107691,1,1,0.967555
89977,1,1,0.98441017
23571,1,1,0.9870389
41501,1,0,0.07089429
77721,1,1,0.9902953
57359,1,1,0.91286266
84240,1,1,0.9761885
100027,1,1,0.9990853
3118,1,1,0.9954353
102666,1,1,0.99946624
8182,1,1,0.99382
39548,1,1,0.9090248
93971,1,1,0.9850708
89433,1,0,0.47413078
58808,1,1,0.9965455
21306,1,1,0.9565051
5355,1,1,0.9790069
90883,1,1,0.9599839
37902,1,1,0.9814902
27894,0,1,0.7018733
81287,1,1,0.98660976
40508,1,1,0.9551592
17760,1,1,0.9944765
8507,1,1,0.9954601
101733,1,1,0.7996448
57578,1,1,0.99095637
45828,1,1,0.98807293
56275,1,1,0.9876472
55032,1,1,0.9955337
671,1,1,0.9858769
99562,1,1,0.9957176
6127,1,1,0.9795216
7190,1,1,0.9984428
100224,1,1,0.99156064
96816,1,1,0.97838426
36146,1,1,0.99355257
45577,1,1,0.9857326
52673,1,1,0.9977138
6970,1,1,0.9908867
83389,1,1,0.9165546
42559,1,1,0.9892664
9117,1,1,0.99904984
90437,1,1,0.9967847
30537,1,1,0.90852886
35165,1,1,0.9974934
23621,1,1,0.89549315
60072,1,1,0.99370366
83374,1,1,0.9568286
5485,1,1,0.9738535
70960,1,1,0.93274486
111410,1,1,0.9854159
50903,1,1,0.9793881
92268,1,1,0.99848676
9680,1,1,0.9714196
58592,1,1,0.97841734
95414,1,1,0.99872917
16105,1,1,0.9946391
31382,1,1,0.8702576
73684,1,1,0.99623233
42862,1,1,0.9954228
43960,1,1,0.9865537
84883,0,1,0.98110837
28874,1,1,0.98471606
94138,1,1,0.98222244
38914,1,1,0.9995701
12680,1,1,0.9942357
8933,1,1,0.9672577
6028,1,1,0.90600383
64724,1,1,0.986179
113340,1,1,0.7951697
14140,0,1,0.880252
28721,0,1,0.7579498
54653,1,1,0.9995115
84315,1,1,0.9272881
102602,1,1,0.98247313
49308,1,1,0.95960647
26464,1,1,0.9995963
9237,1,1,0.9582121
100924,1,1,0.9870962
57866,1,1,0.95967156
79289,1,1,0.98423505
17067,1,1,0.9966624
25973,1,1,0.9924293
37737,1,1,0.9990489
91804,1,1,0.9957598
82697,1,1,0.9847318
101897,1,1,0.9906205
36642,1,1,0.9572933
112338,1,1,0.978277
103141,1,1,0.96194583
72475,1,1,0.8755166
96740,1,1,0.99032295
6188,1,1,0.8823733
36184,1,1,0.9859606
23260,1,1,0.96411175
55210,1,1,0.98758346
98223,1,1,0.97429526
27482,0,1,0.9712992
83545,1,1,0.99860674
57801,1,1,0.9933862
44969,1,1,0.9725114
25409,1,1,0.9943106
62501,1,1,0.9981755
38126,1,1,0.9709235
17979,0,1,0.92981595
42636,0,1,0.88934284
2208,1,1,0.6755009
95993,1,1,0.7131558
29295,1,1,0.98768383
61271,1,1,0.9922644
9595,1,1,0.8075982
33812,1,1,0.9612744
3304,0,1,0.9332916
112378,1,1,0.9971451
103730,1,0,0.42852193
78408,1,1,0.99588287
8287,1,1,0.9996927
60269,1,1,0.95667785
61782,1,1,0.9887503
92123,1,1,0.9966055
107625,1,1,0.7850924
12038,1,1,0.85135734
25094,1,1,0.99956053
26986,1,1,0.9826417
108302,1,1,0.98389316
3854,1,1,0.99650747
34284,1,1,0.99957556
74373,1,1,0.9955987
13893,1,1,0.9707646
75999,1,1,0.99467117
67561,1,1,0.82632107
79964,1,1,0.9918848
15454,1,1,0.98787445
87726,1,1,0.9748956
48528,1,1,0.98864883
52205,0,1,0.7397935
68586,1,1,0.98700976
30580,1,1,0.99527943
110473,1,1,0.9802147
3151,1,1,0.9719211
25015,0,1,0.609737
89452,1,1,0.9671823
78763,1,1,0.9564693
98975,1,1,0.9310445
84113,1,0,0.3146684
40154,1,0,0.23713133
56141,1,1,0.98913515
111584,1,1,0.9959401
67890,1,1,0.9992028
38415,1,1,0.96987826
46911,1,1,0.9796964
18624,1,1,0.98752403
72543,0,1,0.53556144
306,1,1,0.9441378
54809,1,1,0.7971713
112850,1,1,0.9205841
89000,0,1,0.99975055
82415,1,1,0.98596513
81151,1,1,0.9924231
9198,1,1,0.9983156
1931,1,1,0.99829763
64627,1,1,0.9991423
94576,1,1,0.9989159
47756,1,1,0.98864645
113505,1,1,0.9935703
104886,1,1,0.9253839
37427,1,1,0.98199743
37957,1,1,0.99682176
112950,1,1,0.97679716
96916,1,1,0.9758413
44297,1,1,0.8948393
103033,1,1,0.9982085
21871,1,1,0.99747986
33277,0,1,0.945862
70027,0,1,0.82352835
5377,1,1,0.9993405
77578,1,1,0.9791378
20115,1,1,0.9821187
77637,1,1,0.8218645
68746,1,1,0.9499376
38118,1,1,0.9978738
23894,1,1,0.9991679
47307,1,1,0.9904179
107293,1,1,0.99805534
39849,1,1,0.9989479
106372,1,1,0.99790716
15856,1,1,0.9519086
55087,0,1,0.94226116
15026,0,1,0.99492836
45346,0,1,0.83809376
45786,1,1,0.72415835
25611,1,1,0.9958519
89558,1,1,0.9979552
49483,1,1,0.98828596
75940,1,1,0.8094039
39131,0,1,0.5488218
2813,1,1,0.9950631
53284,1,1,0.99930334
102122,1,0,0.24758811
106014,1,1,0.98967606
95294,0,1,0.7033035
2214,1,1,0.6364697
49884,1,1,0.99694294
23507,1,1,0.99807334
69553,1,1,0.8965375
102041,1,1,0.7821094
78998,1,1,0.987311
1116,1,1,0.95121324
2735,1,1,0.9974396
26972,1,1,0.997244
25905,1,1,0.9933367
42576,1,1,0.9277507
29033,1,1,0.9875124
73250,1,1,0.9890928
47773,1,1,0.9906156
68069,1,1,0.9991715
59052,1,1,0.9980939
9304,1,1,0.99888617
76177,1,1,0.98517543
70976,1,1,0.998708
45614,1,1,0.9994216
26867,1,1,0.9890205
15514,1,1,0.9825714
19177,1,1,0.9406984
79005,1,1,0.98333365
12194,1,1,0.99628794
84336,1,1,0.9470102
96564,1,1,0.9948185
84043,1,1,0.96774757
71429,1,1,0.98220646
67674,1,1,0.99566936
37225,1,1,0.75647414
66367,1,1,0.98676807
78799,1,1,0.9893909
104462,1,1,0.97949034
25634,1,1,0.7862519
50893,1,1,0.96791357
106251,1,1,0.9892554
23747,1,1,0.98934305
111597,1,1,0.9948297
9366,1,1,0.99343586
28532,1,1,0.99406695
103541,1,1,0.998664
72195,1,1,0.9947748
109916,1,1,0.94580305
85175,1,1,0.97128433
632,0,0,0.4668306
92885,0,1,0.9844074
72457,1,1,0.96776175
107588,1,1,0.9937722
76014,1,1,0.9819005
36279,1,1,0.99466467
41163,1,1,0.9965964
22312,1,1,0.9540521
58811,1,1,0.96672016
49359,1,1,0.8685723
106427,1,1,0.78675115
2681,1,1,0.9908959
21639,1,1,0.8891837
81205,1,1,0.99038273
94663,1,1,0.9958477
44639,1,1,0.96286225
67056,1,1,0.999019
30571,1,1,0.7514064
30987,1,1,0.93290883
84590,1,1,0.99857783
45293,0,1,0.7387341
82459,1,1,0.9977895
53740,1,1,0.9977714
71557,1,1,0.9945464
15601,1,1,0.5780575
74329,1,1,0.9948205
57482,1,1,0.9789919
53518,1,1,0.97624254
1888,1,1,0.9955295
105417,1,1,0.99944407
4030,1,1,0.9899941
77373,1,1,0.9910726
105191,1,1,0.9940409
3418,1,1,0.9956143
101102,1,1,0.9923381
20198,1,1,0.9994097
56019,1,1,0.9993718
76983,1,1,0.9951499
85325,1,1,0.9798008
31791,1,1,0.99838066
13195,1,1,0.93552214
19993,1,1,0.9884588
34978,1,1,0.9894952
69275,1,1,0.95262015
26510,1,1,0.9903167
89513,1,1,0.99738985
54126,0,1,0.8679
82906,1,1,0.9955383
52835,1,1,0.9791824
10588,1,1,0.99206805
15418,1,1,0.98832804
12345,1,1,0.99591357
74663,1,1,0.9374109
30275,1,1,0.98711014
16714,1,1,0.97008216
32940,1,1,0.90036434
86126,0,1,0.99437004
46306,1,1,0.99742365
11653,1,1,0.96034735
92395,1,1,0.99816245
24275,1,1,0.99470973
63322,1,1,0.99378645
80360,1,1,0.9684738
76151,1,1,0.9823381
5141,1,1,0.96429294
108408,1,1,0.89883876
28029,1,1,0.99905044
83705,1,1,0.9987853
76306,1,1,0.9095454
75523,1,1,0.82223445
96395,1,1,0.99708253
105530,1,1,0.9391878
89451,1,1,0.9923919
26115,1,1,0.9912479
38142,1,1,0.99212646
57327,1,1,0.99289566
37197,1,1,0.99195355
89476,1,1,0.9860275
37965,1,1,0.9366783
81471,1,1,0.9982456
95718,1,1,0.99683183
90295,1,1,0.9998272
79399,1,1,0.93664795
24584,1,1,0.5821256
20952,0,1,0.9882996
91551,1,1,0.99773514
49449,1,1,0.98940384
57933,1,1,0.98688114
7600,1,1,0.99261194
66124,1,1,0.9839447
81937,1,1,0.98678
1166,1,1,0.98908186
29313,1,1,0.96407473
36648,0,1,0.9535905
92458,1,1,0.99786866
100322,1,1,0.9316779
35920,0,1,0.88263196
59999,0,1,0.92445326
66269,1,1,0.81828904
47349,1,1,0.9851601
37020,1,1,0.9928254
103104,1,1,0.99909854
26435,1,1,0.9970049
100205,1,1,0.9921177
74412,1,1,0.9564896
98923,1,0,0.03577368
112455,1,1,0.9978666
8422,1,1,0.96661067
98951,1,1,0.86974543
107788,1,1,0.99433523
85253,1,1,0.9996031
109620,1,1,0.99796885
71036,1,1,0.98655
22527,1,1,0.92782366
85606,1,1,0.9942544
25824,1,1,0.98023474
77502,1,1,0.99935204
6905,1,1,0.9909741
61970,1,1,0.9827071
79788,1,1,0.98506075
65099,1,1,0.9182381
31726,1,1,0.9954608
12730,1,1,0.984744
58046,1,1,0.99664813
46910,1,1,0.9892559
100844,1,1,0.9990671
103085,1,1,0.97558445
84982,1,1,0.99944156
109321,1,1,0.97008765
111081,1,1,0.9996061
2026,1,1,0.95073426
77969,1,1,0.99218154
10495,1,1,0.98716366
17087,1,1,0.97684526
105727,1,1,0.97994816
60881,1,1,0.9463813
111402,1,1,0.9973024
41346,1,1,0.9664229
75612,1,1,0.9491433
71890,1,1,0.9883384
75024,1,1,0.9931039
95078,1,1,0.9209858
26041,1,1,0.99868876
109646,1,1,0.9946806
2880,1,1,0.9172492
11021,1,1,0.9858634
73467,1,1,0.8939746
40122,1,1,0.97249526
62768,1,1,0.9836764
65921,1,1,0.96669436
74659,1,1,0.9688215
70645,1,1,0.9984983
56417,1,1,0.995618
74015,1,1,0.98285496
66574,1,1,0.9883499
36167,1,1,0.99784327
26600,1,1,0.9897574
95254,1,1,0.8947517
101929,1,1,0.92408663
64715,1,1,0.9969734
68242,1,1,0.95058495
25655,1,1,0.9989643
42523,1,1,0.9983216
49068,1,1,0.93287945
113216,1,1,0.96792454
4071,1,1,0.9769233
13350,1,1,0.9727745
113629,1,1,0.99565214
5775,1,1,0.99677366
96972,1,1,0.7220454
92652,1,1,0.9936522
652,1,1,0.5143345
41835,1,1,0.94403243
81960,1,1,0.9584034
91208,1,1,0.91744995
72581,1,1,0.8892086
45656,1,1,0.95519984
87143,1,1,0.9922011
72437,1,1,0.99482924
60456,1,1,0.9968143
17605,1,0,0.4750384
109878,1,1,0.99716884
63461,1,1,0.97195566
85927,1,1,0.9799274
50650,0,1,0.50113076
38016,1,1,0.97772616
19732,1,1,0.9925534
12618,1,1,0.98088616
97324,1,1,0.980294
105366,1,1,0.9974395
9089,1,1,0.98529446
88709,1,1,0.9865724
101614,1,1,0.97825795
5241,1,1,0.97008634
78057,1,1,0.95516926
1043,1,1,0.90073365
99552,1,1,0.99482214
18919,1,1,0.9723822
32404,1,1,0.9802797
32274,1,1,0.9674873
105400,1,1,0.8742084
22194,1,1,0.97893196
44514,1,1,0.99890864
81231,1,1,0.99828964
34524,1,1,0.99517775
32198,1,1,0.99668175
40559,1,1,0.94423467
36194,1,1,0.9791717
42658,1,0,0.3006222
75413,1,1,0.9987925
6132,1,1,0.9853548
27049,1,1,0.9952401
43486,1,1,0.9989336
66050,1,1,0.99764484
47209,1,1,0.9653207
63550,1,1,0.9497297
109668,1,1,0.99573684
53770,1,1,0.9955978
30539,0,0,0.33790055
11860,1,1,0.9810416
102246,1,1,0.9307745
40516,1,1,0.9744431
68201,1,1,0.84366494
18114,1,1,0.99510217
7023,1,1,0.9897832
97999,1,1,0.974682
96567,1,1,0.9980921
80911,1,1,0.96785885
49064,1,1,0.99867094
9453,0,1,0.9611607
108746,1,1,0.98412144
17247,1,1,0.9522079
58034,1,1,0.9582701
100268,1,1,0.5980512
13885,1,1,0.98739004
15181,1,1,0.9504346
96451,0,1,0.9679767
32987,1,1,0.61316514
27510,1,1,0.99832636
51638,1,1,0.99548066
60331,1,1,0.8736941
82829,1,1,0.99315757
15632,1,1,0.98158836
21453,1,1,0.99133974
33324,1,1,0.9928185
84032,1,1,0.9727769
12352,1,1,0.9984029
74102,1,1,0.9804437
64758,1,1,0.9525867
35531,1,1,0.98256576
18096,0,1,0.9239372
6721,1,1,0.9988323
96491,1,1,0.99558324
70610,1,1,0.978182
17089,1,1,0.99681014
104090,1,1,0.9804802
82503,1,1,0.98765546
86227,1,1,0.98178977
66947,1,1,0.99971443
93648,1,1,0.99029505
88196,1,1,0.9831465
61805,1,1,0.9964915
94014,1,1,0.6159628
73174,1,1,0.9748667
17456,1,1,0.99337727
59530,1,1,0.9478578
38687,1,1,0.9443203
77570,1,1,0.98667264
111793,1,1,0.99292845
84527,1,1,0.9718149
70078,1,1,0.99594635
5690,1,1,0.9798289
44819,1,1,0.93956447
108885,1,1,0.99343467
53481,1,1,0.99175256
16073,1,1,0.99270624
106207,1,1,0.9492393
102827,1,1,0.991524
15097,1,1,0.9918161
76978,1,1,0.98241305
93573,1,1,0.9837351
76036,1,1,0.9371098
64972,1,1,0.9804688
26515,1,1,0.9737804
55170,1,1,0.96843976
82620,1,1,0.91705334
12455,1,1,0.99774206
92643,1,1,0.97403526
55793,0,0,0.25694788
88918,1,1,0.9797911
98869,1,1,0.9992132
85674,1,1,0.96280885
4524,1,1,0.94124943
60525,1,1,0.9202503
70698,1,1,0.9586209
79965,1,1,0.98309076
81847,1,1,0.9622335
84994,1,1,0.99067515
57033,1,1,0.94524854
10621,1,1,0.5853109
76495,1,1,0.97168434
74748,1,1,0.9251134
44789,1,1,0.97739697
101463,1,1,0.999281
87276,0,1,0.8792032
14811,1,1,0.9948842
93570,1,1,0.9984218
96281,0,0,0.19542402
80465,1,1,0.9964043
86623,1,1,0.994962
112638,1,1,0.99908686
53449,1,1,0.9987274
68238,1,1,0.9948815
49011,1,1,0.9606883
90984,1,1,0.9970655
74635,1,1,0.99386686
86574,1,1,0.96902555
46558,1,1,0.9977633
85761,1,1,0.9217652
52861,1,1,0.979685
23371,1,1,0.88421583
70559,1,1,0.9924263
24688,1,1,0.99885345
113736,1,1,0.9991148
32726,1,1,0.995272
106524,1,1,0.9949673
28521,1,1,0.99702007
33482,1,1,0.95653474
70023,1,1,0.9826868
52717,1,1,0.9928181
62281,0,1,0.92396724
67841,1,1,0.99703836
13957,1,1,0.95088017
85335,1,1,0.9935503
49424,1,1,0.98861676
60471,1,1,0.9996873
47203,1,1,0.9305747
715,1,1,0.875344
87245,1,1,0.987194
34547,0,1,0.9645395
98072,1,1,0.9931452
36885,1,1,0.976157
104855,1,1,0.9734451
97780,1,1,0.9889531
39109,1,1,0.99900925
98492,1,1,0.98784685
62402,1,1,0.99649435
80866,1,1,0.9980234
78136,1,1,0.92564464
28803,1,1,0.99986136
97757,1,1,0.99472517
68430,0,1,0.9127609
94750,1,1,0.9917247
92684,1,1,0.99481744
88061,1,1,0.96840715
34520,1,1,0.99157965
70132,1,1,0.99653435
37735,1,1,0.9880987
78497,1,1,0.996185
12655,1,1,0.9917218
82141,1,1,0.95672303
20418,1,1,0.99531794
84161,1,1,0.9954535
8118,1,1,0.98684096
77127,1,1,0.94253194
76419,1,1,0.9429189
20611,0,1,0.9301176
22831,1,1,0.98419976
107405,0,1,0.9305753
99783,1,1,0.99644035
12243,1,1,0.9962314
99991,1,1,0.99529135
82582,1,1,0.9934202
53186,1,1,0.9698996
60639,1,1,0.99928266
44538,1,1,0.98729694
96398,1,1,0.9887371
9653,1,1,0.99644804
25005,1,1,0.9914624
35427,1,1,0.9886714
103233,1,1,0.9992938
23728,1,1,0.9293416
85631,1,1,0.99929667
267,1,1,0.97716004
46191,1,1,0.9552563
78371,1,1,0.93168926
85220,1,1,0.9898463
95423,1,1,0.97487646
70134,1,1,0.99942136
14203,1,1,0.971599
23570,1,1,0.96560115
39229,1,1,0.9482173
76059,0,1,0.98109424
61722,1,1,0.9640816
72450,0,1,0.9956131
11954,1,1,0.99006
54754,1,1,0.98453724
17884,1,1,0.99612767
32055,1,1,0.99820185
95085,1,1,0.99821115
51176,1,1,0.96778286
70500,1,1,0.6957568
98989,1,1,0.99446255
49243,1,1,0.99350893
109535,1,1,0.9137514
55851,1,1,0.95126945
97427,1,1,0.98117584
56512,1,1,0.9962674
73068,0,1,0.9783917
62628,1,1,0.97328264
5040,1,1,0.99174607
12000,1,1,0.99862075
59436,1,1,0.9801902
1227,1,1,0.5796218
45946,1,1,0.95140755
103994,1,1,0.9158169
92001,1,1,0.9845991
49567,1,1,0.9546046
59168,1,1,0.9989611
52994,1,1,0.99708265
37271,1,1,0.99664897
3355,1,1,0.98927456
28002,1,1,0.9743124
36903,1,1,0.9889671
67502,1,1,0.9675067
37053,1,1,0.9357654
27795,1,1,0.9981812
87514,1,1,0.9222857
15977,0,1,0.9567464
84073,1,1,0.9808952
91301,1,1,0.9765113
111423,1,1,0.9785043
112002,1,1,0.8712571
55665,1,1,0.9939324
64422,1,1,0.98953307
110049,1,1,0.9903804
99348,1,1,0.9817191
19758,1,1,0.9921645
49043,1,1,0.99801314
47489,1,1,0.9918371
100726,1,1,0.9927105
96818,1,1,0.9347929
80344,1,1,0.9078486
28513,0,1,0.8059743
90763,1,1,0.97732747
98870,1,1,0.9977412
65843,1,1,0.8969389
61878,1,1,0.96464056
38809,1,1,0.998495
33691,1,1,0.9984597
65914,1,1,0.9751634
83786,1,1,0.9933175
31827,1,1,0.99598557
44425,1,1,0.957489
100871,1,1,0.9360984
29857,1,1,0.9910631
105194,1,1,0.9994481
42806,1,1,0.946349
11349,1,1,0.99287885
82867,1,1,0.9992423
50080,1,1,0.99857163
86880,1,1,0.9976059
32734,1,1,0.99991214
54544,1,1,0.96937513
75596,1,1,0.9974022
80022,0,1,0.84297377
55452,1,1,0.9197586
76265,1,1,0.982579
53167,1,1,0.91098386
93884,1,1,0.99045396
108498,1,1,0.9863734
46035,1,1,0.98650926
44543,1,1,0.95828813
6739,1,1,0.9894019
101554,1,1,0.98674
29910,1,1,0.9874828
22285,1,1,0.9978205
24033,1,1,0.9742993
96975,1,1,0.98611265
107305,1,1,0.9746651
76183,1,1,0.9934111
18540,1,1,0.9810978
34661,1,1,0.85146964
99294,1,1,0.9996636
105524,0,1,0.7277115
75224,1,1,0.99581796
102966,1,1,0.992471
102860,1,1,0.87091887
77694,1,1,0.99651957
13030,0,0,0.3628893
90541,1,1,0.9832146
104858,1,1,0.9673996
64906,1,1,0.9981431
97974,1,1,0.99882907
73287,1,1,0.9337426
51098,1,1,0.948856
41622,1,1,0.99000204
17941,1,1,0.96099675
28948,1,1,0.99884343
4738,1,1,0.97386736
28019,1,1,0.9907774
29087,1,1,0.9031653
29538,1,1,0.97440344
39361,1,1,0.9002843
112724,1,1,0.97942436
70082,1,1,0.8912079
19867,1,1,0.99058706
9545,1,1,0.9966633
22198,1,1,0.9497036
82349,1,1,0.94842976
102257,1,1,0.99550736
26370,1,1,0.99803966
109624,1,1,0.9907375
68747,1,1,0.99444616
111247,1,1,0.987889
59265,1,0,0.36651558
73832,1,1,0.9409558
40053,0,1,0.5931794
55811,1,1,0.99617344
20389,1,1,0.9296631
16026,1,1,0.94461554
520,1,1,0.8713323
19065,1,1,0.9021539
94372,1,1,0.9994685
38901,1,1,0.99381495
34889,1,1,0.997077
105946,1,1,0.99070907
12292,1,1,0.9204471
23369,1,1,0.8512467
16540,1,1,0.99506277
73977,1,1,0.99402773
102130,1,1,0.98030955
76554,1,1,0.9656569
35991,1,1,0.96691996
113418,1,1,0.98960716
75126,1,1,0.99493104
88250,1,1,0.9986688
69578,1,1,0.99924266
95501,1,1,0.9974361
70655,1,1,0.8949759
107582,1,1,0.958411
113188,0,1,0.98036057
97945,1,1,0.99921274
104641,1,1,0.9768847
91557,1,1,0.9992624
96403,1,1,0.80246776
113749,1,1,0.93931323
64204,1,1,0.99260724
13961,1,1,0.9149957
28365,1,1,0.9943772
91702,1,1,0.9868335
26156,1,1,0.9531785
5685,0,1,0.8758153
63292,1,1,0.999481
66178,1,1,0.99742043
15077,1,1,0.9789733
100452,1,1,0.99853194
45099,1,1,0.9934012
86542,1,1,0.93181646
51884,1,1,0.84269106
31879,1,1,0.9742483
79517,1,1,0.9872141
99929,1,1,0.8677662
99272,1,1,0.9899451
55951,1,1,0.97489375
4553,1,1,0.9002114
72376,1,1,0.6381322
45994,1,1,0.9975673
78380,1,1,0.9424063
57050,1,1,0.97012514
88912,1,1,0.99775946
75299,1,1,0.98721164
85785,1,1,0.96913445
73999,1,1,0.9980533
100834,1,1,0.9339668
85502,1,1,0.9991929
68022,1,1,0.9966428
2703,1,1,0.99976724
42260,1,1,0.97753143
17004,1,1,0.96607214
66237,1,1,0.9073146
36718,1,1,0.9953927
9300,1,1,0.9990496
105780,1,1,0.99116313
54897,0,1,0.921803
64675,1,1,0.972773
95282,1,1,0.99621445
405,1,1,0.99748945
75501,1,1,0.997985
111331,1,1,0.9589192
4771,1,1,0.99934286
53251,1,1,0.9857817
8224,1,1,0.9826301
74240,1,1,0.6427785
5289,1,1,0.99061245
79868,1,1,0.99619496
83717,1,1,0.98055995
33018,1,1,0.94235027
75528,0,1,0.8364276
90879,1,1,0.99923074
44770,1,1,0.9957178
96285,1,1,0.99624026
106670,1,1,0.99822634
30114,1,1,0.9881138
75952,1,1,0.99866724
58146,1,1,0.9913455
80497,1,1,0.99349314
84318,0,1,0.898482
28348,1,1,0.9836136
109741,1,1,0.991591
110584,1,1,0.99095356
37574,1,1,0.7717354
52567,1,1,0.8191849
53078,1,1,0.9462108
13906,1,1,0.9634658
36398,1,1,0.99803275
3123,1,1,0.97587365
57474,0,1,0.85722935
17735,1,1,0.8171385
67836,1,1,0.9883836
51049,1,1,0.94533014
88683,1,1,0.9943804
101649,1,1,0.9705071
24899,1,1,0.99863166
68326,1,1,0.99577194
109733,1,1,0.9954607
74219,1,1,0.5603814
110456,1,1,0.9594112
66891,1,1,0.97217745
98526,1,1,0.9865932
70793,1,1,0.9345622
22540,1,1,0.9872426
27236,1,1,0.83583325
70012,0,1,0.9436218
89861,1,1,0.9802694
75833,1,1,0.99806947
45143,1,1,0.9980844
20576,1,1,0.9898974
48015,1,1,0.99762243
15115,1,1,0.9975944
42913,1,1,0.9746841
65605,1,1,0.99268806
65294,1,1,0.9391358
48742,1,1,0.9989042
6519,1,1,0.99762934
60466,1,1,0.9833484
102866,1,1,0.9903999
92977,1,1,0.9614585
25869,1,1,0.80851585
35853,0,1,0.8085504
83261,1,1,0.99494827
112232,1,1,0.9547668
110558,1,1,0.96763605
81117,1,1,0.98099124
21699,1,1,0.98710966
21563,1,1,0.9541072
51910,1,1,0.97592926
49535,1,1,0.9927059
36712,1,1,0.99112797
16595,1,1,0.9812026
38249,1,1,0.99889636
15694,1,1,0.99535805
111566,1,1,0.97443527
58568,1,1,0.9700484
89025,1,1,0.96732986
60431,0,1,0.726792
105787,1,1,0.99440587
24966,1,1,0.9770544
73738,1,1,0.8948874
4351,1,1,0.99635494
56420,1,1,0.99321085
108062,0,1,0.920276
17561,1,1,0.8651998
87030,1,1,0.9983663
65743,1,1,0.9221037
63791,1,1,0.987631
21684,1,1,0.97212076
12597,1,1,0.9992772
21102,1,1,0.9975062
72804,1,1,0.86822146
47715,1,1,0.98641914
32410,1,1,0.9927321
16748,1,1,0.6964089
4943,1,1,0.97257364
30696,1,1,0.99864644
60571,1,1,0.99674195
54907,1,1,0.99883956
91509,1,1,0.99683774
71021,1,1,0.966504
61709,1,1,0.9977203
63519,1,1,0.95262605
88605,1,1,0.8220321
53006,0,1,0.8201798
67251,1,1,0.9881561
14416,1,1,0.9985342
53900,1,1,0.991578
55172,0,1,0.9847076
73745,1,1,0.90313125
71934,1,1,0.969119
107187,1,1,0.9884105
46663,1,1,0.9957982
8104,0,1,0.8707138
99174,1,1,0.9687265
85655,1,1,0.9707798
69206,1,1,0.9915029
92185,1,1,0.98635465
80515,1,1,0.98959666
35965,1,1,0.99141157
74682,1,1,0.9937821
7624,1,1,0.9977126
2276,1,1,0.8921455
76429,1,1,0.9513074
106329,1,1,0.845201
23980,1,1,0.9984939
88758,1,1,0.89030874
65120,1,0,0.35212985
36992,1,1,0.8149309
60017,1,1,0.975662
62953,0,1,0.98459333
108941,1,1,0.9936052
12277,1,1,0.96507514
22790,1,1,0.98298097
69378,1,1,0.888306
112663,1,1,0.9834698
76908,1,1,0.9215608
55122,1,1,0.98451984
105036,1,1,0.98284423
33434,0,0,0.34764376
18255,1,1,0.9914147
72851,1,1,0.88307494
43183,1,1,0.9388363
60539,1,1,0.9828166
43228,1,1,0.99652416
25044,1,1,0.9922087
12743,1,1,0.75004804
107141,1,1,0.99723744
76142,1,1,0.93769175
113253,1,1,0.9946067
17139,1,1,0.97762054
82977,1,1,0.9972307
15831,1,1,0.9990336
75511,1,1,0.94073594
47660,1,1,0.88375914
113422,1,1,0.94394636
66520,1,1,0.9495116
96303,1,1,0.98752046
31787,1,1,0.82121485
107149,0,1,0.8737307
24237,1,1,0.94007427
92892,1,1,0.9950885
19406,1,1,0.93026614
9281,1,1,0.86922187
4827,1,1,0.7422684
25057,1,1,0.9452516
68098,1,1,0.8331165
56898,1,1,0.9990441
110680,1,1,0.99722123
18628,1,1,0.99524456
36298,1,1,0.97283643
100836,1,1,0.99414355
24396,1,1,0.9952171
39292,0,1,0.9840718
66929,1,1,0.9917956
6747,1,1,0.9957508
2776,1,1,0.8937857
55618,1,1,0.99981457
16625,1,1,0.9936441
40495,1,1,0.98133916
83358,1,1,0.99820316
38286,1,1,0.8700074
102820,1,1,0.99904984
25800,1,1,0.9982254
57536,1,1,0.9938599
29094,1,1,0.96956474
42680,1,1,0.99438745
3224,1,1,0.9077854
45341,1,1,0.98294914
34747,1,1,0.92586386
19343,1,1,0.9958605
91044,1,1,0.9997625
44222,1,1,0.99226695
91417,1,1,0.9414341
88993,1,1,0.9902396
45739,1,1,0.9940262
33455,1,1,0.9827915
76024,0,1,0.8967724
37201,1,1,0.9927451
92543,1,1,0.9629791
32237,1,1,0.9938992
54112,1,1,0.9991425
11834,1,1,0.9258511
53379,1,1,0.75525135
58163,1,1,0.98745733
69535,1,1,0.9676146
99478,1,1,0.99728024
83736,1,1,0.9971986
52945,1,1,0.9857566
35367,1,1,0.9992035
39888,1,1,0.9816378
69948,1,1,0.885816
102187,1,1,0.996467
46152,1,1,0.98458415
66010,1,1,0.9907774
17485,1,1,0.995265
61257,0,1,0.8597625
106216,1,1,0.9081977
107878,1,1,0.997954
5295,1,1,0.999511
97269,1,1,0.95994985
26586,0,1,0.85565436
37090,1,1,0.9830771
62874,1,1,0.9873038
107456,1,1,0.9999529
14196,1,1,0.9948967
92755,1,1,0.9946766
95173,1,1,0.97331613
103251,1,1,0.9934088
94447,0,1,0.83436775
98342,1,1,0.9885211
19482,1,1,0.9964948
105842,1,1,0.8940488
110446,1,1,0.9994649
94564,1,1,0.7511355
105174,1,1,0.9973678
110947,0,1,0.600163
2115,1,1,0.9641574
88854,1,1,0.97752076
87872,1,1,0.99724954
101789,1,1,0.9882009
74850,1,1,0.97568613
63253,1,1,0.9968533
13503,1,1,0.99912065
37099,1,1,0.95256346
106202,1,1,0.9929021
18514,1,1,0.9974498
34751,0,1,0.9842832
54408,1,1,0.91336626
25977,1,1,0.9847531
92384,1,1,0.98659456
57121,1,1,0.9991417
12758,1,1,0.9825982
98212,1,1,0.9828121
73443,1,1,0.9826711
88497,1,1,0.982939
77640,1,1,0.8561839
109731,1,1,0.996856
60509,1,1,0.9932707
62836,1,1,0.9191294
68311,1,1,0.707653
107659,1,1,0.99877757
28480,1,1,0.99196213
101328,1,1,0.8276041
81857,1,1,0.99830025
9996,1,1,0.99884194
65201,1,1,0.9806949
27425,1,0,0.07961927
67927,1,1,0.9105148
84790,1,1,0.9913351
86802,1,1,0.98990685
56572,1,1,0.8187898
60620,1,1,0.98904186
56484,1,1,0.992145
2280,1,1,0.99898034
27172,1,0,0.47937894
86608,1,1,0.9723545
66434,1,1,0.9955296
51309,1,1,0.85854983
26344,1,1,0.977207
59772,1,1,0.9895502
72552,1,1,0.99739265
86140,1,1,0.9959572
60591,1,1,0.9982393
73204,1,1,0.97554636
95762,1,1,0.93760234
28898,1,1,0.99411446
77751,0,1,0.8492453
107602,1,1,0.9983157
101538,1,1,0.99782735
80311,1,1,0.9773548
58854,1,1,0.9918389
105299,1,1,0.99842274
19469,1,1,0.9490521
50518,1,1,0.9983169
94678,1,1,0.96410817
36689,1,1,0.98701805
30788,1,1,0.99785537
12081,1,1,0.6211276
78659,1,1,0.989776
23032,1,1,0.9947314
88340,1,1,0.9780487
48625,1,1,0.9926686
95283,1,1,0.96409565
92601,1,1,0.99614644
66709,1,1,0.9962437
26076,1,1,0.9920495
41759,1,1,0.9986759
104254,1,1,0.9994905
76212,1,1,0.9998807
15041,1,1,0.99995184
4422,1,1,0.71463066
60595,1,1,0.99662375
47800,1,1,0.9841749
56667,1,1,0.9927174
92884,1,1,0.9989151
39045,1,1,0.9739768
93818,1,1,0.9780488
5700,1,1,0.99588984
65988,1,1,0.9831269
82387,1,1,0.9866137
79299,1,1,0.9687325
74225,1,1,0.99715364
108095,1,1,0.9979075
64764,1,1,0.9990539
18464,1,1,0.96443963
98966,1,1,0.99994755
7813,1,1,0.99906343
21664,1,1,0.67678434
71990,1,1,0.9971648
4269,1,1,0.9943125
62553,0,1,0.6509327
75056,1,1,0.5157056
76743,1,1,0.9550102
96470,1,1,0.9856366
21285,1,1,0.87495846
65607,1,1,0.9674961
10225,1,1,0.991918
5093,1,1,0.9985336
112014,1,1,0.98843145
101847,1,1,0.9776097
22041,1,1,0.96565664
87728,1,1,0.9880967
87482,1,1,0.9968125
114051,1,1,0.9974946
110990,1,1,0.9917938
24801,1,1,0.9505328
56845,1,1,0.997693
101261,1,1,0.9991043
94159,1,1,0.91909164
108188,0,1,0.99150884
69857,1,1,0.97816044
82574,1,1,0.86841947
89609,1,1,0.9836647
22639,1,1,0.9890113
32725,1,1,0.99068135
53752,1,1,0.9931015
17567,1,1,0.994056
48091,1,1,0.98425436
45322,1,1,0.9262597
93867,1,1,0.9402024
16627,1,1,0.9635711
36815,1,1,0.9879672
88670,1,1,0.99559635
53007,0,1,0.62633145
83181,1,1,0.9924879
19927,1,1,0.99088585
38850,1,1,0.9474406
45743,1,1,0.9909219
11958,1,1,0.9849433
79903,1,1,0.9846532
100336,1,1,0.9828871
1912,1,1,0.99755484
17281,1,1,0.9908923
110669,1,1,0.99865675
57304,1,1,0.9792651
43195,1,1,0.9909575
52424,1,1,0.99136823
73438,1,1,0.98764277
9936,0,1,0.9775758
88312,1,1,0.93811685
79257,1,1,0.99087876
47727,1,1,0.96497416
109788,1,1,0.9940965
110585,1,1,0.93234074
38555,1,1,0.99368227
19274,1,1,0.99880016
107903,1,1,0.98963773
60207,1,1,0.90579164
14439,1,1,0.99719656
89294,1,1,0.9996369
31096,0,1,0.96466863
18591,1,1,0.9779587
24904,1,1,0.989885
5376,0,1,0.968511
37746,1,1,0.94680756
34414,1,1,0.9991468
89733,1,1,0.7808575
112230,1,1,0.9870452
65849,1,1,0.7475553
47385,1,1,0.9996834
94451,1,1,0.9912013
39356,1,1,0.9992173
70693,1,1,0.7021933
32791,1,1,0.9952669
67223,1,1,0.99822074
91232,1,1,0.9923442
24398,1,1,0.95691144
24355,1,1,0.99894196
80154,1,1,0.99621683
67897,1,1,0.9965754
79047,1,1,0.9745895
26640,1,1,0.99944586
67944,1,1,0.9923712
31237,1,1,0.9984137
111585,0,1,0.9788856
43333,1,1,0.8079332
107479,1,1,0.9692435
12555,1,1,0.95750034
81184,1,1,0.99418616
27856,1,1,0.86988175
107707,1,1,0.981725
64545,1,1,0.9665917
98274,1,1,0.98331696
94121,1,1,0.9902653
52372,1,1,0.94256324
39761,1,1,0.9982185
104726,1,1,0.89740074
55878,1,1,0.98439366
107718,1,1,0.98680717
81900,1,1,0.7451234
436,1,1,0.99832267
45997,1,1,0.98572725
100453,1,1,0.9670825
93926,1,1,0.9825597
17447,1,1,0.99621433
38364,1,1,0.9719724
20276,1,1,0.9489602
71609,1,1,0.9265567
29917,1,1,0.98282593
92217,1,1,0.9675531
28287,0,1,0.92232525
80703,1,1,0.9939784
61711,1,1,0.9951225
87472,1,1,0.9968755
70946,1,1,0.9830101
109920,1,1,0.9990877
10170,1,1,0.99828726
46734,1,1,0.9995808
8588,1,1,0.68061066
68988,1,1,0.9974833
1297,1,1,0.97977865
51504,1,1,0.99241334
72442,1,1,0.9826484
90349,1,1,0.9936027
39334,1,1,0.9964001
40708,1,1,0.77966666
11664,1,1,0.9221219
36283,1,1,0.9236391
4777,1,1,0.9885925
98498,1,1,0.9259614
89633,1,1,0.9699172
42424,1,1,0.89787817
39394,1,1,0.99725217
101065,1,1,0.9813163
33204,1,1,0.98924315
33828,1,1,0.75010145
50088,1,1,0.9920105
34147,1,1,0.9827284
10275,1,1,0.9962053
32229,1,1,0.996825
72712,1,1,0.99215174
95628,1,1,0.8587774
16975,1,1,0.8225611
7870,0,1,0.84927875
92475,1,1,0.99694365
107218,1,1,0.9986864
60521,1,1,0.9707573
52851,1,1,0.99661154
33039,1,1,0.99942565
18917,1,1,0.9956982
72208,1,1,0.59878844
63064,1,1,0.9953087
85363,1,1,0.9844603
4916,1,1,0.7113269
60225,1,1,0.99884975
22633,1,1,0.86656964
89503,1,1,0.98669356
85867,1,1,0.8868784
91926,1,1,0.99164563
94589,1,1,0.9959175
71384,1,1,0.9989266
112597,1,1,0.9978265
35872,1,1,0.9492826
26329,1,1,0.9981035
36787,1,1,0.98946816
95019,1,1,0.98291093
27688,1,0,0.4647527
78878,1,1,0.9940532
75510,1,1,0.98796
97960,1,1,0.98629004
34754,1,1,0.97527266
34508,1,1,0.9805095
29863,1,1,0.997012
2919,1,1,0.9880668
4641,1,1,0.96602136
112678,1,1,0.9947088
56001,1,1,0.7825549
104247,1,1,0.8763839
66224,1,1,0.99885774
83289,1,1,0.9982666
84534,1,1,0.99044853
5846,1,1,0.98972356
8206,1,1,0.9781877
11451,1,1,0.91737396
106782,1,1,0.9852924
101403,1,1,0.9305863
21021,1,1,0.996385
10439,1,1,0.99899334
70165,1,1,0.99924266
98896,1,1,0.789123
25115,1,1,0.9760207
8744,1,1,0.9859294
47244,1,1,0.9786431
5207,1,1,0.9886044
12570,1,1,0.9176019
108416,1,1,0.68163216
3580,1,1,0.9462462
37038,1,1,0.9159264
23837,1,1,0.9973646
37281,1,1,0.95784223
80588,1,1,0.9960807
10972,1,1,0.99610496
32175,1,1,0.74623495
76344,1,1,0.83876646
5728,1,1,0.93789595
70179,1,1,0.939207
32024,1,1,0.9486902
47708,1,1,0.8879752
63879,1,1,0.95199436
58944,1,1,0.9991073
81662,1,1,0.99715483
93172,1,1,0.99710554
72280,1,1,0.95070046
34496,1,1,0.84100825
105707,1,1,0.9574136
67599,1,1,0.9701939
28655,1,1,0.9685296
38879,1,1,0.99846387
105475,1,1,0.9716195
99239,1,1,0.70847666
95301,1,1,0.987081
5888,1,1,0.98983943
91016,1,1,0.9875896
7892,1,1,0.9559079
34731,1,1,0.97216743
51104,1,1,0.97903925
39760,1,0,0.4391226
19773,1,1,0.99642664
50909,0,1,0.9381733
67727,1,1,0.99300003
112021,1,1,0.96883047
9094,1,1,0.9738998
100491,1,1,0.9751541
53103,0,1,0.859558
1948,1,1,0.99854654
43557,1,1,0.9720952
54415,1,1,0.9975805
100669,1,1,0.98804873
10889,1,1,0.7816906
45680,0,1,0.9988237
18715,1,1,0.77405894
80802,1,1,0.9995104
88788,0,1,0.7155327
58804,1,1,0.88327205
25297,1,1,0.996698
97633,1,1,0.995216
5342,1,1,0.9597115
37758,0,1,0.96247524
36382,1,1,0.97302747
19152,1,1,0.98215806
56016,1,1,0.99724066
13922,1,1,0.92258036
18225,1,1,0.9268074
10793,1,1,0.99363
27725,1,1,0.963888
96614,1,1,0.97887665
54369,1,1,0.99915147
23881,1,1,0.79855174
23368,1,1,0.98160285
107062,1,1,0.9996426
79260,1,1,0.9831029
5748,1,1,0.9895158
77451,0,1,0.99777526
2523,1,1,0.97937906
51845,1,1,0.8522019
58841,1,1,0.97793806
40187,1,1,0.9994381
40589,1,1,0.9903126
97013,0,0,0.34091827
18326,0,1,0.8283677
103320,1,1,0.99289143
18396,1,1,0.92745155
7334,1,1,0.9939659
92470,1,1,0.9701173
14532,1,1,0.9825973
3480,1,1,0.9823987
114010,1,1,0.9733499
10244,1,1,0.77071977
106009,1,1,0.9837013
79600,1,1,0.9549665
61961,0,1,0.9962185
477,1,1,0.9936766
109760,0,1,0.99347585
49879,1,1,0.970666
67047,1,1,0.9889198
25131,1,1,0.8667978
106151,1,1,0.9885141
7955,1,1,0.74226415
11119,1,1,0.9870004
111965,1,1,0.845406
78578,1,1,0.9999746
38159,1,1,0.9975804
50293,1,1,0.8636689
98600,1,1,0.9826522
43895,0,1,0.7167415
29050,1,1,0.99422646
28201,1,1,0.9745548
91897,1,1,0.9528899
78138,0,1,0.74841374
69962,1,1,0.97642684
70421,1,1,0.9975228
49655,1,1,0.9962327
22637,1,1,0.9980798
44311,1,1,0.8801857
78426,1,1,0.62312263
77806,1,1,0.8823435
41963,1,1,0.97836155
98195,1,1,0.99631715
108728,1,1,0.9572744
66918,1,1,0.92881155
20009,1,1,0.9917897
95765,1,1,0.9980258
95816,1,1,0.98292357
108668,1,1,0.9849333
109140,1,1,0.97603625
33575,1,1,0.9518141
25554,1,1,0.99831283
28027,1,1,0.9903804
61763,1,1,0.98267007
1625,1,1,0.99911255
3803,1,1,0.9991949
54832,1,1,0.99806243
22454,1,1,0.9988619
19664,1,1,0.9599727
106327,1,1,0.98892576
79046,1,1,0.9963393
12245,1,1,0.9975925
38371,1,1,0.9859644
107095,1,1,0.9952833
22001,1,1,0.85418516
38668,1,1,0.99797004
40985,1,1,0.9530072
56868,1,1,0.9905923
84939,1,1,0.9965377
23925,1,1,0.99428576
105367,1,1,0.8823591
102718,1,1,0.99892336
25142,1,1,0.8714077
32467,1,1,0.99981266
87298,1,1,0.9951781
15172,1,1,0.99499846
108721,1,1,0.99060917
103264,0,1,0.78441155
8668,1,1,0.99756026
10839,1,1,0.9748871
73081,1,1,0.9938029
6990,1,1,0.97999316
61239,1,1,0.9973793
41075,1,1,0.9853532
87480,0,1,0.9479212
108706,1,1,0.91056687
42144,0,1,0.6929618
14442,1,1,0.98309165
58633,1,1,0.9797269
20864,1,1,0.9241203
26949,1,1,0.9101281
81368,1,1,0.75862473
49846,1,1,0.96358347
47670,1,1,0.9987116
67299,1,1,0.8843049
27003,1,1,0.9144678
10151,1,1,0.98953444
49110,1,1,0.76890206
58173,1,1,0.96718097
57991,1,1,0.99563605
70630,1,1,0.9986324
1586,1,1,0.8180564
52399,1,1,0.98876184
84636,1,1,0.99152523
9957,1,1,0.9815393
60988,0,1,0.8736789
101183,1,1,0.99465984
107863,1,1,0.962022
3196,1,1,0.94611716
47070,1,1,0.94292766
91319,1,1,0.9960802
5348,1,1,0.92260885
72311,1,1,0.9969386
38076,1,1,0.99005556
112698,1,0,0.48121017
38041,1,1,0.9618009
65075,1,1,0.9994836
80104,1,1,0.95305085
113823,0,1,0.80834526
52984,1,1,0.9829678
47172,1,1,0.9979272
113391,0,1,0.7573662
38458,1,1,0.6941517
85304,1,1,0.99604744
58127,1,1,0.9996748
47813,1,1,0.9853982
3718,1,1,0.9991659
36884,1,1,0.9875563
13368,1,1,0.97423345
112144,0,1,0.5599788
79614,1,1,0.99822265
78919,1,1,0.9340363
52442,1,1,0.9937708
57305,1,1,0.99019414
101585,1,1,0.98406535
22628,1,1,0.91970426
6595,1,1,0.9286158
88419,1,1,0.92564034
37355,1,1,0.9914048
81301,1,1,0.98115945
36430,1,1,0.9933704
36210,1,1,0.99844235
104438,1,1,0.9996892
70341,1,1,0.9454054
102611,1,1,0.9711493
74127,1,1,0.9870275
81158,1,1,0.98486567
33957,1,1,0.99002695
1381,1,1,0.9860512
25912,1,1,0.967552
92216,1,1,0.9965836
70493,1,1,0.9953021
97775,1,1,0.8594473
26549,1,1,0.9504473
37094,0,1,0.9660107
41228,0,1,0.68058187
91596,1,1,0.99991417
52389,1,1,0.9151955
87303,1,1,0.93559796
5062,1,1,0.9827632
99790,1,1,0.97980666
78144,1,1,0.9907458
54582,1,1,0.99750286
7741,1,1,0.79374766
63667,1,1,0.99112064
14392,1,1,0.99927336
62315,0,1,0.88913745
29855,1,1,0.99535465
84007,1,1,0.9965863
48125,1,1,0.98692644
110324,1,1,0.85578436
78129,1,1,0.98506784
84491,1,1,0.998123
18803,1,0,0.32684523
11430,1,1,0.9472457
111399,1,1,0.9930576
67068,1,0,0.2485447
96021,1,1,0.99591273
15009,1,1,0.993196
69003,1,1,0.9868205
60614,0,1,0.95044065
88898,1,1,0.9962598
94182,1,1,0.9632514
16992,0,1,0.9990012
101089,1,1,0.9991658
5751,1,1,0.99561226
75232,1,1,0.9704871
29321,1,1,0.9924792
79660,1,1,0.9958793
59644,1,1,0.87033266
87699,1,1,0.977451
15909,1,1,0.93943524
67411,1,1,0.99941957
110250,0,1,0.568425
60489,1,1,0.93957824
88521,1,0,0.4046105
73822,1,1,0.9438734
64356,1,1,0.9532456
30830,1,1,0.98159546
46301,1,1,0.9966995
15165,1,1,0.97870517
105447,1,1,0.9254401
10228,1,1,0.99914896
99006,1,1,0.99637246
4494,1,1,0.99442285
47384,0,1,0.92740405
42147,1,1,0.9860178
93225,1,1,0.99227834
87151,1,1,0.7817948
57998,1,1,0.9991155
87527,1,1,0.999603
93323,1,1,0.98727775
3375,1,1,0.98804873
67686,1,1,0.9894432
50453,1,1,0.97429895
93739,1,1,0.98667836
41007,1,1,0.9209186
74753,1,1,0.9975598
23033,1,1,0.99734527
109573,1,1,0.97996396
3283,1,1,0.9644033
4418,1,1,0.9952187
10597,1,1,0.7352139
29446,1,1,0.99625325
96250,1,1,0.991598
52451,1,1,0.98876196
57692,1,1,0.9264321
7510,1,1,0.993587
42499,0,1,0.6586558
87115,1,1,0.9988721
81356,1,1,0.9894544
93901,1,1,0.97603714
30725,1,1,0.9939837
44078,1,1,0.98782605
86080,0,1,0.74223053
62713,1,1,0.9411622
18366,1,1,0.99599564
60729,1,1,0.9973578
22724,1,1,0.98863494
64678,1,1,0.9972582
92055,0,1,0.8695191
95343,1,1,0.99108815
16545,1,1,0.9595238
46473,1,1,0.9992926
57613,1,1,0.9096387
1768,1,1,0.9986803
23501,1,1,0.99924135
102342,1,1,0.9892671
85102,0,1,0.9518845
7968,1,1,0.97236246
64883,1,1,0.9923747
32219,1,1,0.9566975
96231,1,1,0.99397695
102533,1,1,0.9341865
53310,1,1,0.9607302
55220,0,1,0.95402527
89233,0,1,0.886442
60089,1,1,0.96394
41954,0,1,0.7526944
64254,1,1,0.9988165
82903,1,1,0.9947354
21362,1,1,0.99933547
28016,1,1,0.99128705
70294,1,1,0.78549635
74361,1,1,0.99844366
88642,1,1,0.9486785
26933,1,1,0.99866354
76217,1,1,0.86020756
84298,1,1,0.98704046
60138,1,1,0.9332939
108623,1,1,0.90392846
32622,1,1,0.9971673
18953,0,1,0.7084853
63813,0,1,0.9295546
90616,1,1,0.96188337
33294,0,1,0.8512069
83810,1,1,0.9910676
725,1,1,0.92727876
43071,0,0,0.32481855
87392,1,1,0.9864531
87419,1,1,0.96891093
42185,1,1,0.99022865
54264,1,1,0.994338
3616,1,1,0.9364824
11466,1,1,0.8187091
71943,1,1,0.9961597
104998,1,1,0.9949492
70257,1,0,0.4277446
59648,1,1,0.9961039
35109,1,1,0.97049385
64703,1,1,0.9550991
72338,1,1,0.99735934
71887,1,1,0.995366
22984,1,1,0.9615517
74106,1,1,0.95392984
5103,1,1,0.9894872
99031,1,1,0.98543245
74018,1,1,0.9923713
15154,1,1,0.8713257
71378,1,1,0.99740833
56079,1,1,0.574931
59192,1,1,0.92234856
32825,1,1,0.9548304
33387,1,1,0.9676848
58799,1,1,0.9655866
95204,0,1,0.9507487
103509,1,1,0.966236
104993,1,1,0.9841532
10967,1,1,0.97531575
105820,0,1,0.8107142
53368,0,1,0.97960985
76699,1,1,0.9926918
53743,1,1,0.9778611
85004,1,1,0.669777
101699,1,1,0.97389185
56808,1,1,0.9897932
52630,1,1,0.9965283
82802,1,1,0.9763
2333,1,1,0.97382146
81177,1,1,0.98810613
33038,1,1,0.9833261
96249,1,1,0.98414683
55771,1,1,0.98614186
28335,1,1,0.97185624
81664,1,1,0.99827886
25709,1,1,0.99856704
23722,1,1,0.9994778
47108,1,1,0.9748821
108144,1,1,0.6237693
17780,1,1,0.9954104
76060,1,1,0.9946743
3235,1,1,0.9495611
81132,1,1,0.8124355
90168,1,1,0.9995128
14668,1,1,0.99953055
35442,1,1,0.99562657
72082,0,1,0.96942073
20004,1,1,0.75824827
69679,1,1,0.99027586
75630,1,1,0.9923124
79917,1,1,0.9826705
24346,0,0,0.39056423
42254,1,1,0.84340304
21305,0,0,0.41254765
91401,1,1,0.9672454
51376,0,0,0.40666786
65165,1,1,0.99981433
44079,1,1,0.99844414
92122,1,1,0.94174194
98886,1,1,0.9944847
3907,1,1,0.55845195
93459,1,1,0.9661686
87702,1,1,0.9467674
112837,1,1,0.9866997
107422,1,1,0.9943242
52987,1,1,0.9645373
80064,1,1,0.9896774
89095,1,1,0.986466
17222,1,1,0.99864596
11578,1,1,0.9964355
95009,1,1,0.9930132
55502,1,1,0.9920976
10368,1,1,0.9988494
16735,1,1,0.9981206
108848,1,1,0.9963917
7924,1,1,0.9987437
70440,0,1,0.99625325
55641,1,1,0.99563146
106024,1,1,0.9909628
43730,1,1,0.9054702
53671,1,1,0.9771623
79172,1,1,0.9927315
31889,0,1,0.5059446
34833,1,1,0.9954932
34766,1,1,0.9993407
79570,1,1,0.98206663
41941,1,1,0.91306436
22941,1,1,0.9980476
80752,1,1,0.9992618
17488,1,1,0.8968319
104666,1,1,0.97418743
99688,0,1,0.5873861
44744,0,1,0.9948456
79109,1,1,0.9921623
110499,0,1,0.90536696
94811,1,1,0.8898633
67889,1,1,0.9951815
3076,1,1,0.9984132
73201,1,1,0.9919343
56463,1,1,0.9887581
88239,1,1,0.96496093
71490,0,1,0.81483346
33156,1,1,0.954222
69985,1,1,0.74038786
80986,1,1,0.9969373
22776,1,1,0.9978161
72334,1,1,0.9990621
13675,1,1,0.7882428
9759,1,1,0.99297875
80593,1,1,0.9997098
36978,1,1,0.99575484
49342,1,1,0.96763456
9848,1,1,0.9958462
56790,1,1,0.85211146
7488,0,1,0.9551783
10242,1,1,0.9942503
23487,1,1,0.9896571
37699,1,1,0.9189281
101738,1,1,0.9893106
81126,1,1,0.9838108
99030,0,1,0.9993253
33149,1,1,0.97007006
48500,1,1,0.98276883
1971,1,1,0.8975129
32102,1,1,0.7468269
76136,1,1,0.86243874
92467,1,1,0.99771726
55507,1,1,0.9647292
5196,1,1,0.9974982
96294,1,1,0.9962967
27075,1,1,0.9997328
5910,1,1,0.97182155
13113,1,1,0.9642794
53952,0,1,0.99522805
7667,1,1,0.862831
113998,1,1,0.9073838
79195,1,1,0.9518293
23100,1,1,0.9837915
69013,1,1,0.99480695
87274,1,1,0.97340775
96464,1,1,0.9910386
48988,1,1,0.999777
106354,1,1,0.9820992
80466,1,1,0.9326907
11775,1,1,0.9981351
15119,1,1,0.99962056
101590,1,1,0.97098655
4774,1,1,0.9838096
41309,1,1,0.8200244
39557,1,0,0.2957294
103784,1,1,0.9611431
96330,1,1,0.9560837
35895,1,1,0.9970354
75588,1,1,0.953577
98133,1,1,0.97051615
32103,1,1,0.9946707
73466,1,1,0.99898154
11915,1,1,0.97035325
60349,1,1,0.99796045
93892,1,1,0.9766026
58047,1,1,0.997841
111345,1,0,0.3915248
113673,1,1,0.95415354
19310,1,1,0.9993748
29952,1,1,0.9375783
22538,1,1,0.9796212
89727,1,1,0.9870123
3903,1,1,0.92356735
64744,1,1,0.9963278
24001,1,1,0.9940602
101126,1,1,0.9969831
26291,1,1,0.978874
26233,1,1,0.9981383
10191,1,1,0.96969324
42227,1,1,0.9674265
25034,1,1,0.9509368
73861,1,1,0.97219265
102703,1,1,0.9974679
87216,1,1,0.9883577
105702,1,1,0.9995782
27250,1,1,0.9559309
85899,1,1,0.9858014
74525,1,1,0.96866286
26819,1,1,0.98570156
25930,1,1,0.9584526
25888,1,1,0.9986278
29245,1,1,0.97483724
18335,1,1,0.9435823
73686,1,1,0.9419011
35761,1,1,0.9551257
95901,1,1,0.9695043
13614,1,1,0.9932093
384,1,1,0.99811614
71291,1,1,0.9916551
39351,1,1,0.99551815
83818,1,1,0.9443297
95727,1,1,0.97933096
67616,1,1,0.9610322
60177,1,1,0.99863523
28262,1,1,0.98279196
34674,1,1,0.99800617
979,1,1,0.9835223
58031,1,1,0.91021246
40767,1,1,0.96343386
4800,1,1,0.9806738
76672,1,1,0.9918841
12362,1,1,0.9498848
101940,1,1,0.9495121
82093,1,1,0.9721991
69914,1,1,0.98548245
14154,1,1,0.9591111
106921,1,1,0.95965374
35899,1,1,0.99584335
111931,1,1,0.9931585
42314,1,1,0.9840448
99043,1,1,0.9940404
59283,1,1,0.9872825
97142,1,1,0.8435027
20414,1,1,0.9979918
59438,1,1,0.97218263
6792,1,1,0.9396912
15253,1,1,0.99800843
106144,1,1,0.94578713
96030,1,1,0.92563295
14755,1,1,0.9819479
38757,1,1,0.9917332
42246,1,1,0.9942173
102517,1,1,0.9997714
13811,1,1,0.95978796
86134,1,1,0.99671763
19643,1,1,0.66156256
90385,1,1,0.9817074
75717,1,1,0.9019872
6477,1,1,0.97235805
82422,0,1,0.990457
47625,1,1,0.94944245
34602,1,1,0.8539351
93976,1,1,0.9747074
88803,1,1,0.99932003
16542,1,1,0.6437217
64455,1,1,0.99567395
57839,1,1,0.973764
83586,1,1,0.98832893
67629,1,1,0.9753621
110871,1,1,0.8754477
19119,1,1,0.9932908
82341,1,1,0.99602014
16855,1,1,0.95673484
98954,1,1,0.9923562
100557,1,1,0.92454666
64488,1,1,0.9936233
37756,1,1,0.9914808
87312,1,1,0.7236447
103122,1,1,0.89914745
15847,1,1,0.87945986
98008,1,1,0.98764926
39327,1,1,0.9863738
43546,1,1,0.99737644
10300,1,1,0.8798536
70622,1,1,0.9810038
70666,1,1,0.9852476
50252,1,1,0.9940154
76726,1,1,0.985925
21227,1,1,0.97764343
68320,1,1,0.95498854
43275,0,1,0.6175843
39242,1,1,0.97120404
37132,1,1,0.99125344
85731,1,1,0.99177814
40051,1,1,0.980072
51892,1,1,0.9991161
81797,1,1,0.99677235
15635,1,1,0.83438325
58897,1,1,0.97965527
19798,1,1,0.61792797
19138,1,1,0.99521184
22216,1,1,0.96925116
94267,1,1,0.9064037
65940,1,1,0.98910356
94194,1,1,0.98821694
100331,1,1,0.99917656
70912,1,1,0.99510527
60041,1,1,0.85417247
44288,1,1,0.97673017
58087,1,1,0.9720625
37506,1,1,0.9982449
63094,1,1,0.9703775
94395,1,1,0.97431
63523,1,1,0.928417
83565,1,1,0.8939548
80850,1,1,0.9977221
19986,1,1,0.9726533
20050,0,1,0.9728549
7747,1,1,0.9707555
45369,1,1,0.981531
99672,1,1,0.9735718
12795,1,1,0.99934095
64192,1,1,0.9932314
24175,1,1,0.9991347
46784,1,1,0.99502397
62756,1,1,0.9953081
59943,1,1,0.9871179
21123,1,1,0.99926823
28197,1,1,0.9852367
77514,1,1,0.9943245
48201,1,1,0.9072009
50939,1,1,0.9943885
49703,1,1,0.9962942
80779,1,1,0.8788953
94156,0,1,0.6299068
28910,1,1,0.99778014
65481,1,1,0.99471986
108316,1,1,0.9934487
43107,1,1,0.8367061
92673,1,1,0.9580759
37555,1,1,0.98980415
82855,1,1,0.96285474
61242,1,1,0.9792949
7047,1,1,0.9298322
7177,1,1,0.9847025
9225,1,1,0.9722225
48998,1,1,0.9950283
88586,1,1,0.9806255
3657,1,1,0.9722186
20454,1,1,0.9626293
70834,1,1,0.9929207
77758,0,1,0.92980576
73681,1,1,0.98909944
33633,1,1,0.9928203
37655,1,1,0.99258363
114040,1,1,0.97602046
45412,1,1,0.9556985
21946,1,1,0.99729735
4176,1,1,0.9440346
111265,1,1,0.967572
44911,1,1,0.96291107
108071,1,1,0.9430588
100074,1,1,0.9930727
8733,1,1,0.9993117
91098,0,1,0.91350275
100967,1,1,0.99131656
38178,1,1,0.9919735
83603,1,1,0.98987424
8352,1,1,0.9584293
43393,1,1,0.9375115
69265,1,1,0.9998745
113355,1,1,0.99559504
2524,1,1,0.98672247
86489,1,1,0.96108013
61903,1,1,0.99510646
69538,1,1,0.9936121
47515,1,1,0.9571773
30448,1,1,0.9791942
47238,1,1,0.9978515
99533,1,1,0.96880364
62881,1,1,0.9748326
23898,1,1,0.9717604
17394,1,1,0.99606425
113195,1,1,0.9975293
35727,1,1,0.97939074
90127,1,1,0.9975362
20019,1,1,0.95800686
113383,1,1,0.99551266
44159,1,1,0.98126924
27845,1,1,0.5798736
84689,1,1,0.98810416
37530,1,1,0.97613984
76930,1,0,0.30961236
89690,1,1,0.99979025
50106,0,1,0.89993626
98747,1,1,0.9973937
25266,1,1,0.9146879
46441,1,1,0.9983858
65361,1,1,0.7541485
84016,1,1,0.9845606
96637,1,1,0.99801373
14672,0,1,0.6010938
99735,1,1,0.9820472
31191,1,1,0.9933462
64083,1,1,0.9765999
71076,1,0,0.4229014
18584,1,1,0.9850482
47344,1,1,0.9891424
36534,1,1,0.9960763
15670,1,1,0.99893266
86455,1,1,0.9769083
77408,1,1,0.8017867
49608,1,1,0.99450713
81944,1,1,0.9872988
18639,1,1,0.7779553
59122,1,0,0.26441962
113126,1,1,0.99819154
109588,1,1,0.76455474
24955,1,1,0.79138184
18244,0,1,0.8379352
53836,1,1,0.9904213
106733,1,1,0.99781966
46922,1,1,0.9753997
29420,1,1,0.78670967
60754,1,1,0.99776554
18102,1,1,0.9785265
5661,1,1,0.9886402
72362,1,1,0.97995824
66400,1,1,0.9857955
32906,1,1,0.8953682
20737,1,1,0.97041106
58449,1,1,0.9932025
113390,1,1,0.98834574
8340,1,1,0.98526186
35842,1,1,0.97529435
14940,1,1,0.9719087
46916,1,1,0.9988632
45411,1,1,0.99051136
85087,1,1,0.9739293
42007,1,1,0.99906176
13778,1,1,0.9948954
71388,1,1,0.99936706
66590,1,1,0.9931037
67062,1,1,0.9854477
89054,0,1,0.7361561
69408,1,1,0.98603487
61696,1,1,0.9981558
49647,1,1,0.98905516
76389,1,1,0.9974596
91273,1,1,0.99716693
13494,1,1,0.9542759
66455,1,1,0.9671377
55930,1,1,0.9827884
82500,0,1,0.99597555
52661,1,1,0.99908006
66578,1,1,0.9921582
52487,1,1,0.93596625
14119,1,1,0.9028887
911,1,1,0.99885654
80680,0,1,0.6671923
90673,1,1,0.993511
68728,1,1,0.996687
49370,1,1,0.9599521
44474,1,1,0.97214997
59096,1,1,0.98008716
98206,0,1,0.99597615
109156,1,1,0.9693382
42470,1,1,0.9515355
91217,1,1,0.9944936
12353,1,1,0.9483177
97084,1,1,0.9937262
12581,1,1,0.9990683
105560,1,1,0.9699986
8813,1,1,0.9948768
63175,1,1,0.99397993
91452,1,1,0.988565
25762,1,0,0.41659158
59822,1,1,0.98611045
43731,1,1,0.9971445
65936,1,1,0.97940254
57287,1,1,0.94138813
64524,1,1,0.9318523
7276,1,1,0.98271185
100661,1,1,0.9877281
81115,1,0,0.22272548
74116,1,1,0.8988333
110238,1,1,0.9931498
75968,1,1,0.9975229
2049,1,1,0.9909616
99978,1,1,0.9093162
49363,1,1,0.9989447
5616,0,1,0.86203045
83634,1,1,0.99883276
5961,1,1,0.99259865
106949,1,1,0.985371
9023,1,1,0.87185663
90036,1,1,0.91258794
102518,1,1,0.9821576
96211,1,1,0.9988275
103549,1,1,0.9963638
55553,1,1,0.9563835
22620,1,1,0.9588806
106269,1,1,0.98335266
42301,1,1,0.92037076
37608,1,1,0.9918479
92393,1,1,0.86779094
106340,1,1,0.9861217
63818,1,1,0.99926466
78354,1,1,0.95973504
80326,1,1,0.98904794
77268,1,1,0.92644364
76887,1,1,0.94420743
70360,1,1,0.996145
111842,1,1,0.99192494
79082,1,1,0.8932687
37585,1,1,0.99097013
82832,1,1,0.93451774
101434,1,1,0.99316424
101871,0,1,0.56687963
18079,1,1,0.97747225
27191,1,1,0.9907781
44687,1,1,0.99601126
78235,1,1,0.90626645
22699,1,1,0.9973821
37641,1,1,0.9563954
71357,1,1,0.9966215
78073,1,1,0.9702116
16830,1,1,0.9862834
50793,1,1,0.98023605
49486,1,1,0.98605496
85791,1,1,0.9923839
75037,1,1,0.9672006
15614,1,1,0.98130506
88139,1,1,0.9827734
35629,1,1,0.9841123
106172,1,1,0.91090083
1383,1,1,0.9664918
94068,0,1,0.67043054
14363,1,1,0.9665806
111376,1,1,0.9919497
47057,1,1,0.99790514
27123,1,1,0.9762215
7696,1,1,0.9970073
27993,1,1,0.9682387
65206,1,1,0.84187216
80938,1,1,0.9823548
66122,1,1,0.7639071
95664,1,1,0.8951496
31872,1,1,0.9753414
113721,1,1,0.9970072
19171,1,1,0.9907436
70155,1,1,0.9944072
71690,1,1,0.90546566
80942,1,1,0.94593734
74123,1,1,0.9758413
63624,1,1,0.9779112
14735,1,1,0.981149
61423,1,1,0.5202325
47081,1,1,0.9908443
97221,1,1,0.79801536
52338,1,1,0.9305825
85776,1,1,0.85588574
39986,1,1,0.97844625
36308,1,1,0.9883051
154,1,1,0.95355487
5640,1,1,0.9702232
16117,1,1,0.96922183
82790,1,1,0.9811794
16880,1,1,0.98909134
20207,1,1,0.993335
22702,1,1,0.94113505
20290,1,1,0.9971637
18567,1,1,0.9833103
96506,1,1,0.99561334
109248,1,1,0.9929947
86309,1,1,0.9986953
73136,1,1,0.9986395
77405,1,1,0.99513227
102774,1,1,0.99504834
102425,1,1,0.8383412
73368,1,1,0.99958044
88484,1,1,0.7380056
94947,1,1,0.9633213
113734,1,1,0.9900429
62833,1,1,0.9007716
76147,1,1,0.9863295
73320,1,1,0.9825049
39617,1,1,0.9564669
52151,1,1,0.9979492
804,1,1,0.99261475
35703,1,1,0.9842539
30063,1,1,0.99801195
67863,1,1,0.9972269
54246,1,1,0.89739203
89731,1,1,0.9841011
113400,1,1,0.9933078
102769,1,1,0.9718902
52186,1,1,0.9621547
78455,1,1,0.9967794
101247,1,0,0.48770127
106103,1,1,0.99926025
101741,1,1,0.94566184
62261,1,1,0.98998016
37284,1,1,0.9857875
57059,1,1,0.98146075
68661,1,1,0.98366517
58833,1,1,0.99519205
57293,1,1,0.87676096
51124,0,1,0.96700346
58591,1,1,0.9988532
64071,1,1,0.9990501
89739,1,1,0.98559475
82836,1,1,0.9908302
12673,1,1,0.9781253
36247,1,1,0.99978715
30106,1,1,0.999308
30486,1,1,0.9957111
92324,1,1,0.9934895
59600,1,1,0.9577538
77745,1,1,0.96815586
64504,0,1,0.9036625
17775,1,0,0.23298737
25052,1,1,0.9862169
38904,1,1,0.9895884
18462,1,1,0.9573903
35584,1,1,0.9909695
40091,1,1,0.99653685
49620,1,1,0.87624747
96801,1,1,0.9542989
54533,1,1,0.976348
63327,1,1,0.99938107
61810,0,1,0.9596078
37364,1,1,0.97485876
30922,1,1,0.9665482
66185,1,1,0.94515705
17556,1,1,0.9916168
63359,1,1,0.99986994
98772,1,1,0.9859533
32158,1,1,0.9939414
91041,1,1,0.90875417
17643,1,1,0.99035114
68007,1,1,0.9958282
108839,1,1,0.78176564
42872,1,1,0.87657034
31685,1,1,0.9961164
12267,1,1,0.93511665
84925,1,1,0.9900808
3055,1,1,0.9534599
40619,1,1,0.97634035
44152,1,1,0.9370302
51511,1,1,0.998086
86117,1,1,0.55458266
85788,1,1,0.9692628
68383,1,1,0.9970174
18565,1,1,0.9851451
6406,1,1,0.92696935
19415,1,1,0.99838233
10074,1,1,0.99775094
83226,1,1,0.99128854
100696,1,1,0.9968166
102560,1,1,0.64499676
44844,1,1,0.9849246
16701,1,1,0.9960485
75525,1,1,0.99732023
61605,1,1,0.9957718
63993,1,1,0.97997457
105364,1,1,0.91842496
43164,1,1,0.9064726
36397,1,1,0.9692489
24426,1,1,0.99606776
91408,1,1,0.9969214
79560,1,1,0.9991722
72345,0,0,0.15244578
43005,1,1,0.99474096
62502,1,1,0.99753726
50760,1,1,0.73899883
100151,1,1,0.9959978
89249,1,1,0.9820087
48219,1,1,0.9963247
16210,1,1,0.9931618
45590,1,1,0.9855365
69604,1,1,0.9805729
17859,1,1,0.999363
61209,1,1,0.9782965
43483,1,1,0.9792355
104426,1,1,0.9480389
19384,1,1,0.9768736
40427,1,1,0.9760025
89943,1,1,0.9075439
39781,1,1,0.97160923
13890,1,1,0.993555
53182,1,1,0.90429515
96982,0,0,0.43196175
5638,1,1,0.9961808
17533,1,1,0.9847089
61699,1,1,0.84526694
18193,1,1,0.997042
106275,1,1,0.64755946
58684,1,1,0.9973992
60842,1,1,0.9938176
79602,1,1,0.9798552
13404,1,1,0.98996276
14382,1,1,0.9525202
70029,1,1,0.99097353
77215,1,1,0.9897635
113524,1,1,0.99684983
26407,1,1,0.988822
52903,1,1,0.9986249
103880,1,1,0.9855214
32224,1,1,0.9778472
100310,1,1,0.9913988
111210,1,1,0.9944074
25803,1,1,0.9171487
11851,1,1,0.9959031
96104,1,1,0.9981572
101510,1,1,0.99298203
107417,1,1,0.9949862
21578,1,1,0.88303506
12784,1,1,0.8082187
94165,1,1,0.99683243
76921,1,1,0.9994611
33378,1,1,0.9996892
69406,1,1,0.9942297
20323,1,1,0.99968946
4977,1,1,0.9924958
37961,1,1,0.8201963
19140,1,0,0.44530305
101068,0,0,0.46591273
97629,1,1,0.98656565
15561,1,1,0.9954993
23364,1,1,0.9669545
34146,1,1,0.98927677
102020,1,1,0.8099385
89560,0,0,0.4856324
45627,1,1,0.9979115
87074,1,1,0.9972293
60480,1,1,0.9176518
110884,1,1,0.7417079
68524,1,1,0.92611104
24312,1,1,0.96192294
77988,1,1,0.8017227
51168,1,1,0.99955744
25264,1,1,0.988902
72948,1,1,0.9983713
76634,1,1,0.99223655
16439,1,1,0.98042244
49938,1,1,0.99982685
18185,1,1,0.99509805
16976,1,1,0.99807715
48476,1,1,0.93530977
63649,1,1,0.88635087
5864,1,1,0.9996886
44403,1,1,0.99967444
3152,1,1,0.9311243
65290,1,1,0.92353106
6241,0,1,0.6291953
42537,1,1,0.9963237
104691,1,1,0.9577792
695,1,1,0.9426809
94869,1,1,0.9959608
78489,1,1,0.9953147
13307,1,1,0.9001615
53612,1,1,0.98908335
95699,0,1,0.94583213
14858,1,1,0.98945796
24829,1,1,0.96544224
63432,1,1,0.98505914
37140,1,1,0.99230087
52242,1,1,0.9747788
112972,1,1,0.9958062
4192,1,1,0.9876574
105916,1,1,0.9856938
52551,1,1,0.9727557
48431,1,1,0.9715286
44482,1,1,0.9952874
72831,1,1,0.91993785
37554,1,1,0.9797972
13523,1,1,0.9874555
64054,1,1,0.98490417
48186,1,1,0.9979279
4783,1,1,0.65234447
72239,1,1,0.9846096
81013,1,1,0.989071
41877,1,1,0.9482714
38565,1,1,0.8581468
63594,1,1,0.9685829
14866,1,1,0.96704584
109771,1,1,0.96835214
32014,1,1,0.91205305
18744,1,1,0.99336046
51793,1,1,0.7677507
81923,1,1,0.7099028
112558,1,1,0.96629894
70701,1,1,0.82859474
42788,1,1,0.9809873
51933,1,1,0.9963548
57461,1,1,0.99624443
71629,1,1,0.96647245
2563,1,1,0.99887496
30051,1,1,0.972328
83342,1,1,0.9194086
85471,1,1,0.97993374
110817,1,1,0.9799311
87055,0,1,0.9437938
85902,1,1,0.9679023
35414,1,1,0.9998117
23486,1,1,0.9196993
92754,1,1,0.87411165
3605,1,1,0.72985065
16690,1,1,0.9285324
19762,1,1,0.92685235
106176,1,1,0.9959027
78555,1,1,0.9977779
114014,1,1,0.9997147
90619,1,1,0.91648865
71988,1,1,0.9684862
49421,1,1,0.8916128
111092,1,1,0.98771906
53703,1,1,0.994935
109747,1,1,0.99276793
56529,1,1,0.96332026
81387,1,1,0.9817754
37492,1,1,0.9916666
5816,1,1,0.99792284
23217,1,1,0.6834299
80092,1,1,0.86451674
18073,1,1,0.99821234
92455,1,1,0.89765984
1310,1,1,0.9640448
13024,1,1,0.98776114
67491,1,1,0.99687386
258,1,1,0.9988558
5980,1,1,0.9855208
12030,1,1,0.90197575
36226,1,1,0.9919675
31479,0,1,0.6935445
104241,1,1,0.9788638
109563,1,1,0.85728794
32362,1,1,0.99524623
8825,1,1,0.9991861
90482,1,1,0.8894607
113367,1,1,0.99151844
39881,1,1,0.9827707
69224,1,1,0.99651223
95218,1,1,0.96798694
101431,1,1,0.9924769
112880,1,1,0.99306893
110593,1,1,0.9896255
1458,1,1,0.9826988
61804,1,1,0.82022786
75225,1,1,0.96196634
53210,0,1,0.7909674
113376,1,1,0.9950937
56993,1,1,0.9755216
37119,1,1,0.9965558
99199,1,1,0.99901736
73971,1,1,0.9846919
10190,1,1,0.9732965
86449,1,1,0.9931479
50898,1,1,0.9896904
113268,1,1,0.9751232
81871,1,1,0.9783393
68576,1,1,0.97054493
76969,1,1,0.99668545
14301,1,1,0.9931942
62016,0,1,0.90508556
45342,1,1,0.98749
14728,1,1,0.9993364
80159,1,1,0.8296641
10268,1,0,0.487224
84434,1,1,0.99889696
86268,1,1,0.9768817
32486,1,1,0.9721409
86015,1,1,0.89288
110449,1,1,0.98371255
32542,1,1,0.9972818
34523,1,1,0.9869947
26390,1,1,0.8382909
52920,1,1,0.9861838
111715,1,1,0.9988335
35932,1,1,0.95704776
55160,1,1,0.99264526
95784,1,1,0.9856873
63015,1,1,0.98696935
20778,1,1,0.9650218
86948,1,0,0.48090705
94583,1,1,0.97388715
78334,1,1,0.96754575
63946,1,1,0.9835321
107530,1,1,0.97176516
24481,1,1,0.9962154
70471,1,1,0.9925085
99605,1,1,0.9673602
71269,1,1,0.9993192
71611,1,1,0.9841176
108465,1,1,0.9979042
83,1,1,0.9958865
106668,1,1,0.99560505
38356,1,1,0.8636072
24488,0,1,0.99966335
95688,1,1,0.9806856
75803,1,1,0.96719325
40811,1,1,0.9980738
11622,1,1,0.9942954
62422,1,1,0.99926955
85415,1,1,0.9955445
47018,1,1,0.9993338
27085,1,1,0.8327625
7565,1,1,0.89830834
108939,1,1,0.99744946
27776,1,1,0.94290054
43147,1,1,0.9740872
13445,1,1,0.9955409
110540,1,1,0.98446274
80424,1,1,0.8835139
79502,1,1,0.6090142
28131,1,1,0.97074497
39503,1,1,0.97221553
71212,1,1,0.98696005
42461,1,1,0.998895
64069,1,1,0.9993668
104648,1,1,0.9985505
64216,1,1,0.9786735
109259,1,1,0.9871974
103318,1,1,0.99930143
14638,1,1,0.9773154
84495,1,1,0.99010324
60680,1,1,0.9977324
46866,1,1,0.99681276
57744,1,1,0.99142563
21024,1,1,0.99497473
106026,1,1,0.9597236
34846,1,1,0.83152574
41580,1,1,0.9703189
553,1,1,0.996846
113701,1,1,0.64184505
4407,1,1,0.9487583
111236,1,1,0.95109713
84776,1,1,0.99911064
105010,1,1,0.98025113
48017,1,1,0.94843245
61896,1,1,0.9951515
86744,1,1,0.97331685
13230,1,1,0.95265335
99511,1,1,0.9967451
80620,1,1,0.9706459
22450,1,0,0.36959156
57737,1,1,0.9861747
21642,1,1,0.99880373
107763,1,1,0.9943639
53164,1,1,0.97517776
67010,1,1,0.9944417
29795,1,1,0.97159374
85033,1,1,0.9650164
89055,0,1,0.997482
99505,1,1,0.98920155
78540,1,1,0.97316307
20352,1,1,0.93595695
83849,0,1,0.7142284
45006,1,1,0.9865585
104928,1,1,0.9994461
108102,1,1,0.8851552
95486,1,0,0.40866908
63721,0,1,0.7690648
45894,1,1,0.98642415
67033,1,1,0.99900657
15612,1,1,0.99891734
46095,1,1,0.9954644
94580,1,1,0.99918455
18075,0,1,0.9750319
112575,1,1,0.9991781
16376,1,1,0.99684733
77845,1,1,0.98350173
76733,0,1,0.9630391
112824,1,1,0.9907789
49328,1,1,0.9567644
8326,1,1,0.94547224
113909,1,1,0.98226917
36158,1,1,0.9641697
62022,1,1,0.99298966
103024,1,1,0.9870302
79246,1,1,0.99657273
19895,1,1,0.96912384
95018,1,1,0.9974317
58534,0,1,0.9850439
30293,1,1,0.9963638
10649,1,1,0.9906165
54465,1,1,0.9923814
62866,1,1,0.99569005
86232,1,1,0.9928208
34765,0,1,0.76920485
103207,1,1,0.9962245
23079,1,1,0.9973827
60564,1,1,0.9832592
76308,1,1,0.9933187
85588,1,1,0.98746777
100520,1,1,0.99739033
7653,1,1,0.99546
84882,1,1,0.9992975
19855,1,1,0.9830998
111969,1,1,0.9818085
110411,1,1,0.98802406
50706,1,1,0.95924544
102063,1,1,0.9146338
2050,1,1,0.8241177
78374,1,1,0.9375908
66789,0,1,0.88583803
106426,1,1,0.9962471
50503,1,1,0.99751925
111893,1,1,0.98453313
88933,1,1,0.9968567
33250,1,0,0.36950496
25913,1,1,0.9956761
57798,1,1,0.99750745
77192,1,1,0.87791926
50236,1,1,0.98636115
87642,1,1,0.986349
13697,1,1,0.94046104
45881,1,1,0.998262
12068,1,1,0.9825836
14127,1,1,0.9949787
60412,1,1,0.9923867
35673,1,1,0.99635494
60628,1,1,0.9911323
17118,1,1,0.99162394
27177,1,1,0.97022915
73530,1,1,0.989251
25082,0,1,0.5940623
4346,1,1,0.97983736
88069,1,1,0.99633515
34688,1,1,0.80761856
104995,1,1,0.8447462
37078,1,1,0.9470467
99277,1,1,0.9722731
100672,1,1,0.9950547
83689,1,1,0.9864521
77902,1,1,0.9946672
94508,1,1,0.9697855
92326,1,1,0.99503577
71235,1,1,0.98997974
10789,1,1,0.93277895
14321,1,1,0.9964737
65203,1,1,0.95797986
13411,1,1,0.9113543
46420,1,1,0.9710283
89148,0,1,0.984169
58168,0,1,0.94806767
112682,1,1,0.99272823
68145,1,1,0.9985397
44444,1,1,0.99975115
51898,0,1,0.8231793
12739,1,1,0.99984753
83432,1,1,0.9701025
94409,1,1,0.9892162
38649,1,1,0.9808318
4195,1,1,0.99945134
83122,0,1,0.883619
4036,1,1,0.98957425
113611,1,1,0.9945528
40579,1,1,0.984527
42011,0,1,0.6187176
59249,1,1,0.9933796
4428,1,1,0.9629095
78018,1,1,0.99899167
108283,1,1,0.9778733
79882,1,1,0.9887299
97307,1,1,0.98242664
21133,1,0,0.2526392
48473,1,1,0.97609395
31773,1,1,0.99956006
86903,1,1,0.9958437
59350,1,1,0.99294937
12699,1,1,0.9867655
25737,1,1,0.9862953
15807,1,1,0.9736032
110710,1,1,0.9606611
52390,1,1,0.99037033
81023,1,1,0.9373686
20291,0,1,0.992722
50890,1,1,0.957132
33479,1,1,0.9693056
112274,1,1,0.99886453
66015,1,1,0.9706543
10918,1,1,0.775325
85482,1,1,0.9180757
78255,1,1,0.9896919
48877,1,1,0.93632585
76637,1,1,0.99360585
129,1,1,0.80106825
67207,1,1,0.96152925
39168,1,1,0.9939085
42630,1,1,0.98830545
103457,0,1,0.992035
18672,1,1,0.98853135
104413,1,1,0.55411553
20570,1,1,0.9836934
31311,1,1,0.9071994
21245,1,1,0.99829406
12548,1,1,0.62876153
31045,1,1,0.9957777
37,1,1,0.9966798
60121,1,1,0.97947204
27388,1,1,0.9994178
106011,1,1,0.9347602
48292,1,1,0.9982064
99955,1,1,0.92075074
103322,1,1,0.97243845
89591,1,1,0.99149925
61989,1,1,0.9850071
100907,1,1,0.99627763
18337,1,1,0.94768876
9577,1,1,0.9902164
60875,1,1,0.980875
32345,1,1,0.98025984
20779,1,1,0.9874401
30418,1,1,0.89823735
10968,1,1,0.9969981
46017,1,1,0.9518781
30341,1,1,0.9850749
37467,1,1,0.9660688
104155,1,1,0.98943233
28722,1,1,0.8962615
61039,1,1,0.9998436
19064,1,1,0.9940316
56437,1,1,0.9990496
71808,1,1,0.916449
69407,1,1,0.99369603
29495,1,1,0.9640353
25582,1,1,0.9824929
92953,1,0,0.47060508
36515,0,1,0.69380176
26755,1,1,0.85418296
7933,1,1,0.9900746
19049,1,1,0.98932135
28790,1,1,0.91854376
43396,1,1,0.9364734
56946,1,1,0.7959493
83980,1,1,0.8337253
91314,1,1,0.9982169
75893,1,1,0.94276947
62374,1,1,0.9871907
5132,1,1,0.9993851
7039,1,1,0.9673448
64467,1,1,0.97108555
91010,1,1,0.9711934
109991,1,1,0.98138064
101602,1,1,0.990522
113067,1,1,0.99121714
2186,1,1,0.8994473
94254,1,1,0.9827094
63181,1,1,0.89154667
61145,1,1,0.950524
85342,1,1,0.83920944
109412,1,1,0.86265385
92426,1,1,0.9936039
64366,0,1,0.8992674
29251,1,1,0.98753685
104869,1,1,0.9729856
101579,1,1,0.99878305
48324,0,1,0.94547033
58673,1,1,0.99100935
100960,1,0,0.183545
31761,1,1,0.9905786
14721,1,1,0.9966928
103118,1,1,0.9943053
61288,1,1,0.99745315
71056,1,1,0.9932759
51156,1,1,0.998613
66736,1,1,0.9592397
28018,1,1,0.9840784
63909,1,1,0.88147944
102686,1,1,0.9768438
54667,1,1,0.98138523
92050,1,1,0.95953447
63169,1,1,0.9893857
42567,1,1,0.98122877
41640,1,1,0.99951637
18409,1,1,0.9380346
71353,1,1,0.9931103
54606,0,0,0.27760097
74844,1,1,0.9906542
82797,1,1,0.95269275
84223,1,1,0.9878236
98652,1,1,0.9965456
32660,1,1,0.9969952
42402,1,1,0.96985966
85167,1,1,0.99023974
26325,1,1,0.9413835
49231,1,1,0.9414324
27882,1,1,0.98358154
28879,1,1,0.9994512
88429,1,1,0.9851136
73930,1,1,0.99203
81574,1,1,0.97687644
66313,1,1,0.9850899
58381,1,1,0.99798113
93310,1,1,0.9234374
23629,1,1,0.9988588
32428,1,1,0.9863854
110176,1,1,0.9945445
29017,1,1,0.986772
2291,1,1,0.9973392
103726,0,1,0.9016468
105069,1,1,0.9887805
7283,1,1,0.66150945
64516,1,1,0.9816518
50784,1,1,0.9396358
56081,1,1,0.98863053
91278,1,1,0.99626106
108129,1,1,0.9615516
62950,1,1,0.99068904
65772,1,1,0.7562142
55269,1,1,0.99336654
47446,1,1,0.8601293
76164,1,1,0.9839877
19808,1,1,0.99538773
78352,1,1,0.99460113
20776,1,1,0.9954827
45847,1,1,0.99925214
83134,1,1,0.9919517
29962,1,1,0.97449285
81161,0,1,0.88318485
58128,1,1,0.81996655
76925,1,1,0.9619648
35987,1,1,0.9367642
37908,1,1,0.9939176
108038,1,1,0.9985176
10595,0,0,0.42670548
52686,1,1,0.6567475
64205,1,1,0.98798984
54797,1,1,0.99432087
77029,1,1,0.9938059
89351,1,1,0.9942849
35045,1,1,0.9940959
24660,1,1,0.9943673
1150,1,1,0.9893048
85499,1,1,0.9775754
72319,1,1,0.9970692
84611,1,1,0.9591315
28594,1,1,0.98329884
35789,1,1,0.9955896
78514,1,1,0.9924763
88617,1,1,0.99958116
50101,1,1,0.9856264
21126,1,1,0.96337944
86704,1,1,0.91054666
29929,1,1,0.9831131
75233,1,1,0.9320251
41498,1,1,0.97566867
85041,1,1,0.9749307
109354,1,1,0.9981772
26790,1,1,0.99955493
30156,1,1,0.98867023
12325,1,1,0.9645327
103672,1,1,0.97313976
52671,1,1,0.954948
87389,1,1,0.98105407
29545,1,1,0.9945042
58118,1,1,0.88440984
112728,1,1,0.7433262
95377,1,1,0.9912477
110404,1,1,0.9236014
41004,0,1,0.86772674
97808,1,1,0.9707752
62050,1,1,0.9982167
83681,1,1,0.9030188
75446,1,1,0.9695693
5954,1,1,0.9977337
17636,1,1,0.9991303
50050,1,1,0.99611205
96023,1,1,0.9986286
86031,1,1,0.99279696
83678,1,1,0.9533162
51201,1,1,0.9988902
29394,1,1,0.9983329
46811,1,1,0.99166745
94996,1,1,0.92769635
1235,1,1,0.9536586
97527,1,1,0.99349546
65154,0,0,0.28633407
63310,1,1,0.9985297
16259,1,1,0.99528754
102097,1,1,0.93471444
69012,1,1,0.9826865
52982,1,1,0.99014586
108691,1,1,0.9900799
46623,1,1,0.9864956
42758,1,1,0.99827147
52902,1,1,0.984582
93214,1,1,0.8874791
28517,1,1,0.996042
81933,1,1,0.962955
55937,1,1,0.99883157
10357,1,1,0.97849905
36426,1,1,0.9983369
6245,1,1,0.9536325
60712,1,1,0.9896534
47143,1,1,0.9996214
73431,1,1,0.98792446
110458,1,1,0.9854434
11758,1,1,0.9996916
13413,1,1,0.97244185
64979,1,1,0.96615857
40799,1,1,0.99629587
77263,1,1,0.71395266
57894,1,1,0.9953738
2175,1,1,0.9037704
76821,1,1,0.99836594
64290,1,1,0.9726219
113949,1,1,0.9955212
49943,1,1,0.9974654
8841,0,1,0.97905844
39002,1,1,0.99092114
90325,1,1,0.964594
88916,1,1,0.80919725
96482,1,1,0.997603
21043,1,1,0.9645854
113530,1,1,0.9990957
18650,1,1,0.9279598
22119,1,1,0.96627265
31696,1,1,0.96979666
75636,1,1,0.9971424
113982,1,1,0.81842417
113820,1,1,0.9975418
64535,1,1,0.9954513
91151,1,1,0.99147063
100040,1,1,0.9827519
17599,1,1,0.8625876
14215,1,1,0.63375205
8989,1,1,0.89718634
93715,1,1,0.9786685
74285,1,1,0.9974617
107856,1,1,0.8723114
102793,1,1,0.96516913
76834,1,1,0.98668915
110739,1,1,0.9782331
84673,1,1,0.99922824
18142,1,1,0.92527336
108867,1,1,0.9583202
7175,1,1,0.99358255
24485,0,1,0.9127821
63589,1,1,0.97074294
6394,1,1,0.9799413
27575,0,1,0.93658787
20877,1,1,0.9771913
30079,1,1,0.98204666
95444,1,1,0.9746328
6980,1,1,0.98852974
35162,1,1,0.9391498
3842,1,1,0.8668643
89599,1,1,0.98577327
72961,0,0,0.4331315
39763,1,1,0.98082113
70018,1,1,0.94672143
40050,0,0,0.35670418
51362,1,1,0.99682873
84409,1,1,0.92452955
50561,1,1,0.98959374
44027,1,1,0.99244267
2802,0,1,0.9673013
99325,1,1,0.99406236
18943,1,1,0.97778475
25432,1,1,0.9897912
62128,1,1,0.9934324
37185,1,1,0.9985973
79020,1,1,0.9896513
40303,1,1,0.9894795
2780,1,1,0.9967878
73179,1,1,0.83288485
63239,1,1,0.99052763
105925,1,1,0.8682819
99059,0,1,0.9165714
106939,1,1,0.9558381
56413,1,1,0.9960807
37584,1,1,0.5676583
11363,1,1,0.9534908
72862,1,1,0.94593424
32448,1,1,0.9940042
40489,1,1,0.95253736
19302,1,1,0.9831383
86556,1,1,0.97758526
91464,1,1,0.9989359
71215,1,1,0.93419635
113162,1,1,0.9276867
110306,1,1,0.98902225
2604,1,1,0.99138194
72735,1,1,0.98953795
54609,0,1,0.9560729
98183,1,1,0.5044978
56878,1,1,0.99442744
13465,1,1,0.9992767
21276,1,1,0.9416205
70587,1,1,0.9978326
20979,1,1,0.99624544
63399,1,1,0.92437553
110461,1,1,0.9853416
107742,1,0,0.4220634
67642,1,1,0.99948114
44670,1,1,0.9985355
93201,1,1,0.9777639
74689,1,1,0.9821675
89703,1,1,0.8982041
74074,1,1,0.98947185
11261,1,1,0.9758932
52041,1,1,0.97465986
23659,1,1,0.96049404
66659,1,1,0.99914134
32436,1,1,0.7149825
44643,0,1,0.96787274
14500,1,1,0.9981857
79485,1,1,0.9993511
71340,1,1,0.5648804
66714,0,1,0.8313023
23558,1,1,0.9987196
42068,1,1,0.9971175
58622,0,1,0.9046267
5067,1,1,0.98452514
106425,1,1,0.91472846
34048,1,1,0.9625171
93350,1,1,0.93582886
60559,0,1,0.9732046
94092,1,1,0.980648
26862,1,1,0.9961719
13783,1,1,0.8401089
100649,1,1,0.9949033
97499,1,1,0.9789362
46374,1,1,0.9900962
89742,1,1,0.98447293
9708,1,1,0.98039997
50718,1,1,0.999553
17131,1,1,0.97179216
106363,1,1,0.9788623
85651,1,1,0.97789085
14126,1,1,0.97721523
69691,1,1,0.996276
4971,1,1,0.96784335
14725,1,1,0.95754397
55567,1,1,0.76353186
23644,1,1,0.89924383
28806,1,1,0.9840698
76595,1,1,0.96518856
16344,1,1,0.9995852
70962,1,1,0.98899764
32966,1,1,0.99522865
38823,1,1,0.99063957
10033,1,1,0.82858884
38291,1,1,0.9855043
36868,0,1,0.79858845
62047,1,1,0.9988858
25953,1,1,0.9985001
105373,1,1,0.9933687
2355,1,1,0.9934813
106371,1,1,0.99912196
9337,1,1,0.9963186
26021,1,1,0.9991007
75793,0,1,0.8702409
68887,1,1,0.94908386
83260,1,1,0.99094427
104161,1,1,0.6010607
28461,1,1,0.86781967
36520,0,1,0.9601273
51863,1,1,0.9869065
25775,1,1,0.91409135
38068,1,1,0.9845466
58876,1,1,0.99402374
39068,1,0,0.34919226
98122,1,1,0.98884356
76405,1,1,0.9919624
67856,1,1,0.9874796
108961,1,1,0.97274077
41619,1,1,0.99404955
475,0,1,0.6550012
64155,1,1,0.8014745
57799,1,1,0.9854639
63210,1,1,0.6489702
55826,1,1,0.9866724
7699,1,1,0.9972366
89637,1,1,0.99437994
66440,1,1,0.90232164
52353,1,1,0.79130363
39024,1,1,0.99667203
77743,1,1,0.9849539
47426,0,0,0.107101984
3634,1,1,0.55957663
37301,1,1,0.98671466
37823,1,1,0.996949
92427,1,1,0.94461817
62528,1,1,0.99761105
69075,1,1,0.9999137
94783,1,1,0.999559
80876,1,1,0.97124434
88638,1,1,0.8310508
78639,1,1,0.97074413
77892,1,1,0.99953854
44602,1,1,0.9982186
35444,1,1,0.8793019
55753,1,1,0.99819463
29611,1,1,0.9992797
3607,1,1,0.989141
105574,1,1,0.9633908
97189,1,1,0.967262
64506,1,1,0.95853055
35415,1,1,0.9878714
100266,1,1,0.8825712
35633,1,1,0.9287126
74521,1,1,0.98919183
63369,1,1,0.98597705
47137,1,1,0.9096146
108852,0,1,0.92691195
42250,1,1,0.99958307
112928,1,0,0.28500715
633,1,1,0.9735841
14427,1,1,0.956321
529,1,1,0.7755793
35864,1,1,0.92408174
59563,1,1,0.94836277
11173,1,1,0.9781933
67954,1,1,0.69121104
55156,1,1,0.9362784
105637,1,1,0.99840456
82671,1,1,0.96580297
7867,1,1,0.9833878
29020,1,1,0.99524504
1987,1,1,0.9895353
47906,1,1,0.99788874
96797,0,1,0.78752387
51780,1,1,0.9227677
44214,1,1,0.99715185
74307,1,1,0.8882277
64272,1,1,0.99546
1576,1,1,0.9591374
15593,1,1,0.98963785
1072,1,1,0.92923784
96732,1,1,0.99940336
86182,1,1,0.996567
32766,1,1,0.9846473
42409,1,1,0.90343434
4740,1,1,0.99430805
87566,1,1,0.99099535
14597,1,1,0.99117446
9019,1,1,0.9945363
39390,1,1,0.9965486
103979,1,1,0.9668113
72844,1,1,0.9997836
32993,0,1,0.51583153
93156,0,1,0.73930746
112182,1,1,0.9978816
29148,1,1,0.98114806
59303,1,1,0.9886214
17578,1,1,0.99706036
43244,1,1,0.9940644
20637,1,1,0.9862461
65837,1,1,0.9912655
64817,1,1,0.9980398
87038,1,1,0.98218334
64247,1,1,0.99338007
53385,0,1,0.67515874
91005,1,1,0.7447747
8107,1,1,0.98131174
73662,1,1,0.63938165
7441,1,1,0.93874335
320,1,1,0.88266164
14290,1,1,0.95087427
37646,1,1,0.9942532
91215,1,1,0.8983376
104728,1,1,0.9833651
14262,1,1,0.97925764
80632,1,1,0.9992661
65917,1,1,0.9925781
103483,1,1,0.9961597
105372,1,1,0.9902407
38075,1,1,0.96974415
90516,1,1,0.9678096
101071,1,1,0.9941632
102841,1,1,0.9900967
11283,1,1,0.98009527
33788,1,1,0.99325925
39780,1,1,0.99115163
36233,1,1,0.9973053
21280,1,1,0.98936486
88728,0,1,0.8123764
55152,1,1,0.95693797
21157,1,1,0.95824564
35101,1,1,0.99815696
112044,1,0,0.023184912
82682,1,1,0.99300367
98494,1,1,0.98751044
10137,1,1,0.97399074
54360,1,1,0.9842158
108380,1,1,0.73019665
86538,1,1,0.98677224
98573,1,1,0.9998166
84800,1,1,0.9568851
14324,1,1,0.9830943
67934,1,1,0.83278644
90080,1,1,0.98692757
104751,1,1,0.9728052
17348,1,1,0.9854909
25749,1,1,0.9442499
113850,1,1,0.9422564
53893,1,1,0.94434905
11350,1,1,0.99593383
10926,1,1,0.99961287
23115,0,1,0.9230614
103894,1,1,0.966076
27367,1,1,0.99882966
84565,1,1,0.99814856
85537,1,1,0.91958016
4394,1,1,0.9380949
98860,1,1,0.9922389
98844,1,1,0.99016577
62216,1,1,0.98829323
95456,1,1,0.98657936
93423,1,1,0.98254687
56903,1,1,0.9830031
19940,1,1,0.9999186
89313,1,1,0.9976712
69764,1,0,0.3773915
40164,1,1,0.9932199
21366,1,1,0.99900573
75876,1,1,0.9877551
100665,0,1,0.8434346
70680,1,1,0.99276006
59790,1,1,0.99260944
113994,1,1,0.9997892
4499,1,1,0.9884688
21529,1,1,0.9992926
106150,1,1,0.98548454
81763,1,1,0.98862374
80102,1,1,0.9941294
22667,0,1,0.6181202
107477,1,1,0.99933076
110599,1,1,0.9963201
44054,1,1,0.9880896
88299,1,1,0.99064213
103627,1,1,0.9996768
6554,1,1,0.9913161
97131,1,1,0.8719404
81201,1,1,0.93572074
103964,1,1,0.91340965
103644,1,1,0.8535972
100880,1,1,0.95042795
13190,1,1,0.9671846
50365,1,1,0.78946215
12798,0,1,0.9592904
31785,1,1,0.9406869
16528,1,1,0.9793131
59073,1,1,0.9994418
32261,1,1,0.99859077
44542,1,1,0.99832577
62872,1,1,0.99954754
105063,1,1,0.9536435
73435,1,1,0.9901992
31188,1,1,0.9994179
10101,1,1,0.97345316
101124,1,1,0.99691916
64943,1,1,0.9052795
108424,1,1,0.9972926
81240,1,1,0.9983897
72935,1,1,0.9899037
35487,1,1,0.97495574
11311,0,1,0.9476411
58029,1,1,0.9898086
3084,1,1,0.9843508
74873,1,1,0.9537258
15319,0,1,0.76378506
80278,1,1,0.9805714
84080,1,1,0.8328214
27245,1,1,0.9711477
4768,1,1,0.9983986
64371,1,1,0.99066824
5038,1,1,0.9635996
56257,0,0,0.46988434
17827,1,1,0.98146975
109775,1,1,0.8729056
113715,1,1,0.83896625
9202,1,1,0.9993455
87261,1,1,0.9898003
75979,1,1,0.9891445
35562,1,1,0.89547145
99645,1,1,0.99599695
9901,1,1,0.99330384
76993,1,1,0.9874756
12917,1,1,0.99914455
100877,1,1,0.99157965
9532,1,1,0.9449572
7084,1,1,0.8807665
99253,1,1,0.97625285
98117,1,1,0.9896799
106814,1,1,0.9985464
39329,1,1,0.53528893
32244,1,1,0.98627025
860,1,1,0.9982668
112235,1,1,0.9999565
80468,1,1,0.9865806
61336,0,0,0.161102
11520,1,1,0.9893721
24639,1,1,0.9370251
68249,1,1,0.91399544
46366,1,1,0.973639
30614,1,1,0.99847454
1921,1,1,0.96289825
84566,1,1,0.9834277
46044,1,1,0.99966586
51012,1,1,0.865041
14332,1,1,0.9912947
85277,0,1,0.9537119
21350,0,1,0.8567115
109743,1,1,0.98686683
100902,1,1,0.998226
108400,1,1,0.95744836
18657,1,1,0.96610105
14675,0,1,0.91202885
56814,0,1,0.89505255
24200,1,1,0.65756446
47438,1,1,0.9943137
18221,1,1,0.9986767
80135,1,1,0.97956604
109906,0,0,0.4829817
109925,1,1,0.94282275
71865,1,1,0.99146676
26400,1,1,0.8881016
93306,1,1,0.94593316
106264,1,1,0.9857809
58670,1,1,0.9814556
47585,1,1,0.9636568
41962,1,1,0.93764013
7404,1,1,0.93215
12439,1,1,0.9987484
49088,1,1,0.9798467
11931,1,1,0.999276
175,1,1,0.827277
47998,1,1,0.8711938
87606,1,1,0.9591169
25890,1,1,0.96566576
54111,1,1,0.9447172
113274,1,1,0.9305248
539,1,1,0.99818844
99872,1,1,0.98017097
70270,1,1,0.9685873
75269,1,1,0.9912548
106685,1,1,0.9998766
23893,1,1,0.96705484
26960,0,1,0.595686
51275,1,1,0.9997336
20834,1,1,0.99898666
43569,0,1,0.5646449
94089,1,1,0.99135417
24529,0,1,0.9724529
9278,1,1,0.97550595
37485,1,1,0.933761
110054,1,1,0.99741757
96824,1,1,0.9932782
7500,1,1,0.9895978
3967,1,1,0.96111643
112750,1,1,0.9734317
42006,0,1,0.8796013
76652,1,1,0.9986701
40842,1,1,0.99711585
20103,1,1,0.986392
53734,1,1,0.9986778
49307,1,1,0.9994153
72164,1,1,0.98343605
36719,1,1,0.9743469
82305,1,1,0.99682546
97514,1,1,0.9492581
78538,1,1,0.89096004
8799,1,1,0.9502378
39673,1,0,0.39700216
76026,1,1,0.99298406
20453,1,1,0.9961947
105065,1,1,0.997638
93575,1,1,0.99486685
14419,1,1,0.9941375
50463,1,1,0.99243015
58806,1,1,0.99879634
1014,1,1,0.93288124
60451,1,1,0.9841926
83692,0,1,0.93073833
67004,1,1,0.9857862
9012,1,1,0.99342513
112655,1,1,0.9996575
96255,1,1,0.91264135
82695,1,1,0.97107846
96469,1,1,0.985335
65632,1,1,0.9513673
22705,1,1,0.97900826
42219,1,1,0.9722438
56908,1,1,0.98734504
31747,1,1,0.99610126
97285,1,1,0.980028
77015,1,1,0.8945697
102455,1,1,0.98217654
18211,1,1,0.954286
63937,1,1,0.9924298
106143,0,1,0.9243622
60396,1,1,0.9075011
102380,1,1,0.9459102
102957,1,1,0.99098796
78297,1,1,0.99316365
23997,1,1,0.915458
75633,1,1,0.99856794
105429,1,1,0.9764531
71600,1,1,0.9989286
97172,1,1,0.97612643
95332,1,1,0.99391043
46235,1,1,0.9284247
92670,1,1,0.9978421
73449,1,1,0.99282223
9855,1,1,0.99383587
76437,1,1,0.98829484
89585,1,1,0.9184737
64461,1,1,0.99504083
15507,1,1,0.9959979
98273,1,1,0.9983632
65615,1,1,0.9279998
25301,1,1,0.9551501
16079,1,1,0.9734987
32652,1,1,0.98679894
73246,1,1,0.9749497
60733,1,1,0.9877722
13527,0,1,0.92009115
45917,1,1,0.9835157
85909,1,1,0.9953224
77282,1,1,0.8267273
90251,1,1,0.6593697
39873,1,1,0.99106467
52453,1,1,0.9981871
10150,1,1,0.99416083
19708,1,1,0.88539165
69543,1,1,0.9957436
11114,1,1,0.87405103
67483,0,1,0.9638764
32871,1,1,0.9168995
66910,1,1,0.99637175
7196,1,1,0.9994518
41276,1,1,0.97843987
24684,1,1,0.9867721
66589,0,1,0.9546485
27280,1,1,0.9961599
112492,1,1,0.9640007
24357,1,1,0.99791795
1049,1,1,0.92212206
88021,1,1,0.99911934
923,1,1,0.9758453
102959,1,0,0.18028031
87129,1,1,0.98310673
94712,1,1,0.99113524
73308,1,1,0.97917366
95790,1,1,0.94360256
49097,1,1,0.98165727
36668,1,1,0.9981647
19627,1,1,0.99631774
40598,1,1,0.98757267
75222,1,1,0.9931507
38296,1,1,0.9779549
23580,1,1,0.9769766
58843,1,1,0.912017
107954,1,1,0.9838303
32355,1,1,0.9720263
32856,1,1,0.99524504
5664,1,1,0.9981274
53173,1,1,0.90721136
108056,1,1,0.9791013
18886,1,1,0.98593026
113116,1,1,0.98557425
111995,1,1,0.9692476
91779,1,1,0.97181255
52469,1,1,0.9945052
97585,1,1,0.99315745
41402,1,1,0.9752866
37174,1,1,0.9000363
32263,1,1,0.98825246
27879,1,1,0.9903206
15173,1,1,0.8879773
107636,1,1,0.99496716
85800,1,1,0.99679947
70801,1,1,0.9972904
99351,1,1,0.9439269
81701,1,1,0.9612613
38391,1,1,0.99215007
5922,1,1,0.98028874
110592,1,1,0.9055503
23673,1,1,0.9930559
105202,1,1,0.9709692
644,1,1,0.9910137
22626,1,1,0.9978629
59068,0,1,0.85537326
57808,0,1,0.94336295
72622,1,1,0.99807477
81882,0,1,0.91181535
66031,1,1,0.9691087
36256,1,1,0.9808035
110313,1,1,0.94460124
31489,1,1,0.99709606
30677,1,1,0.88864416
36530,1,1,0.9854974
19870,1,1,0.9993345
16278,1,1,0.9935081
59464,1,1,0.9905697
17503,1,1,0.96859866
18481,1,1,0.9978613
32767,1,1,0.94420826
34976,1,1,0.99556845
101727,0,1,0.9767394
21076,1,1,0.9489703
113354,1,1,0.98419905
9267,0,1,0.85484165
111909,1,1,0.9693796
99169,1,1,0.99744177
69113,1,1,0.9643375
138,1,1,0.9168169
77385,1,1,0.9959025
104818,1,1,0.94996953
8810,1,1,0.97374165
52957,1,1,0.98354024
29908,1,1,0.97546524
50563,1,1,0.94251704
104750,1,1,0.99551916
112358,1,1,0.99124944
55847,1,1,0.9745463
56608,1,1,0.9111404
49254,1,1,0.9872765
30610,1,1,0.9941182
87446,1,1,0.99729174
109308,1,1,0.99836844
4884,1,1,0.9948775
110621,0,1,0.92975515
87517,1,1,0.9988649
105834,0,1,0.98792136
56247,1,1,0.99896646
66306,1,1,0.88007116
56720,1,1,0.97783047
6501,1,1,0.99617285
40484,1,1,0.9846998
87051,1,1,0.9922443
73011,1,1,0.5649837
57918,0,0,0.27628264
14587,0,1,0.9900051
104458,1,1,0.99886984
106132,1,1,0.96186846
106619,1,1,0.9719582
31775,1,1,0.95236075
103643,1,1,0.93397015
86247,1,1,0.9959974
54253,1,1,0.9351935
88477,1,1,0.9933596
27722,1,1,0.75679
102153,1,1,0.9942008
1528,1,1,0.9843253
19666,1,1,0.83834034
72765,1,1,0.99777114
80009,1,1,0.9952354
20919,1,1,0.99259675
67724,1,1,0.95943
78695,1,1,0.9885206
104063,1,1,0.9982362
52628,1,1,0.5025456
92012,1,1,0.9986486
104940,1,1,0.99232906
53764,1,1,0.99338114
104520,1,1,0.99428165
27888,1,1,0.98999864
29697,1,1,0.99009293
65506,1,1,0.99681515
15448,1,1,0.988472
77009,1,1,0.9969193
102737,1,1,0.9807436
4218,1,1,0.9722854
109607,1,1,0.9211456
47521,1,1,0.9994338
111652,1,1,0.8927681
85352,1,1,0.965565
8482,1,1,0.95834714
102699,1,1,0.96934044
76274,1,1,0.9931439
62562,1,1,0.52347
49514,0,0,0.49786353
50725,1,1,0.9984452
17474,1,1,0.98638445
29256,1,1,0.9856259
30347,1,1,0.9515387
13928,1,1,0.999318
53415,1,1,0.9802223
104877,1,1,0.96776193
12529,0,1,0.7111992
41216,1,1,0.98112595
81116,1,1,0.995466
65295,1,1,0.9953993
109374,0,0,0.30046853
76659,1,1,0.9942326
51152,1,1,0.96050733
69067,1,1,0.9235623
96305,1,1,0.9951834
43818,1,1,0.9994392
79535,1,1,0.5891636
85980,1,1,0.99796426
20470,1,1,0.955249
23511,1,1,0.7849084
2631,1,1,0.9958171
16972,0,1,0.79313785
111996,1,1,0.90826154
30099,1,1,0.9882693
9308,1,1,0.9978243
68361,1,1,0.9926722
10211,1,1,0.9740975
6597,1,1,0.8579558
94340,1,1,0.9990478
7665,1,1,0.9480783
18402,1,1,0.9573276
1557,1,1,0.9948597
9071,1,1,0.99798346
40272,1,1,0.93525815
106033,1,1,0.99399346
114032,1,1,0.97269374
37991,0,1,0.8256419
92604,1,1,0.9986676
10831,1,1,0.9973526
71038,1,1,0.9354884
22807,1,1,0.9563286
107518,1,1,0.9461629
84010,1,1,0.9979336
53959,1,1,0.95013607
60699,1,1,0.9908274
65429,1,1,0.9888108
65497,1,1,0.9986456
42893,1,1,0.99653757
15741,1,1,0.81824964
59007,1,1,0.9982153
52355,0,0,0.36897707
45699,1,1,0.9974371
45416,1,1,0.9871157
96428,1,1,0.98300743
28940,1,1,0.9966646
13153,1,1,0.99220794
88926,1,1,0.9833882
51820,1,1,0.83764315
52666,1,1,0.9914308
69695,1,1,0.9976272
103873,1,1,0.9984226
8922,1,1,0.9966438
101881,1,1,0.96630836
4379,1,1,0.9935946
50667,1,1,0.9991209
74048,0,0,0.21576229
57295,1,1,0.9644079
3955,1,0,0.45659524
52540,1,1,0.9684875
67041,1,1,0.95563346
85069,1,1,0.99848324
28524,0,1,0.9291706
8485,1,1,0.923376
26787,1,1,0.97689784
40220,1,1,0.9814455
93740,1,1,0.99507195
101244,1,1,0.9794263
32963,1,1,0.95902663
41401,1,1,0.9878429
18859,1,1,0.9990107
18497,1,1,0.99188894
72761,0,1,0.79763365
86461,1,1,0.9997677
18507,1,1,0.621476
83087,1,1,0.99975604
52675,1,1,0.9962709
53236,1,1,0.98818237
39618,1,1,0.99955815
45679,1,1,0.9726969
113172,1,1,0.9695659
42141,1,1,0.9934744
52960,1,1,0.9725874
107233,1,1,0.9939454
55379,1,1,0.9994862
68185,1,1,0.9885606
1857,1,1,0.98192775
19147,1,1,0.99212974
32076,1,1,0.98759925
12687,1,1,0.99806195
2754,1,1,0.9772652
102114,1,1,0.9707537
97330,1,1,0.986439
10860,1,1,0.9099794
11547,1,1,0.7191655
75891,1,1,0.98241735
84963,1,1,0.99696165
50393,1,1,0.9853806
92739,1,1,0.9976042
87841,1,1,0.9741279
110371,1,1,0.88151425
20488,1,1,0.9961287
17996,1,1,0.9943025
53416,1,1,0.9962297
18046,1,1,0.93507695
82614,1,1,0.99344563
90813,1,1,0.9481354
85996,1,1,0.9975292
103051,1,1,0.98874354
113415,1,1,0.6262559
86051,1,1,0.99672407
75245,1,1,0.9988071
81602,1,1,0.97261477
59316,1,1,0.99776137
22803,1,1,0.9812618
113379,1,1,0.9948726
107230,1,1,0.8571061
41650,1,1,0.9890598
64262,1,1,0.9913693
69127,1,1,0.9901634
41894,1,1,0.9692672
105435,1,1,0.91526943
48416,1,1,0.9888797
50984,1,1,0.9954152
5126,1,1,0.9733425
5602,0,0,0.47231036
54628,1,1,0.68782556
110091,1,1,0.99918836
8087,1,1,0.9392556
5973,1,1,0.98854804
45924,0,1,0.93769425
52022,1,1,0.99927646
96461,1,0,0.24769464
3347,1,1,0.96184796
69753,1,0,0.18418059
81530,1,1,0.98987436
89852,1,1,0.9996351
84285,1,1,0.94390655
21797,1,1,0.9787947
66355,1,1,0.9982326
38483,1,1,0.9914676
50363,1,1,0.9423332
34795,1,1,0.9785502
27252,1,1,0.76294017
38346,1,1,0.991625
55215,1,1,0.9968534
96856,0,1,0.9059012
109871,0,1,0.74432015
69305,1,1,0.99643326
33081,0,1,0.9716153
61307,1,1,0.9982912
101217,1,1,0.9585317
40046,1,1,0.9966659
79545,1,1,0.9888256
98878,1,1,0.9868406
96755,1,1,0.9991098
99196,1,1,0.9048037
2908,0,1,0.954825
26062,1,1,0.9454269
65002,1,1,0.95268893
93850,1,1,0.99740463
91868,1,1,0.9746474
98426,1,1,0.99868685
12348,1,1,0.9938784
45078,1,1,0.9875919
57136,1,1,0.9958477
104301,1,1,0.9712262
31679,1,1,0.98930126
41448,1,0,0.41961604
33907,1,1,0.91411185
17415,1,1,0.8582676
26012,1,1,0.91550297
89756,1,1,0.9963309
34938,1,1,0.9751086
84221,1,1,0.96459264
107764,1,1,0.8702177
77749,1,1,0.99900985
97640,1,1,0.95137703
99121,1,1,0.97387743
3911,1,1,0.99645376
39089,0,1,0.8595959
33432,1,1,0.9958482
93586,1,1,0.9977865
80137,1,1,0.70939785
57235,0,1,0.9430323
53951,1,1,0.98329306
65908,1,1,0.99224585
36795,1,1,0.97947377
6703,0,0,0.44072992
53520,1,1,0.93921447
53048,1,1,0.99404836
49112,0,1,0.63308686
60357,1,1,0.8804024
14911,1,1,0.8237691
47544,1,1,0.9636253
91193,1,1,0.99795735
47682,1,1,0.9718794
104221,1,1,0.99169147
58757,1,1,0.91739243
75995,1,1,0.9993911
91100,1,1,0.9975292
10148,1,1,0.9929334
93206,0,1,0.6916481
69281,1,1,0.98676884
110797,1,1,0.9982211
66764,1,1,0.95045346
4155,1,1,0.988545
104182,1,1,0.9892874
59908,1,1,0.99952507
81543,1,1,0.99302626
90890,1,1,0.9936173
2987,1,1,0.99334645
100755,1,1,0.9966536
61068,1,1,0.99616677
47574,0,1,0.96672004
62235,1,1,0.9988544
66778,1,1,0.99899346
73397,1,1,0.99954754
103040,1,1,0.99014837
104314,1,1,0.85202795
10869,1,1,0.9805399
81163,1,1,0.96452564
42631,1,1,0.9700567
112751,1,1,0.9987313
44332,1,1,0.9656785
33106,1,1,0.944817
10638,1,1,0.9961467
99139,1,1,0.975112
4933,1,1,0.97098655
113424,0,1,0.6354135
67689,1,1,0.9688769
17269,1,1,0.949064
53763,1,1,0.99820364
113566,1,1,0.9941052
19145,1,1,0.7498826
64905,1,1,0.9847072
30764,1,1,0.9635483
79945,1,1,0.99019754
99550,0,1,0.79851776
17873,1,1,0.9920731
111311,1,1,0.74892056
34348,1,1,0.9680089
85214,1,1,0.9969512
95058,1,1,0.8974768
104900,0,1,0.6934735
97375,1,1,0.99688303
29279,1,1,0.9335589
38027,1,1,0.9993766
15623,1,1,0.995329
74582,1,1,0.9958003
64677,1,1,0.98225844
38677,1,1,0.7511475
98079,1,1,0.994468
44031,1,1,0.9947844
81500,1,1,0.9910948
52873,1,1,0.97620547
22959,1,1,0.97390294
20936,1,1,0.90945697
56188,1,1,0.99446034
400,0,1,0.9671321
75531,1,1,0.96176
81575,1,1,0.970711
33579,1,1,0.9936087
13617,1,1,0.89076537
60023,1,1,0.9357983
66201,1,1,0.9994393
109557,1,1,0.9893091
108820,1,1,0.6670874
111795,1,1,0.988025
61237,1,1,0.7250395
33572,1,1,0.7942116
27690,1,1,0.9881549
72586,1,1,0.98197764
67417,1,1,0.9919071
72044,1,1,0.9492423
17398,1,1,0.9469619
598,1,1,0.980072
102687,1,1,0.9941468
40016,1,1,0.9974153
67726,1,1,0.9902125
80197,1,1,0.9969639
87555,1,1,0.96356976
67245,1,1,0.9997482
95970,1,1,0.9320861
91682,1,1,0.96428096
112828,1,1,0.7040382
45298,1,1,0.9988445
48203,1,1,0.7630492
574,1,1,0.93964356
11331,1,1,0.9953512
99164,1,1,0.8538562
27708,1,1,0.99850285
2243,0,1,0.568251
37837,1,1,0.99684936
104951,1,1,0.9675047
78524,1,1,0.9687583
79690,1,1,0.98204273
72828,1,1,0.9796554
61046,1,1,0.999806
21073,1,1,0.9830344
7685,1,1,0.98020416
66318,1,1,0.9973482
50336,1,1,0.9874129
40077,1,1,0.874066
2448,1,1,0.926558
6456,1,1,0.98681635
49280,1,1,0.9620163
93412,1,1,0.98167545
36838,1,1,0.98048073
45307,1,1,0.9966974
69058,1,1,0.97202265
109362,1,1,0.9731303
4564,1,1,0.9967134
54591,1,1,0.98795974
38804,1,1,0.994073
72647,1,1,0.9951875
74014,0,1,0.70648444
36354,0,1,0.94777393
106671,1,1,0.9818589
85133,1,1,0.9672935
22463,1,1,0.9983229
72872,1,1,0.91795653
71993,0,0,0.27395993
99211,1,1,0.9506023
95817,1,1,0.94511443
35497,1,1,0.9148827
14722,1,1,0.86412764
46273,1,1,0.97734034
69024,1,1,0.98955953
75045,1,1,0.9583279
2262,1,1,0.9314349
17169,1,1,0.99945194
107600,1,1,0.91685146
20494,1,1,0.86902624
61630,1,1,0.9994436
35409,1,1,0.98508865
34481,1,1,0.9948496
112442,1,1,0.998485
37200,1,1,0.9900365
51698,0,1,0.701923
64235,1,1,0.9947556
33165,1,1,0.99941504
53088,1,1,0.9620592
38602,1,1,0.99861884
106943,1,1,0.7213491
51558,1,1,0.98861784
48061,1,1,0.9767477
55053,1,1,0.9659483
5330,1,0,0.42541403
105537,1,1,0.8249693
34478,1,1,0.7003724
103129,1,1,0.98056567
86685,1,1,0.98904026
89980,1,1,0.9971553
99695,1,1,0.9853931
106152,1,1,0.98253524
31,1,1,0.9949568
96501,1,1,0.9087989
47953,1,1,0.99780947
83713,1,1,0.9792398
57534,1,1,0.99867046
80395,0,1,0.7596201
80743,1,1,0.98312104
105765,1,1,0.96855193
92771,1,1,0.998757
57163,0,1,0.99175006
30387,1,1,0.99651283
56540,1,1,0.9947984
84897,1,1,0.9925028
76122,1,1,0.98909956
61729,0,1,0.7273877
95346,1,1,0.9756167
97839,1,1,0.995509
110471,1,1,0.98909295
66104,1,1,0.839334
57422,1,1,0.9766127
27443,1,1,0.9850131
48092,1,1,0.9937994
109260,1,1,0.992303
10668,1,1,0.9973248
40065,1,1,0.94330156
63562,1,1,0.9064713
20592,1,1,0.99722373
46231,1,1,0.96903235
21629,1,1,0.9940257
84121,1,1,0.9846028
50017,1,1,0.9914033
12804,1,1,0.99500495
76044,1,1,0.9943902
36414,1,1,0.9117995
44073,1,1,0.9788359
49771,1,1,0.9814631
18040,1,1,0.9891306
55740,1,1,0.9841158
62705,1,1,0.95244163
61931,1,1,0.9989466
46394,1,1,0.9779703
42429,1,1,0.9992422
105811,1,1,0.952982
46185,0,1,0.92903537
101250,1,1,0.9951056
9497,1,1,0.99968445
57340,1,1,0.9914552
111752,1,1,0.99504435
36797,1,1,0.9757087
105449,1,1,0.99612516
101205,1,1,0.91538274
88270,1,1,0.98948014
50334,1,1,0.94828707
107688,1,1,0.99343264
18162,1,1,0.991574
64128,1,1,0.9835122
71085,1,0,0.4546611
20673,1,1,0.9983595
81276,1,1,0.97921467
17083,1,1,0.9875864
88138,1,1,0.9943644
58710,1,1,0.9995216
92736,1,1,0.98119396
40835,1,1,0.99540615
87565,1,1,0.9875723
46551,1,1,0.98749965
38868,1,1,0.8095357
112252,1,1,0.9967012
7026,1,1,0.85251397
64206,1,1,0.9964244
111651,1,1,0.99556595
81025,1,1,0.9982324
701,1,1,0.9863745
107099,1,1,0.99255365
87689,1,1,0.9710264
15973,1,1,0.9996512
61386,1,1,0.92677057
3088,1,1,0.9996712
103654,1,1,0.99096
51100,1,1,0.998027
75548,1,1,0.9962165
17257,1,1,0.9797166
24535,1,1,0.9788703
178,1,1,0.9898874
75456,1,1,0.9918962
41715,0,1,0.61437875
73591,1,1,0.9594244
4510,1,0,0.4914131
97073,1,1,0.9881605
28349,1,1,0.9552242
22595,1,1,0.9585873
109569,1,1,0.9939435
15922,1,1,0.99790454
90339,0,1,0.8512662
36738,1,1,0.9959156
47927,1,1,0.98735446
112103,1,1,0.8714787
9118,1,1,0.9989819
51754,1,1,0.9991578
42734,1,1,0.9950217
69793,1,1,0.63739246
107981,1,1,0.999146
62995,1,1,0.95657694
6329,1,1,0.9923653
108646,1,1,0.997223
76386,1,1,0.9735
12696,1,1,0.98045784
44553,1,1,0.9993086
21361,1,1,0.99378324
6966,1,1,0.99677354
69479,1,1,0.9957424
85172,1,1,0.79217166
49355,1,1,0.8045307
91402,1,1,0.9959197
93640,1,1,0.9585478
74904,1,1,0.99463993
71492,1,1,0.9928108
68273,1,1,0.86112094
96556,1,1,0.98016465
25974,1,1,0.99160403
55934,1,1,0.96085805
52117,0,1,0.9274596
6801,1,1,0.9953825
81150,1,1,0.8771226
31789,1,1,0.96275616
6327,1,1,0.9972596
105073,1,1,0.99344915
40491,1,1,0.9654089
66504,1,1,0.99082816
103616,1,1,0.998184
89763,1,1,0.80745345
80448,1,1,0.8493587
56488,1,1,0.979687
87541,1,1,0.8488025
68742,0,1,0.5832675
29983,1,1,0.9880683
81561,1,1,0.9933294
28732,1,1,0.99002403
27981,1,1,0.92809707
17765,1,1,0.94549763
22094,1,1,0.98102945
29624,1,1,0.98101866
94826,1,1,0.97589374
67693,1,1,0.99968135
19472,0,1,0.98691726
52517,1,1,0.95937026
27671,1,1,0.99747086
95535,0,1,0.93784887
103690,1,1,0.9918528
27115,1,1,0.99934536
36002,1,1,0.68922186
67419,1,1,0.99580896
36471,1,0,0.48907062
95430,1,1,0.97358024
57261,1,1,0.99320495
39912,1,1,0.99576145
65770,1,1,0.9858322
63799,1,1,0.98796743
91091,1,1,0.98864114
46743,1,1,0.99987483
9222,1,1,0.9949714
53225,1,1,0.9925574
96406,1,1,0.9804616
84586,1,1,0.7370824
69500,1,1,0.8192394
16277,1,1,0.99571407
14688,1,1,0.9964437
33120,1,1,0.99614125
15890,1,1,0.9876155
60538,1,1,0.99531305
34214,1,1,0.99941075
60333,1,1,0.9841381
14156,0,1,0.68805873
76568,1,1,0.9972524
70126,1,1,0.8561153
55135,1,1,0.99604213
7618,1,1,0.79063493
57777,1,1,0.9870546
102780,1,1,0.9718892
95408,1,1,0.943535
50945,1,1,0.9967206
108114,0,1,0.95257294
67186,1,1,0.94377786
16473,1,1,0.8191736
65725,0,1,0.96518975
12335,1,1,0.999542
80144,1,1,0.9951676
87215,1,1,0.96483696
58802,1,1,0.9935104
37700,1,1,0.97786397
36402,1,1,0.9971501
30956,1,1,0.94665766
103703,1,0,0.3302147
65732,1,1,0.96831214
89461,1,1,0.991631
80121,1,1,0.97382325
29592,1,1,0.99721104
35410,1,1,0.971349
86235,1,1,0.9928411
47587,1,1,0.9987997
74628,1,1,0.9993293
106728,1,1,0.99800664
35274,1,1,0.7649752
14106,1,1,0.9843471
28669,1,1,0.99555546
63244,1,1,0.99676895
16062,1,0,0.33898988
22894,1,1,0.9891857
112549,1,1,0.9844959
41199,1,1,0.99813026
27361,1,1,0.99265915
66812,1,1,0.9931584
101703,1,1,0.9987024
8404,1,1,0.9771419
61791,1,1,0.9661054
89929,1,1,0.9997861
114061,1,1,0.9317827
7341,1,1,0.99646974
36077,1,1,0.99881244
46504,1,1,0.97907275
32744,1,1,0.9883427
85854,1,1,0.99963367
90094,1,1,0.9986891
53643,1,1,0.8686109
59568,1,1,0.9937509
8265,1,1,0.98484325
101553,1,1,0.99970895
107998,1,1,0.9626188
28135,1,1,0.9140709
88109,1,1,0.9281865
34752,0,0,0.3830422
82515,1,1,0.82598275
1359,1,1,0.9184469
84507,1,1,0.9557824
11985,1,1,0.979857
72386,1,1,0.9693815
112645,1,1,0.9161933
77107,1,1,0.9945431
86848,1,1,0.99751943
78081,1,1,0.92311966
64281,1,1,0.9529552
17379,1,1,0.9364691
65858,1,1,0.99643624
53524,1,1,0.8814156
87198,1,1,0.9888571
67963,1,1,0.8840333
56980,1,1,0.99643314
112333,1,1,0.99510705
17799,1,1,0.9974721
27736,1,1,0.9767272
76165,1,1,0.96148384
98349,1,1,0.97596097
57120,1,1,0.99636984
75474,1,1,0.98969716
58000,1,1,0.997038
50821,1,1,0.90291786
97606,1,1,0.87102544
4520,1,1,0.9874041
16475,1,1,0.9931652
26266,1,1,0.9998958
71236,1,1,0.9818216
1162,1,1,0.99912685
61341,0,1,0.9714414
54273,1,1,0.9970396
40855,0,0,0.114486575
1974,1,1,0.9934289
98433,1,1,0.992592
7581,1,1,0.9967422
52250,1,1,0.723156
33535,1,1,0.9952226
109695,1,1,0.92645466
100744,1,1,0.9968957
13740,1,1,0.98800385
24450,1,1,0.9292799
24266,1,1,0.9945962
62137,1,1,0.99825495
73890,1,1,0.9905004
96508,1,1,0.906248
66683,1,1,0.99238765
63353,1,1,0.986318
89497,0,1,0.8219837
53373,1,1,0.992938
95691,1,1,0.82345605
18844,1,1,0.97655463
64571,1,1,0.9539406
75057,1,1,0.9723876
91552,1,1,0.9965977
73318,1,1,0.9933693
45931,1,1,0.91268724
101729,1,1,0.9822842
15762,1,1,0.9949031
19034,1,1,0.8745521
92770,1,1,0.9985707
36683,1,1,0.9877166
3550,1,1,0.9109128
52852,1,1,0.9965339
31831,1,1,0.9697604
937,1,1,0.9743603
25932,1,1,0.54548615
12233,1,1,0.94756114
56805,1,0,0.49996734
82057,1,1,0.97220504
92439,1,1,0.7392071
99518,1,1,0.998789
54658,1,1,0.9762548
66808,1,1,0.98236966
96061,1,1,0.97029245
66395,1,1,0.99809605
25060,1,1,0.99864453
507,1,0,0.41541746
19320,1,1,0.9999256
75026,1,1,0.9979971
51755,1,1,0.98939335
8946,1,1,0.99854267
23468,1,1,0.98722106
85120,1,1,0.9963477
22926,1,1,0.990234
86889,0,1,0.97384
54918,1,1,0.99526215
113202,1,1,0.95698607
73692,1,1,0.9918241
49458,1,1,0.9809063
42025,1,1,0.9991406
41525,0,1,0.79309225
87022,0,1,0.93250895
26402,1,1,0.9984074
38308,0,0,0.43198273
17006,1,1,0.9752237
9793,1,1,0.99692
75737,1,1,0.99557084
28652,1,1,0.54398656
10076,1,1,0.97867566
84268,1,1,0.9893635
44328,1,1,0.9867808
17711,0,1,0.9936178
37470,1,1,0.99470127
113638,1,1,0.98720855
84592,1,1,0.9865247
58972,1,1,0.96941143
57020,1,1,0.9792229
101309,0,1,0.8284765
31697,1,1,0.81527483
14024,1,1,0.925998
25442,1,1,0.9996394
112780,1,1,0.9495023
10337,1,1,0.8123636
49261,1,1,0.9367218
31319,1,1,0.95478016
18683,1,1,0.9994918
19259,1,1,0.8668005
109494,1,1,0.9936475
64565,1,1,0.998611
75123,1,1,0.99642354
77821,1,1,0.9773991
86558,1,1,0.98302734
87328,1,1,0.9931513
90868,1,1,0.97950476
86760,1,1,0.9959198
94203,1,1,0.99954647
9437,1,1,0.99156195
32567,1,1,0.94725263
42526,1,1,0.85616106
76514,1,1,0.99612
69528,1,1,0.9870401
35112,1,1,0.9959474
79456,1,1,0.9930353
70052,1,1,0.94029367
38158,1,1,0.9717772
39062,1,1,0.9992052
9789,1,1,0.99318415
10144,0,1,0.9694904
48624,1,1,0.986476
63357,0,1,0.9998398
20393,1,1,0.9839686
98714,1,1,0.99885094
48362,1,1,0.6041231
75546,1,1,0.98790866
105131,1,1,0.9950086
45985,1,0,0.44059741
20625,1,1,0.92430556
4874,1,1,0.8748303
86234,1,1,0.99717087
26181,1,1,0.9946331
50444,1,1,0.98774
1086,0,1,0.7825324
73551,1,1,0.9976877
65584,1,1,0.98560053
55892,1,1,0.9750031
92687,1,1,0.8677611
21810,1,1,0.5555092
83166,1,1,0.9373448
4169,0,1,0.9572097
37500,1,1,0.9747679
36635,1,1,0.98476297
9003,1,1,0.9977254
33891,1,1,0.98564374
27274,1,1,0.98569703
63005,1,1,0.99731356
575,1,1,0.9761597
12866,1,1,0.8860766
62323,1,1,0.9960758
109744,1,1,0.9970355
95150,0,1,0.86860883
90215,1,1,0.9989404
38634,1,1,0.9976574
80822,1,1,0.995027
15587,1,1,0.9012703
8509,1,1,0.9937365
65444,1,1,0.9323037
71752,1,1,0.99248356
4460,1,1,0.95226204
46707,1,1,0.96453065
231,1,1,0.9960995
79129,1,1,0.9985084
12209,1,1,0.89475375
56795,1,1,0.9340519
90601,1,1,0.9821535
110980,1,1,0.99855465
33095,1,1,0.99724555
99223,1,1,0.99995553
83502,1,1,0.9800744
50794,1,1,0.9908318
65257,1,0,0.48535168
56192,1,1,0.99887234
57638,1,1,0.89566946
55945,1,1,0.9609204
49666,1,1,0.90784425
30599,1,1,0.99935097
30054,1,1,0.9924406
36581,1,1,0.99211454
101051,1,1,0.9909661
97620,1,1,0.9932714
27945,1,1,0.99735934
80542,1,1,0.8065432
71491,1,1,0.98424083
73808,1,1,0.86860687
108645,0,1,0.9732379
104454,1,1,0.9926448
24981,1,1,0.99052703
92407,0,0,0.4322539
15295,1,1,0.9120592
36036,1,1,0.9986076
46977,1,1,0.9917706
45670,1,1,0.9987953
22735,1,1,0.98285204
21047,1,1,0.95185167
14491,1,1,0.99616987
105806,0,1,0.72488934
101693,1,1,0.9299335
96365,1,1,0.99486697
23305,1,1,0.99457574
26898,1,1,0.90441674
33726,0,1,0.90273875
12886,1,1,0.96050256
69071,1,1,0.9972023
76812,1,1,0.9544909
32069,1,1,0.91104025
41921,1,1,0.84539837
2496,1,1,0.9933682
58103,1,1,0.86054367
72015,1,1,0.99747986
97794,1,1,0.9585567
106489,1,1,0.9861833
62161,1,1,0.7761983
83329,1,1,0.99904424
80824,1,1,0.9921286
97879,1,1,0.9939122
90669,1,1,0.84750843
38820,1,1,0.9992742
13970,1,1,0.92984027
9468,1,1,0.7899748
61844,1,1,0.94874084
71419,1,1,0.999571
78251,1,1,0.9991725
14680,1,1,0.99782264
82940,1,1,0.9991622
2749,1,1,0.99496484
69606,0,1,0.91928744
77324,1,1,0.9977672
91056,1,1,0.9685111
21499,1,1,0.97594255
30639,1,1,0.9994222
7049,1,1,0.99853265
29657,1,1,0.9960186
19238,1,1,0.993501
95832,1,1,0.9563362
56746,1,1,0.9969118
81155,1,1,0.98640543
80547,1,1,0.9807185
107706,1,1,0.9906217
910,1,0,0.03150418
11535,1,1,0.85882956
81271,1,1,0.89170647
84339,1,1,0.93005407
67888,1,1,0.999648
43798,1,1,0.9954822
10406,1,1,0.9933297
6686,1,1,0.9978998
20429,1,1,0.9512107
22057,1,1,0.9913366
67846,1,1,0.9902756
64743,1,1,0.9981341
109820,1,1,0.9974081
53789,1,1,0.99917114
45354,1,1,0.9959929
114024,1,1,0.9176525
60713,1,1,0.963278
55288,1,1,0.9982126
82160,1,1,0.96583474
16974,1,1,0.9889892
84976,1,1,0.82441205
46012,1,1,0.87707686
84105,1,1,0.9937855
50322,1,1,0.984657
10688,0,1,0.58944315
82086,1,1,0.995037
14206,1,1,0.980164
37107,1,1,0.9964222
42380,1,1,0.9820441
29834,0,1,0.59276325
97197,1,1,0.9955462
95862,1,1,0.99533373
58873,1,1,0.9446385
70879,1,1,0.991738
107360,1,1,0.9865855
45906,1,1,0.9838262
97774,1,1,0.5977152
36856,1,1,0.99828714
42373,1,1,0.997166
100423,1,1,0.9993185
5452,1,1,0.8112936
23035,1,1,0.9973978
86297,1,1,0.99695045
18511,1,1,0.9599316
32390,1,1,0.9849723
90988,0,1,0.96956384
35049,1,1,0.9982969
100399,1,1,0.99324715
59831,1,1,0.9984426
79937,1,1,0.972648
20256,1,1,0.9537256
73607,1,1,0.95907223
5860,1,1,0.98823345
23957,1,1,0.9859591
27997,0,1,0.79035693
32778,1,1,0.9960147
45787,1,1,0.9977366
16733,1,1,0.9925782
21576,1,1,0.9962745
62101,1,1,0.97886217
63695,1,1,0.99355
18850,1,1,0.9929646
79527,1,1,0.95473033
40537,1,1,0.99836546
66360,1,1,0.9685866
110279,1,1,0.9973385
56510,1,1,0.99785775
41177,1,1,0.9738715
36100,1,1,0.87645686
6576,1,1,0.82812995
97998,1,1,0.99761534
15202,1,1,0.9842865
11188,1,1,0.9912601
8229,1,1,0.8986876
72336,1,1,0.9993051
64546,1,1,0.97666806
3889,1,1,0.96464825
50010,1,1,0.9986614
19586,1,1,0.9950222
4632,1,1,0.9855817
93840,1,1,0.8330684
19392,1,1,0.9918738
48631,1,1,0.9858665
16204,1,1,0.99835867
98024,1,1,0.94636726
36211,1,1,0.9968233
56254,1,1,0.9990901
52241,1,1,0.97189426
93683,1,1,0.99479055
103459,0,1,0.9820002
100379,0,1,0.9406207
94077,1,1,0.99161774
104404,1,1,0.9847462
110928,1,0,0.15005538
74528,1,1,0.97890604
36016,1,1,0.9854718
81781,1,1,0.99173355
91916,0,0,0.3087879
58727,0,1,0.5951499
39543,1,1,0.9998437
40348,1,1,0.9372688
1271,1,1,0.9770224
57215,1,1,0.9865889
28671,1,1,0.9941706
75755,1,1,0.99128234
3679,1,1,0.9954775
90321,1,1,0.893739
92642,1,1,0.9883066
92430,1,1,0.99168456
61762,1,1,0.9476462
96260,1,1,0.9991659
64849,1,1,0.98426604
31655,1,1,0.995291
87228,1,1,0.99627435
47583,1,1,0.998743
104956,1,1,0.9882515
13199,0,1,0.7977512
98001,0,1,0.52914166
97842,1,1,0.9983485
65090,0,1,0.940826
18716,1,1,0.89713925
102684,1,1,0.98472565
73099,0,1,0.9020217
54449,1,1,0.88280237
75202,0,0,0.21942368
223,0,0,0.25987488
100729,1,1,0.99962974
41691,0,1,0.9853984
98418,1,1,0.99866176
83324,1,1,0.97635126
73123,1,1,0.9418675
87922,0,1,0.8155067
13383,0,0,0.35388994
22597,1,1,0.86751735
79959,1,0,0.1879587
64719,1,1,0.9931417
14155,1,1,0.96177936
29798,1,1,0.99823606
88268,1,1,0.99230367
71404,1,1,0.9591423
44487,1,1,0.968598
74161,1,1,0.9913783
108471,1,1,0.9755407
62236,1,1,0.99551976
66524,1,1,0.99965906
81109,1,1,0.9907458
103312,1,1,0.99232495
76728,1,1,0.9602286
39143,0,1,0.99677616
48209,1,1,0.9880213
50871,1,1,0.94035405
27052,1,1,0.997152
106438,1,1,0.94941914
68452,1,1,0.99985635
98200,1,1,0.9991129
31617,1,1,0.98057705
31710,1,1,0.5243449
97474,1,1,0.99995744
96494,0,1,0.8045466
35972,1,1,0.9999783
49093,1,1,0.9671947
103930,1,1,0.99849236
94749,1,1,0.93008846
20120,1,1,0.9722539
12115,1,1,0.9569896
93092,1,1,0.9927395
13159,1,1,0.63256323
12354,1,1,0.99067265
101302,1,1,0.9933821
46697,1,1,0.8767154
12271,1,1,0.9979054
66348,0,1,0.7187508
37997,1,1,0.8840507
26494,1,1,0.80484563
67915,1,1,0.9608644
31030,1,0,0.20800659
75775,1,1,0.9819282
103771,1,1,0.99791354
16518,0,1,0.98790926
106632,1,1,0.98355675
101968,1,1,0.9990926
9125,1,1,0.99569064
109837,1,1,0.88000995
41020,1,1,0.98653364
19598,1,1,0.97697306
94460,1,1,0.9975527
75377,1,1,0.9913018
92463,0,1,0.99238986
17369,1,1,0.98435944
106304,1,1,0.99751794
73964,1,1,0.9966425
37224,1,1,0.9963342
35808,1,1,0.99189645
66298,1,1,0.9666148
34131,0,1,0.6162796
77840,1,1,0.9613406
69558,1,1,0.99232626
15584,1,1,0.9970776
79022,1,1,0.9994442
32783,1,1,0.998381
112151,1,1,0.9428375
113050,1,1,0.97183055
73669,1,1,0.981561
81468,1,1,0.9992526
10184,1,1,0.9624387
18836,0,1,0.9863512
74879,1,1,0.99797434
56525,1,1,0.99282986
51517,1,0,0.12505211
51943,1,1,0.99679786
79080,1,1,0.9947855
85373,1,1,0.98059446
113150,1,1,0.9759527
93028,1,1,0.99807394
21887,1,1,0.7969391
76334,1,1,0.9586797
106393,1,1,0.9960304
15604,1,1,0.97357225
63199,1,1,0.66246945
59617,1,1,0.9912923
17733,1,1,0.87447536
25956,1,1,0.9442561
26560,1,1,0.99866986
30420,1,1,0.9587602
77554,1,1,0.9943323
105894,1,1,0.9848721
29289,1,1,0.9890352
28111,1,1,0.87021375
21379,1,1,0.9942333
86832,1,1,0.9980539
16910,1,1,0.9979978
8646,1,1,0.9977252
89714,1,1,0.9975483
94433,0,1,0.89073855
8795,1,1,0.99619246
93370,1,1,0.9656474
69123,1,1,0.9847044
82290,1,1,0.9847852
52251,1,1,0.99151224
33820,1,1,0.9442609
113771,1,1,0.97577184
40722,1,1,0.983679
16622,0,1,0.76197803
61568,1,1,0.98565394
53010,1,1,0.99920446
60749,0,0,0.36128634
22812,1,1,0.97196215
96849,1,1,0.9156062
12097,1,1,0.997689
54782,1,1,0.98786896
71184,1,1,0.9787015
23471,1,1,0.99016553
33515,1,1,0.9830699
79929,0,1,0.67879707
3498,1,1,0.8373439
55024,1,1,0.8904862
13536,1,1,0.97479784
106292,1,1,0.99929214
2975,1,1,0.98205686
50419,0,1,0.95881706
43827,1,1,0.9948873
6495,1,1,0.99251246
34648,1,1,0.9970464
49839,1,1,0.99880993
15624,1,1,0.9971207
44172,1,1,0.9743565
17224,1,1,0.9994386
94509,1,1,0.99822015
32132,1,1,0.97236013
12796,1,1,0.99884194
93744,1,1,0.9933942
47101,1,1,0.9875337
93257,1,1,0.93178505
16775,1,1,0.9975107
68155,1,1,0.64419955
46388,1,1,0.9976173
55621,1,1,0.9698963
87060,1,1,0.984009
53150,1,1,0.99979204
70619,1,1,0.9907981
85136,1,1,0.9675185
21955,1,1,0.9966877
88123,1,1,0.73651224
24745,1,1,0.9432393
64275,1,1,0.997835
64126,0,1,0.7175294
21625,1,1,0.9827359
113963,1,1,0.9974477
107725,1,1,0.9603134
42353,1,1,0.97955155
94170,1,1,0.99029374
75494,1,1,0.9756538
9378,1,1,0.9928451
62007,1,1,0.9862148
50530,0,0,0.24208686
99008,1,1,0.9713008
20426,1,1,0.9799303
89299,1,1,0.95347977
22907,1,1,0.98559237
72996,1,1,0.998553
68892,1,1,0.7810858
65078,1,1,0.99381787
43568,1,1,0.99357444
16769,1,1,0.76160055
111799,1,1,0.9977253
16861,1,1,0.9951969
109256,1,0,0.42548704
48880,1,1,0.9938374
33410,1,0,0.23815538
18602,1,1,0.99973625
36863,1,1,0.9870417
35585,0,0,0.13768318
32781,1,1,0.995269
8526,1,1,0.8742319
83347,0,1,0.5253201
2142,1,1,0.9835465
31731,1,1,0.9700178
68933,1,1,0.99917006
73778,1,1,0.96349746
105543,1,1,0.9980274
45065,1,1,0.99450797
98331,1,1,0.9975497
29063,1,1,0.99109393
25023,1,1,0.94210577
43837,1,1,0.88881636
112361,1,1,0.9969528
42534,1,1,0.9842705
36936,1,1,0.9927522
108440,1,1,0.9989103
9766,1,1,0.9949708
94086,1,1,0.9986418
93726,1,1,0.9857582
106566,1,1,0.99715376
10806,1,1,0.99815494
39570,1,1,0.9878198
78905,1,1,0.9985024
26873,1,1,0.9903133
90015,1,1,0.99779034
81784,1,1,0.9931462
49936,1,1,0.98220795
82750,1,1,0.8628687
59000,1,1,0.99117166
78442,1,1,0.9902773
48120,1,1,0.9768396
100236,1,1,0.98289454
102992,1,1,0.998324
16436,1,1,0.7554664
65296,1,1,0.98859614
76624,1,1,0.91430795
2410,1,1,0.9528597
82066,1,1,0.99949336
34934,1,1,0.97880757
73225,1,1,0.98902905
3029,1,1,0.99690956
105667,1,1,0.91744363
38199,1,1,0.9908312
29620,1,1,0.99795413
79219,1,1,0.9425592
88163,1,1,0.9789686
60825,1,1,0.93674815
107555,1,1,0.9921056
28282,1,1,0.8653294
105616,1,1,0.9416997
105431,1,1,0.70153725
101320,0,1,0.9993838
22736,1,1,0.99732447
93043,1,1,0.99866056
96413,0,1,0.9534444
88363,1,1,0.9963568
83004,1,1,0.99622726
5561,0,1,0.5950122
43544,1,1,0.9988154
3753,1,1,0.9846576
104558,1,1,0.9542125
1604,1,1,0.9929755
8148,1,1,0.9956736
64575,1,1,0.9851472
43825,1,1,0.97394603
53866,1,1,0.9913434
14013,1,1,0.99661523
89158,1,1,0.9724707
55890,1,1,0.99194044
42119,1,1,0.98408234
133,1,1,0.9719382
22519,1,1,0.958584
58667,1,1,0.99058914
18037,1,1,0.99855965
58482,1,1,0.99676776
4746,1,1,0.9941076
32833,1,1,0.95207965
82404,1,1,0.9846294
48729,1,1,0.9827963
42929,1,1,0.9917693
39816,1,1,0.997399
69174,1,1,0.99660194
66562,1,1,0.9761346
109692,1,1,0.9985863
4565,1,1,0.9731603
94622,1,1,0.9993988
61101,1,1,0.9713615
100115,1,1,0.9974903
24835,1,1,0.9723847
59488,1,0,0.15653846
2256,1,1,0.9993948
62394,1,1,0.98767185
51764,1,1,0.99448097
98075,1,1,0.9248541
75508,1,1,0.98985076
30832,0,1,0.9945328
61815,1,1,0.65001094
33109,1,1,0.9920695
77318,1,1,0.996912
92879,1,1,0.9059942
11264,1,1,0.96816564
44898,1,1,0.99799454
20953,1,1,0.98256403
113428,1,1,0.98823893
33846,1,1,0.998497
86359,1,1,0.9777849
6262,1,1,0.9958366
95914,1,1,0.99685884
20334,1,1,0.9962171
41219,1,1,0.8737969
9140,1,1,0.9765646
20252,1,1,0.99889404
33374,1,1,0.98830277
44341,1,1,0.9383921
17806,1,1,0.8799813
78448,1,1,0.9981558
52685,1,1,0.9888292
40868,1,1,0.97562
42593,0,1,0.7953837
89877,1,1,0.995301
6006,1,1,0.95723695
54771,1,1,0.96689075
31091,1,1,0.9946905
28030,1,1,0.89213216
51930,1,1,0.99801517
105101,1,1,0.99548644
32298,1,1,0.99908054
32173,1,1,0.9748395
30833,1,1,0.9941263
64392,1,1,0.9964791
928,1,1,0.9751335
84201,1,1,0.93916905
67432,1,1,0.98874223
54790,1,1,0.9755263
40534,1,1,0.9728948
63319,1,0,0.46383417
14429,1,1,0.9990717
50061,1,1,0.99166226
96353,1,1,0.9951668
38053,1,1,0.8984941
112994,1,1,0.92289776
52206,1,1,0.96924734
71347,1,1,0.99956745
47566,1,1,0.8966565
1151,1,1,0.98155665
87496,1,1,0.9680654
103757,1,1,0.99285114
87657,1,1,0.99880517
68425,1,1,0.9020515
25633,1,1,0.9804365
70400,1,1,0.99833244
109430,1,1,0.9391886
453,1,1,0.99721366
32384,1,1,0.9976908
80483,1,1,0.9788833
107508,1,1,0.91708887
9845,1,1,0.64633054
12510,1,1,0.9892693
43085,1,1,0.9514684
44682,1,1,0.7869477
44564,1,1,0.9930755
84443,1,1,0.997349
112318,1,1,0.98565626
58689,1,1,0.9877444
5899,1,1,0.99187464
32487,1,1,0.99644744
107247,1,1,0.99711907
110083,1,1,0.9980387
45214,1,1,0.9713642
38397,0,1,0.97593313
99133,0,1,0.98567766
62558,1,1,0.98711115
88144,1,1,0.9895682
73278,1,1,0.8867667
26304,1,1,0.9983948
45088,1,1,0.93840325
20293,1,1,0.9990196
78954,1,1,0.9992568
37237,1,1,0.9908121
84910,1,1,0.99411124
53525,1,1,0.888124
53844,1,1,0.7326197
41793,0,1,0.76312935
52001,1,1,0.997962
102589,1,1,0.9672669
49330,1,1,0.9866496
112960,1,1,0.96840835
97658,1,1,0.9939406
6469,1,1,0.9731258
44274,1,1,0.984518
19231,1,1,0.9947817
59217,1,1,0.97398746
72454,1,1,0.9581026
36083,0,1,0.64989567
56315,1,1,0.99540776
54237,1,1,0.64882946
59063,1,1,0.9614685
43108,1,1,0.99685353
61846,1,1,0.98793334
93538,1,1,0.98666126
1572,1,1,0.9982931
85904,1,1,0.9832108
78328,1,1,0.9715347
88837,1,1,0.9993918
33591,1,1,0.97801435
68397,1,1,0.99860954
18740,1,1,0.9988763
47868,0,0,0.15251428
23142,1,1,0.89547086
81775,1,1,0.953324
12395,1,1,0.920364
73181,1,1,0.9808139
78869,1,1,0.9673632
87752,1,1,0.9990614
4983,1,1,0.99188435
101401,1,1,0.99734515
93660,1,1,0.7472493
80631,1,1,0.9575276
11894,1,1,0.84013695
113087,1,1,0.9883681
55523,1,1,0.925083
82101,1,1,0.97950953
62758,1,1,0.9614253
60513,1,1,0.9913837
31492,1,1,0.8564144
72613,1,1,0.93029606
94287,0,1,0.7566543
21838,1,1,0.9993007
28576,1,1,0.9783512
96808,1,1,0.99678314
59355,1,1,0.9959293
42281,1,1,0.9780815
109169,1,1,0.98121154
52131,1,1,0.9582163
32637,1,1,0.9500862
28815,1,1,0.98427653
41798,1,1,0.9943567
20080,1,1,0.9766905
86494,1,1,0.997976
90919,1,1,0.9953112
30709,0,1,0.8697236
67730,1,1,0.98655033
95494,1,1,0.98747754
34312,1,1,0.9838448
22461,1,1,0.9878229
80728,1,1,0.98745614
76043,1,1,0.9993525
105732,1,1,0.7351784
69303,1,1,0.9906025
52473,1,1,0.99733126
50967,1,1,0.99816006
5882,1,1,0.99279237
43065,1,1,0.9846651
67055,1,1,0.98121786
106654,1,1,0.99271035
70340,1,1,0.99229103
87908,1,1,0.98572856
21791,1,1,0.9948814
17381,1,1,0.991568
61225,1,1,0.98911464
106431,1,1,0.9965468
108420,1,1,0.5669622
94012,1,1,0.99968946
67798,1,1,0.9642067
80809,1,1,0.9984553
56108,1,1,0.9991314
105748,1,1,0.98658866
89647,1,1,0.99447954
26086,0,1,0.87096465
78610,1,1,0.9568986
86270,1,1,0.97300106
4023,1,1,0.9550326
105685,1,1,0.9805745
65028,1,1,0.99088097
15415,1,1,0.9785459
71226,1,1,0.9198508
70114,1,1,0.99777883
48071,1,1,0.9955675
38664,1,1,0.7514857
109481,1,1,0.9973508
26049,0,1,0.8347015
3744,1,1,0.9761202
30669,1,1,0.9807879
41638,0,1,0.98110723
35838,1,1,0.57593703
18880,1,1,0.96914834
16762,1,1,0.6147694
4320,0,1,0.9275717
34345,1,1,0.9523611
45062,1,1,0.9950741
109037,1,1,0.9248614
90490,1,1,0.9987406
104350,1,1,0.99478686
26139,1,1,0.98871
29195,1,1,0.81609595
12759,1,1,0.92774296
49466,1,1,0.97624195
29482,1,1,0.9498587
82224,1,1,0.98779404
107504,1,1,0.994419
26302,0,1,0.68935984
9433,1,1,0.99939346
20992,1,1,0.9922357
81175,1,1,0.9917459
11063,1,1,0.9987212
3795,0,1,0.5451182
92508,1,1,0.99934405
26773,1,1,0.95081055
57762,1,1,0.9940334
79067,1,1,0.99748373
25972,1,1,0.9871163
33302,1,1,0.9693971
80910,0,1,0.98431534
54908,1,1,0.99892265
34750,1,1,0.9744377
77448,1,1,0.9143209
62780,1,1,0.9976979
114039,1,1,0.9925476
21190,1,1,0.996491
23577,1,1,0.9781637
63307,1,1,0.9924975
84801,1,1,0.9822443
21973,1,1,0.82538915
105725,1,1,0.9785033
12041,1,1,0.99933225
73772,1,1,0.99656445
49754,1,1,0.88054484
70990,1,1,0.93250906
81411,1,1,0.996314
61408,1,1,0.99083334
64579,1,1,0.9656145
11697,1,1,0.99931204
10576,1,1,0.99502397
87710,1,1,0.9470702
15200,1,1,0.58968306
74523,1,1,0.9706702
87893,1,1,0.9792828
96224,1,1,0.9789571
96646,1,1,0.99119765
71551,1,1,0.9979138
25276,1,1,0.99827147
50832,1,1,0.83250844
58621,1,1,0.96876323
108766,1,1,0.97301394
54124,1,1,0.9925724
7897,1,1,0.77577585
85424,1,1,0.9709608
95452,1,1,0.98401964
108726,1,1,0.97957546
82328,1,1,0.96757734
75774,1,1,0.9849423
59101,1,1,0.7783045
105042,1,1,0.98806006
90659,1,1,0.9360547
37008,1,1,0.98803616
27401,1,1,0.9990339
27362,1,1,0.99959475
51629,1,1,0.9958919
75624,1,1,0.9951624
83157,1,1,0.739398
33776,1,1,0.9796882
97811,1,1,0.9926582
98089,1,1,0.9789363
8751,1,1,0.99720097
47512,1,1,0.83342254
66529,0,1,0.96424806
72508,1,1,0.9301007
6455,1,1,0.9743173
109153,1,1,0.99488336
10919,1,1,0.9901254
3676,1,1,0.9346879
66219,1,1,0.6775586
48420,1,1,0.8614056
84026,1,1,0.9706826
95148,1,1,0.9991048
68451,1,1,0.99845827
70306,1,1,0.98972976
32589,1,1,0.9859784
2963,1,1,0.96981746
1997,1,1,0.92175275
15827,1,1,0.99220383
96048,1,1,0.7052475
78734,1,1,0.98689073
101161,1,1,0.9616121
49356,1,1,0.96897966
40150,0,1,0.9474386
41474,1,1,0.9961576
53930,1,1,0.9912561
94427,1,1,0.98537874
52184,1,1,0.9858124
76838,1,1,0.9918092
93589,1,1,0.9825342
54865,1,1,0.99967337
27166,1,1,0.9994299
113455,1,1,0.99727637
100876,1,1,0.9925277
93713,1,1,0.98903835
66250,1,1,0.9952878
14686,1,1,0.9853564
13477,1,1,0.99856573
72714,1,1,0.9980246
4797,1,1,0.95285225
109993,0,1,0.98039937
94076,1,1,0.9821691
109392,1,1,0.9899644
58091,1,1,0.9671756
84058,1,1,0.95314
30692,1,1,0.9090062
38382,1,1,0.99123454
92500,0,1,0.9844757
15740,1,1,0.98526394
33116,1,1,0.98965585
5656,1,1,0.9971156
47887,1,1,0.9731599
40028,1,1,0.9357626
206,1,1,0.9990663
108132,1,1,0.91239876
19351,1,1,0.9996271
88706,1,1,0.9975787
73965,1,1,0.9380767
4962,1,1,0.9940982
16767,1,1,0.9950584
59076,1,1,0.97850704
13570,1,1,0.98587614
99915,1,1,0.9972337
99898,1,1,0.957394
64437,1,1,0.99855787
61276,0,0,0.42023137
85127,1,1,0.6430784
9404,1,1,0.9447133
34064,1,1,0.9791085
93714,1,1,0.95897686
84490,1,1,0.9838074
13083,1,1,0.9934011
1761,1,1,0.9972734
13007,1,1,0.9978144
76845,1,1,0.99379575
51873,1,1,0.99841404
33754,1,0,0.3681401
94365,0,1,0.56866616
47089,1,1,0.8578973
89858,1,1,0.9760701
46522,1,1,0.99677676
9462,1,1,0.99377865
82983,1,1,0.9710231
48479,1,1,0.98816967
36637,1,1,0.9978806
96990,1,1,0.96356004
50526,1,1,0.9853564
97783,1,1,0.99349433
55130,1,1,0.9670233
82884,1,1,0.9594716
55605,1,1,0.99849343
56345,1,1,0.6411421
94989,1,1,0.90265447
29851,1,1,0.9916598
81599,1,1,0.93597317
14406,1,1,0.97047687
17498,1,1,0.9993394
54413,1,1,0.97677386
105939,1,1,0.98345804
48984,0,1,0.76356477
102140,1,1,0.9617897
22278,1,1,0.9943645
8631,1,1,0.6861219
9664,1,1,0.9960861
73508,1,1,0.9947267
87531,1,0,0.2967528
28370,1,1,0.99644035
97504,1,1,0.976782
102999,0,1,0.99068683
87540,1,1,0.9951851
111514,1,1,0.9305598
49812,1,1,0.76634663
54919,1,1,0.99968374
81849,1,1,0.9158346
108411,1,1,0.9735545
85539,1,1,0.9198736
99431,1,1,0.8446978
101521,1,1,0.9998136
78708,1,1,0.95719206
15990,1,1,0.9863381
8284,1,1,0.97741985
15372,1,1,0.99067885
62056,1,1,0.9838988
76219,1,1,0.9440556
97928,1,1,0.99881387
80598,1,1,0.9726284
16176,1,1,0.99919814
104303,0,1,0.8895236
111918,1,1,0.97832507
37526,1,1,0.99448836
23244,1,1,0.97993684
28272,1,1,0.9837943
39512,1,1,0.99946874
39142,1,1,0.9987686
80156,1,1,0.9788922
102815,1,1,0.93589085
52594,1,1,0.9621475
28411,0,0,0.4289738
88677,1,1,0.97288483
112446,1,1,0.9939441
20111,1,1,0.99506974
67565,1,1,0.92928654
43574,0,1,0.70238036
86759,1,1,0.9977977
10094,1,1,0.98965514
29659,1,1,0.9619276
53348,1,1,0.9890093
71416,1,1,0.99920624
66449,1,1,0.9828714
39553,1,1,0.99398756
22533,1,1,0.9432676
30431,1,1,0.9126829
22543,1,1,0.976915
57230,1,1,0.99724954
85198,1,1,0.990825
8017,1,1,0.9733892
100735,1,1,0.92564255
90129,1,1,0.9960296
77436,1,1,0.7066804
21924,1,1,0.6967212
94153,1,1,0.99478036
65185,1,1,0.870894
86195,0,1,0.57059747
6277,1,1,0.99740064
111469,1,1,0.9901321
33287,1,1,0.99342126
68958,1,1,0.9848044
80427,1,1,0.99361765
31852,1,1,0.91804624
61705,1,1,0.9991698
22544,1,1,0.99218106
47995,1,1,0.986981
75529,1,1,0.99426854
54268,1,1,0.97078896
47488,1,1,0.9966822
88276,1,1,0.80773187
47876,1,1,0.9920923
81890,1,1,0.99309385
24036,1,1,0.8734667
78060,0,1,0.8876461
13988,1,1,0.9910295
82211,1,1,0.9214809
54180,1,1,0.8842882
56629,1,1,0.8834287
110047,1,1,0.9737125
61338,1,1,0.9708679
30867,1,1,0.99020505
47981,1,1,0.97778076
105005,1,1,0.9998765
57960,1,1,0.9797704
90995,1,1,0.9981943
97079,1,1,0.9914887
103236,1,1,0.98633236
85692,1,1,0.99752754
89552,1,1,0.98497796
87272,1,1,0.9975358
98458,1,1,0.9707597
45622,1,1,0.99825984
66794,1,1,0.996274
55931,1,1,0.9016256
32511,1,1,0.9922753
85833,1,1,0.97693527
93071,1,1,0.9861346
59091,1,1,0.9961527
4061,1,1,0.9765123
85545,1,1,0.93186545
62680,1,1,0.9966736
9338,1,1,0.9953068
45599,1,1,0.99554837
84576,1,1,0.99550605
40125,1,1,0.97876245
50132,1,0,0.4973677
48486,1,1,0.9476856
89790,1,1,0.9918075
96018,1,1,0.9937052
51952,1,1,0.9895934
13886,0,1,0.6924595
111975,1,1,0.9923199
16121,1,1,0.70859045
77234,1,1,0.9965197
83612,1,1,0.93333375
7208,1,1,0.99879116
1097,1,1,0.9691123
66186,1,1,0.9810972
79422,1,1,0.99469745
104031,1,1,0.96369195
20350,0,1,0.9773153
58112,1,1,0.9909163
28188,1,1,0.99805534
72910,1,1,0.9933431
12573,1,1,0.9911226
81487,1,1,0.99660313
100938,1,1,0.98013514
48169,1,1,0.97222364
12526,1,1,0.99947315
28409,1,1,0.98525316
16184,1,1,0.9961777
51227,1,1,0.9979626
35287,1,1,0.9994072
42858,1,1,0.9769753
92297,0,1,0.93953264
91597,1,1,0.9948211
92041,1,1,0.9898239
74387,0,1,0.99465746
92898,1,1,0.997247
2781,1,1,0.85592043
78630,1,1,0.93937325
49512,1,1,0.9992472
108557,1,1,0.83346456
103103,1,1,0.97771627
74143,1,1,0.9988457
99001,1,1,0.9832544
57139,1,1,0.99833304
508,1,1,0.97650677
96851,1,1,0.9913259
58916,1,1,0.9903436
6411,1,1,0.9935715
5434,1,1,0.9985518
97522,1,1,0.9633774
28444,1,1,0.9760459
14627,1,1,0.9959202
15928,1,1,0.99458534
1932,1,1,0.9206588
2121,1,1,0.9671952
13599,1,1,0.9843976
109244,1,1,0.9953471
2477,1,1,0.9723619
55984,1,1,0.9511503
42897,1,1,0.97821665
57436,1,1,0.57896215
103562,1,1,0.9992181
47377,1,1,0.99601376
8004,1,1,0.9436719
52293,1,1,0.9986119
20380,0,0,0.19092989
84419,1,1,0.94100595
29790,1,1,0.80913824
29613,1,1,0.99557424
68337,1,1,0.99643326
76093,1,1,0.996398
10575,1,1,0.7334555
16114,1,1,0.9919775
112610,1,1,0.953745
30182,1,1,0.99549294
18015,1,1,0.9854166
75247,1,1,0.97390217
65999,1,1,0.9851672
92144,1,1,0.99861956
111789,1,0,0.3662055
18890,1,1,0.9990382
66972,1,1,0.9881875
59164,1,1,0.990031
52484,1,1,0.99503857
73119,1,1,0.81142914
57302,1,1,0.9395909
81902,1,1,0.9764687
107441,1,1,0.96822506
55470,1,1,0.9840904
40608,1,1,0.9945927
70146,1,1,0.9898539
101274,1,1,0.99162626
23944,1,1,0.99664295
98996,1,1,0.99710435
9050,1,1,0.99978215
100321,1,1,0.9682059
94155,1,1,0.95435274
48359,1,1,0.99420047
59153,1,1,0.9809123
55629,1,1,0.9858991
72635,1,1,0.9933909
62514,0,1,0.94185054
71261,1,1,0.9957496
107352,1,1,0.99203354
82468,1,1,0.91654694
11831,1,1,0.91705537
98631,1,1,0.9940426
38460,1,1,0.9773762
4907,1,1,0.9984713
46166,1,1,0.992675
25403,1,1,0.9514323
14732,1,1,0.9963952
18085,1,1,0.7894143
113549,0,1,0.9183185
47395,1,1,0.99138534
4103,1,1,0.8939702
20412,1,1,0.9806675
101993,1,1,0.9926139
56778,1,1,0.91309565
18130,1,1,0.9959403
40564,1,1,0.99909365
91400,1,1,0.97490996
1306,1,1,0.994942
75536,1,1,0.9952396
101922,1,1,0.9514478
75274,1,1,0.9925339
102905,1,1,0.9880635
109230,1,1,0.9989573
45761,1,1,0.99122393
16544,1,1,0.99850273
62920,1,1,0.62104017
36800,1,1,0.9639923
18638,1,1,0.9960989
60318,0,1,0.67155474
15313,1,1,0.9692517
78587,1,1,0.9605625
5845,1,1,0.9396395
15600,1,1,0.7937963
63690,1,1,0.97769254
59956,1,1,0.9794844
20247,1,1,0.9929783
44321,1,1,0.97976756
53051,1,1,0.93872666
81590,1,1,0.9630203
86931,1,1,0.9997185
51617,1,1,0.99910456
102454,1,1,0.9857005
62025,1,1,0.99814177
36803,1,1,0.98418957
74375,0,1,0.9559584
92665,1,1,0.9952734
48716,1,1,0.99360234
2682,1,1,0.9846127
93710,1,1,0.9822221
76163,1,1,0.9897503
16969,1,1,0.95561314
40539,1,1,0.9812971
18989,1,1,0.98422676
24165,1,1,0.99970514
90648,0,1,0.99910396
108266,1,1,0.8887241
37709,0,0,0.47001532
15446,1,1,0.97207314
28969,1,1,0.9894421
46793,1,1,0.5743123
30694,1,1,0.9989073
42714,1,1,0.98349667
94201,1,1,0.9969112
91975,1,1,0.9441504
30601,1,1,0.984153
70637,1,1,0.9846031
96671,1,1,0.9963199
57307,1,1,0.9996724
10620,1,1,0.96370715
56441,1,1,0.9808673
60572,0,1,0.6595362
17091,1,1,0.9864959
103313,1,1,0.96147525
64604,1,1,0.99135137
100475,1,1,0.9616649
37054,1,1,0.9739077
113064,1,1,0.98747313
32321,0,1,0.9454876
51838,1,1,0.995611
52936,1,1,0.9958586
13998,1,1,0.95031714
104730,1,1,0.9931472
112327,1,1,0.98540163
51963,1,1,0.9981509
102557,1,1,0.9944137
82390,1,1,0.96508247
8264,1,1,0.99837315
78572,1,1,0.8896863
73232,1,1,0.6015342
688,1,1,0.8822155
63354,1,1,0.9917379
14498,1,1,0.9530239
67520,1,1,0.95486
101215,1,1,0.9821348
90362,1,1,0.9127831
23671,1,1,0.9894611
29645,1,1,0.9792962
11618,1,1,0.9298143
10310,0,1,0.8700627
33384,1,1,0.95268625
96965,1,1,0.98771054
113570,1,1,0.98684025
81202,1,1,0.9978896
72523,1,1,0.9348904
42928,1,1,0.8980185
112082,1,1,0.99942183
90586,0,1,0.9334582
44443,1,1,0.98357564
75261,1,1,0.98184973
17587,1,1,0.99653023
46029,1,1,0.9922963
100725,1,1,0.99937004
48480,0,1,0.6457385
87171,1,1,0.9958912
82894,1,1,0.956507
8758,1,1,0.97461694
61312,1,1,0.93368274
48870,1,1,0.9997707
14862,1,1,0.72156495
109948,1,1,0.9904184
92,1,1,0.9879226
79394,1,1,0.9879417
64330,1,1,0.9925122
80786,1,1,0.9203885
52472,1,1,0.881972
25850,1,1,0.9956119
82874,1,1,0.9985222
69621,1,1,0.9967571
54191,1,1,0.98657864
85661,1,1,0.9656554
6314,1,1,0.9967257
83441,1,1,0.982545
5628,1,1,0.96914345
34729,1,1,0.6453361
105942,1,1,0.9922357
108928,1,1,0.9175594
90323,1,1,0.9811866
91143,1,1,0.9674499
64357,1,1,0.9927522
59879,1,1,0.9915125
88451,1,1,0.99850285
105571,0,1,0.97902143
69226,0,1,0.96881515
12844,1,1,0.9872103
81225,1,1,0.996117
39344,1,1,0.90934545
10686,1,1,0.9955226
84042,1,1,0.98346806
90090,1,1,0.9608527
34606,1,0,0.28818482
10392,1,1,0.9716603
60555,0,0,0.09311525
103628,1,1,0.9984108
5770,1,1,0.9989631
1047,1,1,0.88727325
31706,1,1,0.7294892
43290,1,1,0.99577457
66904,1,1,0.9912185
31701,1,1,0.91990507
14557,1,1,0.99948645
49471,1,1,0.9953093
5064,1,1,0.98731494
22908,1,1,0.9890099
92418,1,1,0.98475605
32950,0,1,0.99701405
65146,1,1,0.99606967
104165,1,1,0.98946977
59780,1,1,0.98835933
50754,1,1,0.9990007
42369,1,1,0.96155095
47096,1,1,0.9609096
103787,1,1,0.9468065
8276,1,1,0.92664707
87552,1,1,0.9997801
79590,1,1,0.9685393
42320,1,1,0.9690572
23844,1,1,0.9453517
61278,1,1,0.9910172
25178,1,1,0.9885399
82438,1,1,0.9984889
3101,1,1,0.99148554
92946,0,1,0.9886723
1485,1,1,0.99284947
3758,1,1,0.9989417
17191,1,1,0.9723707
1172,1,1,0.9993851
69483,1,1,0.99808145
29375,1,1,0.99282575
10218,1,1,0.9458793
71525,1,1,0.9616851
77747,1,1,0.9848289
59465,1,1,0.91304
63331,1,1,0.975931
17681,1,1,0.9810184
46578,1,1,0.910255
93583,1,1,0.9115069
90875,1,1,0.94526565
1118,0,1,0.56134385
84519,1,1,0.9978551
50792,1,1,0.9935994
94888,1,1,0.97026235
90578,1,1,0.99778384
57397,1,1,0.9808529
33890,1,1,0.96941894
84286,1,1,0.99831235
18053,1,1,0.9995697
9002,1,1,0.99789894
87460,0,1,0.80948883
25946,1,1,0.9645989
27952,1,1,0.98463434
511,1,1,0.99343103
90803,1,1,0.99717003
22340,1,1,0.99747014
85430,1,1,0.9544057
68224,1,1,0.99518085
105723,1,1,0.9917212
27466,1,1,0.9174171
10443,1,1,0.9976628
113322,1,1,0.73941934
15371,1,0,0.36177418
41779,1,1,0.5918493
43032,1,1,0.9024182
22748,1,1,0.9927412
101914,1,1,0.9976163
90755,1,1,0.8773875
55132,1,1,0.9942888
21303,1,1,0.9938466
81924,1,1,0.94942117
44033,1,1,0.5028484
87113,1,1,0.99991953
105797,1,1,0.96721005
65750,1,1,0.99825066
3516,1,1,0.85526216
5337,1,1,0.98472667
100089,1,1,0.9975141
37042,1,1,0.9978917
24371,1,1,0.9985676
106287,1,1,0.97599787
73668,1,1,0.96895367
74247,1,1,0.9984503
86892,1,1,0.99656135
49909,1,1,0.86712885
38326,1,1,0.99716717
44286,0,1,0.98189443
76943,1,1,0.8443397
42438,1,1,0.99482095
102591,1,1,0.9978604
18342,1,1,0.98065615
67828,1,1,0.99598134
105742,1,1,0.9844796
23215,1,1,0.97572607
4787,1,1,0.9957694
82645,1,1,0.97753644
30554,1,1,0.9919234
86324,1,1,0.8461599
28924,1,1,0.9914112
85702,1,1,0.9764357
94319,1,1,0.9946695
865,1,1,0.8404388
42460,1,1,0.980678
16434,1,1,0.9962626
21235,1,1,0.99286884
14741,1,1,0.7403877
89567,1,1,0.99855715
78089,1,1,0.99470997
13453,1,1,0.9801149
39874,1,1,0.9857184
62067,1,1,0.9983171
111956,1,1,0.983579
55264,1,1,0.9986337
2348,1,1,0.973438
59045,1,1,0.991042
53243,1,1,0.8553147
82144,1,1,0.9997931
100912,1,1,0.9981152
10466,1,1,0.99942255
76914,1,1,0.9883625
8828,1,1,0.99073493
4737,1,1,0.9980453
95024,1,1,0.9662754
112437,1,1,0.8998318
103742,1,1,0.97133416
73811,1,1,0.9924589
98270,1,1,0.98724335
40197,1,1,0.99832326
28565,1,1,0.8770407
11075,1,1,0.9281765
82169,1,1,0.99895465
75832,1,1,0.7779298
34897,1,1,0.9884863
4222,1,1,0.9478294
73336,1,1,0.9731513
10393,1,1,0.9538885
98360,1,1,0.9243578
7462,1,1,0.9563812
25708,1,1,0.75065166
4493,1,1,0.99886155
91939,1,1,0.99847287
59799,1,1,0.9606348
34931,1,1,0.9983631
105477,0,1,0.94455755
23662,1,1,0.9260962
97494,1,1,0.6482808
10650,1,1,0.98981583
65289,1,1,0.9974402
50464,1,1,0.99463165
44955,1,1,0.9989151
85915,1,1,0.5683369
70131,1,1,0.99695504
38352,1,1,0.9893044
22712,1,1,0.9995383
31971,1,1,0.98993963
91592,1,1,0.9980387
41817,1,1,0.98228925
91762,1,1,0.98968387
97521,1,1,0.98581517
95428,1,1,0.9325758
23476,1,1,0.9986571
3807,1,1,0.9928445
97372,1,1,0.99624616
30007,1,1,0.968647
109891,0,1,0.9840777
42616,1,1,0.9893009
105586,1,1,0.9879875
89986,1,1,0.9883989
37679,1,1,0.99813205
40451,1,1,0.99510866
71573,0,1,0.5126867
65012,1,1,0.92993265
100069,1,1,0.9887967
33635,1,1,0.93541783
109490,1,1,0.9984145
108202,1,1,0.9706468
67222,1,1,0.94408077
45133,1,1,0.99465334
94990,1,1,0.99883443
1129,1,1,0.97488165
8578,1,1,0.87018794
93140,1,1,0.9740254
72769,1,1,0.9813975
16602,1,1,0.9729959
9713,1,1,0.9994326
91220,1,1,0.9805604
28744,1,1,0.99563867
81537,1,1,0.9969505
23855,1,1,0.9581442
64983,1,1,0.99325037
11207,1,1,0.9672702
30305,1,1,0.9994795
48785,1,1,0.7827855
40333,1,1,0.97496855
106714,1,1,0.9993249
64971,1,1,0.5883908
49250,0,0,0.43354282
83984,1,1,0.74683994
106978,1,1,0.9985783
41596,1,1,0.86425644
59175,1,1,0.9903133
32635,1,1,0.9924144
63853,1,1,0.9498098
53584,1,1,0.9971961
35914,1,1,0.9984403
88027,1,1,0.9396967
104717,1,1,0.9946195
112820,1,1,0.9257238
79669,1,1,0.98910224
19561,1,1,0.95952994
6302,1,0,0.47860187
14733,1,1,0.9143751
99607,1,1,0.9969984
96566,1,1,0.9960395
16202,1,1,0.98462427
57833,1,1,0.9439551
89270,1,1,0.9628617
90740,1,1,0.9540164
47276,1,1,0.99556005
102910,1,1,0.99971944
41114,1,1,0.9921037
39020,1,1,0.9941375
95682,1,1,0.9809146
74846,1,1,0.92847157
83416,1,1,0.98883843
40994,1,1,0.99864215
110917,1,1,0.9923046
83031,1,1,0.9960045
111496,0,1,0.96602595
7165,1,1,0.99186593
85168,1,1,0.9921673
89755,1,1,0.9505517
97303,1,1,0.9891453
6099,1,1,0.9892971
83652,1,1,0.99850464
32260,1,1,0.9705942
78565,1,1,0.71807903
41222,1,1,0.90508556
109953,1,1,0.94988424
14175,1,1,0.9954336
60277,1,1,0.99499196
3561,1,1,0.9924414
37093,1,1,0.9918867
12299,1,1,0.9839564
108261,1,1,0.99441564
51073,1,1,0.9901355
17384,1,1,0.9740976
113107,1,1,0.9992632
83467,1,1,0.9226884
61546,1,1,0.9968965
60898,1,1,0.99614125
86390,1,1,0.92436653
25921,1,1,0.9925649
73262,1,1,0.99754363
103475,1,1,0.85526127
109468,1,1,0.7978258
76632,1,1,0.9871214
103191,1,1,0.9958966
104518,1,1,0.9971976
55841,1,1,0.9943764
87145,1,1,0.99065524
31193,1,1,0.9921619
61117,1,0,0.42325762
21425,1,1,0.9994893
10680,1,1,0.9528182
101926,1,1,0.9947472
50228,1,1,0.98458487
34386,1,1,0.9909259
80707,1,1,0.9877402
80973,1,1,0.9942017
74875,1,1,0.9478738
24383,1,1,0.99421906
58010,1,1,0.9951644
43143,1,1,0.9732003
48690,1,1,0.96938735
59161,1,1,0.9246473
101747,1,1,0.9879872
94406,1,1,0.9969869
82055,1,1,0.98667824
77869,1,1,0.9807567
50032,1,1,0.9626863
8092,1,1,0.9918541
6710,1,1,0.97426265
14873,1,1,0.9876308
101010,1,1,0.997233
15489,1,1,0.9231539
78108,1,1,0.992168
22511,1,1,0.9657271
110102,1,1,0.9753008
64316,1,1,0.9973954
25514,1,1,0.99808705
27291,0,1,0.6552315
75925,1,1,0.9986333
71163,1,1,0.9916401
39191,1,1,0.9941334
52832,0,1,0.99488974
64741,1,1,0.9648681
96568,1,1,0.99959785
12634,1,1,0.99543744
107710,1,1,0.98695487
38478,1,1,0.99286944
74318,1,1,0.9870156
14753,1,1,0.9892124
2051,1,1,0.7100191
10192,1,1,0.98193836
74467,0,1,0.8928661
9203,1,1,0.9431003
102511,1,1,0.99556446
35881,1,1,0.99187523
93834,1,1,0.9837991
49652,1,1,0.9878235
84517,1,1,0.8207208
37354,1,1,0.94160855
78975,0,1,0.99784803
16460,1,1,0.9989994
13127,1,1,0.9997812
29497,0,1,0.9116223
102717,1,1,0.80428886
69933,1,1,0.96860605
107771,1,1,0.99946195
45811,1,1,0.9479027
85933,1,1,0.8764094
75014,1,1,0.9994216
83098,1,1,0.97043973
69639,1,1,0.95804155
43042,1,1,0.9992011
110262,1,1,0.9922018
89387,1,1,0.9911129
15359,1,1,0.9673758
99399,1,1,0.977454
106043,1,1,0.56648874
19190,1,1,0.9877366
93243,1,1,0.99465334
28237,1,1,0.9970289
62606,1,1,0.9680912
19600,1,1,0.9901765
103444,1,1,0.9960068
44250,1,1,0.9987649
38665,1,1,0.99532396
76290,1,1,0.94252944
62189,1,1,0.9725824
47077,1,1,0.99062014
108409,1,1,0.77250993
30990,1,1,0.9121667
94199,1,1,0.9895739
19405,1,1,0.95326436
68639,1,1,0.9983689
21938,1,1,0.9950217
54898,1,1,0.98722225
26452,1,1,0.9073418
92464,1,1,0.9926317
76926,1,1,0.6216887
41171,1,1,0.99575377
33681,1,1,0.9970861
15733,1,1,0.990626
15460,1,1,0.99842465
22290,1,1,0.94081104
91510,1,1,0.9447392
57838,1,1,0.91413355
77690,1,1,0.99733835
18428,1,1,0.9981882
23233,1,1,0.9955799
46750,1,1,0.9890125
24471,1,1,0.9821321
81580,1,1,0.99130076
68932,1,1,0.9992956
52350,1,1,0.997279
55749,1,1,0.9987405
72787,1,1,0.98473257
81569,1,1,0.9670097
10230,1,1,0.9989962
101949,1,1,0.7985594
79206,1,1,0.97745264
21662,1,1,0.9740321
99291,1,1,0.99363214
93431,1,1,0.9987336
73275,1,1,0.9755425
21412,1,1,0.9897658
53744,1,1,0.99750143
108175,1,1,0.9768028
28099,1,1,0.99301356
95395,1,1,0.9771643
41664,1,1,0.99040353
109856,0,1,0.9122168
19546,1,1,0.9924861
2029,1,1,0.94019324
90510,1,1,0.9909678
52325,1,1,0.9953011
62256,1,1,0.99206614
38093,1,1,0.9155557
20051,1,1,0.9944248
47579,1,1,0.9794948
100306,1,1,0.9825423
9588,1,1,0.9303624
21166,1,1,0.9968438
54399,1,1,0.8371225
51325,1,1,0.9969971
27557,0,1,0.77576405
68391,1,1,0.99312395
38216,1,1,0.99884975
88666,1,1,0.9666195
55043,1,1,0.9842911
32120,1,1,0.99960726
61665,1,1,0.9975708
40647,1,1,0.9924924
33838,1,1,0.92994225
761,1,1,0.97478205
50188,1,1,0.9767371
92606,1,1,0.70213765
61459,1,1,0.9730679
31523,1,1,0.993054
6886,1,0,0.35382488
111823,1,1,0.9992693
38737,1,1,0.9932285
44164,1,1,0.5916491
48116,1,1,0.9778831
68921,1,1,0.9899975
112916,1,1,0.94855684
89085,1,1,0.9976156
84347,1,1,0.9687854
38732,1,1,0.9965599
105623,1,1,0.99795675
76450,1,1,0.9273778
62183,1,1,0.6803927
16216,0,1,0.94716567
24695,1,1,0.93641573
85465,1,1,0.98479074
57006,1,1,0.9992624
31276,1,1,0.9937016
2285,1,1,0.99589145
55147,1,1,0.9949096
14632,1,1,0.9888784
26078,1,1,0.99804294
88909,1,1,0.9906784
67429,1,1,0.9915167
32750,1,1,0.9629795
29854,1,1,0.9910144
26051,1,1,0.9910942
63988,1,1,0.9166531
113022,1,1,0.9980475
37124,1,1,0.9866961
43606,1,1,0.75282466
76650,1,1,0.99522996
60911,1,1,0.9673854
103615,1,1,0.98983955
58014,1,1,0.9984237
113209,1,1,0.97754544
45928,1,1,0.9943269
13606,1,1,0.9996613
97725,1,1,0.9571694
67657,1,1,0.999405
97450,1,1,0.9404835
75625,1,1,0.7505279
100579,1,1,0.99137175
57176,1,1,0.9734543
74093,1,1,0.8031966
79283,1,1,0.9982886
45687,1,1,0.9777364
47586,1,1,0.99851865
44435,1,1,0.95589614
7726,1,1,0.99951696
33087,1,1,0.9998801
24850,1,1,0.96900403
42381,1,1,0.98536694
34607,1,1,0.9984958
40499,1,1,0.8673219
92496,1,1,0.99583733
102084,1,1,0.9402866
28206,1,1,0.9365369
39835,1,1,0.99432534
107743,1,1,0.9815253
110894,1,1,0.97869146
92509,1,1,0.9988231
94060,1,1,0.9439413
20172,1,1,0.9866897
92444,1,1,0.9899901
95891,1,1,0.9946089
20812,1,1,0.853383
66954,1,1,0.9526528
6119,1,1,0.87155014
96320,1,1,0.97893095
109054,1,1,0.9980496
20568,1,1,0.99533975
1185,1,1,0.99955887
65358,1,1,0.99803454
7038,1,1,0.5317428
108922,1,1,0.86582536
38606,1,1,0.82998335
81806,1,1,0.9831607
82158,1,1,0.96353334
95711,1,1,0.98451245
70838,1,1,0.9937733
14844,1,1,0.66807246
44447,1,1,0.73511565
32268,1,1,0.97962403
79707,1,1,0.99692374
94079,1,1,0.853932
31384,0,1,0.9656403
59778,1,1,0.9759765
7884,1,1,0.9765246
90426,1,1,0.98601216
51499,1,1,0.9965726
34921,1,1,0.896437
26058,0,1,0.91911274
12786,1,1,0.99813324
68260,1,1,0.99608696
44120,1,1,0.99908257
19826,1,1,0.9993781
21271,1,1,0.9787376
34381,1,1,0.9427699
97243,1,1,0.9813725
70092,1,1,0.9989712
72350,1,1,0.97420245
12272,1,1,0.9716105
69678,1,1,0.6226473
85676,1,1,0.9785841
72773,1,1,0.9875717
60998,1,1,0.9977888
45421,1,1,0.968971
71221,1,1,0.95743465
18770,1,1,0.95290864
97938,1,1,0.97563976
22636,1,1,0.9972536
25187,1,1,0.9744922
65854,1,1,0.9732562
71329,1,1,0.93685967
44137,0,0,0.17574222
33071,1,1,0.9732448
1218,1,1,0.93829376
30877,1,1,0.99227446
76010,1,1,0.9795405
17074,1,1,0.8986281
821,1,1,0.9952182
89070,0,1,0.82193285
25119,1,1,0.97862214
31057,1,1,0.99852943
39449,1,1,0.99770904
44417,1,1,0.9497658
79293,1,1,0.998223
32849,1,1,0.8924219
57830,1,1,0.6495875
72142,1,1,0.9429712
25684,1,1,0.98477674
48951,1,1,0.99279433
57958,1,1,0.99968255
21269,1,1,0.9925332
101374,1,1,0.9584343
111406,1,1,0.97842103
9765,1,1,0.9950252
3358,1,1,0.96663153
6969,1,1,0.93870944
39644,1,1,0.99797124
58823,1,1,0.98790693
75676,1,1,0.7842233
30365,1,1,0.997405
17399,1,1,0.995398
40056,1,1,0.9970799
46232,1,1,0.9963691
10306,1,1,0.9918349
112032,1,1,0.94692457
75352,0,1,0.95937234
47474,1,1,0.98352414
15894,1,1,0.9990815
75460,1,1,0.9305134
113641,1,1,0.96937615
68914,1,1,0.991927
14284,1,1,0.99753666
3339,1,1,0.9568172
7305,1,1,0.88338536
58023,1,1,0.9969014
85316,1,1,0.98872375
31414,0,1,0.99407107
66512,1,1,0.998961
112079,1,1,0.987879
25385,1,1,0.91408587
44812,1,1,0.9190018
75362,1,1,0.9221283
89240,1,1,0.9746805
77937,1,1,0.79364944
73324,1,1,0.95018464
77386,1,1,0.9931293
111012,1,1,0.9853189
15779,1,1,0.998083
39343,1,1,0.9359168
39820,1,1,0.97435635
8864,1,1,0.8219539
57821,1,1,0.958587
51064,1,1,0.99939084
105411,0,1,0.9886157
6400,1,1,0.95915914
38746,1,1,0.9852351
98545,1,1,0.99828464
48141,1,1,0.9655222
18461,1,1,0.85979617
28494,1,1,0.9994436
49292,1,1,0.98298246
15722,1,1,0.9933106
88613,1,1,0.9582295
55557,1,1,0.98719525
92985,1,1,0.9886085
56174,1,1,0.996824
49288,1,1,0.989815
69802,1,1,0.96881145
28026,1,1,0.98772454
46225,1,1,0.9992193
109675,1,1,0.98596734
84571,1,1,0.9769757
37361,1,1,0.9836173
102553,1,1,0.9546787
96080,1,1,0.97405237
48997,1,1,0.95662004
8952,1,1,0.9855629
69201,0,1,0.7866582
57063,1,1,0.99489486
50093,1,1,0.9876688
72067,0,1,0.5890958
61962,1,1,0.9884063
5278,1,1,0.99585766
111573,1,1,0.9416467
36557,1,1,0.9948605
15570,1,1,0.9605062
96195,1,1,0.98134667
44351,1,1,0.98164934
55714,1,1,0.99855274
85778,1,1,0.911132
86305,1,1,0.98853487
91295,1,1,0.95862687
64438,1,1,0.9716561
9900,1,1,0.9848999
25862,1,1,0.9570371
104217,1,1,0.9976381
15096,1,1,0.9960139
65083,1,1,0.98659235
38964,1,1,0.98773277
17068,1,1,0.9996018
61930,1,1,0.9554838
71661,1,1,0.92681795
31638,1,1,0.9982497
63261,1,1,0.9717866
34725,0,1,0.52868885
25020,1,0,0.31125364
23628,1,1,0.9161646
78612,1,1,0.96721286
82686,1,1,0.9831875
102961,1,1,0.9917774
81320,1,1,0.98346806
12884,1,1,0.98819214
22878,1,1,0.9888665
66614,1,1,0.9932874
56819,1,0,0.40182245
94298,1,1,0.9998448
16952,1,1,0.99797326
66125,1,1,0.94863963
81032,1,1,0.9495825
35978,1,1,0.99196714
37148,1,1,0.9760118
75864,1,1,0.99513656
84827,1,1,0.99366766
52610,1,1,0.97201216
70937,1,1,0.99557614
42767,1,1,0.9945834
64673,1,1,0.9804812
43383,1,1,0.9541899
51372,0,1,0.9176926
79729,1,1,0.9794971
53203,1,1,0.99076337
111849,1,1,0.87119585
80800,1,1,0.99492055
30457,1,1,0.8094497
73879,1,1,0.9539719
37428,1,1,0.9829594
50944,1,1,0.9920359
99231,1,1,0.9912896
47409,1,1,0.99889094
17173,1,1,0.9493145
15959,1,1,0.9556698
72642,1,1,0.96500534
74469,1,1,0.9864994
15322,1,1,0.9873963
45927,1,1,0.5750474
102642,1,1,0.9937935
27125,1,1,0.99915683
100887,1,1,0.9973826
45049,1,1,0.9566648
27833,1,1,0.9878207
27527,1,1,0.96862686
30411,1,1,0.99270004
100684,1,1,0.9994535
73044,1,1,0.9932197
75371,1,1,0.98904747
103598,1,1,0.9982424
92644,1,1,0.9881224
60593,1,1,0.93636274
93041,1,1,0.93613756
104893,1,1,0.99324
53816,1,1,0.9982691
68969,0,1,0.9573475
62234,1,1,0.9575279
61126,1,1,0.94581765
31613,1,1,0.94103307
36351,1,1,0.9983912
7504,1,1,0.928752
3127,1,1,0.97278756
64125,1,1,0.9325411
16036,1,1,0.9821377
67735,1,1,0.7388519
55696,0,1,0.8184201
95957,1,1,0.947706
663,1,1,0.9774754
15785,1,1,0.94878995
7323,1,1,0.8589707
30068,1,1,0.9906963
21456,0,0,0.009750441
25251,1,1,0.9408812
77323,1,1,0.8003621
32357,1,1,0.99943465
67280,1,0,0.4252458
55036,1,1,0.98871535
48663,1,1,0.9755971
103614,1,1,0.9327246
15091,0,1,0.7508526
98918,1,1,0.9964529
60753,1,1,0.92733216
72320,1,1,0.9777248
28925,1,1,0.95594025
15236,1,1,0.9878297
45582,1,1,0.99658316
45102,1,1,0.985227
101889,0,1,0.9974726
72144,1,1,0.9134347
61668,1,1,0.9912845
30140,1,1,0.98315006
49109,1,1,0.97506195
44545,1,1,0.9433534
2255,1,1,0.9921429
113870,1,1,0.9884306
55751,1,1,0.9881954
74265,1,1,0.81676644
90172,1,1,0.9980129
63458,1,1,0.9914146
46210,1,1,0.94256586
24014,1,1,0.9777784
45834,1,1,0.93122447
68057,1,1,0.99159074
19947,1,1,0.94407016
21074,1,1,0.9911578
106797,1,1,0.99484295
88517,0,1,0.8652326
111592,1,1,0.9821905
32952,1,1,0.9791691
30274,1,1,0.98899066
92034,1,1,0.9899504
65665,1,1,0.98816955
69932,1,1,0.98925436
99156,1,1,0.7885465
103020,1,1,0.9776994
5036,1,1,0.9946792
57021,1,1,0.8784542
43990,1,1,0.96711886
39296,1,1,0.9597794
90155,1,1,0.9479585
22937,1,1,0.98694277
95131,1,1,0.9956654
87310,1,1,0.8208684
76246,0,1,0.65393007
33832,1,1,0.97966146
63287,1,1,0.9967366
113615,1,1,0.95874256
12525,1,1,0.978017
106889,1,1,0.99550146
51953,1,1,0.98796743
36570,1,1,0.9976186
13694,1,1,0.99938893
104876,1,1,0.9977556
2897,1,1,0.98399115
41971,1,1,0.99624985
84395,1,1,0.97841585
38579,1,1,0.92969435
60821,1,1,0.9166791
16943,1,1,0.97385705
91618,1,1,0.9987924
61971,1,1,0.93907464
18042,1,1,0.8639719
79121,1,1,0.99775344
60399,1,1,0.9852777
46331,1,1,0.87200075
71964,1,1,0.993569
59209,1,1,0.9985776
107986,1,1,0.83137083
93742,1,1,0.9992692
43355,1,1,0.9607081
110627,1,1,0.75276977
74536,1,1,0.99914443
77139,0,1,0.88343763
5996,1,1,0.9868547
72022,1,1,0.9005094
93119,1,1,0.84489924
25103,1,1,0.98687124
7757,1,0,0.49241894
113147,1,1,0.95910513
62779,1,1,0.99937755
79731,1,1,0.9881003
98353,1,1,0.9956162
62890,1,1,0.98364323
4215,1,1,0.9058911
69588,1,1,0.94173634
80544,1,1,0.9990779
10604,1,1,0.9196322
20324,1,1,0.95395523
3778,1,1,0.97000927
44323,1,1,0.95847625
36099,1,1,0.9980355
86577,1,1,0.9591132
68761,1,1,0.9889824
112047,1,1,0.9548707
23520,1,1,0.95428187
89946,1,1,0.99161774
7533,1,1,0.9350117
59401,1,1,0.99793243
12841,1,1,0.9957058
681,1,1,0.9899559
3518,1,1,0.94035554
32922,1,1,0.99664295
67793,1,1,0.99451834
99661,1,1,0.99973744
41234,1,1,0.998933
105171,1,1,0.9972324
23008,1,1,0.93536025
55806,1,1,0.9744488
45092,1,0,0.4947973
68210,1,1,0.99864656
67942,1,1,0.9970009
100362,1,1,0.99314183
79785,1,1,0.99643886
39399,1,1,0.96186286
39719,1,1,0.914297
18667,1,1,0.99463236
85204,1,1,0.92487836
31802,1,1,0.9456267
30057,1,1,0.9933113
16348,1,1,0.9993635
17967,1,1,0.96279573
8661,1,1,0.8118281
110172,1,1,0.98638934
60319,1,1,0.98515195
66797,1,1,0.9861194
14046,1,1,0.9946985
42671,1,1,0.98050046
7433,1,1,0.916336
86269,0,1,0.99302703
80975,1,1,0.9957123
89178,0,0,0.40849495
65102,1,1,0.9922294
16029,1,1,0.96095824
92014,1,1,0.99946994
53519,1,1,0.89515674
61449,1,1,0.9992042
66675,1,1,0.9932221
52756,1,1,0.990482
36563,1,1,0.981339
76208,1,1,0.96621746
89581,1,1,0.99588376
100716,1,1,0.6073949
30642,1,1,0.9733131
111476,1,1,0.99679536
112567,1,1,0.882222
95522,1,1,0.98639977
80346,1,1,0.9801649
88589,1,1,0.99842936
32571,1,1,0.9928531
14074,1,1,0.94466245
39328,1,1,0.99510753
80150,0,0,0.16016978
54847,1,1,0.9914513
31619,1,1,0.9725605
88946,1,1,0.94248635
89344,1,1,0.99525815
86662,1,1,0.9743075
93725,1,1,0.99919266
12186,1,1,0.9919763
25402,1,1,0.99757737
24163,1,1,0.9557392
35406,1,1,0.9948118
63602,1,1,0.99751186
110725,1,1,0.98413014
27497,1,1,0.97706085
68193,1,1,0.99072087
112326,0,1,0.95813334
48215,0,1,0.8144048
89963,1,1,0.9903032
33276,1,1,0.9879402
3150,1,1,0.99823195
86697,1,1,0.9459741
33445,1,1,0.9936027
32912,1,1,0.97889256
77515,1,1,0.9611061
34740,1,1,0.9938465
59293,1,1,0.99322116
48123,1,1,0.9630339
58042,0,1,0.8148249
61207,1,1,0.9994054
94816,1,1,0.9953176
23623,1,1,0.9782528
4973,1,1,0.6984422
68657,1,1,0.9955058
57084,1,1,0.9775938
92711,1,1,0.9969312
110901,1,1,0.8095146
91523,1,1,0.9933815
91201,1,1,0.9932569
97920,1,1,0.9922368
24890,1,1,0.986419
90030,1,1,0.9623232
47620,1,1,0.9911265
105657,1,1,0.99213034
108325,1,1,0.99386615
71050,1,1,0.9931884
105777,1,1,0.67036515
3286,1,1,0.9968636
67259,1,1,0.9980116
24293,1,1,0.9900956
67768,1,1,0.9950552
7458,1,1,0.9988986
51120,1,1,0.99688786
92886,1,1,0.8151971
4043,0,0,0.31606612
55810,1,1,0.9402011
65736,1,1,0.99541485
110012,1,1,0.9783627
89297,1,1,0.99855703
76009,1,1,0.97870195
112951,1,1,0.83364135
26368,1,1,0.9951448
80421,1,1,0.99269813
2634,1,1,0.9985682
22098,1,1,0.9978383
103026,1,1,0.84060353
28647,1,1,0.99846953
52477,1,1,0.8675005
70428,0,1,0.8275683
245,1,1,0.51708484
57098,0,1,0.9813933
64962,1,1,0.9857632
7483,1,1,0.9460534
27824,1,1,0.99474597
80114,1,1,0.9570279
69925,1,1,0.9832455
21941,1,1,0.992525
30297,1,1,0.99776506
60019,1,1,0.99123096
4124,1,1,0.9881396
78720,1,1,0.9572887
38529,1,1,0.90797
46347,0,1,0.8751359
16070,1,1,0.99299276
12137,1,1,0.98962945
27601,1,1,0.97487485
33446,1,1,0.99602616
24321,1,1,0.99973017
62185,1,1,0.974109
39974,1,0,0.46151012
28066,1,1,0.98203343
111134,0,1,0.9329493
69792,1,1,0.8472804
50621,1,1,0.5614193
30905,1,1,0.9961196
13401,1,0,0.1385603
66387,1,1,0.7837412
21313,1,1,0.99720496
54851,1,1,0.9818056
12938,1,1,0.9998367
108216,1,1,0.95022905
74773,1,1,0.9984546
15552,1,1,0.99895287
46730,1,1,0.99635506
105342,1,1,0.9534224
81181,1,1,0.9946431
16738,1,1,0.9237304
54270,1,1,0.5395905
87133,1,1,0.58074987
80086,1,1,0.9303005
71596,1,1,0.994439
33612,1,1,0.9971751
91410,1,1,0.93440574
25431,1,1,0.7081234
11757,1,1,0.99156815
9167,1,1,0.9940491
36431,1,1,0.96743697
88074,1,1,0.8379439
52337,1,1,0.9973291
47485,1,1,0.95104307
50912,1,1,0.9964185
79647,1,1,0.9861972
7494,1,1,0.97868514
103524,1,1,0.95555997
57377,1,1,0.99471754
21402,1,1,0.8637118
110824,0,1,0.9237698
56005,1,1,0.9840805
73744,1,1,0.9945944
1946,1,1,0.98907566
92558,1,1,0.9988851
107158,1,1,0.99334246
80528,1,1,0.98360217
73185,1,1,0.9984688
30544,1,1,0.94299287
85413,1,1,0.9790702
5158,1,1,0.99866045
69524,1,1,0.96437633
46649,1,1,0.9937534
15218,1,1,0.9952467
44941,1,1,0.9702764
98859,1,1,0.9867295
74717,1,1,0.98146087
28144,1,1,0.9996032
24120,1,1,0.9607149
43140,1,1,0.9999391
21283,1,1,0.83542705
23560,1,1,0.97251624
55648,1,1,0.60023105
50905,1,1,0.98613805
92550,1,1,0.9892524
56154,1,1,0.978318
42437,1,1,0.997792
112344,1,1,0.9956807
93006,1,1,0.98356724
40910,1,1,0.9430586
105859,1,1,0.9484805
6047,1,1,0.9888132
1655,1,0,0.19639057
46108,1,1,0.72817695
65617,1,1,0.7821068
62895,0,0,0.4045675
80403,1,1,0.7768921
105654,1,1,0.9909133
73801,1,1,0.9990169
109510,1,1,0.98969907
7347,1,1,0.9275025
12156,1,1,0.971254
86797,1,1,0.99708754
20162,1,1,0.9484598
69353,1,1,0.98394555
80225,1,1,0.9855737
95863,1,1,0.99607384
54548,1,1,0.9753211
37045,1,1,0.9990509
108475,1,1,0.9962568
75686,1,1,0.8725998
111101,1,1,0.99913114
52083,1,1,0.98511827
7394,1,1,0.92090124
58130,1,1,0.8897612
9734,1,1,0.98132116
4487,1,1,0.6054795
24442,1,1,0.991492
98153,0,0,0.42527425
14053,1,1,0.9990802
81066,1,1,0.94339705
35041,1,1,0.977607
39293,1,1,0.97729105
98475,1,1,0.996269
85469,1,1,0.9915542
25147,1,1,0.99389356
27120,1,1,0.99360365
12052,1,1,0.99231684
113453,1,1,0.9819001
77391,1,1,0.9744796
27214,1,1,0.9928457
53774,1,1,0.99172795
27137,1,1,0.97332984
88751,1,1,0.9578467
64786,1,1,0.98530614
83202,1,1,0.99093574
84846,1,1,0.99713755
4306,1,1,0.9806995
56497,1,1,0.9840448
110959,1,1,0.97838634
75916,1,1,0.88864386
10962,1,1,0.9963716
77017,1,1,0.931805
113913,1,1,0.9810557
58995,1,1,0.73664665
95958,1,1,0.7120667
3,1,1,0.94181913
44184,1,1,0.99355644
12256,1,1,0.9607292
102225,1,1,0.99012965
88068,1,1,0.998961
44621,1,1,0.9700123
38844,1,1,0.7057384
67788,1,1,0.9664592
45814,1,1,0.91626304
35954,1,1,0.64442104
99893,1,1,0.97761804
106798,1,1,0.9642313
27458,1,1,0.953736
102623,1,1,0.9362702
100265,1,1,0.96821666
96113,1,1,0.8609944
1772,1,1,0.99872774
8992,1,1,0.9893777
75942,1,1,0.99962544
59668,1,1,0.9693531
83001,1,1,0.9145066
79514,0,1,0.9958652
31146,1,1,0.93671745
62637,1,1,0.97249424
64460,1,1,0.96261173
25968,1,1,0.8559868
48200,1,1,0.9970143
79943,1,1,0.9996716
89092,1,1,0.86884195
97357,1,1,0.99430287
72752,1,1,0.99937373
53263,1,1,0.9607212
44310,1,1,0.97390354
23710,1,1,0.99924964
94119,1,1,0.99867034
64318,1,1,0.97814924
10929,0,1,0.9324572
3098,1,1,0.99659085
89987,1,1,0.98310274
20093,1,1,0.93500125
20000,1,1,0.8482853
105215,1,1,0.988383
104919,1,1,0.9901675
103374,1,1,0.9986528
103640,0,1,0.92088604
74404,1,1,0.99795073
76218,1,1,0.99341017
77716,1,1,0.999405
18528,1,1,0.9683372
69801,1,1,0.989819
112408,1,1,0.9795292
64111,1,1,0.98144126
80316,1,1,0.97556657
98427,1,1,0.9838545
84828,1,1,0.9888517
93342,1,1,0.9987985
3172,1,1,0.98665756
46465,1,1,0.95258605
20257,1,1,0.9788618
40683,1,1,0.83351594
104693,1,1,0.99480927
56696,1,1,0.9770563
35107,1,1,0.8431738
95780,1,1,0.9171078
22896,1,1,0.9952928
52802,1,1,0.9852107
3200,1,1,0.990947
73762,1,1,0.995057
46198,1,1,0.97677577
40576,1,1,0.9991825
26253,1,1,0.9943867
89222,1,1,0.9900677
16973,1,1,0.9792692
88440,1,1,0.9885436
3948,1,1,0.9818619
96207,1,1,0.99869376
50842,1,1,0.9375692
60523,1,1,0.99455523
20121,1,1,0.9888898
110620,1,1,0.9262971
106763,1,1,0.99195236
72964,1,1,0.99675083
108883,1,1,0.98106223
30600,1,1,0.9736269
81200,1,1,0.8877421
113380,1,1,0.99932563
66316,1,1,0.9957694
65730,1,1,0.99145997
20710,0,1,0.79856104
13723,1,1,0.99943775
111061,1,1,0.93073577
102566,1,1,0.9991794
4380,1,1,0.967259
97799,0,1,0.92136884
45790,1,1,0.88648397
43749,1,1,0.9817146
24852,1,1,0.9970149
69458,1,1,0.9967198
12200,1,1,0.9998604
20807,1,1,0.99870014
91506,1,1,0.9913619
103539,1,1,0.99933296
90563,1,1,0.9984548
30923,1,1,0.9699092
73860,1,1,0.9959929
91946,1,1,0.8968691
84343,1,1,0.99365616
31437,1,1,0.93100226
109181,1,1,0.983778
32176,1,1,0.9287323
69276,1,1,0.9786032
83271,1,1,0.97362274
110275,1,1,0.99933344
34722,1,1,0.9838495
74995,1,1,0.98248166
99359,1,1,0.99267274
19368,1,1,0.9836003
7412,1,1,0.9990783
39815,1,1,0.9933815
5790,1,1,0.91326624
4514,1,1,0.9865588
94906,1,1,0.9671171
28959,1,1,0.9722343
16982,1,1,0.9989882
31614,1,1,0.9706717
8910,1,1,0.9006622
8095,1,1,0.97319376
80007,1,1,0.997001
85190,1,1,0.99025035
1951,1,1,0.9255333
88,1,1,0.9837961
22458,1,1,0.927198
57704,1,1,0.9696633
62539,1,1,0.99964774
67881,1,1,0.6855536
91795,1,1,0.99544513
8862,1,1,0.9922907
51230,1,1,0.987066
8623,1,1,0.9827507
23337,1,1,0.99369544
26157,1,1,0.7763954
69891,1,1,0.96893734
103830,1,1,0.9783318
51108,1,1,0.9298551
19480,1,1,0.9931338
93837,1,1,0.9979753
45642,1,1,0.9982692
91679,1,1,0.9941912
77735,1,1,0.9956655
6586,1,1,0.97183067
17347,1,1,0.9823856
61361,1,1,0.88097715
78933,1,1,0.9753253
113186,1,1,0.9987921
62946,1,1,0.976987
52441,1,1,0.99736077
73141,1,1,0.9968792
90209,0,1,0.7789687
89890,1,1,0.9964779
20734,1,0,0.4066602
46928,1,1,0.8028875
106280,1,1,0.99217063
21716,1,1,0.9362863
49610,1,1,0.99212366
61406,1,1,0.99874973
98272,1,1,0.98702836
88425,1,1,0.9996314
57679,1,1,0.9807587
83562,1,1,0.9869214
51832,1,1,0.99858165
19588,1,1,0.9750021
107462,1,1,0.98808074
16850,1,1,0.82518786
18311,0,1,0.9968929
33242,1,1,0.9995714
105505,1,1,0.9753298
10863,1,1,0.97256154
81878,1,1,0.8826618
26084,1,1,0.97345066
44161,1,1,0.98456466
74540,1,1,0.99688303
72808,1,1,0.9721066
41746,1,1,0.9184322
73460,0,1,0.95210284
43902,1,1,0.968263
91040,1,1,0.98062783
45374,1,1,0.9721958
24114,1,1,0.9804273
58541,1,1,0.99115515
75694,1,1,0.9863766
101804,1,1,0.78699076
10383,1,1,0.99713695
88414,1,1,0.96989495
64968,1,1,0.58667624
47918,1,1,0.99909806
94867,1,1,0.9977489
49284,1,1,0.99856216
98967,1,1,0.9971943
30456,1,1,0.89390385
80231,1,1,0.98950875
31528,0,1,0.7887298
12443,1,1,0.98200595
94120,1,1,0.9990227
89611,1,1,0.93505555
105662,1,1,0.9919742
36717,1,1,0.9995548
23924,1,1,0.951292
63145,1,1,0.9997615
63849,1,1,0.89385164
27532,1,1,0.96482074
51446,1,1,0.99927753
90061,1,1,0.9952075
16239,1,1,0.8578409
21864,1,1,0.99738055
88375,1,1,0.98104
46966,1,1,0.90884316
38742,1,1,0.9860393
45122,1,1,0.98515123
20043,1,1,0.9771663
53108,1,1,0.99325997
42289,1,1,0.9997538
9205,1,1,0.9761371
53224,1,1,0.954783
9057,1,1,0.9861436
13989,1,1,0.9819354
111829,1,1,0.881797
84408,1,1,0.9855649
40200,1,1,0.98737437
56823,1,1,0.9919212
18385,1,1,0.9947037
22309,1,1,0.9743807
59914,0,1,0.86335045
63246,1,1,0.99956566
73769,1,1,0.961968
2070,1,1,0.99739766
30388,1,1,0.9945226
94866,1,1,0.9817724
64121,0,1,0.6138693
103494,1,1,0.99865144
17272,1,1,0.99932134
49629,1,1,0.9503364
52447,1,0,0.083468564
19297,1,1,0.9980932
8269,1,1,0.9975249
39541,1,1,0.9062311
63262,1,0,0.40753496
80962,1,1,0.9901316
57962,1,1,0.9984176
61131,1,1,0.9433575
64426,1,1,0.9974273
10259,1,1,0.9975594
38626,1,1,0.9868422
72459,1,1,0.95706505
58520,1,1,0.998566
50841,1,1,0.9795735
60945,1,1,0.9991491
85094,1,1,0.99581957
34368,1,1,0.9969817
75690,1,1,0.9928766
112170,1,1,0.9778432
48534,1,1,0.9507055
41806,1,1,0.9832428
96875,1,1,0.9977112
61715,1,1,0.9476505
72887,1,1,0.9990086
3429,1,1,0.997696
74066,1,1,0.9928262
90547,1,1,0.88166547
110147,1,1,0.9987992
104708,1,0,0.35985863
109579,0,1,0.9964228
93321,1,1,0.99785113
36907,1,1,0.99264824
75243,1,1,0.968274
107250,1,1,0.99762636
112313,1,1,0.9623948
35855,1,1,0.97613597
107344,1,1,0.9987213
40351,1,1,0.8873766
87087,1,1,0.9902908
101048,0,1,0.9753621
48050,1,1,0.9146673
104974,1,1,0.9979596
73888,1,1,0.9955439
27507,1,1,0.9972778
88248,1,1,0.90564054
109403,1,1,0.9966965
16941,1,1,0.8993083
85969,1,1,0.9872777
54920,1,1,0.9900518
39751,1,1,0.99580294
31208,1,1,0.73686045
67766,1,1,0.9801506
6846,1,1,0.9920672
23914,1,1,0.98879236
21110,1,1,0.999663
3290,1,1,0.9963791
20554,1,1,0.9941875
24643,1,1,0.72830665
94593,1,1,0.95158577
62702,1,1,0.94931096
50047,1,1,0.630204
11464,1,1,0.9731471
100335,1,1,0.99133694
76836,1,1,0.9897428
67078,1,1,0.9982224
90655,1,1,0.9811694
101385,1,1,0.98347086
55343,1,1,0.9963552
18249,1,0,0.48386395
102605,1,1,0.9488516
80382,1,1,0.9893216
60873,1,1,0.99623966
39788,0,1,0.95052636
56112,0,1,0.74244446
1130,1,1,0.99858594
96599,1,1,0.98839706
40843,1,1,0.9891635
50308,1,1,0.9777453
65559,1,1,0.8800055
60235,1,1,0.8871698
14338,1,1,0.9894583
14948,1,1,0.9919335
51964,1,1,0.9412508
86389,1,1,0.92796254
35523,1,1,0.98704773
35790,1,1,0.97971493
63670,1,1,0.99761283
19060,1,1,0.99073845
93751,1,1,0.9895605
86352,1,1,0.96913445
24821,1,1,0.9880703
90712,1,1,0.99530363
60430,1,1,0.9265035
13635,1,1,0.9950346
66089,1,1,0.99629265
12614,1,1,0.8994138
110302,1,1,0.790142
52181,1,1,0.95303637
85828,1,1,0.8101232
38437,1,0,0.42248598
78049,1,1,0.9919783
80615,1,1,0.7704679
75765,1,1,0.96504754
3904,1,1,0.9675953
92349,1,1,0.9857619
68001,1,1,0.96263266
3965,1,1,0.95968354
54725,1,1,0.99653614
106526,1,1,0.99806374
32346,1,1,0.9750064
54617,1,1,0.9396995
100612,1,1,0.9937663
51689,1,1,0.96497536
24840,1,1,0.818202
104505,1,1,0.99379325
98434,1,1,0.95045215
39734,1,1,0.9060506
98014,1,1,0.9866811
32221,1,1,0.97485715
1544,1,1,0.9786614
58655,1,1,0.9760104
55463,1,1,0.9875994
72854,1,1,0.9883571
50467,1,1,0.9970092
106424,1,1,0.95083964
23672,1,1,0.99471915
32692,1,1,0.9398775
7294,1,1,0.9912589
45026,0,1,0.90347606
23815,1,1,0.9997222
39040,1,1,0.9896634
56126,0,0,0.43144122
40023,1,1,0.9996118
8426,1,1,0.83597744
35071,1,1,0.9915052
90178,1,1,0.9996667
31347,1,1,0.9847233
35272,1,1,0.89940494
4592,1,1,0.53961873
97851,1,1,0.9991374
36915,1,1,0.98643595
13546,1,1,0.93411595
91853,1,1,0.9982058
3046,1,1,0.95450306
81527,1,1,0.88199097
98063,1,1,0.96519196
5172,1,1,0.9703048
102749,1,1,0.99733657
13585,1,1,0.5984403
95523,1,1,0.93534636
59473,1,1,0.9973693
107262,1,1,0.97457266
69871,1,1,0.9861398
34467,1,1,0.7992973
8513,0,1,0.97224146
52716,1,1,0.99983
58477,1,1,0.991994
57926,1,1,0.99932516
14295,1,1,0.86708736
68381,1,1,0.9960218
44412,1,1,0.996897
41272,1,1,0.98008484
60892,1,1,0.9387666
70418,1,1,0.9967109
83804,1,1,0.9895196
62060,1,1,0.9872283
8346,1,1,0.97334754
78539,1,1,0.9667537
47035,1,1,0.9738448
43206,1,1,0.99740297
107282,1,1,0.9961051
16254,1,1,0.99204177
99677,1,1,0.8081547
13057,1,1,0.9475329
81915,1,1,0.9841075
71646,1,1,0.985299
77792,0,0,0.08772345
102766,0,0,0.22163336
77557,1,1,0.98440015
15327,1,1,0.99832433
111713,1,1,0.95303637
49854,1,1,0.9982191
32301,1,1,0.99438864
65943,1,1,0.9994086
70129,1,1,0.9983972
53981,1,1,0.98515064
27556,1,1,0.9930218
5749,1,1,0.97037065
76681,1,1,0.980649
89168,0,1,0.98714983
94472,1,1,0.908068
86772,1,1,0.6779644
60546,1,1,0.99734443
11407,1,1,0.9951998
31390,1,1,0.9881693
22009,1,1,0.99780494
76004,1,1,0.9851297
104434,1,1,0.96638095
91710,1,1,0.99465877
17278,1,1,0.9751209
42480,1,1,0.9953759
101506,1,1,0.9941549
102831,0,1,0.982752
24324,1,1,0.98917
42215,1,1,0.9006919
66672,1,1,0.98056364
76974,1,1,0.90526104
82329,1,1,0.93067133
57836,1,1,0.9306788
111146,1,1,0.9944582
23584,1,1,0.9888337
52760,1,1,0.99971
14829,1,1,0.99964786
57701,1,1,0.989361
98590,1,1,0.9998734
22103,1,1,0.9988801
27817,1,1,0.995806
76570,1,1,0.9940718
51479,1,1,0.9928396
54354,1,1,0.9979851
26652,1,1,0.99737525
18442,1,1,0.9781155
12323,1,1,0.9807717
81372,1,1,0.9884304
61607,1,1,0.9922287
47530,1,1,0.9994873
84189,1,1,0.99912137
14933,1,1,0.9998596
92720,1,1,0.99757785
9299,1,1,0.99598503
41804,1,1,0.5922771
39,1,1,0.8449184
101635,1,1,0.99897075
28672,0,0,0.09165469
70839,1,1,0.99856275
41012,1,1,0.8910697
108023,1,1,0.95710325
68818,1,1,0.9819742
91031,1,1,0.9955953
37098,1,1,0.9601556
53201,1,1,0.86536217
71071,1,1,0.99485415
30521,1,1,0.97857624
97187,1,1,0.9820993
17034,1,1,0.9853951
112136,1,1,0.9352832
98914,1,1,0.96769506
5719,1,1,0.9799897
23749,1,1,0.99749833
41067,1,1,0.99853194
112385,1,1,0.9968323
54745,1,1,0.9833761
16270,1,1,0.99568427
82552,1,1,0.52779615
28619,1,1,0.8858977
36768,1,1,0.98951846
27207,1,1,0.9984976
8863,1,1,0.9668246
18317,1,1,0.98610747
82969,1,1,0.9975555
89799,1,1,0.9586628
49262,1,1,0.9979386
85384,0,1,0.9719562
65581,1,1,0.9752829
29174,1,1,0.9976503
72203,1,1,0.99360114
92333,1,1,0.9918126
23435,1,1,0.9938751
61779,1,1,0.97521937
48972,1,1,0.98767054
43638,1,1,0.9991142
16709,1,1,0.973596
78626,1,1,0.99758613
108588,1,1,0.9875295
66521,1,1,0.9957052
111264,1,1,0.9859904
59868,1,1,0.9984932
94501,0,1,0.88946354
101895,1,1,0.9857519
45012,1,1,0.9806433
5582,1,1,0.99529487
33219,1,1,0.9223718
110220,1,1,0.9893317
51484,1,1,0.95716006
97552,0,1,0.977751
92824,1,1,0.9971763
16885,1,1,0.98012745
98442,1,1,0.9989969
79175,1,1,0.9906985
62868,0,1,0.78817856
17349,1,1,0.99290985
90618,1,1,0.9838808
84953,1,1,0.9933286
93512,1,1,0.97437143
55008,1,1,0.9944423
31472,1,1,0.99537754
45901,1,1,0.996375
36395,0,1,0.9278923
111629,1,1,0.995893
111830,1,1,0.80768466
22302,1,1,0.96518165
77593,1,1,0.9425825
99531,0,0,0.27560928
48744,1,1,0.9950932
70244,1,1,0.7417343
83353,1,1,0.98327786
15177,1,1,0.7369202
108287,1,1,0.98290503
3577,1,1,0.99073863
100583,1,1,0.9984596
14591,1,1,0.8724056
103655,1,1,0.98827016
80829,1,1,0.9080955
35342,1,1,0.94704294
43586,1,1,0.98835087
66445,1,1,0.99592245
69131,1,1,0.91634333
56309,1,1,0.9819994
60474,1,1,0.93027544
40389,1,1,0.8077046
57162,1,1,0.9137702
49963,1,1,0.98379284
109360,1,1,0.948827
7181,1,1,0.9958332
69118,1,1,0.9948708
56709,1,1,0.987931
84854,1,1,0.9192333
17055,1,1,0.5102707
52988,1,1,0.95008725
66420,1,1,0.9995615
75669,1,1,0.99363786
3645,1,1,0.9666128
7149,1,1,0.9880465
30306,1,1,0.9925234
11810,1,1,0.9944812
99308,1,1,0.9683203
112198,1,1,0.99881834
32500,1,1,0.9810885
42690,1,1,0.99860376
31307,1,1,0.9977379
44420,1,1,0.98621374
89536,1,1,0.992961
29556,1,1,0.99230814
75429,1,1,0.9604786
69513,1,1,0.9924583
78996,1,1,0.995641
45919,1,1,0.9622724
44144,1,1,0.9987413
1959,1,1,0.99739444
95807,1,1,0.9776174
17625,1,1,0.9141794
79841,1,1,0.9903689
94265,1,1,0.9862599
8423,1,1,0.9972319
1048,1,1,0.98693454
99931,1,1,0.97743076
55409,1,1,0.89060384
73561,0,1,0.90510666
41237,1,1,0.9678659
80306,1,1,0.88529545
99240,1,1,0.9682285
74831,1,1,0.97596985
83371,1,1,0.9188309
52210,1,1,0.95520204
69473,1,1,0.9834172
96074,0,0,0.13432647
887,0,1,0.7537715
7108,1,1,0.7058841
48974,1,1,0.72104186
23121,1,1,0.92417294
50431,1,1,0.89910036
33162,1,1,0.99399143
20699,1,1,0.99647033
10093,1,1,0.97792745
57468,1,1,0.69158834
35690,1,1,0.99906665
54285,1,1,0.99969506
40448,1,1,0.8471421
71157,1,1,0.97085494
86773,1,1,0.99948007
40121,1,0,0.36140153
3935,1,1,0.8179734
48136,1,1,0.9864318
63483,1,1,0.9829138
72315,1,1,0.96316165
42323,1,1,0.9958026
97462,1,1,0.9892999
100042,1,1,0.9781935
107004,1,1,0.9957562
72000,1,1,0.9969643
16659,1,1,0.9595619
77151,1,1,0.9989606
24041,1,1,0.98003036
87628,1,1,0.9978206
32250,1,1,0.8838757
104821,1,1,0.9959253
102010,1,1,0.9537525
69880,1,1,0.93206996
55088,1,1,0.9751865
34957,1,1,0.9991441
68339,1,1,0.9376694
77526,1,1,0.98072755
91961,1,1,0.9720294
19936,1,1,0.9643916
56580,1,1,0.9795791
89512,1,1,0.75217414
84808,1,1,0.93158394
75316,1,1,0.9948256
65950,1,1,0.97350967
88939,1,1,0.97542703
66129,1,1,0.95685107
71470,1,1,0.86628836
102387,1,1,0.9719205
3058,1,1,0.99112856
27244,1,1,0.9943725
108059,1,1,0.925672
47323,1,1,0.995116
22977,1,1,0.986889
105567,1,1,0.98064923
101471,1,1,0.97110015
26240,1,1,0.9097395
43981,1,1,0.9951214
74706,0,1,0.8765314
35337,1,1,0.98696285
9505,1,1,0.99309546
69894,1,1,0.9857035
85546,1,1,0.9722624
69548,1,1,0.9520693
95491,1,1,0.9947383
3886,0,1,0.57997817
50663,1,1,0.99672925
67782,0,1,0.8541047
59619,1,1,0.9861536
111157,1,1,0.9667018
64208,0,1,0.8862376
98088,0,1,0.97767276
27720,1,1,0.9979081
44113,1,1,0.99360174
60544,1,1,0.9914989
27627,1,1,0.9824102
86393,1,1,0.9833782
89292,1,1,0.99816716
21545,1,1,0.8972416
36324,1,1,0.98572785
29073,1,1,0.9941409
43006,1,1,0.9933408
100529,1,1,0.9956098
41735,1,1,0.96777153
94697,1,1,0.637825
23994,1,1,0.98653644
92785,1,1,0.97732395
49866,1,1,0.9883724
3937,1,1,0.97419614
39424,1,1,0.9836752
1955,1,1,0.9979716
108311,1,1,0.9980952
101526,1,1,0.9927152
87511,0,1,0.51143724
85995,1,1,0.9745739
91564,1,1,0.9902542
51067,1,1,0.9924016
63128,1,1,0.99444616
87891,1,1,0.9989942
45838,1,1,0.99340206
88750,1,1,0.9901108
86174,1,1,0.8892493
31819,1,1,0.9977781
84832,1,1,0.981564
40957,1,1,0.9364451
22127,1,1,0.99726355
45821,1,1,0.8105304
25620,0,1,0.93794787
55726,1,1,0.9875
39231,1,1,0.9753121
71039,1,1,0.94520026
5576,1,1,0.987177
26727,1,1,0.98213804
18911,0,1,0.99245465
107140,1,1,0.9882904
65786,1,1,0.9924408
82042,1,1,0.99967337
91747,1,1,0.99616325
67334,1,1,0.99797326
80291,1,1,0.9776522
108858,1,1,0.99504966
2507,1,1,0.9939388
40606,1,1,0.99932456
90070,1,1,0.9883614
50395,1,1,0.91229814
100996,1,1,0.9751609
43399,1,1,0.99510264
50921,1,1,0.998684
83316,1,1,0.988399
64401,1,1,0.96742654
22269,1,1,0.99973303
27242,1,1,0.9289995
106925,1,1,0.9969602
4663,1,1,0.76123846
91536,1,1,0.99186146
29354,1,1,0.9993782
57867,1,1,0.9919538
35212,1,1,0.888574
16939,1,1,0.94261223
57392,1,1,0.6392084
25529,1,1,0.96355385
75085,1,1,0.9961939
73376,1,1,0.985022
78564,1,1,0.9986418
40547,1,1,0.93972623
21243,1,1,0.96642125
92876,1,1,0.95845836
60097,1,1,0.6849515
79580,0,1,0.96411914
12679,1,1,0.5091317
104774,1,1,0.9957195
8189,1,1,0.96972704
64305,1,1,0.9990159
67884,1,1,0.9734601
84448,1,1,0.98032755
73085,1,1,0.919374
49556,1,1,0.9649065
41566,1,1,0.99561846
29374,1,1,0.97511125
7174,0,1,0.9050054
2111,1,1,0.98508275
23011,1,1,0.99243563
44260,1,1,0.9869752
64383,1,1,0.9961976
77522,1,1,0.9944291
15309,1,1,0.97129864
109945,1,1,0.97981733
97681,1,1,0.98240316
72624,1,1,0.9702022
41452,1,1,0.98719364
63033,1,1,0.72732294
90313,1,1,0.996136
44372,1,1,0.6753922
71488,1,1,0.99752766
106353,1,1,0.9970071
4770,1,1,0.995291
9283,1,1,0.8792511
92510,1,1,0.9990336
48621,1,1,0.9976786
48529,1,1,0.9943217
81771,1,1,0.9941797
90244,1,1,0.9816582
18573,1,1,0.9592811
68546,1,1,0.8132827
56511,1,1,0.93953353
101324,1,1,0.95845157
14838,1,1,0.9660927
113839,1,1,0.994409
68414,1,1,0.9963482
12989,1,1,0.9946483
8140,1,1,0.99748695
75535,0,1,0.5207145
96142,1,1,0.99829775
107883,1,1,0.973194
58523,1,1,0.99728537
43391,1,1,0.9957634
50231,1,1,0.9786704
110768,1,1,0.97835517
61507,1,1,0.9889664
12812,1,1,0.9954817
53220,1,1,0.9974025
12201,1,1,0.98786503
111174,1,1,0.9984035
102822,1,1,0.9994166
40245,1,1,0.96338797
88862,1,1,0.9780213
85553,1,1,0.99779874
49252,1,1,0.9554122
72846,1,1,0.9980869
79666,1,1,0.9929397
87772,1,1,0.9465473
88816,0,1,0.9937836
11467,1,1,0.9321183
85290,1,1,0.971016
113534,1,1,0.9926428
52883,1,1,0.96628386
100980,1,1,0.9959026
62408,1,1,0.9594202
111665,1,1,0.97250575
54438,1,1,0.9954548
70795,1,1,0.9956131
86914,0,1,0.95978576
65560,1,1,0.9447288
22423,1,1,0.97694427
5138,1,1,0.9617805
4044,1,1,0.9939726
47240,1,1,0.9711093
57463,1,1,0.94292164
92078,1,1,0.9984341
57484,1,1,0.9898177
81460,1,1,0.95574737
86487,1,1,0.969529
90166,1,1,0.9170908
11161,0,1,0.99249953
77116,1,1,0.94982517
29498,1,1,0.96357584
48605,1,1,0.9991648
53370,1,1,0.95320934
33876,1,1,0.98770696
58322,1,1,0.99799097
76788,1,1,0.9580384
39486,1,1,0.9430412
32793,1,1,0.92905957
99654,1,1,0.9473448
76018,1,1,0.9826895
84197,1,1,0.99830925
16918,1,1,0.99360484
59621,1,1,0.9937097
45629,1,1,0.9879083
18164,1,1,0.9968996
93942,0,1,0.9982838
112602,1,1,0.99952245
22424,1,1,0.99584216
14703,1,1,0.9817275
66384,1,1,0.9928807
47182,1,1,0.97667265
11641,1,1,0.84156805
26082,1,1,0.99277323
73485,1,1,0.65963393
43597,1,1,0.99194604
87280,1,1,0.9875399
103197,1,1,0.9988826
99754,1,1,0.98802865
23174,1,1,0.99159473
77343,1,1,0.9783972
1560,1,1,0.9977087
11630,1,1,0.7909502
93158,1,1,0.9987231
1091,1,1,0.9990201
1670,1,1,0.9976713
2140,1,1,0.995145
76292,1,1,0.96520144
81427,1,1,0.50739545
21847,1,1,0.9935615
31644,1,1,0.9986707
74925,1,1,0.9965365
107317,1,1,0.98666024
98280,1,1,0.97368515
39043,0,1,0.9679845
59347,1,1,0.9965198
99858,1,1,0.9923023
67628,1,1,0.9770131
10204,1,1,0.9911957
85355,1,1,0.9979685
80529,1,1,0.9083865
41531,0,1,0.9348862
29902,1,1,0.99393445
34551,1,1,0.9824494
75840,1,1,0.9727544
19512,1,1,0.96677524
86357,1,1,0.95775735
19728,1,1,0.99592125
80562,1,1,0.9984497
76665,1,1,0.9028338
48602,1,1,0.95594823
63723,1,1,0.99644417
88191,1,1,0.9720861
58125,1,1,0.98298967
101234,1,1,0.99560755
21788,1,1,0.9729128
74331,1,1,0.9409972
3327,1,1,0.99948573
87442,1,1,0.9853339
105803,1,1,0.99637777
87783,1,1,0.99777454
45843,1,1,0.9153539
107564,1,1,0.9888448
36601,1,1,0.98389786
85535,1,1,0.99618787
37143,1,1,0.9540542
91184,1,1,0.9415131
70763,1,1,0.9980925
43519,1,1,0.9698561
106762,1,1,0.9754108
61789,1,1,0.96254283
48178,1,1,0.9912402
55408,1,1,0.96433264
107822,1,1,0.9929052
62098,1,1,0.9992505
57900,1,1,0.99635965
99944,1,1,0.9904242
53874,1,1,0.9968309
61391,1,1,0.78246415
67324,1,1,0.9997061
108908,1,1,0.9985625
29269,1,1,0.8220753
72240,1,1,0.99208176
73765,1,1,0.96621084
90539,0,1,0.94216895
29521,1,1,0.8218413
55631,1,1,0.99486005
99577,1,1,0.96219033
39646,1,1,0.99271387
86776,0,1,0.82160246
54505,1,1,0.9958346
31262,1,1,0.9878763
80578,1,1,0.9833135
88443,1,1,0.9990269
51706,1,1,0.9863456
38940,1,1,0.9710872
62170,1,1,0.9974759
9579,1,1,0.9853461
99244,1,1,0.99386805
77933,1,1,0.97940105
29027,0,1,0.9892113
67557,1,0,0.40585503
80011,1,1,0.5633774
56285,1,1,0.8394233
18036,1,1,0.9996499
42473,1,1,0.99773514
39140,1,1,0.9842455
26570,1,1,0.9933268
84432,1,1,0.9905387
95861,1,1,0.9990626
43763,1,1,0.9692656
32699,1,1,0.99412495
19276,1,1,0.9794526
50414,1,1,0.9894917
80596,1,1,0.99694186
20486,1,1,0.98832315
1209,1,1,0.9406258
112544,1,1,0.9971054
112311,0,1,0.9678909
10163,1,1,0.96783286
35454,1,1,0.9892274
111185,1,1,0.99841976
53865,1,1,0.99716455
106018,1,1,0.9988349
100357,1,1,0.9945263
39589,1,1,0.874465
46850,1,1,0.9953768
76099,1,1,0.963942
80493,1,1,0.99980444
106963,1,1,0.97955894
50897,1,1,0.98172015
107497,1,1,0.8875536
88403,1,1,0.99749666
7630,1,0,0.18040393
64799,1,1,0.9896582
60670,1,1,0.9880342
25695,1,1,0.9757942
32881,1,1,0.996253
105600,1,1,0.96884835
40553,1,1,0.9998387
28995,1,1,0.98937744
35479,1,1,0.9009042
54796,1,1,0.958363
79751,1,1,0.89145494
10660,1,1,0.7193118
95246,1,1,0.90617514
14524,1,1,0.9841195
18045,0,0,0.23961514
44617,1,1,0.9988194
112695,1,1,0.9854521
100615,1,1,0.9982982
61796,1,1,0.9663422
87004,1,1,0.980842
105518,1,1,0.99473995
44373,1,1,0.9904759
81910,0,1,0.9725356
14633,1,1,0.98176056
100024,1,1,0.97427046
44483,1,1,0.9944267
25166,1,1,0.91696316
58387,1,1,0.99715
90420,1,1,0.9727675
27613,1,1,0.98460346
54893,1,1,0.99816245
9090,1,1,0.99000627
77174,1,1,0.92660064
54969,1,1,0.9882423
15752,0,1,0.92333066
11703,1,1,0.9981292
28497,1,1,0.9987796
22911,1,1,0.8582937
83605,1,1,0.9947417
17828,1,1,0.9829779
58759,1,1,0.99393845
34443,0,1,0.93982005
35463,1,1,0.9798275
47343,1,1,0.9973437
1334,1,1,0.8402981
84051,1,1,0.9803437
10241,1,1,0.8787049
48606,1,1,0.9354298
85269,1,1,0.99142075
108015,0,1,0.88391554
89541,1,1,0.99424654
32680,1,1,0.9975521
91380,1,1,0.96517444
70356,1,1,0.83813864
10309,1,1,0.7630053
14841,1,1,0.8701074
39948,1,1,0.9787259
7576,1,1,0.99512815
81104,1,1,0.9787321
7029,1,1,0.99744546
16310,1,1,0.94441366
99932,1,1,0.99715257
111484,1,1,0.9903267
17064,1,1,0.9983998
106160,1,1,0.98304594
80797,1,1,0.9799009
92945,1,1,0.99112356
113767,1,1,0.99804497
89632,1,1,0.968016
577,1,0,0.063085824
60758,1,1,0.98419607
108333,1,1,0.9067984
63178,1,1,0.75644344
47834,1,1,0.976856
46336,1,1,0.998094
44070,1,1,0.99348253
96598,1,1,0.9990657
23760,1,1,0.9911082
60062,1,1,0.97969234
12150,1,1,0.8886149
102837,1,1,0.99555004
5951,1,1,0.95160776
6646,1,1,0.994414
3094,1,1,0.98919135
21718,1,1,0.8809408
15405,1,1,0.98710656
16931,1,1,0.98868716
100925,1,1,0.9986172
67732,1,1,0.99497956
88329,1,1,0.97078717
53575,1,1,0.9199387
4747,1,1,0.9815114
71595,1,1,0.9919785
11947,1,1,0.98444587
37166,1,1,0.90005285
96275,1,1,0.9954846
15916,1,1,0.9983101
9674,1,1,0.99110526
26875,1,1,0.9988852
14396,1,1,0.9399699
90834,1,1,0.99927384
107308,1,1,0.9604034
103798,0,1,0.9929893
79953,1,1,0.8825153
29379,1,1,0.9981285
47456,1,1,0.9195622
80147,1,1,0.98649526
68589,1,1,0.97368693
48693,1,0,0.4328235
21152,1,1,0.8878386
90028,1,1,0.98696786
4258,1,1,0.9662533
70339,1,1,0.9407439
79803,1,0,0.13379328
81235,1,1,0.92645764
29762,1,1,0.9686053
36926,1,1,0.9704785
79630,1,1,0.7700516
36930,1,1,0.9559079
60567,1,1,0.98894346
98287,1,1,0.9940209
112223,1,1,0.98991466
12923,1,1,0.9788665
78821,1,1,0.9798013
51,1,1,0.9897585
44679,1,1,0.9718775
58033,1,1,0.97422296
91027,1,1,0.8991627
94547,1,1,0.6956597
26417,1,1,0.98963004
59809,1,1,0.95883054
16452,1,1,0.96413136
57347,1,0,0.4922899
58030,1,1,0.9537601
62993,1,1,0.9897714
109808,1,1,0.9959687
26324,0,1,0.6349312
56864,1,1,0.9984615
71153,1,1,0.8952635
97041,1,1,0.9845276
38727,1,1,0.9921836
100279,1,1,0.6710043
98412,0,1,0.96663326
31275,1,1,0.97147155
6019,1,1,0.9975237
92083,1,1,0.9957243
18897,1,1,0.99576366
99909,1,1,0.9940906
70756,1,1,0.9825686
45376,1,1,0.9956656
108716,0,1,0.80898833
81666,1,1,0.9953501
29314,1,1,0.9819051
113065,1,1,0.7734175
113529,1,1,0.997681
86271,1,1,0.9751061
85722,1,1,0.985712
19695,1,1,0.84618634
1165,1,1,0.98166627
66843,1,1,0.9859601
34603,1,1,0.97372186
86761,1,1,0.99453366
42137,1,1,0.7438842
109934,1,1,0.99711525
77666,1,1,0.86323917
25961,1,1,0.9863462
63299,1,1,0.9969308
112107,1,1,0.9815648
105905,1,1,0.9992735
105912,1,1,0.9990631
26141,1,1,0.98752135
73357,1,1,0.6780536
89060,1,1,0.9974311
113365,1,1,0.99784744
45645,1,1,0.9965816
3295,1,1,0.9923908
50499,1,1,0.9973053
30533,1,1,0.8194641
17524,1,1,0.9440399
31459,1,0,0.30291802
25027,1,1,0.97925353
41049,0,1,0.61239225
49927,1,1,0.9889486
97624,1,1,0.9948296
26883,1,1,0.8736955
101392,1,1,0.8865177
31093,1,1,0.9892442
88257,1,1,0.95534605
22322,1,1,0.99213433
77450,1,1,0.998248
101052,0,1,0.9648309
105405,1,1,0.7055375
59112,1,1,0.99740076
76240,0,1,0.6223388
95353,1,1,0.99893767
56061,1,1,0.9507233
10247,1,1,0.94474286
33393,0,1,0.6728656
216,1,1,0.99801093
41250,1,1,0.9346904
88279,1,1,0.997329
42962,1,1,0.99620986
3001,1,1,0.98480356
13958,1,1,0.9995235
95615,1,1,0.9490056
68653,1,1,0.9974509
80731,1,1,0.92348266
79099,1,1,0.9791079
61921,1,1,0.9682919
81269,1,1,0.9944037
76301,0,1,0.98783594
74818,1,1,0.9818731
109783,1,1,0.9974492
63224,1,1,0.9977629
32495,1,1,0.8781493
101251,1,1,0.99099636
104603,1,1,0.9868854
104671,1,1,0.92845935
43473,1,1,0.99344265
690,1,1,0.9313072
19431,1,1,0.98038304
50035,1,1,0.99019694
12848,1,1,0.99279284
63481,1,1,0.98399144
78903,1,1,0.9924914
109106,1,1,0.9943656
13700,1,1,0.9165686
8984,1,1,0.9676539
103388,1,1,0.99811006
84220,1,1,0.99668235
81796,1,1,0.93383884
18253,1,1,0.9948461
16017,1,1,0.9972242
8031,1,1,0.99820733
19542,1,1,0.96282214
30843,1,1,0.97887576
80405,1,1,0.9094325
21560,1,1,0.8890134
107341,0,1,0.64274764
55543,1,1,0.9786855
43996,1,1,0.996518
34077,1,1,0.8214435
13812,1,1,0.9971486
34881,0,1,0.96907717
62772,1,1,0.998319
50069,1,1,0.9840921
103652,1,1,0.8423178
40762,1,1,0.9959551
533,1,1,0.96762305
67409,1,1,0.9919592
49714,1,1,0.96387357
107088,1,1,0.9058714
99089,1,1,0.9927067
52396,1,1,0.6713723
99079,1,1,0.9683528
49170,1,1,0.9253355
13489,1,1,0.9337371
8960,1,1,0.9970284
38168,1,1,0.9708346
12865,1,1,0.9405062
66998,1,1,0.7951287
77042,1,1,0.99504024
113991,1,1,0.9670191
26250,1,1,0.98325205
86043,1,1,0.99492633
26284,1,1,0.98106915
79944,1,1,0.996612
77224,1,1,0.9597073
15664,1,1,0.9816929
110720,1,1,0.98846674
65511,1,1,0.94354355
57597,1,1,0.8848039
24058,0,0,0.23009436
57258,1,1,0.9379574
72215,1,1,0.99845374
19522,1,1,0.98487985
27396,1,1,0.99468344
70394,1,1,0.9939627
41473,1,1,0.98787826
48412,1,1,0.99289167
10037,0,1,0.99101853
20976,1,1,0.99891794
66629,1,1,0.9874701
44389,1,1,0.9775913
39389,1,1,0.99888474
11912,1,1,0.9929478
1063,1,1,0.9891639
86445,1,1,0.80619687
110288,1,1,0.9231419
44418,1,1,0.95207584
40099,1,1,0.9985782
16929,1,1,0.9828147
98256,1,1,0.9972439
88058,1,1,0.99673826
65474,1,1,0.9882032
45069,1,1,0.998928
31562,1,1,0.99321246
28,1,1,0.9988513
4004,1,1,0.9906906
55157,1,1,0.9968442
7928,1,1,0.9929969
70466,1,1,0.98117
97367,1,1,0.89623195
5351,1,1,0.93874276
111736,1,1,0.97484684
62441,1,1,0.9990964
103046,1,1,0.96375465
99666,1,1,0.97423255
94613,1,1,0.98109907
19445,1,1,0.9772613
59880,1,1,0.995908
23729,0,1,0.9899026
23366,1,1,0.88344574
5002,1,1,0.910514
85573,1,1,0.84564304
95529,1,1,0.9785549
99753,1,1,0.98391354
112998,1,1,0.8104613
108916,1,1,0.9723488
45126,1,1,0.7628919
70055,1,1,0.8591924
9015,1,1,0.9897871
106737,1,1,0.963
97925,1,1,0.93961716
108272,1,1,0.9872758
80791,1,1,0.9994547
77317,1,1,0.96565765
13986,1,1,0.984525
107067,1,1,0.9860563
41846,1,1,0.9886203
62462,1,1,0.9705694
113846,1,1,0.99619365
87411,1,1,0.993676
91300,1,1,0.9935853
57776,1,1,0.99705637
72426,1,1,0.9643525
99494,1,1,0.9882103
10344,1,1,0.9936865
82297,1,1,0.98862433
43072,1,1,0.94732195
85047,1,1,0.6755246
12026,1,1,0.58511215
29475,1,1,0.9775759
37941,1,1,0.9782516
31880,1,1,0.95086896
21032,1,1,0.9860324
39655,1,1,0.98506504
53880,1,1,0.9772182
95905,1,1,0.9988153
96134,1,1,0.9970291
65866,1,1,0.97647786
76101,1,1,0.9830239
55342,1,1,0.9972168
17990,1,1,0.9913458
107453,1,1,0.9983246
108072,1,1,0.99845946
107486,1,1,0.93505496
70122,1,1,0.9460684
2045,1,1,0.96824485
42785,1,1,0.9904636
43346,0,1,0.85712534
67961,1,1,0.99339575
66358,1,1,0.99548894
33065,1,1,0.9893037
68182,1,1,0.9693926
7426,1,1,0.9943078
58624,1,1,0.89194006
14327,1,1,0.9947337
100502,1,1,0.9982496
14005,1,1,0.9994004
67433,1,1,0.998336
35306,1,1,0.95122504
96901,1,1,0.9698706
52029,1,1,0.99876475
10707,1,1,0.9996524
93302,1,1,0.93469334
2911,1,1,0.9995896
53342,1,1,0.77499217
17079,1,1,0.9985311
6930,0,1,0.9693729
70071,1,1,0.9943058
62218,1,1,0.99654883
29380,1,1,0.9081279
70125,1,0,0.14925204
27015,1,1,0.86130214
56707,1,1,0.9849641
101091,1,1,0.97342855
74416,1,1,0.9340894
41380,1,1,0.96425027
65872,1,1,0.9922233
3554,1,1,0.99191356
88777,1,1,0.91888213
83812,1,1,0.9969259
97790,1,1,0.75073254
17596,1,1,0.981908
21428,1,1,0.9583142
84022,1,1,0.76993865
95272,1,1,0.9856316
15146,1,1,0.9811788
34437,1,1,0.99697006
105018,1,1,0.93358964
84199,1,0,0.44764823
30128,1,1,0.98566437
58612,1,1,0.99163145
27875,1,1,0.9978987
107499,1,1,0.992349
112462,1,1,0.9668287
98654,0,1,0.96092147
44135,1,1,0.9978466
33954,1,1,0.99593794
11056,0,1,0.9851639
59704,1,1,0.991323
61793,1,1,0.9110987
62845,1,1,0.89783096
47392,1,1,0.98966634
34642,1,1,0.9903808
92590,1,1,0.9766481
34650,1,1,0.9983101
110229,1,1,0.9964401
105444,1,1,0.9970812
55023,1,1,0.95643115
62944,1,1,0.9886231
58274,1,1,0.9923367
30096,1,1,0.99989986
99527,1,1,0.9916163
31121,1,1,0.9866811
66446,1,1,0.99654144
67586,1,1,0.9951159
62141,1,1,0.99947256
78239,1,1,0.9990225
41961,1,1,0.96883595
57200,1,1,0.9597284
74774,1,1,0.99831665
87822,1,1,0.99343216
15387,1,1,0.98508066
109411,1,1,0.99101526
8936,1,1,0.98039275
88110,1,1,0.9851307
77225,1,1,0.97751266
11774,1,1,0.9990615
91954,1,1,0.9615213
111987,1,1,0.8373054
38379,1,1,0.9977526
9313,1,1,0.9926098
9021,1,1,0.9845803
10384,1,1,0.99037737
40857,1,1,0.98334
45187,1,1,0.9840932
66454,1,1,0.99773526
41347,1,1,0.99020517
81279,1,1,0.99431664
80524,1,1,0.9970983
29091,1,1,0.80966914
28022,1,1,0.9957075
9923,1,1,0.9518321
37194,1,1,0.9711623
96518,1,1,0.9996768
93856,1,1,0.9935453
107323,1,1,0.95520324
12436,1,1,0.99729735
36879,1,1,0.96024126
112164,1,1,0.929023
10780,1,1,0.9897349
19454,0,1,0.93195426
40382,0,1,0.97712755
111276,1,1,0.9618673
21515,1,1,0.97559935
1034,1,1,0.8407639
38046,1,1,0.82361084
72583,1,1,0.9650171
111721,1,1,0.96621233
112556,1,1,0.9742042
25220,1,1,0.7900418
36231,1,1,0.9965244
85717,1,1,0.9253934
71550,1,1,0.9924271
50063,1,1,0.99748284
30117,1,1,0.9673076
6094,1,1,0.9927215
102844,1,1,0.9895884
3817,1,1,0.9984816
38928,1,0,0.10479243
45548,1,1,0.9462556
26436,0,1,0.9736849
37360,1,1,0.9413017
4675,1,1,0.9864079
49204,1,1,0.9989976
86717,1,1,0.9953595
70373,1,1,0.99448663
11843,1,1,0.9977252
64173,0,1,0.99262434
5854,1,1,0.9994623
80145,1,1,0.9913833
79984,1,1,0.8713609
6889,1,1,0.9869631
65268,1,1,0.886811
25405,1,1,0.96403265
46909,0,1,0.966404
16175,1,1,0.99739146
68812,1,1,0.95004916
52772,1,1,0.9903887
83585,1,1,0.9969182
31951,1,1,0.9953452
59950,1,1,0.99560416
13412,1,1,0.9927517
88627,1,0,0.4807945
394,1,1,0.99065584
75267,1,1,0.99843174
90918,1,1,0.7802288
45504,1,1,0.9279105
95492,1,1,0.8770612
61985,1,1,0.99076426
105004,1,1,0.9715404
45756,1,1,0.9765362
8812,1,1,0.959525
40644,1,1,0.9984999
60424,1,1,0.99914026
21582,1,1,0.99136657
65174,1,1,0.8358085
104963,1,1,0.99889624
98711,1,1,0.9631884
21474,1,1,0.99160236
62249,1,1,0.9869098
41878,1,1,0.9997677
77265,1,1,0.9906675
102485,1,1,0.9999759
109080,1,1,0.9611685
77707,1,1,0.88829035
58756,1,1,0.9572675
2640,1,1,0.97881305
106187,1,1,0.9096431
69715,1,1,0.9953296
36592,1,1,0.8220801
59468,1,1,0.9957813
104627,1,1,0.99265385
95357,1,1,0.99842536
98116,1,1,0.9982457
49982,1,1,0.9987596
10809,1,1,0.9952863
94431,1,1,0.9645961
110226,1,1,0.9800888
54925,1,1,0.97810674
86068,1,1,0.9990884
81750,1,1,0.93138826
96083,1,1,0.9980876
8869,1,1,0.9857562
42410,1,1,0.84611315
100361,1,1,0.9484817
6466,1,1,0.9989042
16909,1,1,0.9735206
95341,1,1,0.97169703
79620,0,1,0.76642793
27699,1,1,0.9363819
52809,1,1,0.95510304
9041,1,1,0.9992735
3054,1,1,0.7634433
104476,1,1,0.9794841
24366,1,1,0.8604758
78457,1,1,0.98749334
60937,1,1,0.99353784
37013,1,1,0.9546346
49371,1,1,0.99964285
35365,0,1,0.96434003
59669,1,1,0.97191006
58200,1,0,0.46924812
69182,1,1,0.8607232
65237,1,1,0.9212993
15864,0,1,0.8407953
40396,1,1,0.94281673
8275,1,1,0.99731195
4290,1,1,0.9732058
2155,1,1,0.97707057
36450,1,1,0.8934595
103257,1,1,0.8847855
29994,1,1,0.8287504
35032,1,1,0.9917379
16994,1,1,0.99854255
113720,1,1,0.99713635
36439,1,0,0.43817005
86700,1,1,0.99286884
73421,1,1,0.94885266
34049,1,1,0.97935486
1716,1,1,0.9913565
109400,1,0,0.42619428
45535,1,1,0.9995401
36295,1,1,0.99854374
718,1,1,0.987877
13862,1,1,0.9592794
55655,1,1,0.99940884
91142,1,1,0.9590512
30655,1,1,0.9487375
60301,1,1,0.9974752
67590,1,1,0.99658537
46091,1,1,0.98669577
76298,1,1,0.9991736
17433,1,1,0.99598986
72758,1,1,0.99911433
85523,1,1,0.9814108
30717,1,1,0.9872909
61855,1,1,0.9579504
2462,1,1,0.9659998
410,1,1,0.99438345
1663,1,1,0.98574924
64640,1,1,0.9942174
21971,1,1,0.85946864
63548,1,1,0.9992169
31398,1,1,0.6824879
20703,1,0,0.4581188
51655,1,1,0.8906202
54720,1,1,0.93502784
84092,1,1,0.8088938
87249,1,1,0.9886979
2482,1,1,0.99041873
93954,1,1,0.9955733
34970,1,1,0.91419244
8843,1,1,0.9970796
52728,1,1,0.95558447
22248,1,1,0.9504499
30803,1,1,0.99536115
112578,1,1,0.9922037
23401,1,1,0.9695193
46645,0,1,0.993911
25544,1,1,0.9991216
7701,1,1,0.99623907
99148,1,1,0.99794215
103625,1,1,0.98044753
54947,1,1,0.94206244
83175,1,1,0.9540854
101269,1,1,0.9900747
90021,1,1,0.9779025
74408,1,0,0.3992534
58320,1,1,0.9972882
10011,1,1,0.9299228
49976,1,1,0.9480455
98061,1,1,0.98186064
112817,0,1,0.9736704
61918,1,1,0.99431145
16504,1,1,0.9936534
27231,1,1,0.968691
39718,1,1,0.98396665
96132,1,1,0.9945819
91168,1,1,0.98624206
70632,1,1,0.99980074
19665,1,1,0.9126824
73025,1,1,0.9952592
7995,0,1,0.83658487
73260,1,1,0.9965282
6522,1,1,0.9576233
17145,0,1,0.52473676
77322,1,1,0.99126023
47242,1,1,0.9607434
39266,1,1,0.7255858
82518,1,1,0.990598
45197,1,1,0.95108396
76471,1,1,0.99653935
208,1,1,0.97239244
18755,1,0,0.26841098
105919,1,1,0.996637
96952,1,1,0.95438945
81676,1,1,0.9986418
38846,1,1,0.5464116
87184,1,1,0.9681972
6664,1,1,0.99763954
64149,1,1,0.97903043
37366,1,1,0.99727976
56815,1,1,0.99957985
10318,1,1,0.9973053
50693,1,1,0.95896095
93240,1,1,0.8929778
33665,1,1,0.9710197
26693,1,1,0.99254906
40847,0,1,0.9267388
5587,1,1,0.9892959
93465,1,1,0.99619293
580,1,1,0.9576846
103949,1,1,0.5067248
43698,1,1,0.9944608
27012,1,1,0.9689525
109836,1,1,0.99502337
74815,1,1,0.97232413
89619,1,1,0.9927691
45738,1,1,0.9177062
95368,1,1,0.99800676
269,1,1,0.9914723
32034,1,1,0.9814419
53363,1,1,0.9986364
56816,1,1,0.96422666
55145,1,1,0.97744954
30137,1,1,0.99692
95819,1,1,0.98910195
89362,1,1,0.9897942
108381,1,1,0.9975134
40155,1,1,0.9784264
110498,1,1,0.9962716
67241,1,1,0.98440427
28737,1,1,0.99024826
20774,1,1,0.98982316
777,1,1,0.9442305
33428,0,1,0.97563404
95677,1,1,0.9850759
30736,1,1,0.91264445
24495,1,0,0.4689872
51985,1,1,0.8291513
68709,1,1,0.9139111
12503,1,1,0.86074126
98036,1,1,0.98413956
43412,1,1,0.9996748
50045,1,0,0.23380752
69837,1,1,0.9964641
65443,1,1,0.9980774
15848,1,1,0.9564595
54322,1,1,0.9717997
76900,1,1,0.9801026
44999,1,1,0.9992694
88454,1,1,0.9906747
108773,1,1,0.98715115
445,1,1,0.97423947
30209,1,1,0.9612693
25720,1,1,0.97454774
23001,1,1,0.9434198
92399,1,1,0.95277256
70090,1,1,0.99048704
38073,1,1,0.94854236
76766,0,1,0.95147556
81383,1,1,0.91518223
21822,1,1,0.9149716
6888,1,1,0.9746397
42184,1,1,0.9589881
4781,1,1,0.9961265
37267,1,1,0.9983606
62634,1,1,0.98765135
82060,1,1,0.99801767
86857,1,1,0.87199706
105156,1,1,0.9375938
37278,0,1,0.9820195
53532,1,1,0.9725045
50720,1,1,0.9440863
56304,1,1,0.98508364
43683,1,1,0.9914078
93553,1,1,0.9184446
41369,1,1,0.9913502
42288,1,1,0.9829506
49237,1,1,0.9966047
111008,1,1,0.95285535
26232,0,0,0.3117124
107660,1,1,0.9888771
90642,1,1,0.9997693
105997,1,1,0.6526794
102468,1,1,0.9118366
37035,1,1,0.9888314
28175,1,1,0.9616842
113925,1,1,0.9994424
91150,1,1,0.9953365
100296,1,1,0.9954
24127,1,1,0.9952933
24919,1,1,0.98414767
42964,1,1,0.7797936
63141,1,1,0.99832743
41295,1,1,0.99271154
13829,1,1,0.9891361
7162,1,1,0.9850064
113403,0,1,0.9341971
112790,1,1,0.99566734
98947,0,1,0.9174393
73752,1,1,0.94763124
97188,1,1,0.95300305
85048,1,1,0.9373131
84568,0,1,0.5830858
14161,1,1,0.9935615
51813,0,1,0.6679868
68358,1,1,0.9851339
105670,1,1,0.9828851
11889,1,1,0.9535928
67256,1,1,0.9948495
52913,1,1,0.72463226
64990,1,1,0.9941592
83447,1,1,0.9658743
29323,1,1,0.99018574
17086,1,1,0.9938985
71563,1,1,0.99267596
77301,1,1,0.9888186
13710,1,1,0.99096817
18283,1,1,0.9628984
40756,1,1,0.9481309
32432,1,1,0.9831267
33516,1,1,0.9821914
7583,1,1,0.99944466
11488,1,1,0.99983525
73810,1,1,0.9993772
66916,1,1,0.93196505
105813,1,1,0.5347306
84701,1,1,0.88911545
75557,1,1,0.9952154
40234,1,1,0.9424962
87998,1,0,0.37918788
24554,1,1,0.9915308
100886,1,1,0.9958497
98083,1,1,0.9981749
35843,1,1,0.99931335
783,1,1,0.91043323
30941,1,1,0.94901794
73054,1,1,0.9092266
47782,1,1,0.99627197
84995,1,1,0.9740301
65008,1,1,0.9936259
21804,1,1,0.96172965
29001,1,1,0.97047687
91413,1,1,0.990431
41175,1,1,0.9954247
85205,1,1,0.96715707
100512,1,1,0.9297537
3934,1,1,0.9877033
5612,1,1,0.99440247
55756,1,1,0.9972145
4212,1,1,0.9969503
47741,1,1,0.98000026
48808,1,1,0.9408742
45977,1,1,0.9902374
83796,0,0,0.40609977
34089,0,1,0.6540717
97508,1,1,0.97252005
70201,1,1,0.8468009
37594,1,1,0.99277073
77644,1,1,0.9911045
81440,1,1,0.97963107
112711,1,1,0.99940217
28707,1,1,0.97015184
72494,1,1,0.9985209
14314,1,1,0.9973322
91595,1,1,0.99706155
62742,1,1,0.9933195
100422,1,1,0.926018
64923,1,1,0.8684987
80194,1,1,0.915079
2068,1,1,0.717528
54972,1,1,0.9975551
101650,1,1,0.9997677
40886,1,1,0.97760814
53650,1,1,0.99680567
77267,1,1,0.99754494
30029,1,1,0.85397696
14456,1,1,0.9943726
23683,1,0,0.091276996
112484,1,1,0.99801624
77198,1,1,0.96997494
108298,1,1,0.9767701
69943,1,1,0.96441025
72351,1,1,0.9849412
94573,1,1,0.99560994
87875,1,1,0.9985096
9097,1,1,0.99823654
102955,1,1,0.9760159
52147,0,1,0.7858674
52863,1,1,0.9971072
60482,1,1,0.9843621
96163,1,0,0.3375435
38913,1,1,0.9580666
25673,1,1,0.95526063
297,1,1,0.9948428
52650,1,1,0.9980913
107359,1,1,0.90046763
77831,1,1,0.9935134
63948,1,1,0.9993592
100119,1,1,0.9968759
31006,1,1,0.99661034
12629,1,1,0.9975931
76479,1,1,0.9828199
90686,1,1,0.9879005
55801,1,1,0.9955454
88338,1,1,0.9995921
91807,1,1,0.9534271
91345,1,1,0.9962931
57649,1,1,0.9815678
96162,1,1,0.9970271
2346,1,1,0.98541623
14322,1,1,0.9698323
66308,1,1,0.9905021
53168,1,1,0.9869964
57208,1,1,0.99842334
25748,0,0,0.30460715
56169,1,1,0.99328667
43838,1,1,0.9775029
13940,1,1,0.9991277
11050,1,1,0.9938067
53043,1,1,0.9773825
716,0,1,0.9923381
110342,1,1,0.9975141
13734,0,1,0.8115998
101252,1,1,0.6854298
61410,1,1,0.9986559
82965,1,1,0.9798207
88118,1,1,0.95414877
63601,1,1,0.97498
72962,1,1,0.9879018
90631,1,1,0.99220604
53835,1,1,0.99544454
6791,1,1,0.98950654
5009,1,1,0.99251336
8820,1,1,0.99847883
46193,1,1,0.90477395
21957,1,1,0.990833
23128,1,1,0.99733126
47430,1,1,0.9933954
67659,1,1,0.9663364
8846,1,1,0.520128
63763,1,1,0.8480523
69400,1,1,0.9424301
96655,1,1,0.99509025
34218,1,1,0.97403944
102731,1,1,0.9992092
44821,0,0,0.30535632
71310,0,1,0.97117805
70443,1,1,0.9815201
5691,1,1,0.6573775
7671,1,1,0.98860323
40694,1,1,0.9920367
60832,1,1,0.9823068
23106,1,1,0.9310387
56268,0,1,0.89707583
105077,1,1,0.9963496
41740,1,1,0.99539775
82759,1,1,0.8782138
35648,1,1,0.9432489
59486,1,1,0.94792306
48530,1,1,0.9955504
50173,1,1,0.9901972
72991,1,1,0.9926704
22276,1,1,0.9985851
54020,1,1,0.99767464
30075,1,1,0.9894188
3203,1,1,0.9990484
27972,1,1,0.846305
54751,1,1,0.9601217
58272,1,1,0.99355996
13479,1,1,0.9802131
14642,1,1,0.9708952
76447,1,1,0.985571
13133,1,1,0.9479204
84951,1,1,0.97842306
94829,1,1,0.99893004
107778,1,1,0.9709556
94146,1,1,0.988361
44768,0,1,0.81983054
80143,1,1,0.99076664
64819,1,1,0.9959817
59642,1,1,0.9972996
53855,1,1,0.8937777
39034,1,1,0.9954235
82987,0,1,0.9313173
21734,1,1,0.97895914
14485,1,1,0.99817216
77372,1,1,0.99895453
24803,1,1,0.9140577
81875,1,1,0.97559184
38325,1,1,0.8307125
20715,1,1,0.9942562
27949,1,1,0.98182374
63779,1,1,0.997241
49632,1,1,0.9854885
112222,1,1,0.79594815
54877,1,1,0.98602086
77478,1,1,0.94450915
68178,1,1,0.97174287
90739,1,1,0.976653
83362,1,1,0.9394794
79138,1,1,0.95972127
57910,1,1,0.9935011
56493,1,1,0.99868065
816,1,1,0.9941455
73197,1,1,0.9417983
68802,1,1,0.997837
69981,1,1,0.9668113
19592,1,1,0.9909876
108564,0,1,0.7743474
62760,1,1,0.9563487
63697,1,1,0.9982211
75152,1,0,0.3582222
22219,1,1,0.99773645
107126,1,1,0.9995376
97734,1,1,0.99491346
90665,1,1,0.97565335
23863,1,1,0.98103553
30185,1,1,0.98692673
89248,1,1,0.994115
22366,1,1,0.99620205
94490,1,1,0.99072295
83960,1,1,0.99252397
18829,1,1,0.91798085
78876,1,1,0.9853989
106529,1,1,0.9411201
17758,1,1,0.96389526
36841,1,1,0.9667146
60686,1,1,0.9937383
9892,1,1,0.995568
32918,1,1,0.9741916
73066,1,1,0.9957581
3621,1,1,0.9988912
1584,1,1,0.983602
42863,1,1,0.99491006
43939,1,1,0.98789215
83521,1,1,0.99323845
3059,1,1,0.9986766
63806,1,1,0.98600096
28464,1,1,0.99571145
84907,1,1,0.9697948
112621,1,1,0.92526233
9315,1,1,0.8462284
45422,1,1,0.94891846
29730,1,1,0.98419076
94590,1,1,0.93259263
30130,1,1,0.98455054
40776,0,1,0.9876139
95219,1,1,0.8991323
75858,0,1,0.89852667
106146,1,1,0.99646795
106841,1,1,0.9813178
36937,1,1,0.9908881
32143,1,1,0.99789643
107031,1,1,0.9647918
72978,1,1,0.996888
34760,1,1,0.99549097
52138,1,1,0.9654866
58277,0,1,0.9038069
9666,1,1,0.9809771
80216,1,1,0.99937123
42030,1,1,0.99813336
83215,1,1,0.9422533
22851,1,1,0.9144291
112550,1,1,0.99195147
50452,1,1,0.9657082
89003,1,1,0.91681904
55955,1,1,0.99665064
67525,1,1,0.97949135
107299,1,1,0.9864194
69004,1,1,0.94859946
97679,1,1,0.95514745
29363,1,1,0.9886924
59973,1,1,0.9873554
109067,1,1,0.9756644
53226,1,1,0.95413774
20830,1,1,0.9728021
77397,1,1,0.98295826
36704,1,1,0.98824257
82869,1,1,0.9986149
86745,1,1,0.9957956
93256,1,1,0.9211048
41182,1,1,0.9969139
98380,1,1,0.88875866
61559,1,1,0.9859244
85962,1,1,0.97159743
106168,1,1,0.99722904
103044,1,1,0.98829764
89319,1,1,0.9592584
19587,1,1,0.9955776
95056,1,1,0.9744701
83071,1,1,0.97766656
19626,1,1,0.59286
74277,1,1,0.95396966
101232,1,1,0.9912649
39310,1,1,0.7900947
111960,1,1,0.9946571
30713,1,1,0.97618616
25393,1,1,0.9993913
84181,1,1,0.9594046
2342,1,1,0.9386167
112774,1,1,0.99229807
76511,1,1,0.92716986
92914,1,1,0.68050444
2215,1,1,0.9980615
87528,1,1,0.9928597
1336,1,1,0.90586835
108174,1,1,0.99284935
86300,1,1,0.9279112
38531,1,1,0.98664993
75524,1,1,0.99884087
78032,1,1,0.9953998
35038,1,1,0.98671013
18401,1,1,0.99837
85629,1,1,0.97478765
3284,1,1,0.9896375
41781,1,1,0.99177843
71718,1,1,0.8730349
20535,1,1,0.9961951
4507,1,1,0.9896375
109472,1,1,0.87338966
38431,1,1,0.9065386
75435,1,1,0.99335665
82902,1,1,0.9176989
13785,1,1,0.9908189
54007,1,1,0.99199355
56337,1,1,0.8296141
39885,1,1,0.9957372
100363,1,1,0.97135746
14957,1,1,0.9672442
102230,1,1,0.6118829
38614,0,1,0.7841702
24930,1,1,0.99874663
28947,1,1,0.95533365
45455,1,1,0.9836076
86606,1,1,0.99813795
77454,1,1,0.96475184
55675,1,1,0.89999145
23956,1,1,0.99816245
71008,1,1,0.99376464
108963,1,1,0.9262914
40569,1,1,0.7035189
71970,1,1,0.77097577
104571,0,0,0.10518136
62951,1,0,0.48795924
101240,1,1,0.9931276
83785,1,1,0.8188355
89631,1,1,0.99728346
106128,1,1,0.98922616
110528,1,1,0.9993531
57446,1,1,0.9817343
58964,1,1,0.9759074
60856,1,1,0.801466
33857,1,1,0.9962584
45125,1,1,0.9967147
54820,1,1,0.980254
90375,1,1,0.99441624
73337,1,1,0.9950068
88471,1,1,0.99517316
47359,1,1,0.9798576
106080,1,1,0.99992514
2619,1,1,0.99225545
28981,1,1,0.98543626
98403,1,1,0.9764922
88793,1,1,0.99601364
26980,1,1,0.95787024
3627,1,1,0.970585
105368,1,1,0.9638355
66953,1,1,0.97608155
63826,1,1,0.9955291
33827,1,1,0.99928516
87029,1,1,0.98354983
68519,1,1,0.99523085
57850,1,1,0.9932754
36809,1,1,0.75499904
56659,1,1,0.9970187
29265,1,1,0.9639942
97295,1,1,0.9870107
13067,1,1,0.999616
103923,1,1,0.9673204
57997,1,1,0.9954527
64628,1,1,0.9618141
104354,1,1,0.99594253
91488,1,1,0.9906661
42627,1,1,0.9839193
41100,0,1,0.813984
110277,1,1,0.9910779
48320,1,1,0.96467084
37372,1,1,0.99142355
34537,1,1,0.9929293
57253,1,1,0.9726293
53946,1,1,0.9837763
952,1,1,0.6359429
27356,1,1,0.9972777
44528,1,1,0.95486385
2830,1,1,0.9997842
108329,1,1,0.9935588
44060,1,1,0.842476
72980,1,1,0.9748785
107155,1,0,0.42506546
10958,1,1,0.9745908
43382,1,1,0.98733974
53577,1,1,0.8748294
61413,0,1,0.9932753
55828,1,1,0.9958391
23287,1,1,0.90460664
37583,1,1,0.98894286
28800,1,1,0.9902698
62720,1,1,0.94948566
26164,1,1,0.9950117
10066,1,1,0.9971783
46022,1,1,0.96440136
76388,1,1,0.97753215
30547,1,1,0.985103
49057,0,0,0.47703224
60710,1,1,0.98978674
21592,1,1,0.9777083
81332,0,1,0.77986926
19048,1,1,0.7800522
45453,1,1,0.9695265
29525,1,1,0.99225545
14534,1,1,0.9827372
80813,0,1,0.99187523
110846,1,1,0.87302196
74073,0,1,0.94450206
98241,0,1,0.94513327
58992,1,1,0.8362661
98531,1,1,0.9258733
28580,1,1,0.99169284
37229,1,1,0.9723664
71381,1,1,0.9422585
107933,1,1,0.99951994
30023,1,1,0.9952527
11338,1,1,0.99669915
68908,1,1,0.9923915
43093,1,1,0.99908173
32119,1,1,0.9966993
91286,1,1,0.9675433
73910,1,1,0.9654052
22434,1,1,0.9995734
91815,1,1,0.92646307
59154,1,1,0.9590782
94591,1,1,0.9972779
25425,1,1,0.9779695
101155,1,1,0.99468285
25669,1,1,0.975355
23575,0,1,0.9784304
5743,1,1,0.99919575
24962,1,1,0.9988477
10800,1,1,0.94950277
64851,1,1,0.9934064
49713,1,1,0.5858697
67456,1,1,0.9979944
106362,1,1,0.9887221
8247,0,1,0.98625004
110294,1,1,0.9865898
105523,1,1,0.9947306
108598,1,1,0.998852
52140,1,1,0.99627954
86264,1,1,0.905355
99863,0,0,0.48099834
110129,1,1,0.9859553
6830,1,1,0.9802878
110252,1,1,0.99866056
105325,1,1,0.9868302
58052,1,1,0.97557974
64135,1,1,0.9789764
100601,1,1,0.9880563
13235,0,1,0.90909845
51004,0,1,0.84701145
6375,1,1,0.98196274
56869,0,0,0.16210455
2667,1,1,0.9794174
96690,1,1,0.99539536
23711,1,1,0.9891444
103406,1,1,0.9791437
157,1,1,0.97854733
109135,0,1,0.98854136
17980,1,1,0.98825246
21113,1,1,0.9633542
80764,1,1,0.98836786
97984,1,1,0.8957159
106302,1,1,0.9978543
18213,0,1,0.97324
47822,1,1,0.989051
44957,1,1,0.9929843
77335,1,1,0.99925977
44703,1,1,0.9899951
83267,1,1,0.98859066
83598,1,1,0.9623984
13510,1,1,0.9848567
53302,0,0,0.17863876
58301,1,1,0.95164955
103392,1,1,0.9873368
52026,1,1,0.9916174
113226,1,1,0.9779627
35943,1,1,0.99543107
55845,1,1,0.953377
42635,1,1,0.8031835
112596,1,1,0.99443036
36010,1,1,0.97678065
71365,1,1,0.9872727
52493,1,1,0.9971842
70269,1,1,0.9705756
39353,1,1,0.99269
76972,1,1,0.9985065
58406,1,1,0.92193335
53293,1,1,0.97720534
80074,1,1,0.92883575
14064,1,1,0.97341895
104307,1,1,0.98796636
112840,1,1,0.99480224
90308,1,1,0.9853123
554,1,1,0.99666566
60547,1,1,0.9983834
9618,1,1,0.9498805
8431,0,1,0.8938265
26393,1,1,0.9994449
23928,1,1,0.91356474
5697,1,1,0.9987638
40802,1,1,0.9976407
101504,1,1,0.97187287
51643,1,1,0.87814516
28946,1,0,0.4870994
106118,1,1,0.99727374
24354,1,1,0.62896395
48772,1,0,0.16355753
20131,1,1,0.9509964
41190,1,1,0.98942065
88790,1,1,0.9989906
57620,1,1,0.9983348
40198,1,1,0.9818459
78559,1,1,0.99454546
50613,1,1,0.8310667
90056,1,1,0.9989856
105120,0,1,0.78719854
60485,1,1,0.796264
4029,1,1,0.99479735
61487,1,1,0.98957926
3612,1,1,0.8265943
16213,1,1,0.9987255
42751,1,1,0.9699023
19197,1,1,0.99693054
12791,1,1,0.99605125
26566,1,1,0.98763275
25761,0,1,0.9284243
36242,1,1,0.9877396
24771,1,1,0.9416897
13266,1,1,0.99891365
82814,1,1,0.9966425
109546,1,1,0.98763055
108528,1,1,0.9754853
108343,1,1,0.9596487
42302,1,1,0.99471974
26348,1,1,0.99119425
92364,1,1,0.99739504
44119,1,1,0.9959843
66317,1,1,0.99549854
93549,1,1,0.99129546
51414,1,1,0.99764353
15957,1,1,0.99160296
40866,1,1,0.9662637
61498,1,1,0.875161
14228,1,1,0.9048649
37747,1,1,0.9744624
55827,1,1,0.9837373
16787,1,1,0.9997888
17647,0,1,0.9887106
61085,1,1,0.9809888
50184,1,1,0.9887961
94798,1,1,0.80577147
11591,1,1,0.993295
10683,1,1,0.96714205
42394,1,1,0.9920529
13405,1,1,0.99301285
51153,1,1,0.80560017
56092,1,1,0.974379
29426,1,1,0.9956945
29581,1,1,0.9661778
100130,1,1,0.75110507
5871,1,1,0.9981668
101275,1,1,0.99975866
10896,0,1,0.99930775
83107,1,1,0.9846639
76315,1,1,0.98831195
86806,1,1,0.89495724
102054,1,1,0.9127232
46142,1,1,0.97475284
294,1,1,0.99645483
33888,1,1,0.90690565
103656,1,1,0.97319406
6700,1,1,0.9840225
107475,1,1,0.98365307
109663,1,0,0.39559194
85513,1,1,0.91930497
18545,1,1,0.987046
105883,1,1,0.9857253
63847,1,1,0.99335575
43133,1,1,0.97427285
40308,1,1,0.95175266
109709,1,1,0.9953591
100281,1,1,0.9919876
103468,1,1,0.99879634
78042,1,1,0.98564804
15049,1,1,0.9986172
56870,1,1,0.9879618
4956,1,1,0.99727076
67332,1,1,0.97502965
33647,1,1,0.99899656
53635,1,1,0.9902992
38300,1,1,0.99368036
93863,1,1,0.9969778
2311,1,1,0.9180793
54083,1,1,0.9661438
54543,1,1,0.78160584
56976,1,1,0.98496777
89485,1,1,0.9917031
93128,1,1,0.9862838
10072,1,1,0.97972316
66726,1,1,0.99059945
32400,1,1,0.62904763
57270,1,1,0.98749036
83540,1,1,0.9078805
40271,1,1,0.9147902
44056,1,1,0.98266405
84225,1,1,0.99668485
59361,0,1,0.7956221
84656,1,1,0.98041475
28418,1,1,0.92143613
80044,1,1,0.98675656
25265,1,1,0.9743944
29205,1,1,0.90940046
45054,1,1,0.99043536
103965,1,1,0.9674327
12102,1,1,0.998965
7555,1,1,0.7744353
1507,1,1,0.99314016
111047,1,1,0.89778006
51160,1,1,0.9931136
2218,1,0,0.2969864
5031,1,1,0.9712072
95869,1,1,0.9918554
29789,1,1,0.99867153
64471,1,1,0.9865116
48146,1,1,0.9959305
106042,1,1,0.9917311
60869,1,1,0.90314776
27383,1,1,0.96915734
82083,1,1,0.76416045
76651,1,1,0.9913498
80908,1,1,0.99558496
52986,1,1,0.9957689
861,1,1,0.99532783
51584,1,1,0.99850583
66191,1,1,0.9974312
62625,1,1,0.9983966
16643,1,1,0.99604285
48576,1,1,0.98031986
61398,0,1,0.5349609
83845,0,0,0.45295888
73962,1,1,0.98045725
37912,1,1,0.8900313
100957,1,1,0.9837849
13467,1,1,0.9653518
64653,1,1,0.9981939
77555,1,1,0.9893867
24861,1,1,0.999329
29429,1,1,0.9614476
14583,1,1,0.9980996
33451,1,1,0.58170336
28562,1,1,0.99873847
4994,1,1,0.9943942
25844,1,1,0.92738426
68665,1,1,0.8296169
83636,0,1,0.9683501
31214,1,1,0.99567324
43148,1,1,0.9994666
5758,1,1,0.99871397
94257,1,1,0.9991347
46073,0,0,0.42474684
1250,1,1,0.97778875
42082,1,1,0.98670095
39924,1,1,0.9994036
100492,1,1,0.9924114
51386,1,1,0.9558663
9572,1,1,0.9890934
3982,1,1,0.9934744
105641,1,1,0.99963915
48268,1,1,0.99448436
20462,1,1,0.9844748
45142,1,1,0.9543182
47121,1,1,0.9806809
101402,1,1,0.99687386
108170,1,1,0.9954182
49798,1,1,0.97087044
24262,1,1,0.98873574
21528,1,1,0.7887496
93035,1,1,0.9630983
78010,0,1,0.87581146
102018,1,1,0.98882514
9440,1,1,0.99945253
52909,1,1,0.919829
95212,1,1,0.99347866
11635,1,1,0.95097375
67521,1,1,0.582446
82316,1,1,0.9901232
1956,1,1,0.7642395
98786,1,1,0.9983393
98927,1,1,0.99160063
89918,1,1,0.9652601
54873,1,1,0.7684683
56392,1,1,0.9985984
20394,1,1,0.99869686
24553,1,1,0.97851986
16704,0,1,0.7753087
47957,0,1,0.9638861
37507,0,1,0.76230943
13551,1,1,0.97664964
9493,1,1,0.7577952
87345,1,1,0.9975768
54665,1,1,0.9965603
4404,1,1,0.99838567
41825,1,1,0.98740435
19576,1,1,0.9972373
3199,1,1,0.8536888
96316,1,1,0.97482795
92366,1,1,0.992151
79646,1,1,0.9678119
14774,1,1,0.97477764
91686,1,1,0.9025974
84129,1,1,0.994842
43362,1,1,0.95639724
64470,1,1,0.79922634
39401,0,1,0.8592867
49293,1,1,0.996673
28107,1,1,0.9996488
105154,1,1,0.9796539
11896,1,1,0.9835048
1089,1,1,0.97040784
61294,1,1,0.91115886
84713,1,1,0.990424
24017,1,1,0.93781155
64862,1,1,0.9373568
12765,1,1,0.9981603
34821,1,1,0.99572563
1242,1,1,0.9901023
79848,1,1,0.9982665
30403,1,1,0.99136835
77819,1,1,0.91881216
83143,1,1,0.74546784
52121,1,1,0.99918
94738,1,1,0.9968246
70274,1,1,0.98001397
28360,1,1,0.99822956
41268,1,1,0.99970454
90787,1,1,0.995557
50085,1,1,0.99653554
24763,1,0,0.49196002
96489,1,1,0.9975809
2788,1,1,0.9598073
46158,1,1,0.99199945
53217,1,1,0.9228361
109880,1,1,0.956138
17136,1,1,0.63862956
4094,1,1,0.9851822
40817,1,1,0.9645626
21063,1,1,0.99753547
57444,1,1,0.9962525
11711,1,1,0.9496244
61319,1,1,0.99978393
50729,1,1,0.8331711
45347,1,1,0.9915706
57858,1,1,0.99672276
99360,1,1,0.9868428
80569,1,1,0.9923131
6901,1,1,0.99644405
57013,1,1,0.98517704
101367,1,1,0.9837977
75386,1,1,0.93135476
43973,1,1,0.8935251
108501,1,1,0.9634403
20702,1,1,0.9921381
15675,1,1,0.99735487
101811,1,1,0.9990381
36801,1,1,0.9974777
30675,0,1,0.5193777
79715,1,1,0.9908223
34641,1,1,0.8499734
36495,1,1,0.981898
85827,1,1,0.8442276
84866,1,1,0.9694771
88291,1,1,0.9796448
48378,1,1,0.94018596
72304,1,1,0.9902828
56380,1,1,0.99725574
76490,1,1,0.99968183
59580,1,1,0.5824368
40137,1,1,0.9938839
47536,1,1,0.989368
72030,1,1,0.9681303
58893,1,1,0.9874362
59151,1,1,0.98167694
18505,1,1,0.91204154
567,1,1,0.9728708
95089,1,1,0.9739479
94457,1,1,0.96849054
57321,1,1,0.9866709
96563,1,1,0.95449394
52899,1,1,0.99795014
20588,1,1,0.9896919
95645,1,1,0.99579877
17481,1,1,0.99908686
29906,1,1,0.99474066
72088,1,1,0.937404
54033,1,1,0.88851917
63044,1,1,0.89302945
67013,1,1,0.9987288
30312,1,1,0.99266386
88606,1,1,0.96933705
44777,1,1,0.86699694
63086,1,1,0.9696246
42571,1,1,0.9614315
25934,1,1,0.96931267
9988,1,1,0.9914164
61597,1,1,0.9462107
16857,1,1,0.99942774
63415,1,1,0.9411205
21587,1,1,0.92629653
21595,1,1,0.93873537
34899,1,1,0.99735034
1171,1,1,0.8735054
28259,1,1,0.9768763
63502,1,1,0.9980192
32916,1,1,0.9984308
51492,1,1,0.55664617
73736,1,1,0.79639554
12119,1,1,0.6407576
74607,1,1,0.9517258
25856,1,1,0.99728274
60240,1,1,0.9966001
101821,1,1,0.98502886
33791,1,1,0.9696259
16887,1,1,0.6938659
89114,1,1,0.99421906
14252,1,1,0.9953642
34851,1,1,0.85815215
73014,1,1,0.9973802
34651,1,1,0.97944564
110542,1,1,0.9962048
77558,1,1,0.9994972
20005,1,1,0.9913566
84532,1,1,0.9917631
81082,0,1,0.90051717
101801,1,1,0.9957147
103812,1,0,0.3226922
40639,1,1,0.99440986
19839,1,1,0.95227635
44915,1,1,0.99942917
59133,1,1,0.72403276
34103,1,1,0.8110675
12094,1,1,0.9562735
99477,1,1,0.99812716
24044,1,1,0.99555945
70472,1,1,0.98213434
56509,1,1,0.952608
59527,1,1,0.99579144
89065,1,1,0.9938531
6944,1,1,0.9639359
112154,1,1,0.9836014
20295,1,1,0.9976635
43707,1,1,0.958847
5835,1,1,0.99108547
110383,1,1,0.9956239
81816,1,1,0.93632376
97196,1,1,0.9919602
15992,1,1,0.9925517
92646,1,1,0.98863375
45086,1,1,0.9938845
16232,1,1,0.99638486
53926,1,1,0.987306
67872,1,1,0.978924
36393,1,1,0.98962057
57497,1,1,0.9553836
49086,1,1,0.9309812
14464,1,1,0.99014074
96942,0,1,0.6283858
10722,1,1,0.9904606
50265,1,1,0.9899455
111620,1,1,0.9989373
49908,1,1,0.96337277
105965,1,1,0.9958126
44319,1,1,0.9068882
42387,1,1,0.9969394
16923,1,1,0.98964125
86509,1,1,0.9292341
101311,1,1,0.9803349
64407,0,1,0.99886215
24301,1,1,0.9943869
21068,1,1,0.99001783
113480,1,1,0.88997275
90300,1,1,0.99221647
1794,1,1,0.8951496
94006,1,1,0.9836775
28061,1,1,0.99146944
96977,0,1,0.90399337
3585,0,1,0.8217385
17628,1,1,0.97165626
11244,1,1,0.9985677
81193,1,1,0.9354884
98454,1,1,0.98689634
112334,1,1,0.9980101
90193,0,1,0.97093236
85017,1,1,0.96918106
31305,1,1,0.9942437
44859,0,0,0.44034615
89524,0,1,0.9982993
90945,1,1,0.97131795
81339,1,1,0.973331
80151,1,1,0.99028987
4429,1,1,0.9551202
63167,0,1,0.9646561
751,1,1,0.993135
104166,1,1,0.9647868
84185,1,1,0.8083484
50672,1,1,0.9997073
103058,1,1,0.99783736
20250,1,1,0.99859947
102095,1,1,0.9757843
44143,1,1,0.9900205
45801,1,1,0.92025983
27201,1,1,0.99015117
7002,1,1,0.9917556
71693,1,1,0.99698335
105241,1,1,0.93703234
77337,1,1,0.99879265
43947,1,1,0.82030797
41639,1,1,0.9908256
70007,1,1,0.9691961
52236,1,1,0.99280965
30479,1,1,0.78948015
93514,0,1,0.60001266
90126,1,1,0.9637017
58791,1,1,0.98350036
100764,1,1,0.96244335
87857,1,1,0.98337054
94145,1,1,0.9962768
3301,1,1,0.98604566
1035,1,1,0.98546904
109053,1,1,0.99883395
89759,1,1,0.992718
77258,1,1,0.9915167
81377,0,1,0.9268011
20227,1,1,0.99391246
1966,1,1,0.965001
34044,1,1,0.9969868
27876,1,1,0.99674606
18696,1,1,0.9894511
19144,1,1,0.92284685
106357,1,1,0.9808653
91934,1,1,0.7634413
19386,1,1,0.99980134
111884,1,1,0.99801385
99391,1,1,0.98616296
87617,1,1,0.8653198
61385,1,1,0.9868765
41464,1,0,0.28017431
104081,1,1,0.9890382
40004,1,1,0.9935768
29783,1,1,0.94384664
64384,1,1,0.9920042
4567,1,1,0.9829964
45128,1,1,0.98011935
87871,1,1,0.9895309
53242,1,1,0.99445724
31778,1,1,0.9922808
21058,1,1,0.91748357
18184,1,1,0.99953353
92949,1,1,0.978914
59807,1,1,0.9751174
74267,1,1,0.99721766
26678,1,1,0.9093949
107224,1,1,0.7882323
98184,1,1,0.9897372
38782,1,1,0.67323446
97604,1,1,0.96539026
39699,1,1,0.9609405
113494,1,1,0.95353806
100029,1,1,0.99367744
17895,1,1,0.99570197
104227,1,1,0.99927646
96476,1,1,0.99766636
62456,1,1,0.9812583
29884,1,1,0.9176644
88134,1,1,0.99047345
107584,1,1,0.9731405
80676,1,1,0.98966706
78900,1,1,0.9939865
24863,1,1,0.98247015
45507,1,1,0.80149037
82581,1,1,0.99751747
61794,0,1,0.68507695
23484,1,1,0.98886245
80240,1,1,0.99227154
107729,1,1,0.9996413
52283,1,1,0.99568933
95989,0,1,0.9888389
106966,1,1,0.9963321
18418,1,1,0.983264
48586,1,1,0.9781277
38101,1,1,0.99732363
40394,1,1,0.9698495
68011,1,1,0.80917835
4170,0,1,0.998862
57342,0,1,0.93209964
60191,1,1,0.831393
87185,1,1,0.9944975
7019,1,1,0.97170717
63371,1,1,0.9990727
39100,1,1,0.96107227
104960,1,1,0.9896936
95264,1,1,0.9754556
38569,1,1,0.8944998
102565,1,1,0.99866176
32705,1,1,0.9890218
80719,1,1,0.99815065
44849,1,1,0.9973328
20161,1,1,0.9794453
18058,1,1,0.9584714
49054,1,1,0.9956637
96935,1,1,0.99580896
63350,1,1,0.9993574
524,0,1,0.9024472
50468,1,1,0.99600595
69142,1,1,0.94384366
51003,1,1,0.98529714
10160,1,1,0.9983941
52926,1,1,0.997677
105385,1,1,0.9483488
16589,1,1,0.9798234
106403,1,1,0.9958949
29140,1,1,0.99648607
20008,1,1,0.9172016
103151,1,1,0.9925868
26109,1,1,0.9367315
51807,1,1,0.8460807
62883,1,1,0.97660816
28166,1,1,0.9461079
105075,1,1,0.9809629
106794,1,1,0.9800148
106791,1,1,0.99392265
97895,1,1,0.9479915
84137,1,1,0.9670574
15008,0,1,0.9736453
99546,1,1,0.9901149
7981,1,1,0.9997278
43172,1,1,0.95137465
2301,1,1,0.99006444
111178,1,1,0.8918216
23932,1,1,0.97505844
91163,1,1,0.9503141
24692,1,1,0.9405867
38111,1,1,0.99879456
53523,1,1,0.99902046
11141,1,1,0.97841054
68333,1,1,0.940719
53720,1,1,0.9853677
49194,1,1,0.99172735
96823,1,1,0.88837916
106487,1,1,0.9726284
104451,1,1,0.9887862
60879,1,0,0.29107866
3789,1,0,0.32795393
44810,1,1,0.99739933
84146,1,1,0.9701536
94950,1,1,0.9951886
113729,0,1,0.7834518
31546,1,1,0.9977428
22174,1,1,0.9960997
84980,1,1,0.9973894
89527,1,1,0.9215188
78883,1,1,0.9992931
64970,1,1,0.98973596
66459,1,1,0.87683934
44208,1,1,0.9955537
108942,1,1,0.99764925
49118,1,1,0.9849836
51237,1,1,0.99606496
42031,1,1,0.99523664
97259,1,1,0.9982691
84086,1,1,0.98860824
31140,1,1,0.83442515
69645,1,1,0.9892111
37829,1,1,0.8949185
31423,1,1,0.994155
76108,1,1,0.98429686
11576,1,1,0.9992065
47931,1,1,0.9993426
4919,1,1,0.96681947
46536,1,1,0.99241275
97195,1,1,0.94865865
10825,1,1,0.9766946
71127,1,1,0.97464335
102646,1,1,0.99552923
99190,1,1,0.9981336
64326,1,1,0.9952792
2779,1,1,0.9908755
104676,0,1,0.57739633
83145,1,1,0.9383151
102186,0,0,0.38421026
67949,1,1,0.98394865
47849,1,1,0.9860911
95147,1,1,0.9228698
14245,1,1,0.9481354
93879,1,1,0.89992696
4904,1,1,0.99742055
21763,1,1,0.99900645
58260,1,1,0.9657199
88968,1,1,0.9921616
107897,1,1,0.9940416
75860,0,0,0.14205436
68945,1,1,0.985794
60144,1,1,0.9507808
75338,1,1,0.9980678
48126,1,1,0.996179
28024,1,1,0.9974462
57122,1,1,0.8930388
112977,1,1,0.9515387
104943,1,1,0.9402024
98259,1,1,0.99174666
6107,1,1,0.97574824
72370,1,1,0.97534573
54225,1,1,0.9903638
98707,1,1,0.9731082
79392,1,1,0.89094
50196,1,1,0.8774532
14994,1,1,0.98284954
108488,1,1,0.9909326
46610,1,1,0.99889
331,1,1,0.98157114
36237,1,1,0.9894908
54155,1,1,0.9801278
57301,1,1,0.9980509
67133,1,0,0.07064043
83721,1,1,0.98595166
17265,1,1,0.99808156
106892,1,1,0.99896336
61960,1,1,0.99174714
35725,1,1,0.99259937
3232,1,1,0.9935921
53875,1,1,0.967003
76109,1,1,0.9873769
51116,0,1,0.83270514
97913,1,1,0.9973845
94568,0,1,0.9616194
46868,1,1,0.99602747
52516,1,1,0.96468264
16534,1,1,0.999153
34734,1,1,0.9929784
58894,0,1,0.83819026
108013,1,1,0.9872847
10224,0,1,0.9701965
69697,1,1,0.9970203
106876,1,1,0.95660186
85746,0,1,0.56099457
106,1,1,0.9896852
13985,1,1,0.7892905
75134,1,1,0.9875743
102397,1,1,0.9759124
11189,1,1,0.9992281
34498,1,1,0.95054996
23726,1,1,0.9915657
75353,1,1,0.9926051
14438,1,1,0.98406476
65276,1,1,0.96823335
48846,1,1,0.9837488
54368,1,1,0.65043336
39905,1,1,0.99797934
37674,1,1,0.9975331
4555,1,1,0.9983381
39207,1,1,0.98463434
74958,1,1,0.86775756
24074,1,1,0.983355
106243,1,1,0.99655247
109001,1,1,0.99954957
30286,1,1,0.99706024
113410,1,1,0.95999587
74386,1,1,0.99890316
57255,1,1,0.9843025
78386,0,1,0.8899094
83606,1,1,0.90705186
99627,1,1,0.86851656
27132,1,1,0.6705907
90223,1,1,0.6064367
112664,1,1,0.97106564
29805,1,1,0.9849702
69998,1,1,0.5536198
59326,1,1,0.956269
42679,1,1,0.9226673
11887,1,1,0.9577381
80972,1,1,0.714462
50209,1,1,0.9686668
16366,1,1,0.98966587
77874,1,1,0.99011457
90585,1,1,0.8846361
7589,1,0,0.4980087
77396,1,1,0.9857431
93820,1,1,0.9936407
4363,1,1,0.9397118
51040,1,1,0.8490333
15674,1,1,0.9760524
45584,1,1,0.96719134
89356,1,1,0.9449046
104573,1,1,0.99073166
102145,1,1,0.9906408
99892,1,1,0.99696666
28848,1,1,0.9930025
29580,1,1,0.9497629
33075,1,1,0.9836526
109480,1,1,0.9803601
2686,1,1,0.9950641
105066,1,1,0.999894
94682,1,1,0.99899
12740,1,1,0.99514186
1783,1,1,0.99956614
86607,1,1,0.9982126
83049,1,1,0.9908242
95920,1,1,0.956111
54049,1,1,0.9871535
95257,1,1,0.99784994
76383,1,1,0.99476516
67767,1,1,0.9486258
87341,1,1,0.9827794
7351,1,1,0.9812881
49541,1,1,0.9865676
44190,1,1,0.99623317
65979,1,1,0.97302693
56046,1,1,0.9961307
42597,1,1,0.99942565
87430,1,1,0.9973992
109617,1,1,0.9250238
54964,1,1,0.9846102
16843,1,1,0.9935602
86622,1,1,0.9936319
9550,1,1,0.99898094
93487,1,1,0.9869263
45607,1,1,0.92627996
89982,1,1,0.99598074
14910,1,1,0.94753456
86934,1,1,0.9983223
18662,1,1,0.97655267
103874,1,1,0.96526694
99859,1,1,0.99821305
60615,1,1,0.9988451
90119,1,1,0.94237345
80727,1,1,0.99804413
2331,1,1,0.9916255
14931,1,1,0.9963581
81112,1,1,0.9821492
51165,1,1,0.7707481
79319,1,1,0.9214754
36306,1,1,0.99723864
53897,1,1,0.99076205
91687,1,1,0.9977633
88143,1,1,0.99618596
59895,1,0,0.45904276
83393,1,1,0.9877099
72704,1,1,0.98996264
109705,1,1,0.9945445
13806,1,1,0.9836716
35769,1,1,0.8342694
82594,1,1,0.90321076
74924,1,1,0.8650558
69368,1,1,0.9600129
29998,1,1,0.9978771
84413,1,1,0.96610814
36781,1,1,0.99271774
112892,1,1,0.99601316
24465,1,1,0.95369786
76269,1,1,0.6700299
25355,1,1,0.956098
91138,1,1,0.94373524
49737,1,1,0.99558794
48456,1,1,0.9957283
22883,1,1,0.9960187
82446,1,1,0.9981292
102562,1,1,0.8789637
70468,1,1,0.96076816
20815,0,1,0.75038195
101008,1,1,0.9993698
86516,1,1,0.9961212
7364,1,1,0.9948473
105650,1,1,0.9970265
53047,1,1,0.98756045
36360,1,1,0.90463567
25705,1,1,0.9778267
75363,1,1,0.9960246
75896,1,1,0.98122644
60649,1,1,0.9985643
76066,1,1,0.9940532
5635,1,1,0.9450945
69080,1,1,0.9777298
32036,1,1,0.9987973
1309,1,1,0.87040025
78402,0,1,0.7321614
77237,1,1,0.78591347
11874,1,1,0.99254006
111935,1,1,0.9649017
9710,1,1,0.99988174
16172,1,1,0.978522
112752,1,1,0.9229805
18586,1,1,0.9887033
61107,1,1,0.979576
74705,1,1,0.996114
83777,1,1,0.81837976
78614,1,1,0.96486515
112810,1,1,0.9849509
82975,0,1,0.9606314
81744,1,1,0.9988016
27541,0,1,0.85321987
74020,1,0,0.34139577
86667,1,1,0.98918545
16043,1,1,0.97128737
84550,1,1,0.99924785
80754,1,1,0.97001135
108069,1,1,0.9292345
54113,1,1,0.96926695
84989,0,1,0.9879865
106938,1,1,0.9950883
58424,1,1,0.99790823
105490,1,1,0.99966717
108039,1,1,0.9833552
92059,1,1,0.962475
62208,1,1,0.95102185
58615,1,1,0.993061
91491,1,1,0.7900683
16282,1,0,0.40231645
100692,1,1,0.99917114
51745,1,1,0.9891399
13027,1,1,0.96343493
30625,1,1,0.9918223
53741,0,1,0.6819471
2578,1,1,0.98880196
60706,1,1,0.9316469
12215,1,1,0.9991273
40263,1,1,0.9970611
67898,1,1,0.9995906
43329,1,1,0.9970004
26662,1,1,0.9994746
10064,1,1,0.97155476
1275,1,1,0.99519265
96999,1,1,0.99442446
62043,1,1,0.9386411
100432,1,1,0.9976897
2861,1,1,0.98351556
74388,1,1,0.99852836
31092,1,1,0.94504553
59402,1,1,0.93043816
2981,1,1,0.9981839
86612,1,1,0.9754623
15995,1,1,0.9508183
1103,1,1,0.9829747
104465,1,1,0.99698955
26900,1,1,0.9884332
46781,1,1,0.9051856
77080,1,1,0.9989945
42661,1,1,0.9342866
88485,1,1,0.6974179
69047,0,1,0.972438
73915,1,1,0.9994661
57151,1,1,0.86875176
19208,1,1,0.9922983
73172,1,1,0.99573416
18684,1,1,0.99322706
28394,1,1,0.9124894
42106,1,1,0.9950454
63301,1,1,0.95298755
113300,1,1,0.9693094
79198,1,1,0.9968363
91495,1,1,0.9974921
82806,1,1,0.96992993
17084,1,0,0.21371451
23003,1,1,0.9848525
41022,1,1,0.9990471
74208,1,1,0.72442174
29284,1,1,0.9903915
19007,1,1,0.9725748
91683,1,1,0.9949745
62370,1,1,0.9971103
39853,1,1,0.97490317
32701,1,1,0.9986589
47873,1,1,0.9035651
2748,1,1,0.83176845
28635,1,1,0.9647892
42973,1,1,0.9987435
17624,1,1,0.9738961
54756,1,1,0.9996966
111176,1,1,0.97902745
80327,1,1,0.97046083
23709,1,1,0.9621254
45063,1,1,0.98319215
76442,1,1,0.999648
90237,1,1,0.94747335
44429,1,1,0.90579754
90224,1,1,0.91137755
39333,1,1,0.99932015
19795,1,1,0.98207927
24509,1,1,0.9519287
66882,1,1,0.99449956
25070,1,1,0.99602926
24720,1,1,0.9989925
25195,1,1,0.99526525
62187,1,1,0.9996927
36468,1,1,0.9899631
75388,1,1,0.99963284
38833,1,1,0.98101324
37320,1,1,0.9280903
29589,1,1,0.9893596
111233,1,1,0.99166393
14325,1,1,0.9993104
47010,1,1,0.98565567
31811,1,1,0.99760544
104491,1,1,0.9759976
12612,1,1,0.99528354
69291,1,1,0.79550064
111020,1,1,0.9994772
57523,1,1,0.8988069
54178,1,1,0.9905295
2789,1,1,0.99975485
17862,1,1,0.91455376
2804,1,1,0.96960294
48532,1,1,0.9937273
22815,1,1,0.9988858
20087,1,1,0.991703
78773,1,1,0.97244734
106661,1,1,0.97963345
106038,1,1,0.98571557
10062,1,1,0.8511664
88137,1,1,0.966402
109927,1,1,0.9795512
7905,1,1,0.99382824
21714,1,1,0.9783241
100489,1,1,0.990112
23849,1,1,0.9985214
52002,1,1,0.65447813
59744,1,1,0.9916142
52017,1,1,0.991264
66289,1,1,0.94415194
66045,1,1,0.9993523
93783,1,1,0.97091764
71714,1,1,0.99937975
74358,1,1,0.96747375
89767,1,1,0.9601553
10982,1,1,0.9842063
81183,1,1,0.99713933
54185,1,1,0.9933089
30003,0,1,0.9006314
79052,1,1,0.99705243
23699,1,1,0.99289286
64119,1,1,0.9922084
71441,1,1,0.9070103
97740,1,1,0.99761766
94929,1,1,0.9917965
75369,1,1,0.9997379
104595,1,1,0.98677605
98586,1,1,0.98502004
60569,1,1,0.9924233
33045,1,1,0.91549903
23412,1,1,0.9957755
58747,1,1,0.98162615
70716,1,1,0.98718834
78568,1,1,0.99602544
59247,1,1,0.8576503
30201,1,1,0.99568486
68120,1,1,0.9868693
2610,1,1,0.9912567
49605,1,1,0.9890666
6650,1,1,0.9843039
78744,1,1,0.9952101
28759,1,1,0.975305
78134,1,1,0.9963553
18562,1,1,0.8904652
4987,1,1,0.7592137
65352,1,1,0.9631679
29733,1,1,0.9924932
75810,0,1,0.97460407
10092,1,1,0.97730505
95373,1,0,0.2509898
5167,1,1,0.9618538
82628,1,1,0.997212
56342,1,1,0.93710876
90432,1,1,0.9848807
79300,1,1,0.95303845
21090,1,1,0.98523176
96418,1,1,0.9664905
46039,1,1,0.9597554
114048,1,1,0.9916971
14901,1,1,0.9724793
25246,1,1,0.96412945
97949,1,1,0.99557906
4213,1,1,0.9948455
11522,1,1,0.99217623
44561,1,1,0.99497473
86843,1,1,0.99200964
90262,1,1,0.9980416
60818,0,1,0.96474797
1163,0,1,0.96834
33719,1,1,0.9961398
12340,1,1,0.9900192
103992,0,1,0.92808044
13713,1,1,0.9583648
737,1,1,0.9923895
103157,0,1,0.77236074
37821,1,1,0.98177254
25678,1,1,0.9237616
85790,0,1,0.9887271
94985,1,1,0.9849128
71141,1,1,0.9949005
94847,1,1,0.9312824
34458,1,1,0.9776804
16318,1,1,0.9984811
109213,1,1,0.97626585
26555,1,1,0.7033046
50565,1,1,0.9982931
61821,1,1,0.8839079
95338,1,1,0.8889152
66976,0,1,0.9829375
104742,1,1,0.9199332
30931,1,1,0.998024
102914,1,1,0.9890352
65763,1,1,0.9762332
32096,1,0,0.1981331
107077,1,1,0.9934795
57394,1,1,0.9851303
68599,1,1,0.99892503
24870,1,1,0.9801721
92607,1,1,0.99187535
112386,1,1,0.9482429
72985,1,1,0.9973431
108196,1,1,0.9913496
49584,1,1,0.9903653
68447,1,1,0.9936144
69350,1,1,0.99744153
112441,1,1,0.9714599
36138,1,1,0.9641574
1515,1,1,0.99549484
4802,1,1,0.96423674
77461,1,1,0.90031797
85338,1,1,0.9581879
6414,1,1,0.98942953
73939,1,1,0.9900635
109463,1,1,0.81916386
111832,1,1,0.99200034
27713,1,1,0.5043531
56024,1,1,0.9753998
38279,1,1,0.99993193
28849,1,1,0.6980098
83313,1,1,0.9937453
91310,0,1,0.84663904
91127,1,1,0.9996377
30562,1,1,0.98696053
27070,1,1,0.99865913
28613,1,1,0.99658954
99649,1,1,0.9812121
26504,0,1,0.5797883
44498,1,1,0.8398434
24945,1,1,0.8353772
39510,1,1,0.97655016
95596,0,1,0.6841131
29455,1,1,0.99831486
54389,1,1,0.9978809
63001,1,1,0.9875432
80717,1,1,0.9856339
91049,1,1,0.9947507
93816,1,1,0.9946038
61211,1,1,0.99582136
7619,1,1,0.63070667
52782,1,1,0.99312615
61043,1,1,0.947907
59664,1,1,0.99044156
84764,1,1,0.9917195
16484,1,1,0.9893602
51344,1,1,0.9950453
89635,1,1,0.98625565
93694,1,1,0.9690902
46747,1,1,0.9465274
67029,0,1,0.9229331
76489,1,1,0.9503356
56914,1,1,0.8622206
75665,1,1,0.9830698
57952,1,1,0.97757226
56542,1,1,0.99559337
73717,1,1,0.9563905
46810,1,1,0.867361
94360,1,1,0.9943621
144,1,1,0.98848665
23399,1,1,0.99856704
81791,1,1,0.99962735
12059,1,1,0.99949145
1548,1,1,0.9924724
64380,1,1,0.9976361
28266,1,1,0.73722273
12489,1,1,0.9734885
11649,1,1,0.99837744
102193,1,0,0.42082226
107207,1,1,0.9622754
29879,1,1,0.9605256
56462,1,1,0.9936227
91120,1,1,0.99536407
31550,1,1,0.9984275
10795,1,1,0.96270543
28501,1,1,0.99787295
17861,1,1,0.7795528
59698,1,1,0.9802304
35405,1,1,0.5369773
17516,1,1,0.99695194
44213,1,1,0.97531927
77656,1,1,0.9749587
61139,1,1,0.87852573
90909,1,1,0.9864922
103161,1,1,0.96743447
14693,0,1,0.9731844
7913,0,1,0.9145415
3138,1,1,0.8771187
32654,1,1,0.99846447
51585,0,0,0.40034226
63148,1,1,0.96958923
69223,1,1,0.9979176
54407,1,1,0.9864423
43955,1,1,0.9894215
101350,1,1,0.99896216
16423,1,1,0.965684
12867,1,1,0.99892956
18260,0,1,0.9818626
97509,1,1,0.9870957
17910,1,1,0.98918825
81605,1,1,0.9874164
62169,1,1,0.99328244
52378,1,1,0.9987721
51870,1,1,0.97023094
57602,1,1,0.99986494
31866,1,1,0.96574813
72943,1,1,0.9999646
66930,1,1,0.9995993
6988,1,1,0.9988367
93381,0,0,0.47661504
111207,1,1,0.99262685
79818,1,1,0.98008806
7118,1,1,0.9996908
96389,1,1,0.9722049
93419,1,1,0.99505204
23500,0,1,0.82432544
25019,1,1,0.9932214
75908,0,1,0.88610715
59203,1,1,0.9075254
64669,1,1,0.98191446
82656,1,1,0.99389726
112912,1,0,0.47587702
46362,1,1,0.96410775
66677,1,1,0.98347497
93545,1,1,0.98557603
40304,1,1,0.9988092
38858,1,1,0.9961371
10663,1,1,0.9944364
21637,1,1,0.9989796
96046,1,1,0.9994067
109627,1,1,0.9134555
24599,1,1,0.9993206
71446,1,1,0.9986297
98351,1,1,0.9880172
28818,1,1,0.99844617
63642,1,1,0.97607076
106514,1,1,0.9915953
111544,1,1,0.98756254
10964,1,1,0.94642633
67997,1,1,0.9973521
3399,1,1,0.9794023
19803,1,1,0.99884474
23186,1,1,0.9973423
24637,1,1,0.8343791
63609,1,1,0.9922889
1838,1,1,0.9970607
39698,1,1,0.9887573
64818,1,1,0.9747394
81473,0,1,0.879044
76556,1,1,0.9905145
56276,1,1,0.9748618
103265,1,1,0.956659
46050,1,1,0.9883295
78082,1,1,0.66327167
78247,0,1,0.9792555
104829,1,1,0.97620517
88690,1,1,0.9700115
48487,1,1,0.9995314
42857,1,1,0.9952716
51002,1,1,0.9960418
93224,1,1,0.98844796
11252,1,1,0.9940812
91786,1,1,0.98368615
8720,1,1,0.93059814
34144,1,1,0.7479994
29652,1,1,0.9984999
72643,1,1,0.9728275
63134,1,1,0.9973271
40153,1,1,0.83561724
1108,1,1,0.9937751
59627,1,1,0.9982339
20432,1,1,0.9822718
63038,1,1,0.9927752
61465,1,1,0.9957908
2890,1,1,0.98864144
107212,1,1,0.99135345
51274,0,1,0.8211542
108654,1,1,0.9955628
33885,1,1,0.99110657
12497,0,1,0.9789373
69470,1,1,0.9692155
8508,1,1,0.99340844
42492,1,1,0.99360645
37139,1,1,0.9964729
74000,1,1,0.98215055
79902,1,1,0.96784824
114016,1,1,0.9473234
34622,1,1,0.9808142
18512,1,1,0.96827257
14298,1,1,0.9922931
58495,1,1,0.9794949
15310,1,1,0.9927521
7948,1,1,0.9969984
18673,1,1,0.9988154
11237,0,1,0.850639
88470,1,1,0.99534434
5839,1,1,0.9988127
79256,1,1,0.9938501
257,1,1,0.96207654
14313,1,1,0.9938823
94820,1,1,0.9913531
71432,1,1,0.99833435
22523,1,1,0.9793258
44938,1,0,0.47001144
70288,1,1,0.9944623
99727,1,1,0.6117587
78140,1,1,0.9794946
84529,1,1,0.9982591
82447,1,1,0.9632688
4220,1,1,0.99519956
52877,1,1,0.9970657
8451,1,1,0.98953736
31344,1,1,0.9930768
18605,1,1,0.9248793
111679,1,1,0.99650145
52344,1,1,0.9852586
11902,1,1,0.98463917
51929,1,1,0.9900832
55020,1,1,0.54069287
83874,1,1,0.9948762
84747,1,1,0.94636804
91643,0,1,0.87342304
22884,1,1,0.99020517
22144,1,1,0.87557304
76258,1,1,0.96813285
76350,1,1,0.85100603
58626,1,1,0.9987801
106679,1,1,0.9468346
47289,1,1,0.98831546
16664,1,1,0.9946232
80888,1,1,0.9967057
36895,1,1,0.9745994
91585,1,1,0.8989741
78847,1,1,0.9990445
101073,1,1,0.9955481
4274,1,1,0.9988405
68270,1,1,0.98609644
77510,1,1,0.99387676
85343,1,1,0.9736162
47686,1,1,0.9689024
72655,1,1,0.9888864
9421,1,1,0.9969381
28916,1,1,0.99582964
106456,1,1,0.9985538
41480,1,1,0.9907635
22394,1,1,0.998858
95333,1,1,0.9911641
108035,1,1,0.96569365
44103,1,1,0.9994436
22789,1,1,0.9569136
71544,1,1,0.9962035
20514,1,1,0.89468056
30534,1,1,0.99589217
21129,0,1,0.9054334
59111,1,1,0.8441902
98037,1,1,0.99959654
108042,1,1,0.99267334
76305,1,1,0.90188885
576,1,1,0.9926938
94054,1,1,0.99857163
41183,1,1,0.9896622
23899,1,1,0.98833674
112832,1,1,0.99329937
104525,1,1,0.9355119
25292,1,1,0.9472025
20070,1,1,0.8713827
58393,1,1,0.9931317
27122,1,1,0.9656154
66704,1,1,0.980431
98569,0,1,0.89941645
112644,1,1,0.9857636
113020,1,1,0.9889964
102883,1,1,0.71988577
72855,1,1,0.97379184
108355,1,1,0.9247014
77157,1,1,0.97866756
104470,1,1,0.99750984
93414,1,1,0.9808592
14036,1,1,0.98988694
58222,1,1,0.98530686
77333,1,1,0.9663951
65332,1,1,0.9970458
43705,1,1,0.85040075
3974,0,1,0.91422355
32747,1,1,0.94424814
33273,1,1,0.99751115
19814,1,1,0.9799224
52405,1,1,0.9892992
77606,1,1,0.9587796
27484,1,1,0.9856045
48645,1,1,0.9835075
104262,1,1,0.99085814
1393,1,1,0.9747151
108016,1,1,0.9508844
88838,1,1,0.99743205
49782,1,1,0.98756486
88754,1,1,0.8618101
109571,1,1,0.9969187
10289,1,1,0.9787128
86407,1,1,0.98254824
86774,1,1,0.9217057
37368,1,1,0.99571806
87937,1,1,0.989521
80694,1,1,0.97682524
100693,1,1,0.97728527
67028,1,1,0.9914689
42825,1,1,0.9278859
17964,1,1,0.9664877
47762,1,1,0.9804869
80507,1,1,0.9844429
49368,1,1,0.99705976
100878,1,1,0.9620475
64415,1,1,0.99391997
11401,1,1,0.9522147
1581,1,1,0.9964631
8801,1,1,0.97552675
99283,1,1,0.99667645
104850,1,1,0.96467984
16215,1,1,0.9911178
103813,1,1,0.9678781
5321,1,1,0.99803144
24749,1,1,0.98267466
50264,1,1,0.99500376
41086,1,1,0.98425853
71253,0,1,0.52528447
62690,0,0,0.2593429
105726,1,1,0.88612026
31103,1,1,0.8448247
21508,0,1,0.66593254
78793,1,1,0.99277675
10835,1,1,0.9792021
102367,1,1,0.99989307
82089,0,1,0.9956383
108970,1,1,0.9962853
10288,1,1,0.93921405
63078,1,1,0.9899524
80767,1,1,0.9484809
17466,1,1,0.9963857
24327,1,1,0.99555737
104747,1,1,0.9760938
80653,1,1,0.98354256
61839,1,1,0.7676348
6110,1,1,0.9993594
4078,1,1,0.92042977
40918,1,1,0.9961565
102135,1,0,0.13731222
60936,1,1,0.98270386
86727,1,1,0.9077802
109191,1,1,0.88437164
24875,1,1,0.99814236
37588,1,1,0.9423414
69216,1,1,0.9902
43127,1,1,0.94931966
37172,1,1,0.96563816
94981,1,1,0.95397127
94275,1,1,0.99565625
27811,1,1,0.9965449
90551,1,1,0.9793408
68461,1,1,0.9939492
42681,1,1,0.9930394
70474,0,1,0.95476365
84769,1,1,0.96004784
5097,1,1,0.9669378
81539,1,1,0.9340935
87620,1,1,0.99269474
78865,1,1,0.9981371
